time,S,SR,C,CR,M1,M2,TH1,TH2,TC,Treg,IL10,IFNgamma,IL2
0.0,1.0,0.0,0.0,0.0,85000.0,15000.0,71000.0,12000.0,56000.0,8000.0,0.0085,0.12,0.0094
0.8008008008008008,1.0873512092540614,4.440804947585577e-08,0.10084533707948444,0.00012282377271638378,37585.50421496457,14415.756298706354,27654.250506212175,3017.8717597244813,1121.8394927678444,3593.023004175514,1.8770156206462043e-07,0.0014614822751502124,4.678584816066711e-05
1.6016016016016017,1.1827253348165012,9.660664516638806e-08,0.7189639186061635,0.004104187728498829,16606.97103525233,13849.953035490978,7937.723906618453,760.0415201660273,18.390303114676435,1613.7045683376052,5.075226287127683e-08,0.00018307888280373047,1.1321344947523547e-05
2.4024024024024024,1.286472437575638,1.5762146358174714e-07,3.8028478940033694,0.07304047924459113,7337.584277703927,13306.356318400785,1904.6886054689244,190.24554666075014,0.2743702526200076,724.7401025841052,1.4419960356926404e-08,4.428211511927706e-05,2.787669982703043e-06
3.2032032032032034,1.3993215289995768,2.2859745762957948e-07,16.82146192675981,0.9194368944869201,3242.011048346872,12784.095754698306,415.74141565818513,47.247670144368094,0.00398723965748994,325.48801902314733,4.358839803625312e-09,9.88509593234903e-06,6.167956021626127e-07
4.004004004004004,1.5220700930358861,3.108126723493774e-07,64.2078481281182,8.865865478683846,1432.4373746321144,12282.33624321967,86.82488800647748,11.64010227924529,5.762388813219641e-05,146.17812563149735,1.426487467539983e-09,2.087614053070635e-06,1.296260335129724e-07
4.804804804804805,1.655586257774932,4.0569274567923687e-07,215.12567899303374,68.07392313222003,632.9028542597005,11800.280996803458,17.77821152479912,2.845314576864321,8.352796305444209e-07,65.6484805398375,5.087154939788353e-10,4.296342851092112e-07,2.6616965407235258e-08
5.605605605605606,1.800814496414246,5.148269629822187e-07,641.114386935452,427.309357957864,279.64015587083253,11337.184566300142,3.6085610861833244,0.6902744979300436,1.2173424741325317e-08,29.482347387519972,1.9613483762238126e-10,8.740342338155955e-08,5.409372736839013e-09
6.406406406406407,1.958782179323517,6.399859871512447e-07,1719.137488128499,2239.712413098099,123.55660214348305,10892.401812120355,0.7296274321070946,0.16624833689461424,1.7916573030307088e-10,13.240204891270876,8.038818692483496e-11,1.76901549959975e-08,1.094344300496754e-09
7.207207207207207,2.1306068090267956,7.83141445676032e-07,4190.576426407084,9982.2738105321,54.59420759823099,10465.5522838127,0.1472741208351615,0.039761410283316846,1.5122842360050416e-12,5.945971262070814,3.444357170675363e-11,3.5723161112959403e-09,2.2094559779401313e-10
8.008008008008009,2.3175039180081196,9.46487561482896e-07,9372.05893697727,38444.57124904572,24.1254462191304,10057.007674148088,0.02970464600564365,0.009446275357757902,-2.5129977115734424e-12,2.670216973835026,1.5271928203571072e-11,7.206645001477802e-10,4.4568721605800216e-11
8.80880880880881,2.5207956659730026,1.1324650333818156e-06,19391.52019877786,129792.24719610291,10.664851664082223,9669.155994004024,0.005989346442525692,0.002229915181370916,-3.711310226654439e-12,1.1991297164072123,7.007707001194027e-12,1.453201641733214e-10,8.986817961527501e-12
9.60960960960961,2.741920192771958,1.3437873935922152e-06,37399.9019520155,389112.90621335595,4.7191461822061616,9309.270255905361,0.0012074741374468948,0.0005232544051805074,2.4600081508284624e-11,0.5384953569316464,3.3723103016123386e-12,2.929819997234656e-11,1.811813532877895e-12
10.41041041041041,2.9824417920997246,1.5834700929405794e-06,67695.63680687793,1048001.0498723396,2.093545502171554,8995.275010670448,0.00024342860590462654,0.00012212119187478355,7.06754582175592e-10,0.24182127761726357,1.7522307241928187e-12,5.9066618643053246e-12,3.65267735638951e-13
11.211211211211213,3.2440619777016737,1.854862589373658e-06,115703.63403795229,2562446.4555765702,0.934367723069788,8766.352339281088,4.907405480835546e-05,2.8375866936045828e-05,3.300632691519792e-05,0.1085935831064212,1.024789996798255e-12,1.2031890435543937e-12,7.363654934443332e-14
12.012012012012013,3.5286199370085813,2.1616175615895775e-06,187773.05748947474,5741878.194551868,0.4224760944442979,8702.11370893657,9.892126772438238e-06,6.576652493317754e-06,391646.16341145517,0.04876539292878173,7.006697494296068e-13,0.0002246311577105355,1.4843350640705714e-14
12.812812812812814,3.837716913555426,2.505670444273817e-06,290681.8203128092,11889459.138170334,0.19604367816359525,8960.843408414483,1.9940021052670998e-06,1.52619811370713e-06,1847217.5846116105,0.021898790377967957,5.688829020208725e-13,0.002567450372354982,2.992045779863827e-15
13.613613613613614,4.17324332936974,2.8898490614267977e-06,431095.2524620066,22923025.322238006,0.09543246868773546,9872.456031041764,4.019521715696867e-07,3.572900883266716e-07,3723418.5694990223,0.009834094983554847,5.478115193613126e-13,0.005353314408890975,6.031386443665272e-16
14.414414414414415,4.536987465119435,3.3156038169867755e-06,614817.3298718967,41430930.69980328,0.050450008180462566,12216.328561432012,8.10474255259399e-08,8.572833391285589e-08,6886199.356207802,0.004416375135718549,6.262069129717446e-13,0.010036743511710992,1.216135788783047e-16
15.215215215215217,4.930456563807449,3.7822028354841744e-06,845852.4096114718,70616573.01303986,0.03047735582818431,18216.139830172106,1.6342794009415443e-08,2.1883691852160044e-08,11925321.261146726,0.001983527445344817,1.6217417449742365e-12,0.01758046855498322,2.452275068170556e-17
16.016016016016017,5.354748724209493,4.286404138860322e-06,1125463.3486374917,114101239.94944717,0.022571021524835377,35883.50518564731,3.2946551531189027e-09,6.621679571199868e-09,19510238.413136847,0.000891086808854903,9.099749317101972e-13,0.029054193865474767,4.943708476111835e-18
16.816816816816818,5.810367632460454,4.822534831160271e-06,1451247.0973325123,175574615.16935205,0.02244286581212675,102340.06477144526,6.641306163495711e-10,3.5674973643358663e-09,30339734.261221197,0.00040066111087534327,2.9742506890519695e-12,0.04559714597571308,9.965438019998551e-19
17.61761761761762,6.297056809888304,5.383365329017503e-06,1816407.9262761425,258316460.8912544,0.033467919800574265,407380.5431783272,1.33876166052171e-10,2.348034055576631e-08,45056824.27524412,0.00018082657473704044,1.1893552566128168e-11,0.0682879480610033,2.0088436956122552e-19
18.41841841841842,6.813699701829054,5.9615354646375485e-06,2209475.098850259,364651382.5356971,0.0849507855393327,1514081.3130802426,2.698604060717585e-11,0.005460716133165277,64147688.90450842,8.289249420873351e-05,7.153513426578959e-11,0.0979833910629358,4.0493190551961966e-20
19.21921921921922,7.358328554590437,6.550918295980026e-06,2614745.119663667,495435637.27388275,0.42031383184351806,3877115.296845432,5.43968573521382e-12,1499292.8144097575,87841964.30072029,3.960214791540897e-05,6.495891500724902e-05,0.13515302561168077,8.16237087046022e-21
20.02002002002002,7.9282653248638955,7.1473844552191905e-06,3013689.480442404,649700258.99342,4.640797665415524,7541110.997054733,1.0965256838337906e-12,5020052.652566902,116037226.75743341,2.0341027317283256e-05,0.00024209258527926243,0.17974541168373576,1.6453478458789285e-21
20.82082082082082,8.520384054125667,7.74885475691745e-06,3386951.1380418926,824541224.5479567,129.4696617835254,12516406.796293315,2.211543560459899e-13,9333721.23195273,148266674.13984305,1.1589633694728312e-05,0.00045704496004988164,0.23111950673248455,3.3177138445471397e-22
21.621621621621625,9.131449603374366,8.35489384063036e-06,3716913.7948060744,1015331673.8918362,10113.517504025163,18838349.236047547,4.613163711853405e-14,14855795.197387997,183724979.81788865,7.562602865505992e-06,0.0007324355691649064,0.2880664149880367,6.812639406300799e-23
22.422422422422425,9.758464355455763,8.966172445362047e-06,3990042.890583684,1216223498.259795,2318453.7457718845,26529371.723985363,6.1008648822585635e-12,21706685.344954442,221351664.7562266,5.839404205585951e-06,0.0010748727197889267,0.34892780099119164,1.325405065585619e-21
23.223223223223226,10.383187327987674,9.568527084564866e-06,4115246.379319252,1406058542.37659,180107608.159804,35559367.862088725,63988067.365229696,29910682.926323235,265240330.86219713,5.513067802355943e-06,0.0014858430261260876,1.0170374653494934,0.04908886922880039
24.024024024024026,10.774184261484661,9.939252626912974e-06,3385887.100423638,1382663205.3682394,506720806.2115871,45116461.74535291,341013841.4913924,39156531.40687291,317552319.43117243,6.529940194165526e-06,0.001951905837204651,5.07644681350181,0.34328371631524024
24.824824824824827,10.849445711762232,1.0001866963301799e-05,2400042.95389016,1160270469.0051877,642104931.6264555,53262304.88085642,578409323.9777086,48042292.74937497,330649721.6482909,9.596797920977385e-06,0.002405139572076747,9.347591652898169,0.6370733846141681
25.625625625625627,10.795350406537704,9.938485968623906e-06,1677010.1678065036,932210393.3020555,628341905.7833704,59315019.58747615,660388456.3747594,55286746.25529922,308709739.22193015,1.6725573349130542e-05,0.002777859936255454,11.168833745429364,0.7568759056815488
26.426426426426428,10.733018104898484,9.867585080868703e-06,1205678.497299913,758172766.7659104,552538699.359011,63593628.93132982,630646110.6320432,60660794.9528536,271720651.0840023,3.2969033441494706e-05,0.00305553774517921,10.928712701207747,0.7369740583468797
27.227227227227228,10.718919901678277,9.846446763560217e-06,904708.432424214,638292685.1443881,466448903.0588852,66592376.88677204,553698378.2829888,64489906.37339564,233678981.51332885,7.085789472539434e-05,0.0032536839785535085,9.714568231529785,0.6529392903695068
28.02802802802803,10.776493841966294,9.900811315973403e-06,711715.4064825614,560551642.2615483,391745428.6435883,68729351.24963385,470316256.445094,67201862.9736351,201454961.37077582,0.0001618658564731423,0.0033939660973023584,8.293300453355883,0.5562535728511373
28.82882882882883,10.911415717931213,1.0038297337793441e-05,586659.4336707123,513393551.4225012,334339996.7515348,70314410.23053057,398637255.4480252,69162065.00861079,177109077.4930492,0.00038648720223244826,0.003495157186565062,7.0319901262396165,0.4710528705352738
29.62962962962963,11.11930825392458,1.025521203908244e-05,504666.93807859306,487877889.6316093,293573091.54323983,71567374.56256789,343801046.5834121,70645022.02944224,160276715.5851169,0.000954466366115946,0.0035714338401631397,6.049286694036695,0.4049146804194103
30.430430430430434,11.390403429131075,1.0541183845719265e-05,450142.2831720795,477347128.53149754,266684208.2977372,72640502.36514267,305141421.13204366,71846494.99505863,149676751.39477324,0.002423308723773668,0.0036329307352953046,5.346769905650981,0.35773832488985535
31.231231231231234,11.712674187814205,1.0882736182500874e-05,413076.2087217087,476766149.07930684,250628462.23823497,73635853.18945044,280010759.06664824,72901470.85941073,143851517.08130363,0.006306065619287199,0.0036866517132463773,4.883122899708009,0.3266608298200096
32.032032032032035,12.073929633541757,1.126592597759786e-05,386906.671672351,482234223.9209263,242652325.39406818,74617538.21298093,265430236.62052602,73899002.01712185,141458305.8361107,0.016802517155436077,0.00373723399482846,4.607680951122461,0.3082483490931667
32.832832832832835,12.463150531012854,1.1678107787434286e-05,367309.9540102282,490723429.0931995,240390902.3988397,75620685.35787913,258654727.16664794,74893217.02191943,141355505.3452908,0.045848397205423844,0.003787516219789086,4.4726547962218435,0.29928015058323987
33.633633633633636,12.871281516160668,1.2108971257705735e-05,351502.96357979055,499974207.3321882,241843437.81758395,76658739.62254933,257301990.7449586,75911784.04685533,142615579.42989266,0.1282084661399096,0.0038389730266592797,4.43630377327111,0.2969448124103412
34.434434434434436,13.29161821360843,1.255100865271432e-05,337800.028503986,508452550.7425621,245360869.2478427,77730000.26566777,259363638.0419742,76963033.32580829,144520472.35848126,0.36772225438489653,0.0038920786733692707,4.463327885381862,0.29886204915992715
35.23523523523524,13.719857992490452,1.2999533364841643e-05,325287.09581057576,515290865.96509135,249661342.11447212,78823572.8838089,263212962.17099345,78042327.87009954,146552919.7242836,1.0825015530511117,0.0039466316350903145,4.524953572062655,0.30308994659871846
36.03603603603604,14.15386901347621,1.3452357933955135e-05,313558.36306972225,520176961.4161701,253843208.247254,79924460.97460012,267620691.0167925,79137693.89546871,148380689.8223145,3.2718851994554563,0.004002042284830256,4.599160875187151,0.3081429841602379
36.83683683683684,14.593260303001825,1.3909255814380882e-05,302505.4302364627,523199611.40147805,257366407.68888098,81017434.04526648,271754271.7177809,80234427.38905892,149829884.8535558,10.153702557149252,0.004057569780799058,4.670712080414654,0.312995455470403
37.63763763763764,15.038861203709162,1.4371340945339654e-05,292162.27654250094,524683650.29568505,259995599.1260685,82089499.10641362,275142227.1121878,81318413.38119738,150848700.05997652,32.34102261967659,0.004112494418613708,4.730636400550279,0.31704654630654305
38.43843843843844,15.492213987945641,1.4840481137521899e-05,282604.83560395957,525047509.1328673,261718414.05369473,83131077.27753808,277604981.60496545,82378105.2444856,151467475.09257057,105.66053002908019,0.004166222039313814,4.775135235450709,0.320045363152847
39.23923923923924,15.955152059841296,1.5318820855659267e-05,273895.99386019446,524701553.53484154,262659295.27995753,84136187.03629757,279168106.39432454,83405342.66876356,151761724.0488258,353.7857466829621,0.00421832903802764,4.804142075738523,0.32199256273886084
40.04004004004004,16.42949657659115,1.5808444419057173e-05,266062.8033113275,523989550.01070094,263005428.05598834,85102002.92578205,279976976.85643345,84395326.98618627,151822825.55108154,1212.8501907234154,0.004268564369878068,4.819856216787507,0.32304062553550383
40.84084084084084,16.91687187977748,1.6311176030912903e-05,259093.2408287013,523165369.93197286,262952950.99212116,86028119.52769172,280226545.12555146,85346097.98858039,151738132.1699149,4251.952688993858,0.004316828055587231,4.825500438460154,0.3234097535594035
41.64164164164164,17.41862065842934,1.6828492947019964e-05,252942.8309078925,522393494.0073277,262674231.3424972,86915760.5345945,280112087.5483861,86257801.35383321,151579882.1947774,15214.986997379594,0.004363148657999082,4.824423920233813,0.32332744066703584
42.44244244244244,17.935792025556545,1.736152048626694e-05,247544.8348078937,521762711.6034427,262302602.99069357,87767077.58484176,279800413.7271456,87131948.05761455,151400994.8154076,55332.1027299037,0.004407698502772692,4.819557795452769,0.3229920239214509
43.24324324324325,18.46917579009877,1.791107821002466e-05,242820.45542098934,521305066.95533484,261929413.299577,88584607.96769373,279417483.49285305,87970782.34713072,151235479.076167,201792.87671244465,0.004450951305824934,4.813162484363711,0.32255596067565956
44.04404404404405,19.01936040810919,1.8477751547116772e-05,238687.3777827332,521014950.9091849,261608469.22758833,89370913.24736927,279047301.3563069,88776811.51450804,151101426.09964195,707036.384917815,0.004494229348712323,4.806781241882734,0.3221229756675133
44.84484484484485,19.586797778796225,1.906196967935788e-05,235066.09074204936,520865551.9706338,261364019.62393817,90128395.19939603,278737388.2982592,89552512.67674772,151005045.00271764,2138467.1570748407,0.004540441549375113,4.801318068932526,0.321753525821033
45.64564564564565,20.17186368811577,1.9664076999778617e-05,231883.94181178437,520821440.2624359,261199606.37708378,90859219.86017585,278507202.50483686,90300189.80776674,150944714.39788622,4882512.331182121,0.00459187908421397,4.797175044771619,0.3214742019702098
46.44644644644645,20.77490758842678,2.0284391133224053e-05,229077.0215499736,520846988.97346914,261106129.46510348,91565186.70724486,278357027.1505587,91021864.33605318,150914436.95448256,8264919.145718802,0.0046455585964310445,4.794403704501888,0.32128801969993914
47.24724724724725,21.396289279391954,2.0923245027759868e-05,226590.56135669362,520911256.62602,261068285.09100905,92247615.63154548,278275828.1074172,91719140.57708518,150906448.52508724,11314169.850446815,0.004696555154932778,4.792842369132424,0.3211837178581609
48.04804804804805,22.03640273437995,2.158101367707539e-05,224378.69051258682,520990364.54717696,261069200.05508187,92907440.99324328,278247407.4816678,92393191.73505616,150913010.92285612,13638168.071499908,0.004742748227535994,4.792225813515589,0.32114315999623855
48.84884884884885,22.695688853375405,2.2258127749521603e-05,222403.6843937963,521068011.6681817,261093417.7403121,93545378.08381169,278254754.32335687,93044881.42157559,150927487.20754993,15275745.537139118,0.004784290410591155,4.792264255221896,0.3211466505814606
49.64964964964965,23.374639604450767,2.2955077173191912e-05,220634.80410369983,521134705.96559525,261128489.53698173,94162036.17072743,278282751.3476766,93674896.61978824,150944827.58714122,16397001.796014931,0.004822062759150148,4.792693783566966,0.32117631776757943
50.450450450450454,24.0737962357856,2.3672407943936897e-05,219046.99256012612,521186331.28836924,261165500.92208096,94757979.96469115,278319524.7566486,94283837.2432771,150961632.9381436,17166363.9023836,0.004856938102767442,4.793302823145892,0.32121787675334407
51.251251251251254,24.79374407376014,2.4410715168952672e-05,217619.63906626438,521222536.89767534,261198886.88419816,95333762.33622076,278356792.54647464,94872267.69797753,150975960.10616648,17707098.542631824,0.004889582932966674,4.793940551011019,0.32126117657657516
52.052052052052055,25.535105924819973,2.517063471670111e-05,216335.51762582644,521245250.50873095,261225851.6759037,95889941.10070711,278389569.0331966,95440744.98581041,150987001.92252013,18102592.03395591,0.004920458934429639,4.794513412586768,0.3212999474022239
52.852852852852855,26.298535522256056,2.5952835140483578e-05,215179.93574632198,521257470.37509114,261245629.87592667,96427085.78352486,278415521.12976295,95989832.51242882,150994735.6388068,18406518.370860647,0.004949874309570519,4.794974924155398,0.32133109943835914
53.653653653653656,27.08471200892868,2.6758011000264996e-05,214140.10001644562,521262404.82948446,261258762.2807815,96945777.73034407,278434210.81571215,96520104.68605387,150999604.64595586,18652530.578798555,0.004978033715818541,4.795312949303713,0.3213538561877039
54.454454454454456,27.894335912719498,2.7586878066086796e-05,213204.6708519788,521262942.3665893,261266487.6058741,97446606.21069443,278446382.7866836,97032145.72609483,151002266.6704451,18861371.781198375,0.0050050750250175274,4.795537372587348,0.32136891855496535
55.25525525525526,28.728126611757663,2.8440170344174264e-05,212363.45643649474,521261376.5423407,261270283.65671745,97930162.74132654,278453377.9387245,97526545.42176224,151003413.8632101,19045731.08889958,0.005031094370957319,4.795669741125083,0.32137776455128664
56.05605605605606,29.58682118073058,2.9318638765234774e-05,211607.21564496288,521259327.3122978,261271560.88716722,98397034.9121015,278456700.1533442,98003893.38373512,151003661.08377346,19213359.866490763,0.005056162104851718,4.795735451730307,0.32138212271951627
56.85685685685686,30.471174373120355,3.022305121458693e-05,210927.5369512443,521257793.4968547,261271493.02804995,98847800.74902469,278457738.9792108,98464773.14000419,151003491.86016175,19368983.9359951,0.005080332474976353,4.795758615908268,0.3213836273590659
57.65765765765766,31.381959377215825,3.1154193453183635e-05,210316.76027390984,521257268.6311443,261270950.84752935,99283024.29240432,278457623.57540196,98909757.07678218,151003244.91399693,19515500.549082,0.0051036496206514955,4.795759240843564,0.32138363034837814
58.45845845845846,32.319969035940794,3.211287055695781e-05,209767.92231410614,521257878.53854424,261270502.7021751,99703252.45792283,278457169.313528,99339402.51074609,151003125.40873608,19654719.570330735,0.005126151243185141,4.795752075294848,0.3213831252379053
59.25925925925926,33.2860173277194,3.309990863137089e-05,209274.71430290426,521259516.8975134,261270458.22044712,100109013.14006446,278456890.549169,99754248.99334352,151003230.8745715,19787795.53520162,0.005147870724606885,4.795746667186722,0.32138275282766077
60.06006006006007,34.28094091982619,3.411615657569698e-05,208831.44300691545,521261958.47965556,261270934.14731959,100500814.50445937,278457055.801775,100154816.90854229,151003582.96311086,19915472.026257515,0.005168838330746134,4.795748225146829,0.32138286054345355
60.86086086086087,35.30560061022273,3.516248768710421e-05,208432.9882356004,521264939.4117887,261271917.5412887,100879145.07767758,278457751.93593264,100541607.04630731,151004155.6410181,20038249.400975827,0.005189082064442334,4.795758687350714,0.3213835753427486
61.66166166166167,36.360882622571964,3.623980106960294e-05,208074.75796647865,521268207.8853014,261273318.43155262,101244474.3424357,278458944.0203396,100915100.85577647,151004897.3809734,20156483.716689527,0.005208628194102509,4.795777749714183,0.32138487351453293
62.46246246246247,37.44769981375148,3.7349022928387166e-05,207752.64315133233,521271560.0861747,261275015.6507705,101597253.54138863,278460530.66926754,101275760.9972467,151005749.81623125,20270452.88205091,0.005227501626402125,4.795803830700772,0.3213866460297455
63.26326326326327,38.566992722483434,3.849110766005678e-05,207462.97161509786,521274851.78257406,261276888.81596982,101937916.75416079,278462387.98407507,101624032.31750964,151006659.67210147,20380380.952114698,0.005245726082165482,4.795834859377795,0.3213887516961746
64.06406406406407,39.71973047106046,3.966703875942263e-05,207202.46228206577,521277992.2277162,261278835.2384171,102266882.0334971,278464397.6201377,101960342.9988385,151007584.0905013,20486448.10698012,0.005263324206697887,4.795868796315939,0.32139105212013014
64.86486486486487,40.90691159860806,4.087782964597443e-05,206968.18178569188,521280933.9115717,261280776.30178976,102584552.36190562,278466460.52185506,102285105.56480081,151008491.9975008,20588808.619610123,0.005280317714875255,4.795903897961439,0.3213934293601469
65.66566566566567,42.12956487681208,4.212452447028704e-05,206757.5050513676,521283662.1497146,261282657.98809475,102891316.44772395,278468501.8459581,102598717.73680557,151009363.44442296,20687604.150122598,0.005296727504408215,4.7959388201794395,0.32139579276036623
66.46646646646647,43.38875013760399,4.3408198932597854e-05,206568.08125010194,521286185.5700267,261284448.17358777,103187549.39582986,278470470.6300352,102901563.16758718,151010187.91019672,20782967.25211781,0.005312573711625984,4.795972624592664,0.32139807925666897
67.26726726726727,44.68555912338969,4.472996112491052e-05,206397.80401109555,521288527.50909835,261286132.67683822,103473613.30433957,278472337.20787984,103194012.0984746,151010962.24781495,20875020.913560305,0.005327875742579134,4.796004742555915,0.3214002508446378
68.06806806806807,46.02111630612219,4.60909523399905e-05,206244.77409784618,521290715.2453543,261287713.8504432,103749858.00868021,278474095.3394784,103476422.16859639,151011689.3315414,20963891.985925052,0.005342652384654764,4.796035028111234,0.32140229800557735
68.86886886886887,47.39657984623175,4.7492348031641624e-05,206107.29045838368,521292777.68308175,261289199.180796,104016621.23743248,278475745.8411589,103749138.61436889,151012373.9476361,21049689.62772202,0.005356921703970451,4.796063461845857,0.3214042197568085
69.66966966966967,48.813142450976535,4.893535867063523e-05,205983.81049488747,521294736.77381426,261290603.9606838,104274229.40986857,278477304.0413303,104012495.11309978,151013023.02133054,21132528.234440397,0.005370701208332319,4.796090298339392,0.32140603346133667
70.47047047047047,50.27203245110739,5.042123083615662e-05,205872.95251987482,521296610.6221475,261291938.94261682,104522997.56816894,278478779.83107084,104266813.73202781,151013641.6185731,21212507.151826177,0.005384007738463909,4.796115697552946,0.3214077500718214
71.27127127127127,51.77451480213137,5.195124822902719e-05,205773.4646829417,521298410.139245,261293216.01919752,104763230.07136461,278480187.61178744,104512405.63753232,151014234.62907824,21289726.65782562,0.005396857587777052,4.79613991101118,0.32140938661179136
72.07207207207207,53.321892172279355,5.3526732778285156e-05,205684.2213036306,521300142.2717766,261294440.51598155,104995220.66338654,278481533.335412,104749571.1699198,151014804.37379667,21364280.33175171,0.005409266466192967,4.796163040776586,0.3214109500032677
72.87287287287288,54.915506221332194,5.514904595058878e-05,205604.20941502813,521301813.10035,261295619.78400397,105219252.96805331,278482826.31654143,104978600.31603345,151015353.80931008,21436260.792484283,0.005421249553804472,4.796185251312537,0.3214124513568567
73.67367367367368,56.55673855630428,5.6819589711089015e-05,205532.5114697538,521303425.67685556,261296754.89725253,105435600.76669118,278484067.50361204,105199773.02226938,151015883.4960494,21505758.121022504,0.005432821508752716,4.79620655797191,0.3214138917166254
74.47447447447448,58.24701286025887,5.853980869748489e-05,205468.30061433918,521304984.52251315,261297851.99771243,105644528.57689045,278485264.90856266,105413359.74137014,151016395.8628843,21572859.062015936,0.0054439964906135025,4.796227103139558,0.3214152806918305
75.27527527527528,59.98779352512642,6.031118881953467e-05,205410.84280783453,521306491.4500458,261298912.2239802,105846291.25104187,278486419.98319733,105619621.0626473,151016891.4062892,21637648.12233245,0.005454788147463134,4.796246912682778,0.3214166200215975
76.07607607607608,61.78059723841838,6.213526902452691e-05,205359.4146777017,521307950.00224835,261299940.7510283,106041137.14608689,278487539.60883534,105818810.91643685,151017372.15095302,21700205.23025014,0.005465209765883192,4.7962661094133505,0.32141791798847696
76.87687687687688,63.62697090600459,6.401361889135434e-05,205313.46693372095,521309360.59740555,261300938.00202292,106229302.10940179,278488624.61861473,106011170.45954342,151017838.24862736,21760609.55620051,0.005475273981306702,4.796284709407869,0.3214191756588576
77.67767767767768,65.52851511117294,6.594786243402728e-05,205272.46019841367,521310723.8862189,261301905.13101748,106411015.64153756,278489676.85445356,106196934.35629176,151018290.1215521,21818936.087566778,0.005484993078219299,4.796302746844849,0.32142039532020455
78.47847847847848,67.48688753896451,6.793968157422595e-05,205235.84820889076,521312040.40128624,261302842.98499224,106586501.64120047,278490697.73855215,106376331.54519868,151018728.07585457,21875255.531919792,0.005494379028508654,4.796320248378086,0.3214215787525765
79.27927927927928,69.50377237033622,6.999078509310396e-05,205203.26757454986,521313309.0426075,261303751.21696496,106755970.89201927,278491687.447163,106549577.55631398,151019151.88943538,21929637.411269285,0.005503443118456799,4.796337219736341,0.3214227263109585
80.08008008008008,71.5809242262581,7.210295321751449e-05,205174.29199614978,521314531.08635575,261304630.11555138,106919631.27224036,278492646.2055764,106716884.94011612,151019561.74459186,21982148.882314526,0.005512196470894352,4.796353664533342,0.32142383823734955
80.88088088088088,73.72014934800313,7.427801852379432e-05,205148.5317805408,521315708.0730419,261305479.70165592,107077683.50672181,278493573.71011925,106878458.93081263,151019957.7551913,22032854.538977105,0.0055206498244688455,4.796369576304782,0.32142491410002766
81.68168168168168,75.92328664703763,7.6517846707067e-05,205125.72577567236,521316839.11242276,261306298.6464924,107230317.06863327,278494468.5124578,107034493.2661913,151020339.38488573,22081815.202021994,0.005528813315541745,4.79638493062354,0.32142595223063575
82.48248248248248,78.19226243747998,7.882439212080611e-05,205105.52717335566,521317927.72575575,261307088.93895733,107377720.87311073,278495332.4874484,107185181.0895722,151020707.58647874,22129092.838432144,0.005536697056214091,4.796399758177037,0.3214269547226596
83.28328328328328,80.52903903250578,8.119964561670473e-05,205087.68164356964,521318975.8423275,261307850.81000885,107520073.7470068,278496165.4301016,107330705.2365397,151021062.58668956,22174745.302444775,0.005544310614750074,4.796414053560878,0.3214279212235121
84.08408408408408,82.93562876638444,8.364564877253621e-05,205071.98240450452,521319985.29888004,261308584.1669553,107657546.94277275,278496966.65792674,107471240.79712534,151021404.49672744,22218827.813369304,0.0055516631531068224,4.7964278026809195,0.32142885079593975
84.88488488488488,85.41413866864754,8.616453920342511e-05,205058.1729877827,521320958.1867326,261309291.49754912,107790310.9103751,278497739.31998134,107606962.0357328,151021734.33206165,22261395.99282776,0.0055587637934826515,4.796441061195841,0.32142974719734907
85.6856856856857,87.96670916198356,8.87584883889028e-05,205046.07230469043,521321897.1820968,261309974.1882437,107918526.23013192,278498484.6289147,107738033.12194669,151022052.78160924,22302502.001315325,0.00556562112837885,4.796453848491186,0.32143061175404575
86.4864864864865,90.59555303439403,9.142974119511465e-05,205035.50376781248,521322804.5348471,261310634.03501207,108042349.06620833,278499204.58223134,107864613.71074326,151022360.64097413,22342196.58080723,0.005572243514092459,4.796466198830437,0.3214314467880647
87.2872872872873,93.30294965753865,9.418061000248717e-05,205026.32748304642,521323680.2499174,261311270.22088093,108161929.46868725,278499898.08320034,107986857.2205869,151022657.62881607,22380527.5757676,0.005578638975776055,4.796478092778986,0.3214322509819041
88.0880880880881,96.09124437326645,9.701347410408013e-05,205018.39245235032,521324526.54531634,261311885.6064396,108277413.29344684,278500568.74004185,108104912.76299165,151022944.9058066,22417542.55449779,0.0055848153187982785,4.796489594014342,0.32143302863668644
88.8888888888889,98.96285183722632,9.993078308085342e-05,205011.56759724277,521325344.3956733,261312482.0695522,108388941.14853752,278501219.1505795,108218924.09091048,151023223.1957905,22453286.971482832,0.005590780065943306,4.796500749322062,0.32143378290216756
89.6896896896897,101.92026678081466,0.00010293506772265596,205005.7462568702,521326134.7663501,261313059.0868597,108496648.58370055,278501848.26256937,108329029.78980644,151023492.39729178,22487804.466545936,0.00559654046864788,4.796511538749054,0.32143451243929516
90.4904904904905,104.96605306990182,0.00010602892892769682,205000.8232058294,521326897.89848346,261313617.16322908,108600666.75338127,278502456.8655892,108435363.95195755,151023752.70421082,22521137.24083761,0.005602103543125075,4.796521976926744,0.3214352182265529
91.2912912912913,108.10284893316523,0.00010921504300578611,204996.69790013038,521327633.401408,261314156.86448142,108701122.50188152,278503046.08660734,108538056.26518534,151024004.28071317,22553326.029036414,0.005607476074722317,4.796532085453911,0.32143590170344527
92.0920920920921,111.33337401441932,0.00011249616883827045,204993.2854137154,521328341.54304844,261314678.3756129,108798138.09564166,278503616.20632327,108637231.73388273,151024247.2137989,22584410.16533841,0.005612664604103162,4.796541869575574,0.3214365632181598
92.8928928928929,114.66043323393924,0.00011587515180433473,204990.52489828708,521329025.0124082,261315182.50938448,108891830.90545031,278504167.48939574,108733010.34352912,151024482.0026356,22614427.808618,0.005617675411373374,4.796551331055646,0.3214372029157759
93.6936936936937,118.08690835466413,0.0001193549151935853,204988.3375637554,521329682.92515117,261315668.46643916,108982315.38453737,278504699.17163265,108825509.11704023,151024708.30287248,22643415.57545193,0.005622514618531967,4.796560457509096,0.3214378199445826
94.4944944944945,121.61576844654334,0.00012293847084638983,204986.6574414694,521330315.62760824,261316135.55095688,109069701.80999827,278505210.1525896,108914840.80114642,151024925.90542817,22671408.94175703,0.005627188124873732,4.796569228779832,0.32143841294602393
95.2952952952953,125.25007799403743,0.00012662892738035564,204985.44297508293,521330925.2678971,261316586.17513457,109154095.81521073,278505703.32114196,109001113.37880515,151025135.81703326,22698442.051039916,0.005631701581247135,4.796577695232063,0.32143898532845877
96.0960960960961,128.99298607971565,0.000130429479203959,204984.64182126513,521331513.013314,261317020.29676723,109235600.16224754,278506178.23411,109084431.9074946,151025338.12004006,22724548.038869943,0.005636060485009456,4.796585847616116,0.3214395364779003
96.8968968968969,132.84773549483253,0.0001343434157658471,204984.2077332117,521332080.6032872,261317438.3813349,109314314.04765148,278506634.987816,109164897.7953011,151025533.11769968,22749758.952374533,0.005640270142866193,4.796593685780794,0.3214400663998656
97.6976976976977,136.81766903851653,0.00013837412793513888,204984.1029349934,521332629.1661025,261317841.27178782,109390333.05917893,278507074.48668385,109242608.76208006,151025721.1944465,22774105.565981187,0.005644335667961543,4.796601225114684,0.32144057613780036
98.4984984984985,140.90623293319274,0.00014252511146178808,204984.29728803944,521333158.6926391,261318229.96710628,109463749.30634367,278507498.31557083,109317658.97578026,151025902.69735396,22797617.353035536,0.005648261986649921,4.796608494897599,0.3214410676555429
99.2992992992993,145.11696762770592,0.00014679995767360893,204984.7570760749,521333671.465935,261318605.96455318,109534652.15673979,278507907.9100264,109390139.79000287,151026078.32867977,22820323.221116375,0.005652053879654631,4.796615518702264,0.32144154256199664
100.10010010010011,149.45352068389448,0.00015120236652438394,204985.4535833802,521334169.04368633,261318971.0412993,109603127.84331864,278508305.4124857,109460139.35581833,151026248.8288733,22842250.94646125,0.005655715959493953,4.7966223339455905,0.3214420033884278
100.90090090090091,153.9196608747266,0.0001557361608754423,204986.36617003934,521334649.98045045,261319323.54990926,109669259.16082796,278508688.95255536,109527742.3291042,151026413.51912895,22863427.015090484,0.005659252654907159,4.796628908588507,0.32144244795652543
101.70170170170171,158.51925505298044,0.00016040526307641048,204987.4703855727,521335115.36407936,261319665.31201312,109733126.64352599,278509060.9204696,109593031.03633063,151026573.11737195,22883877.32149294,0.00566266827340105,4.796635285164311,0.32144287913618047
102.50250250250251,163.25628856775916,0.00016521371564352626,204988.74508047188,521335564.96329904,261319996.90023062,109794807.97589375,278509422.33017534,109656084.89864188,151026727.80582818,22903626.755586367,0.005665966970032859,4.7966414827546515,0.3214432982033684
103.30330330330331,168.134875658865,0.0001701656918249914,204990.1763113862,521335999.9509939,261320318.46250334,109854377.71612376,278509772.99277216,109716980.13527903,151026877.73381653,22922699.361488044,0.005669152733148742,4.796647496618349,0.32144370484952484
104.10410410410411,173.1592523131143,0.0001752654883407806,204991.75143658658,521336421.2339693,261320629.90862188,109911907.90506889,278510112.46125317,109775790.39340295,151027022.9472577,22941118.358986735,0.005672229416444206,4.796653317633809,0.3214440984682391
104.90490490490491,178.3337663585449,0.00018051751531706893,204993.45173187708,521336827.3384372,261320931.1573087,109967468.8093776,278510441.24308103,109832587.51700276,151027163.303202,22958906.16111581,0.005675200778060538,4.796658957215046,0.3214444798045215
105.70570570570571,183.66289936869475,0.00018592631852905903,204995.2620445401,521337217.40683216,261321221.6825135,110021128.1193697,278510758.9251436,109887440.71416026,151027298.55529884,22976084.436255306,0.005678070438656059,4.796664409140796,0.3214448484250632
106.50650650650651,189.1512635671871,0.0001914965762524757,204997.16705700578,521337590.17760754,261321500.61046103,110072951.3613392,278511064.72528553,109940416.98305437,151027428.30492228,22992674.13523845,0.005680841903155461,4.79666966096395,0.3214452034727991
107.30730730730731,194.803650207922,0.00019723314839938127,204999.17269179574,521337951.05496305,261321771.05305094,110123000.01746653,278511361.26338917,109991579.14793868,151027554.06193998,23008695.295225717,0.005683518459998752,4.796674753717472,0.3214455477724904
108.10810810810811,200.62494665210923,0.00020314099228718217,205001.26422302553,521338298.60532093,261322031.78647307,110171335.42145975,278511647.29170734,110040989.92209782,151027675.29321522,23024167.514650993,0.00568610338989621,4.796679666656084,0.32144587990696155
108.90890890890891,206.62019067755483,0.00020922521779672461,205003.4305394123,521338632.5560545,261322282.15604362,110218016.61765932,278511921.9644977,110088709.67167218,151027791.75486445,23039109.726792853,0.005688599851101341,4.796684384862831,0.32144619886587716
109.70970970970971,212.7945710696216,0.0002154910879677906,205005.66251287327,521338953.377354,261322521.803757,110263100.58309041,278512184.59070146,110134796.64522086,151027903.36479536,23053540.2478927,0.005691010891307947,4.796688895274841,0.321446503773112
110.51051051051051,219.15343848881508,0.00022194403001572172,205007.95392380757,521339261.77342445,261322750.89585736,110306642.13221954,278512435.17941606,110179306.87800118,151028010.24018234,23067476.68804303,0.005693339442339249,4.796693197310706,0.32144679459523195
111.31131131131131,225.70235166653364,0.00022858968218529351,205010.31291254493,521339559.0944984,261322972.42471975,110348692.63329168,278512677.7624551,110222292.87190875,151028113.5234146,23080935.451700047,0.005695588250596879,4.796697363036324,0.3214470761940523
112.11211211211211,232.44695711268997,0.00023543377174555698,205012.7278020363,521339846.23134655,261323185.54898134,110389304.10166617,278512910.74789536,110263807.80232081,151028212.9993386,23093933.312680464,0.0056977600986086304,4.796701362368751,0.3214473465541074
112.91291291291292,239.3930949996687,0.00024248222238192115,205015.194907819,521340124.5713362,261323391.1083289,110428525.98842844,278513134.8922004,110303902.216568,151028309.07156992,23106486.17094395,0.005699857631114684,4.796705207479043,0.32144760650871385
113.71371371371372,246.54677558051512,0.00024974113027878585,205017.71086579884,521340395.77443695,261323590.16938215,110466406.15030448,278513351.1872815,110342625.03027879,151028402.24362683,23118609.422551773,0.005701883407520252,4.796708914482161,0.321447857160007
114.51451451451452,253.91422199019277,0.00025721680749223936,205020.27554573127,521340658.949497,261323782.61114314,110502990.10343975,278513559.82843983,110380022.77966382,151028492.40546757,23130317.602078076,0.00570383986220913,4.796712488235683,0.3214480988209367
115.31531531531532,261.5018441891456,0.000264915755552405,205022.88956973443,521340912.88004214,261323968.26376605,110538321.74319963,278513761.0640512,110416140.34540667,151028579.40404338,23141624.70656447,0.005705729342862753,4.796715934983756,0.3214483318937285
116.11611611611612,269.3161940342691,0.00027284461994305653,205025.55035214312,521341159.634054,261324148.7471439,110572444.46577856,278513956.56100094,110451022.07989413,151028663.96577623,23152544.70627283,0.005707554170159101,4.796719282632897,0.32144855827909463
116.91691691691692,277.3640373219004,0.0002810102631036238,205028.25730406636,521341399.5958697,261324324.97204188,110605399.79940505,278514147.57350826,110484710.4345548,151028746.43781412,23163090.89766612,0.005709316564959713,4.796722553725696,0.32144877949587175
117.71771771771772,285.6523367623367,0.0002894197471821942,205031.01005947124,521341633.0297163,261324497.94398904,110637227.93186769,278514335.5460133,110517246.49074289,151028827.1901805,23173276.137975942,0.005711018676398012,4.796725774432757,0.32144899730550747
118.51851851851852,294.18833455898107,0.000298080417780344,205033.80948803553,521341859.0873368,261324665.26068103,110667966.63836987,278514517.1926591,110548668.87545231,151028905.33088896,23183112.589085653,0.005712662525653688,4.796728885914808,0.3214492077372677
119.31931931931932,302.9794115143331,0.0003069997610709443,205036.655565347,521342077.6069407,261324827.6514022,110697653.47550417,278514693.70545566,110579015.9825218,151028981.10051882,23192612.25538887,0.005714250121214872,4.796731910274309,0.3214494122737402
120.12012012012013,312.03317454621595,0.0003161854925497499,205039.54845518485,521342288.05916274,261324985.25257492,110726324.63695039,278514865.5216247,110608324.81532247,151029054.50604123,23201786.71013168,0.005715783398863912,4.796734856293044,0.3214496114969281
120.92092092092093,321.35746102662523,0.0003256455614357306,205042.4884220964,521342489.53196114,261325137.62097847,110754015.02483304,278515032.3496809,110636631.05975899,151029125.3241518,23210647.117274847,0.005717264225491436,4.796737719928693,0.32144980512145693
121.72172172172174,330.9603509540932,0.0003353881630318693,205045.47623968832,521342681.62756836,261325284.43288848,110780758.25784616,278515193.8753996,110663969.08708137,151029193.41394323,23219204.243643213,0.005718694399275187,4.796740496051458,0.321449992795354
122.52252252252254,340.85023660840045,0.0003454218094336601,205048.51567946415,521342867.97374165,261325427.02495927,110806586.00838438,278515350.7111094,110690371.25717594,151029259.529425,23227468.326631755,0.0057200756135883735,4.7967431912292975,0.3214501750043362
123.32332332332334,351.0356482976361,0.0003557551526209218,205051.60629706067,521343046.35151756,261325564.0093018,110831530.07056245,278515501.6471476,110715870.0864392,151029323.01694912,23235449.51371434,0.005721409569420958,4.796745786328773,0.32145035043161574
124.12412412412414,361.5254068285007,0.0003663971392412395,205054.74921547406,521343216.75064975,261325694.8263943,110855620.77010967,278515645.8567042,110740496.57843779,151029383.68541825,23243157.53600185,0.005722697888862412,4.796748266339722,0.3214505180656694
124.92492492492494,372.3285900822583,0.0003773569766722146,205057.94551344338,521343379.22480834,261325818.78163716,110878887.45561232,278515782.2823574,110764280.73781185,151029441.30232358,23250601.817600004,0.0057239421417736944,4.796750611951862,0.3214506766065788
125.72572572572574,383.45459882454395,0.0003886441997797426,205061.1983088035,521343534.6920341,261325937.1420938,110901358.04473208,278515912.49844784,110787251.09798592,151029496.37963572,23257791.28168896,0.005725143820794529,4.796752850821171,0.3214508279246757
126.52652652652654,394.9131170437755,0.0004002686306835597,205064.5110911283,521343684.3521102,261326051.52687013,110923059.4587941,278516038.50120056,110809435.17176162,151029549.57305545,23264734.52831975,0.005726304365141418,4.796755017944434,0.32145097438769077
127.32732732732734,406.71403541928794,0.0004122403011206892,205067.88474321636,521343828.62044203,261326161.00183925,110944018.3679276,278516158.7257096,110830860.22452767,151029600.59652773,23271440.14215414,0.005727425201461713,4.796757084260175,0.3214511140444778
128.12812812812814,418.8675705836174,0.0004245695734272031,205071.32152528767,521343968.62945163,261326266.0547505,110964260.28706229,278516273.4789088,110851552.33425808,151029649.71087676,23277916.31015956,0.005728507694113963,4.796759053978646,0.32145124719107654
128.92892892892894,431.3842357515361,0.00043726711074282477,205074.8237735761,521344105.7808942,261326367.34723127,110983809.92383996,278516383.22458273,110871536.75206105,151029697.25834814,23284170.963137962,0.005729553164205505,4.796760933824496,0.32145137429609866
129.72972972972974,444.27494076894214,0.00045034397841007466,205078.39456740214,521344238.7155999,261326464.82926798,111002690.60663356,278516488.43602186,110890837.3324677,151029743.11440384,23290211.53526285,0.005730562859536979,4.796762734275014,0.3214514960459163
130.53053053053054,457.5508930956933,0.0004638115436324464,205082.03693606507,521344366.80276424,261326558.78723073,111020925.0261972,278516589.8087583,110909477.27426443,151029787.3287344,23296045.267054684,0.005731537993645247,4.796764468921692,0.32145161334558714
131.33133133133134,471.22355098806406,0.0004776814280336284,205085.75344862745,521344491.91966605,261326650.38487944,111038535.63285224,278516688.3788801,110927479.51767126,151029830.45443112,23301679.365854442,0.005732479766727157,4.796766154323885,0.32145172733138705
132.13213213213214,485.3047495083871,0.000491965635366244,205089.54707141418,521344614.57117647,261326740.52568603,111055543.89319226,278516785.32872677,110944866.00371876,151029872.8446922,23307120.69448938,0.00573338932657273,4.796767811491809,0.32145183942177047
132.93293293293294,499.8066669515572,0.0005066765174930847,205093.42085494395,521344735.2357252,261326830.26519993,111071970.59987223,278516882.0812476,110961657.98423457,151029914.90287542,23312375.89559113,0.00573426778489174,4.796769465865058,0.3214519513328479
133.73373373373374,514.7419626767372,0.0005218269141387941,205097.37780493268,521344852.64062023,261326917.71636137,111087835.21991144,278516976.2877461,110977875.37001176,151029955.87904385,23317451.227432,0.005735116183498034,4.79677107622632,0.321452060274974
134.53453453453454,530.1236000938409,0.0005374299734155034,205101.42104198984,521344966.1924543,261327002.4726517,111103156.91003922,278517067.5762136,110993537.74837607,151029995.5872506,23322352.82485495,0.005735935547133949,4.7967726365991545,0.3214521658376087
135.33533533533534,545.9648608243137,0.0005534991661828063,205105.55378602026,521345075.88453925,261327085.46640635,111117954.51981065,278517157.3730255,111008664.38709274,151030034.3493482,23327086.70208628,0.005736726883686792,4.796774173109692,0.3214522697770481
136.13613613613614,562.279456706291,0.0005700483996135382,205109.77925090858,521345180.9130651,261327166.49081144,111132246.07665612,278517245.69133997,111023273.71947446,151030072.03112054,23331658.62344209,0.005737491157480183,4.796775687090116,0.3214523721717948
136.93693693693695,579.0814973411267,0.0005870919842908992,205114.1006716634,521345280.19971305,261327245.17126626,111146049.03581032,278517332.39789313,111037383.59545021,151030108.41852093,23336074.169078,0.0057382293023179945,4.79677717755143,0.3214524729407902
137.73773773773775,596.3856691047457,0.0006046448158869591,205118.52241476788,521345376.1027794,261327321.79858416,111159379.68374713,278517417.0108849,111051010.65360108,151030143.80265585,23340338.58288868,0.005738942188776504,4.796778632669413,0.32145257131746713
138.53853853853855,614.2069636517631,0.000622722099603812,205123.04811691097,521345468.22695696,261327395.90331304,111172254.20298019,278517498.9827376,111064171.43997641,151030177.9916786,23344457.049341638,0.00573963068249949,4.796780042992787,0.3214526666602124
139.33933933933935,632.5607798729868,0.0006413394536471258,205127.68128707813,521345555.44095296,261327466.70258185,111184688.35965449,278517577.58091384,111076882.07889532,151030210.62671512,23348434.614740804,0.005740295627055343,4.7967813966445085,0.3214527581549964
140.14014014014015,651.4630043543651,0.000660512990879972,205132.42576683447,521345637.42260706,261327533.43915161,111196697.27041948,278517651.7918728,111089158.02710614,151030241.42272055,23352276.12895916,0.005740937831136917,4.7967826755596334,0.3214528445817767
140.94094094094095,670.9299845033039,0.0006802592915405837,205137.2854826237,521345713.84503084,261327595.18229163,111208295.56512009,278517720.3405462,111101014.24411333,151030270.03454944,23355986.28936432,0.00574155807744268,4.796783856898488,0.32145292439929957
141.74174174174175,690.9787585211709,0.000700595636570822,205142.2655370965,521345786.9689779,261327654.93321705,111219496.95013903,278517786.8917602,111112464.72511296,151030297.67791545,23359569.44658155,0.005742157097882667,4.796785004734095,0.32145300194527665
142.54254254254255,711.6266624361492,0.0007215396089046398,205147.37019929537,521345856.8971318,261327712.0465202,111230315.081928,278517850.4328437,111123523.43199064,151030324.14032775,23363029.98524953,0.0057427356229499986,4.796786100461213,0.32145307596875666
143.34334334334335,732.8915499368951,0.000743109316509586,205152.60394550912,521345924.04704267,261327766.1454412,111240763.15167443,278517910.233862,111134203.84901159,151030349.32701877,23366372.139141858,0.005743294358133942,4.796787130231248,0.3214531455427442
144.14414414414415,754.7918265454119,0.0007653234270552593,205157.97157586343,521345989.4370245,261327817.55484068,111250853.86045659,278517966.3912544,111144518.95518896,151030373.43290168,23369599.97765926,0.005743833982437252,4.796788094515819,0.32145321071111027
144.94494494494495,777.3464313664134,0.0007882011493924105,205163.4780699345,521346054.35451466,261327866.75090393,111260599.50465764,278518019.12439454,111154481.31430607,151030396.7265713,23372717.440710314,0.0057443551531349245,4.79678899568242,0.3214532716486681
145.74574574574575,800.5751339132158,0.0008117625344052727,205169.12757900337,521346115.89144623,261327913.6755274,111270011.5802871,278518069.49827886,111164102.6912841,151030418.9554816,23375728.180673327,0.005744858485608802,4.796789856997044,0.32145332988322267
146.54654654654655,824.4979784242305,0.0008360279118170243,205174.9254549122,521346175.92222834,261327959.15830758,111279101.63669239,278518118.0359227,111173394.8828676,151030440.55697754,23378635.89813748,0.005745344596993549,4.7967906856116596,0.3214533859188579
147.34734734734735,849.1356642462439,0.0008610182757303325,205180.87694469088,521346235.32156175,261328004.02435395,111287880.75842325,278518165.647886,111182369.21497263,151030461.88647464,23381444.13546767,0.005745814079756883,4.796791497057069,0.3214534408107135
148.14814814814815,874.5095144464549,0.0008867552528239353,205186.9873518948,521346294.67517936,261328049.22009665,111296359.65056498,278518213.54250485,111191036.62656365,151030483.31788567,23384156.308870107,0.005746267506101387,4.796792312679842,0.32145349600152034
148.94894894894895,900.6414698068554,0.0009132610962750775,205193.262107532,521346354.590351,261328095.87634313,111304548.68687284,278518263.1989542,111199407.71737555,151030505.29028028,23386775.725756247,0.005746705430466424,4.796793158747032,0.3214535532652851
149.74974974974975,927.554474235375,0.0009405590764879831,205199.7059022885,521346412.00240606,261328140.0591251,111312457.36473875,278518309.86547935,111207492.2186603,151030526.20486167,23389305.467536118,0.0057471283622407875,4.796793952421299,0.3214536069907454
150.55055055055055,955.2716981365562,0.0009686726937674933,205206.32453298994,521346468.0228212,261328183.98379147,111320095.52426979,278518356.4663466,111215300.17995971,151030546.9143728,23391748.65724264,0.005747536826992177,4.796794745722056,0.3214536606905633
151.35135135135135,983.8171407958056,0.0009976262890108035,205213.1235280318,521346522.09073275,261328227.6918817,111327472.47386464,278518403.289413,111222841.11944035,151030567.3891521,23394108.27047031,0.005747931322652222,4.79679554465839,0.3214537147614158
152.15215215215215,1013.2155050690819,0.001027444916676103,205220.1084725224,521346573.3520239,261328271.0376355,111334597.22051455,278518450.45407176,111230124.24884033,151030587.51150927,23396387.187303297,0.005748312331132636,4.796796352540483,0.3214537694147593
152.95295295295296,1043.4922231325845,0.0010581543709082776,205227.28507257783,521346620.8311752,261328313.74545014,111341478.47436328,278518497.9305268,111237158.4772548,151030607.10931146,23398588.193819746,0.00574868031852052,4.796797170108705,0.32145382468767725
153.75375375375376,1074.6738764101995,0.0010897816116941538,205234.66082609232,521346667.7405925,261328355.68204394,111348124.1533651,278518544.2506765,111243951.88540441,151030626.39605892,23400713.842136484,0.005749035707608678,4.796797966377798,0.32145387853596186
154.55455455455456,1106.7872977938296,0.0011223538537322583,205242.2412250327,521346711.6459215,261328396.1856476,111354542.5552529,278518589.3748016,111250512.9679972,151030644.94946134,23402766.78376676,0.005749378942816255,4.796798743799599,0.32145393109347686
155.35535535535536,1139.8602970254915,0.0011558993025811285,205250.0326938434,521346752.0540668,261328434.55675614,111360741.47570068,278518632.4391014,111256849.69813953,151030662.49030015,23404749.51994736,0.005749710441302262,4.796799487243455,0.3214539813358476
156.15615615615616,1173.9214934993329,0.001190446984965674,205258.04182365013,521346788.42042774,261328469.9101361,111366728.45587817,278518672.3182627,111262969.78940685,151030678.67130983,23406664.472575504,0.005750030606661878,4.796800176865546,0.32145402792102806
156.95695695695696,1209.0003751000513,0.0012260268084726541,205266.27549601448,521346820.4772298,261328501.58124924,111372510.76963355,278518708.11209637,111268880.68038875,151030693.24341273,23408513.976173323,0.00575033982808889,4.796800796575702,0.32145406976297064
157.75775775775776,1245.12771308712,0.0012626699825314992,205274.742054903,521346851.4527655,261328533.26381195,111378095.18711771,278518744.1483372,111274589.26963384,151030707.73813292,23410300.1616048,0.005750638466212427,4.796801421281819,0.32145411194081686
158.55855855855856,1282.334603918534,0.0013004080461288309,205283.44843630542,521346880.1420812,261328562.758545,111383488.60054229,278518777.5692448,111280102.61315697,151030721.30299315,23412025.257240273,0.005750926890323171,4.796802000335178,0.32145415103210556
159.35935935935936,1320.6532673966474,0.0013392736776909305,205292.40246854306,521346907.2381086,261328590.12707362,111388697.54715717,278518808.195777,111285427.39070445,151030734.01600343,23413691.356151436,0.005751205449865775,4.796802529574132,0.3214541867653263
160.16016016016016,1360.1168611769485,0.001379300506854047,205301.61227670606,521346933.6761622,261328615.53793004,111393728.3498457,278518835.9150962,111290570.06158273,151030746.01144668,23415300.482358675,0.0057514744827458185,4.796803005731309,0.3214542189321899
160.96096096096096,1400.759577284648,0.0014205232123111085,205311.08610098416,521346960.10131013,261328639.29878244,111398587.10599032,278518860.93973154,111295536.85551104,151030757.448146,23416854.585385,0.005751734314848676,4.796803431861363,0.3214542477460282
161.76176176176176,1442.617031716051,0.001462977916737977,205320.8313501003,521346984.1534102,261328661.9533943,111403279.59138376,278518885.02650243,111300333.68593837,151030768.32454655,23418355.500612788,0.005751985255495793,4.796803843141813,0.3214542755431469
162.56256256256256,1485.7252644176401,0.00150670117315681,205330.85728140242,521347008.0993938,261328684.07167292,111407811.56693949,278518908.1448586,111304966.43098634,151030779.02010566,23419805.071781915,0.005752227612163215,4.796804236077546,0.32145430211674403
163.36336336336336,1530.1216040953987,0.0015517308415473664,205341.17281409167,521347032.57986253,261328706.45158297,111412188.54485813,278518931.25196356,111309440.72104934,151030789.86199972,23421205.055899136,0.005752461679350763,4.796804627334632,0.3214543285957294
164.16416416416416,1575.8444655777969,0.0015981058834626462,205351.7871282891,521347058.3039825,261328730.08530432,111416415.86420636,278518955.5722206,111313762.00878863,151030801.24974892,23422557.152697336,0.00575268774224762,4.796805038373109,0.321454356432362
164.96496496496496,1622.933496145763,0.0016458665103736294,205362.7094110324,521347085.24112195,261328755.2188806,111420498.65208724,278518981.4904985,111317935.53508464,151030813.26668036,23423863.00042065,0.00575290607501437,4.796805476270375,0.32145438610212773
165.76576576576576,1671.4299185648492,0.0016950545314064855,205373.94818234508,521347110.50202733,261328778.86183938,111424441.70631821,278519005.6123132,111321966.2239603,151030824.6527139,23425124.1600692,0.005753116935453325,4.79680588274739,0.32145441364822946
166.56656656656656,1721.3755011570413,0.0017457123093416172,205385.51355235564,521347135.3668786,261328803.1158428,111428249.92597769,278519030.6184589,111325859.07327804,151030836.23504743,23426342.180194575,0.005753320584888175,4.796806305135937,0.32145444227045383
167.36736736736736,1772.8134907798722,0.0017978837063664461,205397.41528792464,521347159.23614573,261328828.0354818,111431927.95866945,278519056.82754683,111329618.83663444,151030847.9854292,23427518.546532724,0.005753517272002135,4.796806750039029,0.3214544724052472
168.16816816816817,1825.788391977805,0.0018516138602197125,205409.66334250892,521347181.2684278,261328853.58131918,111435480.30821271,278519084.5109229,111333250.12189987,151030859.82382232,23428654.699331257,0.0057537072378618485,4.796807223509264,0.32145450444899626
168.96896896896897,1880.3461795431633,0.0019069493998733116,205422.2682645269,521347201.28268194,261328879.47071815,111438911.26372005,278519113.3101645,111336757.31513943,151030871.63961744,23429752.013204858,0.005753890711939196,4.796807719231772,0.32145453797450135
169.76976976976977,1936.5345659695868,0.0019639387169172523,205435.2417286273,521347220.9375194,261328904.98834273,111442224.80507925,278519141.48400635,111340144.47930099,151030883.32124558,23430811.770172615,0.005754067906813304,4.796808203230133,0.3214545707170518
170.57057057057057,1994.401957823786,0.0020226309065023277,205448.59413147217,521347238.29288304,261328929.759873,111445425.07201764,278519169.22926235,111343415.85557732,151030894.5851627,23431835.2955433,0.005754239044395163,4.796808681619528,0.3214546030634377
171.3713713713714,2053.9984588020297,0.0020830767851906626,205462.33677000602,521347252.7022627,261328953.02207884,111448515.95337707,278519195.6419724,111346575.42395431,151030905.11802793,23432823.83958426,0.005754404332943388,4.796809138717696,0.3214546339505165
172.1721721721722,2115.375629170847,0.0021453286468261536,205476.4812352941,521347263.4278224,261328973.806543,111451501.21097046,278519219.5429041,111349627.03542084,151030914.52857772,23433778.61365841,0.005754563973980483,4.79680955392966,0.32145466198354405
172.972972972973,2178.5867822376667,0.002209440563376638,205491.04000329998,521347271.0345088,261328992.44513467,111454384.43521869,278519241.209884,111352574.35713683,151030922.97770128,23434700.763732795,0.0057547181593260765,4.796809931595295,0.32145468746147904
173.7737737737738,2243.68713462458,0.0022754685374139017,205506.02670136432,521347278.0082675,261329011.22943622,111457169.02883966,278519263.1336039,111355420.85157363,151030931.4550352,23435591.35978209,0.005754867069962565,4.796810313998687,0.3214547132598656
174.5745745745746,2310.7327919560635,0.0023434694727593117,205521.4537913614,521347283.19360507,261329028.33066648,111459858.41399838,278519282.99454635,111358170.02627285,151030939.23977327,23436451.51180888,0.005755010889497383,4.796810660246515,0.32145473661332774
175.3753753753754,2379.7818032412642,0.002413502244462834,205537.33484170065,521347287.21006215,261329043.6912177,111462455.84251563,278519300.4578052,111360825.2028962,151030946.36325243,23437282.26095012,0.005755149791696762,4.796810963407944,0.32145475706339893
176.1761761761762,2450.893904834173,0.0024856274389516656,205553.6838925077,521347290.9140555,261329057.33273017,111464964.45752054,278519315.21491015,111363389.59078217,151030952.90314525,23438084.61305607,0.005755283944444003,4.796811216726904,0.3214547741663608
176.976976976977,2524.130937948351,0.0025599077772956672,205570.5150357089,521347294.1175248,261329069.72772795,111467387.28821379,278519328.05326766,111365866.28630316,151030959.00831565,23438859.53332792,0.0057554135097014365,4.796811434829793,0.32145478890367973
177.7777777777778,2599.556775231737,0.0026364080407975097,205587.84256335138,521347295.99951214,261329081.70661297,111469727.25805224,278519340.5526284,111368258.2796595,151030964.89990824,23439607.949908398,0.005755538643865904,4.796811647644043,0.3214548032781106
178.5785785785786,2677.236456120567,0.0027151941945068986,205605.68203171768,521347298.2461472,261329093.6158216,111471987.21456468,278519352.56880933,111370568.47365873,151030970.83413604,23440330.771901667,0.005755659498758459,4.796811850336234,0.32145481698574263
179.3793793793794,2757.237233570066,0.0027963344483344023,205624.04911312755,521347301.599538,261329106.28497106,111474169.90691298,278519365.06281376,111372799.67354144,151030977.15759546,23441028.872536138,0.005755776221081964,4.7968120594951165,0.321454831151784
180.1801801801802,2839.6283145118696,0.002879898993970803,205642.95995967885,521347306.91114783,261329120.75770596,111476277.99916504,278519379.27679855,111374954.5965945,151030984.29934618,23441703.096149273,0.005755888952925765,4.796812296704731,0.3214548472388457
180.980980980981,2924.4814361855815,0.0029659605890757696,205662.4304519445,521347312.87141824,261329136.00433463,111478314.02157165,278519394.1619905,111377035.83740184,151030991.8013675,23442354.260218617,0.00575599783009371,4.796812544487922,0.32145486405482243
181.7817817817818,3011.870480284561,0.0030545941662113115,205682.4768283589,521347317.8559778,261329150.80712092,111480280.41897804,278519408.5085521,111379045.90503111,151030999.1156616,23442983.156321112,0.005756102983929611,4.796812782832118,0.3214548802331051
182.5825825825826,3101.870840573335,0.003145876191898234,205703.1166683604,521347322.82658935,261329166.7146815,111482179.62412293,278519424.28016615,111380987.27865143,151031006.85400215,23443590.55081784,0.0057562045440388,4.796813046361651,0.3214548981148966
183.3833833833834,3194.560431027883,0.0032398856884788374,205724.36752146407,521347327.21333647,261329183.8820222,111484013.96532342,278519441.9318162,111382862.3405009,151031015.02555636,23444177.187365983,0.005756302635046578,4.79681334411765,0.3214549183012266
184.1841841841842,3290.019427887658,0.0033367039726939626,205746.2473531088,521347330.2136018,261329202.40114632,111485785.70197405,278519461.914608,111384673.40351065,151031023.59914285,23444743.788020622,0.005756397377958754,4.796813685371777,0.3214549414057103
184.984984984985,3388.3310571832544,0.003436415454734382,205768.77536074238,521347332.42715925,261329221.5295466,111487496.90999624,278519482.8601409,111386422.58886386,151031032.36924526,23445291.02238042,0.005756488883770231,4.7968140443220415,0.3214549657003541
185.7857857857858,3489.580772142884,0.0035391068035551284,205791.97100870314,521347333.860041,261329240.58172348,111489149.62719256,278519503.7206923,111388111.98122013,151031041.1022646,23445819.547392085,0.005756577261570793,4.796814401797136,0.321454989895718
186.5865865865866,3593.855969669295,0.0036448666591668896,205815.85365945086,521347333.1441436,261329259.26392016,111490745.91158466,278519524.5849911,111389743.69097683,151031049.58894753,23446330.02349818,0.005756662621797194,4.796814761178233,0.3214550142020898
187.3873873873874,3701.2469152411627,0.0037537865710760014,205840.44354162182,521347329.4821314,261329276.76072708,111492287.70468774,278519544.52508414,111391319.70813833,151031057.48649028,23446823.077754308,0.005756745068604874,4.796815106524516,0.3214550375372326
188.1881881881882,3811.8464939197065,0.00386596074561199,205865.7614194581,521347321.944916,261329292.03415275,111493776.88427472,278519562.3272756,111392841.95862292,151031064.36495706,23447299.318461597,0.0057568247028091666,4.796815416843502,0.32145505847745126
188.988988988989,3925.751268748318,0.003981487120045143,205891.8301135173,521347312.7906462,261329306.9301402,111495215.20350091,278519579.8920998,111394312.22055212,151031071.04300055,23447759.292627133,0.005756901617308995,4.796815723914627,0.3214550791889919
189.7897897897898,4043.060064269191,0.004100465924973324,205918.67228016394,521347302.5436893,261329321.539811,111496604.38820367,278519597.14353305,111395732.2556395,151031077.596137,23448203.551532716,0.005756975904254104,4.796816025646803,0.32145509953791757
190.5905905905906,4163.874199114523,0.004222999920335915,205946.31068392523,521347290.56412965,261329334.7215718,111497946.12880631,278519612.5958047,111397103.79725353,151031083.58217856,23448632.644268405,0.005757047654387293,4.796816295697193,0.32145511774430324
191.3913913913914,4288.298250438084,0.004349195171186529,205974.76927381664,521347277.3880066,261329346.28764313,111499242.03823088,278519625.7448329,111398428.49225655,151031088.98171833,23449047.088034093,0.005757116953863019,4.796816524135047,0.3214551331470301
192.1921921921922,4416.439829202045,0.004479160819593917,206004.07276440237,521347263.77423936,261329356.09500858,111500493.6730294,278519636.06612843,111399707.92881325,151031093.80872327,23449447.38164913,0.005757183885759575,4.796816700366305,0.3214551450431774
192.992992992993,4548.410975031994,0.004613010498823376,206034.24619913253,521347248.8285328,261329365.38997662,111501702.5650443,278519645.7943156,111400943.67383051,151031098.42234927,23449834.00658171,0.005757248532004636,4.796816866364952,0.32145515624509075
193.7937937937938,4684.325960867076,0.004750860107652822,206065.31576304647,521347233.27236986,261329374.53830844,111502870.17376775,278519655.19057757,111402137.21524787,151031103.00872666,23450207.427052338,0.005757310970410542,4.796817025941606,0.32145516701835186
194.5945945945946,4824.302252718579,0.00489282878343944,206097.30849752057,521347218.190449,261329383.93174687,111503997.90839165,278519664.4117902,111403289.98794615,151031107.792184,23450568.090951014,0.005757371276007194,4.796817180528045,0.32145517747310975
195.3953953953954,4968.461007793957,0.005039039407166312,206130.25217566153,521347204.4396867,261329394.4297953,111505087.13966104,278519674.41373926,111404403.38742173,151031113.13974527,23450916.43063537,0.00575742952174615,4.796817346450759,0.32145518871857204
196.1961961961962,5116.926896423527,0.005189618422938452,206164.17541301166,521347193.0272707,261329407.120736,111506139.19679134,278519686.43947715,111405478.76553985,151031119.50929496,23451252.863554385,0.0057574857782836655,4.796817545089826,0.3214552022057865
196.996996996997,5269.8299023206055,0.005344697662620946,206199.1062835937,521347180.6070575,261329419.41420627,111507155.33760697,278519697.8723579,111406517.42844741,151031125.7430908,23451577.810927227,0.00575754011411996,4.796817732941523,0.32145521496647955
197.7977977977978,5427.302153872682,0.005504411134381996,206235.07499325127,521347168.0067648,261329432.4761902,111508136.8124418,278519710.1434698,111407520.64796555,151031132.31145677,23451891.664475698,0.005757592595723107,4.796817935053187,0.3214552286961434
198.5985985985986,5589.479845398619,0.005668896969962685,206272.11239689644,521347155.4070621,261329447.04540104,111509084.83199449,278519724.29114044,111408489.65917423,151031139.48575592,23452194.806367964,0.005757643287668668,4.796818170133593,0.32145524465575964
199.3993993993994,5756.503342039291,0.0058382975310427715,206310.24999886882,521347142.2839633,261329463.39579192,111510000.56945783,278519740.9268282,111409425.66292427,151031147.32086217,23452487.61017375,0.005757692252773725,4.7968184500044355,0.321455263634176
200.20020020020021,5928.517077774006,0.006012759305937567,206349.5201222133,521347127.893734,261329481.7712883,111510885.16655163,278519760.70287836,111410329.82891048,151031155.84372377,23452770.439656794,0.005757739552230248,4.79681878751884,0.3214552864868645
201.00100100100101,6105.6719694957565,0.006192435358774986,206389.9572205585,521347113.38088304,261329500.2510017,111511739.57700762,278519780.2428148,111411203.13138573,151031164.48835674,23453043.612494767,0.005757785237072164,4.796819119449611,0.3214553089754337
201.80180180180182,6288.120633829409,0.006377480476650039,206431.59515733022,521347097.2780461,261329519.20596245,111512564.90253432,278519800.6767564,111412046.7019848,151031173.2674131,23453307.478996594,0.005757829366506131,4.796819468318603,0.3214553325966453
202.60260260260262,6476.02103263955,0.006568054868159578,206474.46920760875,521347078.74460804,261329538.03654134,111513362.15203986,278519821.4150038,111412861.57696217,151031181.91005093,23453562.366146605,0.005757871994782292,4.79681982440274,0.3214553566861631
203.40340340340342,6669.53578036427,0.00676432346061518,206518.61562928234,521347056.8222636,261329555.88293406,111514132.29769897,278519841.51941293,111413648.75611986,151031190.046531,23453808.590963807,0.005757913174257221,4.796820171762711,0.32145538016003533
204.20420420420422,6868.832366719034,0.006966456126016998,206564.07182043986,521347030.7180042,261329571.9229791,111514876.27523668,278519860.043239,111414409.2011909,151031197.33344334,23454046.45850115,0.005757952955291612,4.796820494086036,0.3214554019113027
205.00500500500502,7074.085566046094,0.0071746301263663935,206610.8786552142,521347004.5247667,261329589.19912058,111515594.92363338,278519879.97002417,111415143.7449987,151031205.15002704,23454276.215364452,0.005757991381252601,4.796820840538771,0.32145542529907634
205.80580580580582,7285.4721013470225,0.007389024697790066,206659.0750272924,521346976.02959454,261329605.50350305,111516289.13230228,278519898.8117069,111415853.31124228,151031212.56210116,23454498.161546357,0.005758028500595356,4.796821168482524,0.32145544742768256
206.60660660660662,7503.175031383332,0.007609825503191473,206708.7021755155,521346945.497508,261329620.50961465,111516959.72781682,278519915.9540508,111416538.74433796,151031219.48213875,23454712.563519835,0.005758064357504253,4.796821466303164,0.32145546751956733
207.40740740740742,7727.382745724929,0.007837223612183822,206759.8025846954,521346913.3775888,261329633.89419833,111517607.50507389,278519930.71463233,111417200.85550916,151031225.83862752,23454919.677545737,0.005758098994424104,4.7968217208999855,0.3214554846995113
208.20820820820822,7958.28955659604,0.008071416101231809,206812.4200202481,521346880.0792217,261329645.7292737,111518233.23905644,278519943.02559906,111417840.43488802,151031231.69297385,23455119.7509209,0.005758132452679691,4.796821930453486,0.32145549885065705
209.00900900900902,8196.097638186975,0.008312608020046963,206866.59956074116,521346845.03982115,261329657.98237395,111518837.72763735,278519956.07655346,111418458.29589754,151031237.68077305,23455313.026072085,0.005758164774746911,4.796822153933987,0.32145551393304844
209.80980980980982,8441.01183424733,0.0085610071268266,206922.3876414826,521346809.5425105,261329670.15134215,111519421.67009056,278519968.58309895,111419055.14878246,151031243.7363121,23455499.72958751,0.005758195997782374,4.796822366152297,0.32145552826885826
210.61061061061062,8693.244221916992,0.00881682851576218,206979.8320830047,521346774.4038411,261329682.92308915,111519985.77035582,278519981.2475484,111419631.70786588,151031250.1656212,23455680.081853896,0.005758226159111507,4.796822578830144,0.32145554265727144
211.41141141141142,8953.013049912734,0.009080293540464685,207038.98212825786,521346740.6195503,261329697.2055726,111520530.71070604,278519995.0361438,111420188.66403481,151031257.36530474,23455854.294811953,0.005758255294821143,4.796822808278227,0.32145555820842825
212.21221221221222,9220.54377352786,0.009351630862993442,207099.88810079216,521346707.96578914,261329713.0894198,111521057.15549403,278520010.1567367,111420726.69700411,151031265.3528229,23456022.58045809,0.005758283440468981,4.796823058529649,0.3214555751912545
213.01301301301302,9496.070213018382,0.009631077627930324,207162.60101084446,521346673.40535635,261329728.66310978,111521565.7552245,278520024.8913959,111421246.4890923,151031273.23071256,23456185.160479337,0.005758310631881686,4.796823302075402,0.32145559171753335
213.81381381381382,9779.829823942606,0.009918874669246855,207227.17464738202,521346638.7990761,261329745.81634042,111522057.13510978,278520041.3518883,111421748.66684772,151031281.80326742,23456342.221809927,0.0057583369017233915,4.796823575032085,0.3214556102406197
214.61461461461462,10072.068298253313,0.01021527117336909,207293.66373066575,521346603.8713699,261329764.9692605,111522531.90821409,278520060.26452434,111422233.85700987,151031291.19753423,23456493.95788554,0.005758362282766814,4.796823890969516,0.32145563167033625
215.41541541541542,10373.038472338449,0.01052052357265208,207362.1244684421,521346568.17281264,261329786.55845803,111522990.6735953,278520082.44861066,111422702.67271037,151031301.5323684,23456640.55761009,0.005758386807074849,4.796824265380931,0.3214556570437139
216.21621621621622,10683.001969831004,0.010834897211818273,207432.6150130191,521346531.45263505,261329809.98416144,111523433.97180183,278520107.0728081,111423155.66875999,151031312.58616838,23456782.197858978,0.005758410503701035,4.796824683333964,0.3214556853536794
217.01701701701703,11002.22916308457,0.011158666308834428,207505.1954284781,521346493.5832388,261329833.74937496,111523862.29260182,278520131.89592206,111423593.34956025,151031323.83867943,23456919.045069702,0.00575843339909865,4.7968251039690974,0.32145571385069954
217.81781781781783,11330.995327748631,0.011492110054032742,207579.92654872962,521346453.47037023,261329858.29780754,111524276.20097712,278520158.00087017,111424016.29616942,151031335.35977006,23457051.27740811,0.005758455523662684,4.796825548428676,0.3214557439437307
218.61861861861863,11669.585098818814,0.011835517130327008,207656.87125423853,521346410.1752056,261329882.96670747,111524676.20522422,278520184.7306515,111424425.0335363,151031346.85126677,23457179.062066574,0.005758476904898203,4.796826005853994,0.3214557748911065
219.41941941941943,12018.291382539364,0.01218918460939263,207736.09413343854,521346362.55920863,261329906.87006265,111525062.79728936,278520211.1679186,111424820.0712632,151031357.92227057,23457302.56252733,0.005758497569520287,4.79682646088579,0.32145580564592663
220.22022022022023,12377.417762468618,0.012553420393655063,207817.66296986386,521346311.9378537,261329930.71267235,111525436.42058092,278520237.8377561,111425201.85505278,151031368.92671898,23457421.915570088,0.005758517540792725,4.796826921335588,0.32145583675083955
221.02102102102103,12747.276788311323,0.01292854147931062,207901.64752986276,521346259.7787831,261329955.19449133,111525797.49878642,278520265.19710654,111425570.80979067,151031380.22927675,23457537.251647234,0.005758536840888009,4.7968273935697505,0.321455868653219
221.82182182182183,13128.187653269215,0.01331487159869688,207988.11794940056,521346204.66397655,261329978.90856904,111526146.47374982,278520291.64695734,111425927.39623748,151031391.2378056,23457648.72169988,0.005758555493993092,4.796827850127965,0.32145589948870584
222.62262262262263,13520.480121741217,0.0137127452067315,208077.14721883362,521346146.77493656,261330001.41527838,111526483.750738,278520316.4227003,111426272.02860929,151031401.82178,23457756.458137773,0.005758573521792312,4.796828276718754,0.32145592829893105
223.42342342342343,13924.493540837055,0.01412250647745033,208168.81044444113,521346086.460676,261330022.24515548,111526809.71654983,278520338.64758474,111426605.10157582,151031411.8540466,23457860.587602377,0.005758590944946021,4.79682865678131,0.32145595397500587
224.22422422422423,14340.580585410084,0.014544513101727944,208263.18535684422,521346023.787048,261330043.02367315,111527124.79455587,278520360.73236364,111426927.04363719,151031421.9057249,23457961.234966118,0.005758607785798659,4.7968290341981445,0.3214559794703185
225.02502502502503,14769.101993118902,0.014979130948392984,208360.35165627004,521345959.29227585,261330064.17389265,111527429.3596515,278520383.07731026,111427238.23442164,151031432.172344,23458058.517225023,0.005758624064182156,4.796829415494935,0.3214560052313578
225.82582582582583,15210.42807957186,0.01542673560071958,208460.39123310035,521345893.83480674,261330085.69930995,111527723.75862637,278520405.31927764,111427539.02438404,151031442.7309898,23458152.54499668,0.005758639798415158,4.7968297928276735,0.32145603074206636
226.62662662662663,15664.940875171806,0.01588771452335692,208563.3884686793,521345828.3579358,261330108.3408356,111528008.34020004,278520428.1789069,111427829.76389386,151031453.919499,23458243.42471557,0.005758655006778689,4.796830178045412,0.32145605681216494
227.42742742742743,16133.033501424627,0.016362466429923665,208669.43017974583,521345764.0239936,261330133.07250822,111528283.44213693,278520452.64299595,111428110.7906305,151031466.1737274,23458331.257731874,0.005758669706876305,4.796830587574011,0.3214560845620226
228.22822822822823,16615.11579797268,0.01685140698547353,208778.6045795679,521345697.06315404,261330157.8219444,111528549.4302755,278520477.02513933,111428382.49929883,151031478.48508468,23458416.175682563,0.005758683919505211,4.796830995387997,0.32145611219436954
229.02902902902903,17111.603946968975,0.017354958292423263,208891.00350359417,521345629.010079,261330184.02395305,111528806.62354429,278520502.86202604,111428645.20563789,151031491.4783067,23458498.270788927,0.005758697661095276,4.7968314274732435,0.3214561414773819
229.82982982982983,17622.927593432898,0.017873556106299076,209006.72106595273,521345560.1167769,261330212.4233825,111529055.34363048,278520531.1495613,111428899.2353325,151031505.4378429,23458577.641032852,0.005758710948646954,4.796831901595317,0.3214561736101577
230.63063063063063,18149.529287235393,0.018407649270489688,209125.85388232546,521345490.1488287,261330243.5961009,111529295.90994278,278520562.81849885,111429144.9142228,151031520.55111864,23458654.384916846,0.00575872379918388,4.796832434957713,0.3214562097478873
231.43143143143143,18691.864845958033,0.018957700084574577,209248.50126870244,521345418.723971,261330277.94898742,111529528.63137561,278520598.6007097,111429382.55841583,151031536.93575904,23458728.598714873,0.005758736229230093,4.796833041318155,0.3214562508121408
232.23223223223223,19250.409486383123,0.01952419052323902,209374.76628399012,521345345.3837037,261330312.72888553,111529753.71873043,278520634.46498704,111429612.39125603,151031553.61629277,23458800.367720224,0.005758748250593708,4.796833647484171,0.32145629187472446
233.03303303303304,19825.644333691187,0.020107608553002213,209504.75343737044,521345269.35839057,261330349.07836792,111529971.49473281,278520672.40979135,111429834.74297254,151031570.93278036,23458869.78800704,0.0057587598805120795,4.796834290857146,0.321456335442811
233.83383383383384,20418.0675304975,0.020708459399679028,209638.57057695498,521345189.716618,261330386.49613592,111530182.23096322,278520712.0034921,111430049.89594372,151031588.64694872,23458936.94993784,0.005758771133792427,4.796834964634922,0.32145638104814844
234.63463463463464,21028.191728655445,0.021327263004370947,209776.32846388433,521345105.3018473,261330424.26957935,111530386.19130966,278520752.5818272,111430258.1261302,151031606.42996985,23459001.942846555,0.005758782024918869,4.796835658052892,0.32145642795313906
235.43543543543544,21656.546099763837,0.021964556063883107,209918.14156014178,521345015.90282744,261330462.13702804,111530583.61649203,278520793.7898463,111430459.68066637,151031624.18444905,23459064.8454562,0.005758792566832969,4.796836364767635,0.32145647572952124
236.23623623623624,22303.679946206335,0.02262089569571334,210064.12951402392,521344924.5598579,261330501.60440153,111530774.69348405,278520836.66756433,111430654.73359297,151031642.68291393,23459125.706894763,0.00575880276852448,4.79683709970143,0.3214565254204942
237.03703703703704,22970.151048894382,0.02329684761049022,210214.41199248208,521344829.039137,261330541.02126247,111530959.66895911,278520879.55058444,111430843.55004558,151031661.18802708,23459184.617370326,0.005758812643968604,4.79683783520048,0.3214565751389068
237.83783783783784,23656.536490721417,0.02399299709770732,210369.11331041763,521344729.2574645,261330579.84635538,111531138.750656,278520921.6058507,111431026.34348476,151031679.51731125,23459241.64681999,0.005758822204355124,4.796838556006379,0.32145662385852664
238.63863863863864,24363.430147968218,0.024709946479161388,210528.361248661,521344625.2455799,261330617.46216485,111531312.13454546,278520961.8384266,111431203.31500655,151031697.4714968,23459296.861873526,0.005758831460228391,4.79683924375044,0.32145667034537184
239.43943943943947,25091.44654658372,0.025448319020058063,210692.2877214893,521344517.3457797,261330654.62576425,111531480.03360634,278521001.21327233,111431374.67859408,151031715.34965655,23459350.325654615,0.005758840422742937,4.796839915471646,0.3214567157511772
240.24024024024027,25841.220253893265,0.02620875831210001,210861.02868788588,521344406.1778014,261330693.05061725,111531642.66939384,278521042.03459996,111431540.65359919,151031733.80256578,23459402.09778737,0.005758849103288645,4.796840612318822,0.32145676285299674
241.04104104104107,26613.39808865108,0.026991920372862337,211034.7228462936,521344292.23194045,261330731.9818526,111531800.20375563,278521082.91380143,111431701.4045106,151031752.62154043,23459452.234733123,0.005758857510493207,4.796841308119745,0.3214568098978252
241.84184184184187,27408.648586393625,0.027798483245680145,211213.51325225766,521344176.35780907,261330771.99529374,111531952.81435418,278521124.3366731,111431857.10737628,151031772.08499286,23459500.789333716,0.005758865653526148,4.796842010485241,0.32145685740969426
242.64264264264267,28227.659718841307,0.028629144686665352,211397.54694641224,521344059.6434175,261330813.87916604,111532100.67229795,278521167.015534,111432007.9300102,151031792.56390956,23459547.810894925,0.005758873541113277,4.796842730851724,0.32145690617301065
243.44344344344347,29071.145160404267,0.02948462851528368,211586.974618738,521343940.3161608,261330857.07301784,111532243.97971031,278521210.7454168,111432154.08739676,151031813.73564714,23459593.368173297,0.00575888118455143,4.796843467601672,0.3214569560581072
244.24424424424427,29939.83758248976,0.030365677819540523,211781.95122074787,521343817.59510165,261330901.63579768,111532382.9243543,278521255.86760634,111432295.77411081,151031835.57073262,23459637.52104825,0.005758888594027318,4.796844227807971,0.3214570075324181
245.04504504504507,30834.48728771909,0.03127305357236994,211982.63618746522,521343692.68180394,261330948.76118073,111532517.66840091,278521303.6598823,111432433.14736359,151031858.58982003,23459680.313317522,0.005758895777692681,4.796845033079021,0.32145706206613656
245.84584584584587,31755.86876105504,0.03220754127063325,212189.19308088315,521343565.50880134,261330999.13905665,111532648.38781771,278521355.1355026,111432566.38510515,151031883.0385848,23459721.79680988,0.005758902744825956,4.796845901831779,0.32145712089884093
246.64664664664667,32704.77899264618,0.033169949235978206,212401.7898346958,521343435.89728326,261331053.55556646,111532775.25914614,278521411.4960307,111432695.66611819,151031909.18723774,23459762.022948835,0.005758909504746713,4.7968468560639606,0.3214571855096161
247.44744744744747,33682.04802284656,0.03416111930849034,212620.59981582942,521343302.76678884,261331109.39863545,111532898.38667019,278521469.1439782,111432821.10694967,151031936.06475005,23459801.042177252,0.005758916063678685,4.796847831235266,0.3214572515451331
248.24824824824827,34688.52008207026,0.035181907720784424,212845.80002191712,521343165.6125296,261331167.41889894,111533017.94541715,278521529.3524272,111432942.88629256,151031963.9036778,23459838.905754127,0.005758922430943319,4.796848851063112,0.3214573205961401
249.04904904904907,35725.066084639904,0.03623319776794863,213077.5723326455,521343023.56479573,261331227.55555847,111533134.09402213,278521592.3062812,111433061.16949427,151031992.6284668,23459875.66502196,0.005758928615204418,4.796849919846637,0.3214573929426378
249.84984984984987,36792.58319339949,0.037315899366046755,213316.10350179658,521342875.44542366,261331289.27145922,111533246.98249212,278521657.5880821,111433176.11548539,151032021.97528103,23459911.37171717,0.005758934624815353,4.7968510312716734,0.3214574681468706
250.65065065065068,37891.99601677578,0.03843095026740674,213561.58557059735,521342720.39721066,261331352.0794171,111533356.74924627,278521724.72752243,111433287.86982338,151032051.72371444,23459946.073455296,0.005758940467422585,4.796852177635456,0.32145754568176976
251.45145145145148,39024.26645169844,0.03957932605099243,213814.21857646975,521342561.7184491,261331417.26716632,111533463.46166618,278521794.30253774,111433396.48334704,151032082.5986852,23459979.78251465,0.005758946145575259,4.7968533649878475,0.32145762599775735
252.25225225225228,40190.37048357661,0.04076201657304619,214074.2039157808,521342396.9204532,261331483.37880498,111533567.26979055,278521865.0144497,111433502.12273744,151032113.91614816,23460012.556928262,0.005758951668092205,4.796854572594859,0.3214577076707494
253.05305305305308,41391.31791895657,0.0419800459958859,214341.7498498457,521342225.68554443,261331549.80841973,111533668.28307141,278521935.99402297,111433604.90180486,151032145.4595624,23460044.43565372,0.005758957040955357,4.796855784744184,0.3214577896418552
253.85385385385388,42628.147985588344,0.043234468321288355,214617.07018517135,521342047.7631346,261331615.8338299,111533766.60279843,278522006.1672089,111433704.925967,151032176.9782386,23460075.455766264,0.0057589622697114436,4.796856981887075,0.3214578705950185
254.65465465465468,43901.934997140015,0.04452637313643497,214900.38511588285,521341863.48264694,261331682.0240163,111533862.34327371,278522076.1865609,111433802.30846065,151032208.71288773,23460105.650035877,0.00575896736025163,4.796858175267898,0.3214579512928967
255.45545545545548,45213.78956695402,0.04585688684501958,215191.92141841727,521341673.8209383,261331750.3841481,111533955.63377577,278522148.6244652,111433897.1717259,151032241.4509556,23460135.0466038,0.005758972318876643,4.7968594103676745,0.3214580348093454
256.2562562562563,46564.843551542115,0.04722715739458489,215491.91027846263,521341478.84121937,261331819.88596258,111534046.55029894,278522221.81252474,111433989.594588,151032274.86311182,23460163.67633343,0.005758977149749961,4.796860656348523,0.32145811907304916
257.0570570570571,47956.266704274036,0.04863837116915573,215800.58973257177,521341279.3058697,261331890.9919381,111534135.1841581,278522296.0643777,111434079.6650775,151032309.18971115,23460191.565204114,0.005758981857441569,4.796861917678485,0.32145820439647127
257.8578578578579,49389.26280821287,0.05009174906650479,216118.2041234475,521341076.2353071,261331964.35924667,111534221.6220227,278522371.8847327,111434167.46488787,151032344.75936216,23460218.736384228,0.005758986446177417,4.796863201975113,0.3214582913072426
258.6586586586587,50865.08086573333,0.051588557837632595,216445.00394765657,521340867.7881257,261332039.6777651,111534305.99589846,278522449.4388914,111434253.1366495,151032381.33837956,23460245.2345502,0.005758990923457945,4.796864514361401,0.3214583801292228
259.4594594594595,52385.00188228839,0.05313009669512716,216781.24636942756,521340653.5135077,261332117.2853187,111534388.41613826,278522529.3233551,111434336.7933235,151032419.02833164,23460271.092900418,0.0057589952951816095,4.796865866027517,0.32145847161196317
260.2602602602603,53950.33900227439,0.054717697451572136,217127.19537004363,521340434.5703674,261332198.26354012,111534468.96844622,278522612.6246268,111434418.51396948,151032458.31664672,23460296.331519973,0.005758999565415898,4.7968672750207455,0.32145856698660397
261.0610610610611,55562.4472411481,0.05635273438210066,217483.12163533474,521340211.04775697,261332283.44173494,111534547.75687388,278522700.4664346,111434498.40159102,151032499.51851666,23460320.978277434,0.005759003739508541,4.796868761449778,0.3214586676095451
261.8618618618619,57222.720973342926,0.0580366216795641,217849.30277733825,521339982.98387676,261332373.79406044,111534624.88813326,278522794.20969605,111434576.56177402,151032542.99546593,23460345.060972176,0.005759007822936854,4.79687034981593,0.32145877513209126
262.6626626626627,58932.613214408884,0.059770833004328,218226.02419246954,521339748.4105175,261332466.31085905,111534700.41523181,278522889.9635005,111434653.0629508,151032587.57770374,23460368.616398454,0.005759011819436849,4.796871971239516,0.3214588848989423
263.4634634634635,60693.599899791814,0.0615568652679066,218613.57773677955,521339507.21491206,261332562.2499968,111534774.45172144,278522989.5733573,111434728.01765035,151032633.71343115,23460391.6727548,0.005759015734839074,4.7968736592572245,0.3214589991674211
264.2642642642643,62507.205122242136,0.06339626422061681,219012.26282047154,521339258.554321,261332661.66780138,111534847.09686092,278523093.34816766,111434801.52966313,151032681.379401,23460414.26159403,0.005759019574579857,4.796875420263273,0.32145911835995283
265.0650650650651,64374.99847428772,0.06529062175744216,219422.38639535452,521339001.22091585,261332764.2285153,111534918.447305,278523201.14363647,111434873.70256394,151032730.38875133,23460436.41625533,0.005759023344106708,4.796877252834982,0.3214592423686247
265.8658658658659,66298.59807614182,0.06724157899138404,219844.26352463916,521338734.37511414,261332869.60018378,111534988.58795792,278523312.67291164,111434944.62627684,151032780.58620134,23460458.166196063,0.005759027048146921,4.796879152457008,0.3214593708822074
266.6666666666667,68279.68599775874,0.0692508419049772,220278.21979471602,521338460.638542,261332978.3389945,111535057.53226875,278523427.62581927,111435014.30060154,151032832.40109324,23460479.5113826,0.005759030686620231,4.796881109682247,0.321459503301412
267.4674674674675,70319.97013588468,0.07132014265715413,220724.5852504893,521338177.58267623,261333089.40388614,111535125.38560079,278523545.26195276,111435082.84482335,151032885.30772218,23460500.492799494,0.005759034265845188,4.796883113752117,0.32145963887518947
268.2682682682683,72421.21720687646,0.07345127306792702,221183.6995886953,521337884.62975794,261333202.14666355,111535192.21232527,278523664.7025622,111435150.32736142,151032939.06510046,23460521.135299124,0.005759037789433175,4.79688514896597,0.3214597765434529
269.0690690690691,74585.24541166457,0.07564607717295409,221655.9109671182,521337581.2138176,261333315.76417258,111535258.07092522,278523784.826173,111435216.81088336,151032993.38057876,23460541.462843634,0.005759041260701024,4.796887195162283,0.3214599149462794
269.8698698698699,76813.93598818235,0.0779064629430645,222141.57719618164,521337267.82741106,261333431.1478467,111535323.03292821,278523906.659578,111435282.36290097,151033048.6304444,23460561.492380198,0.005759044683129513,4.796889270053548,0.32146005528482424
270.6706706706707,79109.22912308709,0.08023439813640122,222641.06537176453,521336945.5016502,261333549.92426544,111535387.17262703,278524032.12834615,111435347.04970457,151033105.48798597,23460581.236865588,0.00575904806009538,4.796891407067385,0.32146019982421814
271.4714714714715,81473.10628130987,0.08263189237155187,223154.75015439818,521336613.925729,261333671.05642626,111535450.53143257,278524159.6459853,111435410.91582845,151033163.60281724,23460600.716235954,0.005759051393972474,4.796893577182168,0.3214603466120236
272.2722722722723,83907.61400279537,0.08510102126883592,223683.01618114355,521336273.7201528,261333794.8923049,111535513.15967554,278524289.3548835,111435474.0076904,151033223.1767641,23460619.944119506,0.005759054687158973,4.796895781750794,0.32146049575081764
273.0730730730731,86414.85836921752,0.08764392083650034,224226.25755439606,521335925.77202487,261333921.94589835,111535575.10362822,278524421.54048216,111435536.36598656,151033284.49099275,23460638.931706384,0.005759057941742285,4.796898024383382,0.32146064749846304
273.8738738738739,88997.02809172586,0.09026281086747594,224784.87761727875,521335567.75777984,261334052.1928053,111535636.4772257,278524556.9357476,111435598.11569707,151033347.38417095,23460657.716129117,0.005759061164292545,4.796900321025862,0.3214608029022782
274.6746746746747,91656.3584906435,0.09295995844020703,225359.28982097475,521335200.201502,261334186.33872858,111535697.33836243,278524696.25302726,111435659.31045853,151033412.17587084,23460676.311151974,0.005759064357571349,4.796902683538855,0.3214609627707295
275.4754754754755,94395.1492821797,0.09573769594371437,225949.91759805003,521334823.8528457,261334325.2919949,111535757.74308696,278524840.41923034,111435720.00054029,151033479.2743447,23460694.72858376,0.0057590675241517494,4.796905127399673,0.32146112815850464
276.2762762762763,97215.77100076596,0.09859842758680018,226557.19444571677,521334438.89831036,261334470.01539713,111535817.76222378,278524990.66246164,111435780.25359428,151033549.06216976,23460712.984753434,0.0057590706675225405,4.796907674309359,0.3214613005319495
277.0770770770771,100120.66555141898,0.10154462995982073,227181.56416475674,521334045.29134345,261334621.3004496,111535877.46719286,278525148.0393211,111435840.13924058,151033621.8451237,23460731.09734035,0.0057590737912863385,4.796910343125315,0.3214614811632958
277.8778778778779,103112.3742452699,0.10457888045332979,227823.4810346539,521333640.2643934,261334776.05292827,111535936.89957446,278525308.7843742,111435899.71720694,151033696.3742117,23460749.100185197,0.0057590768987374995,4.796913068102916,0.32146166559973216
278.6786786786787,106193.47604197623,0.10770379465905089,228483.40998123694,521333224.2623151,261334936.2273721,111535996.14588168,278525475.5160968,111435959.0676762,151033773.39663574,23460767.00817853,0.005759079993973319,4.7969158959802645,0.32146185699532537
279.4794794794795,109366.6389124117,0.11092207843380562,229161.8267537579,521332796.26665735,261335101.82657704,111536055.27979341,278525648.46702605,111436018.26846066,151033852.87136343,23460784.845040895,0.005759083081073623,4.796918831779739,0.3214620556797522
280.2802802802803,112634.6085853366,0.11423651649349635,229859.21809674735,521332354.9924671,261335272.72167227,111536114.37775263,278525827.7712102,111436077.40160966,151033934.69156194,23460802.636290304,0.005759086164349568,4.796921879057053,0.32146226188078536
281.0810810810811,116000.22330629578,0.1176499873891374,230576.08293429972,521331900.28973967,261335448.76713696,111536173.48495437,278526013.08499193,111436136.51229486,151034018.83689678,23460820.397267498,0.0057590892461658084,4.796925031150357,0.3214624751533076
281.8818818818819,119466.41606025625,0.12116546576107522,231312.93257599697,521331433.16259205,261335629.7864366,111536232.61453067,278526203.55758405,111436195.6079259,151034105.37014788,23460838.132962883,0.00575909232689454,4.796928270617367,0.3214626943416935
282.6826826826827,123036.17788667015,0.1247859851097585,232070.28788638843,521330951.49839675,261335815.15611392,111536291.84976588,278526398.88725907,111436254.7821244,151034193.9506469,23460855.874471046,0.005759095411486041,4.796931594084924,0.32146291919755127
283.4834834834835,126712.59919852864,0.12851467972504516,232848.6825420966,521330454.39781606,261336004.19491965,111536351.23975126,278526598.20104134,111436314.08837499,151034284.31641677,23460873.642012313,0.005759098502774109,4.796934986150368,0.32146314867870956
284.2842842842843,130498.86032609266,0.13235477508865492,233648.66232629016,521329940.9062323,261336196.02891666,111536410.8294966,278526800.35115135,111436373.57661971,151034376.13575146,23460891.455754183,0.005759101603416171,4.796938426446734,0.3214633814084894
285.0850850850851,134398.26299503556,0.1363096198113834,234470.78710425604,521329412.42091846,261336392.70506698,111536470.67552991,278527007.6854691,111436433.29166304,151034470.2721317,23460909.32014826,0.0057591047156385,4.796941955420297,0.3214636201306622
285.8858858858859,138414.18745321443,0.14038264213242985,235315.62829462977,521328869.0180245,261336594.39310655,111536530.82103622,278527220.2225452,111436493.27462943,151034566.8379312,23460927.247795474,0.005759107841575941,4.796945572650733,0.32146386482352374
286.6866866866867,142550.10464624054,0.14457736227196558,236183.76967558253,521328310.2812543,261336800.44514993,111536591.30095309,278527436.9309614,111436553.56216088,151034665.62566057,23460945.254045077,0.005759110983171464,4.79694925915457,0.3214641142106131
287.4874874874875,146809.59431791966,0.14889741079515434,237075.8085499477,521327736.6150566,261337011.08575913,111536652.1502904,278527657.77332723,111436614.18537109,151034766.7951052,23460963.34844369,0.00575911414202834,4.796953013032894,0.32146436817515717
288.2882882882883,151196.34140464134,0.15334652495145557,237992.35550945837,521327148.5926367,261337226.66766584,111536713.4024451,278527882.83512056,111436675.17264715,151034870.564823,23460981.539152127,0.005759117319598871,4.796956834397668,0.3214646267379045
289.0890890890891,155714.18571855084,0.15792859902557763,238934.03416259307,521326543.4350625,261337447.8617934,111536775.18520057,278528114.00271606,111436736.66262563,151034976.99455076,23460999.86330263,0.0057591205231416805,4.796960760608703,0.3214648923830626
289.8898898898899,160367.02119105283,0.16264758223264464,239901.4824035322,521325922.77351034,261337675.29630786,111536837.51069105,278528351.3516333,111436798.65663074,151035086.4849211,23461018.320212934,0.005759123752664505,4.79696479019078,0.3214651650382079
290.6906906906907,165158.87678845384,0.167507560720182,240895.35182005676,521325286.785901,261337909.86102605,111536900.43493617,278528595.9227662,111436861.20650087,151035199.41094914,23461036.921911195,0.005759127010829051,4.796968941181512,0.32146544592531656
291.4914914914915,170093.89899516533,0.17251273981851992,241916.30810979352,521324635.71607786,261338152.65132385,111536964.0171375,278528849.03751713,111436924.36651583,151035316.2248547,23461055.680100307,0.005759130300414689,4.79697323664279,0.32146573660530153
292.2922922922923,175176.37132914286,0.17766746381972656,242965.03113439286,521323968.6868254,261338403.6054698,111537028.31590179,278529110.69999796,111436988.19778842,151035436.89181975,23461074.61402057,0.00575913362462527,4.796977677002046,0.3214660371025588
293.0930930930931,180410.72412726458,0.18297622589607976,244042.2150633571,521323283.2013212,261338660.9423783,111537093.38793537,278529378.94119126,111437052.77037261,151035560.6564813,23461093.753776897,0.005759136987231334,4.796982228713916,0.3214663451360011
293.8938938938939,185801.47400758762,0.18844360675295563,245148.56916581004,521322579.6201641,261338926.3843271,111537159.30459821,278529655.97104806,111437118.14886618,151035688.19978422,23461113.110885922,0.005759140391522682,4.7969869308762,0.3214666633471253
294.6946946946947,191353.28774709956,0.1940743393646119,246284.81745593078,521321856.8356239,261339200.1449306,111537226.13686065,278529942.2860019,111437184.40721455,151035819.56681535,23461132.706817538,0.005759143841365659,4.796991793161375,0.3214669923797473
295.4954954954955,197070.96796764346,0.19987329447022828,247451.69905882867,521321113.478203,261339482.3493775,111537293.9601183,278530238.34618294,111437251.62516256,151035954.7524629,23461152.565088436,0.00575914734093768,4.796996824900735,0.321467332851587
296.2962962962963,202959.49855259003,0.20584552665168399,248649.97036378476,521320350.03796047,261339772.5587797,111537362.78639086,278530543.0160241,111437319.8108179,151036093.70841545,23461172.692114323,0.005759150890663343,4.797002003830208,0.32146768327863723
297.0970970970971,209023.9841166826,0.21199621291813064,249880.4022965846,521319565.60151124,261340070.44916436,111537432.66735837,278530855.88285434,111437389.01859808,151036236.3143298,23461193.106600534,0.0057591544934067545,4.797007322701617,0.32146804316943306
297.8978978978979,215269.6660384983,0.21833066897067324,251143.78111904603,521318758.480015,261340375.65606186,111537503.67394164,278531176.77305883,111437459.32598321,151036382.37489226,23461213.833856292,0.005759158153252195,4.797012779624381,0.3214684123832859
298.6986986986987,221701.94968266622,0.22485437682013076,252440.90974405274,521317927.40583956,261340687.49714354,111537575.85783929,278531504.8586599,111437530.7896331,151036531.6206639,23461234.894982487,0.005759161873201548,4.797018360183315,0.3214687899424891
299.4994994994995,228326.40073660895,0.23157298106880794,253772.60765260417,521317071.18628675,261341005.26885712,111537649.26820628,278531839.24384046,111437603.46326348,151036683.78231013,23461256.310382005,0.005759165656102183,4.797024048606929,0.32146917477921055
300.3003003003003,235148.8146820935,0.2384923593999176,255139.71465059643,521316192.57858723,261341332.2326736,111537723.95130943,278532183.47866124,111437677.37139045,151036840.2738847,23461278.07302786,0.005759169503041675,4.797029905220338,0.3214695709943097
301.1011011011011,242175.07205072202,0.24561847570586656,256543.0831461937,521315289.5511103,261341666.57580358,111537799.95015098,278532535.30435133,111437752.56747238,151037000.37972644,23461300.208698727,0.005759173416914189,4.797035890394994,0.32146997590493703
301.9019019019019,249411.25625632706,0.25295749964854686,257983.58449816992,521314362.00601375,261342008.33805317,111537877.3041313,278532894.5011059,111437829.08860104,151037164.17859298,23461322.729613528,0.005759177399647659,4.797041999231793,0.32147038918890997
302.7027027027027,256863.62809228915,0.2605157807801324,259462.10768321063,521313410.0618257,261342357.62310803,111537956.04869033,278533260.8541148,111437906.96666415,151037331.7900821,23461345.646257184,0.005759181452891396,4.7970482266215235,0.3214708105128124
303.5035035035035,264538.65753461054,0.2682998807772815,260979.56004042103,521312433.1994754,261342715.021768,111538036.24824797,278533635.13216996,111437986.26475613,151037503.4516911,23461368.975398444,0.005759185579916084,4.797054586236661,0.3214712407987615
304.3043043043043,272443.0315381243,0.2763165813452348,262536.867591001,521311430.17196435,261343081.6788842,111538118.0002743,278534019.22470707,111438067.0815768,151037679.53461617,23461392.740982533,0.005759189785842436,4.79706111315268,0.32147168239960044
305.1051051051051,280583.5705943781,0.28457279965510807,264134.9737433365,521310401.81626487,261343458.0061839,111538201.3296379,278534413.08046556,111438149.43416889,151037860.32673,23461416.94794443,0.005759194071517925,4.797067804253234,0.321472135125554
305.9059059059059,288967.32105289,0.29307568191112476,265774.84110845736,521309348.2743093,261343845.00368488,111538286.29432455,278534817.8075754,111438233.37502639,151038046.26407132,23461441.60818838,0.0057591984396299966,4.797074678489772,0.3214726002627107
306.7067067067067,297601.5343156487,0.3018325822678966,267457.4513135668,521308269.8124619,261344243.90214065,111538372.95511144,278535234.8079586,111438318.95835447,151038237.87365833,23461466.7329916,0.0057592028929435,4.79708175999913,0.3214730794477177
307.5075075075075,306493.7386699977,0.31085113561360866,269183.80638406106,521307163.5886752,261344653.1958383,111538461.38443203,278535662.55355877,111438406.26990817,151038434.49287117,23461492.355734933,0.005759207436039534,4.79708902338489,0.3214735709463524
308.3083083083083,315651.63740859,0.3201391543525924,270954.9272349085,521306028.8069885,261345073.41096684,111538551.65325995,278536101.78285104,111438495.38036999,151038636.32422027,23461518.495745264,0.0057592120725912365,4.797096481992987,0.32147407565640884
309.1091091091091,325083.14585696027,0.32970466592483555,272771.8544734973,521304865.1651814,261345505.68832216,111538643.83556981,278536553.9641678,111438586.35986874,151038843.8230105,23461545.169227246,0.005759216806208402,4.797104161843543,0.3214745953346431
309.9099099099099,334796.42538365314,0.33955594726831173,274635.6491522719,521303671.44811785,261345950.50038153,111538738.01241606,278537019.90528774,111438679.29117021,151039057.14294162,23461572.399172135,0.005759221641204585,4.797112078046581,0.3214751309926339
310.7107107107107,344799.8816383111,0.3497015230463484,276547.3932149095,521302446.3361793,261346408.16869438,111538834.2640205,278537500.2187158,111438774.25690155,151039276.3791339,23461600.20929872,0.005759226581893903,4.797120242254905,0.32147568340829635
311.5115115115115,355102.26202347904,0.3601502645106709,278508.1949545507,521301190.1003455,261346877.37538958,111538932.5875464,278537992.39350957,111438871.25151207,151039501.1926584,23461628.606932797,0.005759231628022625,4.797128606945264,0.3214762493992599
312.3123123123123,365712.44627187453,0.37091117708397925,280519.1771987544,521299900.5601384,261347358.60529453,111539033.09052081,278538497.61458325,111438970.38873848,151039731.66905215,23461657.62367529,0.005759236785538216,4.797137195301276,0.32147683050864495
313.1131131131131,376639.61928789114,0.3819935756698243,282581.48700984253,521298576.18767637,261347851.44654182,111539135.84091273,278539015.4406678,111439071.74099317,151039967.63979635,23461687.284089535,0.005759242058254221,4.797145999912967,0.32147742623010095
313.9139139139139,387893.2337011225,0.3934070466692088,284696.2935493805,521297215.2805702,261348355.26969323,111539240.90608865,278539545.1613653,111439175.38123597,151040208.84933627,23461717.613986038,0.005759247450024579,4.797155008652966,0.321478035737976
314.7147147147147,399483.0619764562,0.40516150085063996,286864.7918049222,521295817.7104206,261348870.66656068,111539348.3436588,278540087.28741336,111439281.36273979,151040455.5909695,23461748.627804548,0.0057592529635959455,4.797164229636802,0.32147865958836036
315.5155155155155,411419.19500505197,0.4172671719163862,289088.2023464506,521294384.6197919,261349399.18544695,111539458.2026986,278540643.2689107,111439389.72225794,151040708.59137642,23461780.33078332,0.005759258600789494,4.797173686467155,0.32147929939536674
316.3163163163163,423711.93228803796,0.4297345050720206,291367.76304064476,521292913.9636595,261349939.6156463,111539570.54598713,278541211.6241337,111439500.53059328,151040967.37321585,23461812.751081027,0.0057592643653756525,4.797183353285901,0.32147995340608765
317.1171171171171,436371.9123481753,0.442574289346076,293704.7385864121,521291405.25940526,261350491.9187031,111539685.42567289,278541792.02239776,111439613.83812594,151041231.99029264,23461845.90552431,0.005759270259981344,4.797193223210683,0.32148062116398657
317.9179179179179,449410.08320362325,0.45579762762684367,296100.4181854589,521289858.20598704,261351056.068646,111539802.88994654,278542384.0713103,111439729.69027518,151041502.51734942,23461879.80954574,0.005759276286970246,4.797203287967325,0.3214813021214321
318.7187187187187,462837.8176740371,0.4694160535321522,298556.12203756283,521288271.6191275,261351633.75350228,111539923.05399476,278542990.3148927,111439848.20074898,151041779.5504919,23461914.489171267,0.005759282452218331,4.797213594055321,0.3214819994044102
319.5195195195195,476666.73694329883,0.48344135258959237,301073.1913697368,521286645.30276227,261352225.5066263,111540045.97844404,278543611.14844495,111439969.42573965,151042063.36970377,23461949.96017375,0.005759288758626482,4.797224147399034,0.32148271342221024
320.3203203203203,490908.7948498479,0.49788564767100235,303652.9931809603,521284979.2963877,261352831.9223492,111540171.7198483,278544246.9573212,111440093.41601165,151042354.2970363,23461986.23656976,0.0057592952088049735,4.797234953405429,0.32148344455253786
321.1211211211211,505576.3131501793,0.5127614347369729,306296.9222198159,521283273.6158404,261353454.10361856,111540300.34882599,278544898.89733285,111440220.23553894,151042652.82996508,23462023.333598744,0.005759301806033273,4.797246031560151,0.3214841941200979
321.9219219219219,520681.9882139897,0.5280815896166035,309006.40123362635,521281527.9384516,261354093.01743746,111540431.94194469,278545568.04153913,111440349.95604214,151042959.3943325,23462061.26935497,0.005759308554006836,4.797257400243666,0.32148496337126575
322.7227227227227,536239.0190468642,0.5438594976951473,311782.8873582466,521279737.9769503,261354746.82419163,111540566.60858671,278546252.7595431,111440482.70623843,151043273.13457763,23462100.09145231,0.005759315459584768,4.797269033538429,0.32148575052305656
323.5235235235235,552260.8142935421,0.5601087571358813,314627.85763700126,521277904.6380486,261355417.66936263,111540704.42434253,278546955.40629464,111440618.54861335,151043594.98536727,23462139.80977682,0.005759322525908848,4.797280971592497,0.32148655830209105
324.3243243243243,568761.2405447136,0.5768434304078701,317542.82137322414,521276026.7437962,261356106.30947688,111540845.48458087,278547677.041685,111440757.57794723,151043925.23864126,23462180.449981958,0.005759329757902061,4.797293233556049,0.3214873879966008
325.1251251251251,585754.5683845666,0.5940779896444203,320529.317499144,521274102.93134373,261356813.53131306,111540989.89091325,278548418.8336451,111440899.89601566,151044264.18437123,23462222.039562155,0.0057593371608545205,4.797305840759493,0.32148824103943635
325.9259259259259,603255.5597398902,0.6118274052071927,323588.92059414735,521272131.9574773,261357539.03580612,111541137.71494693,278549180.24333024,111441045.57573344,151044611.75151867,23462264.60337618,0.005759344738590735,4.7973187831456485,0.32148911675396746
326.7267267267267,621279.4375953553,0.6301071149798272,326723.23859099334,521270112.50969815,261358281.99982402,111541289.01749109,278549959.95239097,111441194.6803369,151044967.68595365,23462308.16621634,0.005759352494451995,4.797332036463422,0.3214900135082419
327.5275275275275,639841.7545989046,0.6489328911449115,329933.90333756723,521268042.59316313,261359043.0801279,111541443.9154263,278550759.14715105,111441347.32987344,151045332.1899071,23462352.76143374,0.005759360434698436,4.797345623092557,0.3214909327986477
328.3283283283283,658958.5709587003,0.6683210205557504,333222.5830132862,521265920.2150524,261359822.00574484,111541602.50277309,278551577.5930902,111441503.62298004,151045705.14960763,23462398.42103819,0.00575936856450939,4.797359539402489,0.321491874372329
329.1291291291291,678646.4138037784,0.6882882635312972,336590.9791036525,521263743.15221375,261360618.28743798,111541764.87477909,278552414.80348474,111441663.66091017,151046086.3604653,23462445.178887613,0.005759376889213568,4.797373777414263,0.3214928376813543
329.9299299299299,698922.4650309185,0.7088520444244617,340040.84186652186,521261513.034959,261361433.90517306,111541931.08966094,278553272.49698055,111441827.4845266,151046476.7812374,23462493.040160708,0.005759385410813542,4.797388364392962,0.321493824597533
330.7307307307307,719804.251395772,0.7300301372052747,343573.94403170666,521259227.9069378,261362268.37806332,111542101.23750675,278554150.0682111,111441995.18834521,151046876.23761737,23462542.03693595,0.005759394134280021,4.797403289762917,0.3214948344023169
331.5315315315315,741309.8243455482,0.7518408478986146,347192.09559477464,521256886.123392,261363121.32918885,111542275.40374321,278555046.9328757,111442166.86037828,151047284.61923403,23462592.199050635,0.005759403064233638,4.797418542885956,0.3214958663772405
332.3323323323323,763457.7844456015,0.7743030393587172,350897.14557072776,521254486.6514847,261363992.6721226,111542453.66605987,278555962.691396,111442342.57725573,151047701.96811217,23462643.55184349,0.005759412204676987,4.797434115660304,0.32149691998253843
333.13313313313313,786267.306780987,0.7974361569983711,354690.9833533083,521252028.56411904,261364882.71516487,111542636.11031094,278556897.4862864,111442522.42243338,151048128.47397408,23462696.120689612,0.005759421559950599,4.797450009707076,0.3214979953341962
333.93393393393393,809758.3058810055,0.8212603959510671,358575.5501715458,521249510.96055835,261365794.07209492,111542822.88125913,278557854.92673427,111442706.53401156,151048565.1262638,23462749.934936725,0.0057594311371536,4.797466289906589,0.32149909680426586
334.73473473473473,833951.0268288116,0.8457962866514972,362552.810241366,521246933.25918394,261366726.3927239,111543014.04078965,278558833.9930841,111442894.97064401,151049011.92216793,23462805.01644151,0.005759440939350833,4.797482936106682,0.32150022304919884
335.53553553553553,858866.4021499966,0.8710650565600186,366624.7757057505,521244294.9936211,261367680.67571002,111543209.68306291,278559835.64808017,111443087.82021244,151049469.33625656,23462861.388657782,0.0057594509710758145,4.797499964178553,0.3215013751505327
336.33633633633633,884525.9740397875,0.8970885513424953,370793.50104414776,521241595.89075625,261368658.14241612,111543409.90382713,278560861.1004523,111443285.17070569,151049937.93880656,23462919.0740593,0.005759461236854496,4.797517394189106,0.3215025544748813
337.13713713713713,910952.0422762707,0.9238893846753156,375061.0913614872,521238833.49063724,261369658.8702043,111543614.82802872,278561910.6689533,111443487.15184812,151050417.7349804,23462978.11234196,0.005759471743478736,4.797535232721683,0.3215037614548242
337.93793793793793,938167.5629547258,0.9514908357140366,379429.6968485324,521236005.23323435,261370683.01503384,111543824.58626917,278562984.81459033,111443693.89921859,151050908.75272116,23463038.544520378,0.005759482498044225,4.797553489037318,0.321504996702239
338.73873873873873,966196.0221466142,0.9799167211689401,383901.5058506299,521233110.9947094,261371732.29462507,111544039.28611407,278564085.3910464,111443905.51056933,151051411.75630832,23463100.39359242,0.005759493505562164,4.797572194641429,0.3215062623563524
339.53953953953953,995061.6626048185,1.0091916249004838,388478.7575294375,521230149.2948652,261372807.80299956,111544259.05587877,278565213.82311976,111444122.11196359,151051927.1906844,23463163.693525773,0.005759504772572065,4.797591374903951,0.3215075601270947
340.34034034034033,1024789.4315661639,1.0393408450779031,393163.7390464113,521227118.5042946,261373910.72319338,111544484.03115834,278566371.711996,111444343.83715746,151052455.52345333,23463228.480070613,0.005759516306013727,4.797611058556732,0.321508891949129
341.14114114114113,1055405.2911494786,1.0703907087522098,397958.8045350944,521224016.3841335,261375039.18708655,111544714.28748617,278567556.24828666,111444570.76783317,151052996.1290244,23463294.789556067,0.00575952811024225,4.797631194442703,0.32151025437624686
341.941941941942,1086935.6559641175,1.1023680019149822,402866.34069479594,521220840.93669915,261376194.4569118,111544949.97442049,278568769.2623713,111444803.05303733,151053549.48100188,23463362.66175934,0.005759540192998299,4.797651815845741,0.32151164964564183
342.7427427427428,1119407.7889373282,1.135300370648291,407888.7909876181,521217589.8169329,261377376.87267077,111545191.22848725,278570011.3026066,111445040.83187321,151054115.7125154,23463432.138303544,0.005759552561546564,4.79767293300645,0.32151307844064525
343.5435435435436,1152849.7649782354,1.1692162843057468,413028.65340496664,521214260.39293057,261378586.41519746,111545438.18586007,278571282.46607184,111445284.24492694,151054694.81463417,23463503.263072107,0.005759565223248439,4.797694548227992,0.3215145409075829
344.3443443443444,1187290.553763241,1.2041451194801862,418288.48621451,521210850.8212083,261379823.3981173,111545690.9719605,278572583.0212951,111445533.41737291,151055286.9613426,23463576.074168094,0.0057595781846316195,4.797716665853753,0.3215160373405343
345.1451451451452,1222760.1794716476,1.240117322003838,423670.9189324369,521207361.89779204,261381089.38430932,111545949.67659353,278573914.0632534,111445788.42339486,151055892.97454393,23463650.5896154,0.005759591449460432,4.797739301821562,0.3215175688474278
345.945945945946,1259289.2098288985,1.2771638887071204,429178.6165103388,521203790.014493,261382383.6420576,111546214.44727258,278575274.9330733,111446049.42035714,151056512.53568044,23463726.86171938,0.005759605026017493,4.797762445694889,0.3215191347069652
346.7467467467468,1296909.2376193723,1.3153168557772792,434814.31275362195,521200133.27744967,261383706.20143086,111546485.40765151,278576665.42522645,111446316.53178526,151057145.73183995,23463804.929827426,0.005759618920754733,4.797786093017113,0.32152073462235337
347.5475475475476,1335652.7748505627,1.3546091914060352,440580.8027683425,521196389.8361726,261385057.00461286,111546762.67945918,278578085.1614613,111446589.87900238,151057792.62849575,23463884.833216965,0.005759633140011102,4.797810236048236,0.3215223680770803
348.3483483483484,1375553.5197775522,1.3950750664070963,446480.9596147588,521192558.52517277,261386438.06386128,111547046.42087926,278579536.6037449,111446869.61259706,151058454.0649672,23463966.609260492,0.005759647691555661,4.79783491797399,0.32152403798961626
349.1491491491492,1416646.0672881012,1.4367495607198344,452517.7162140528,521188638.0843689,261387850.72198948,111547336.77698855,278581021.2144418,111447155.87145391,151059130.64765093,23464050.295477755,0.005759662582574623,4.7978601637663525,0.3215257460526462
349.94994994995,1458965.881164686,1.4796686353063475,458694.06360207027,521184627.04812276,261389295.21691877,111547633.87156847,278582538.8404478,111447448.77586302,151059822.5911301,23464135.929759167,0.0057596778193313705,4.797885969074728,0.3215274919844035
350.7507507507508,1502549.548189516,1.5238693896760356,465013.0667764074,521180524.353882,261390772.72596803,111547937.84344363,278584090.56708187,111447748.45730652,151060530.4718055,23464223.54862107,0.005759693408627023,4.797912351572163,0.321529276990371
351.5515515515516,1547434.7222905424,1.569390005283728,471477.8610781096,521176329.09830093,261392284.61980426,111548248.83384234,278585677.6843745,111448055.04830967,151061254.95129582,23464313.188050263,0.005759709357305477,4.797939332385119,0.3215311025110202
352.3523523523524,1593660.630208907,1.616270257470006,478091.67230841325,521172035.81290376,261393830.5395289,111548567.06160207,278587300.6282969,111448368.78410593,151061995.73682356,23464404.921524685,0.0057597256777301735,4.797966922852676,0.32153296927189257
353.1531531531532,1641267.0700721878,1.6645505017128939,484857.7785665591,521167644.60006183,261395412.56478953,111548892.66301936,278588961.3150084,111448689.78562796,151062753.82674214,23464498.778554916,0.005759742376090085,4.797995154074006,0.3215348793983377
353.953953953954,1690295.2100951863,1.714272482216944,491779.54169805505,521163153.5192777,261397032.10655168,111549225.81281686,278590661.4223609,111449018.22313437,151063529.83217245,23464594.805935904,0.0057597594612150945,4.798024055348003,0.32153683486971507
354.7547547547548,1740787.4177768922,1.7654791590368284,498860.4012524862,521158560.53301114,261398690.71818718,111549566.69370778,278592402.8541095,111449354.27483565,151064324.41194862,23464693.052138496,0.005759776942345519,4.798053660138313,0.3215388379450698
355.5555555555556,1792787.4556608882,1.8182149063666433,506103.8849352568,521153862.97387904,261400388.90960965,111549915.48045225,278594186.14843774,111449698.11556877,151065137.82265726,23464793.56972778,0.005759794828597557,4.798083977669985,0.3215408892459126
356.3563563563564,1846340.578613479,1.8725256110851651,513513.61389097857,521149057.316798,261402125.66174272,111550272.33360785,278596009.8298225,111450049.91248289,151065969.73371235,23464896.41644498,0.005759813128761441,4.798114981375012,0.32154298697616734
357.1571571571572,1901492.932351854,1.928458063598607,521093.2713164366,521144141.11475676,261403902.9099821,111550637.46206163,278597876.4540737,111450409.87046917,151066820.92291054,23465001.64680704,0.005759831853460229,4.798146716883986,0.32154513421052966
357.957957957958,1958292.189684487,1.9860606022534417,528846.636028737,521139111.10210115,261405721.22596243,111551011.06372787,278599786.79759717,111450778.18947762,151067691.64104775,23465109.320502445,0.005759851013127141,4.798179198262925,0.32154733189105916
358.7587587587588,2016787.4088532543,2.045382969884346,536777.5752093253,521133963.706525,261407581.03116217,111551393.34281829,278601741.49797565,111451155.07721268,151068582.07002008,23465219.500230644,0.0057598706186109275,4.79821243733735,0.3215495808061022
359.5595595595596,2077029.5008075219,2.1064767874910815,544890.0701571208,521128698.0577531,261409483.5466357,111551784.45595689,278603741.29660475,111451540.6787267,151069492.89355144,23465332.22787907,0.005759890677405425,4.798246444188802,0.3215518816618514
360.3603603603604,2139070.5904633296,2.1693949067260974,553188.1813248205,521123311.289395,261411429.27857614,111552184.59565362,278605786.6102759,111451935.18572776,151070424.39562154,23465447.561707746,0.0057599111995053015,4.798281225468226,0.3215542349093553
361.1611611611612,2202964.214922486,2.234191610825027,561676.0593017386,521117799.6728242,261413418.36860096,111552593.96983388,278607877.6105683,111452338.80989121,151071376.6730339,23465565.567367297,0.005759932195977323,4.798316784361402,0.3215566407565873
361.961961961962,2268765.5773768695,2.3009228719863724,570357.9588535934,521112160.1390777,261415451.0681022,111553012.77445234,278610014.3370261,111452751.74712338,151072349.92211092,23465686.305845425,0.005759953677046978,4.798353120664305,0.32155909919282705
362.7627627627628,2336531.527953187,2.3696463319178083,579238.2375217566,521106389.7173257,261417527.75937772,111553441.20867653,278612196.9514653,111453174.19547714,151073344.40071294,23465809.83829848,0.005759975653043588,4.798390236161472,0.3215616103433582
363.5635635635636,2406321.2215739875,2.4404219683450354,588321.385783618,521100487.44188976,261419652.41587114,111553879.51373169,278614430.22099775,111453606.37858272,151074361.77450314,23465936.216227937,0.0057599981354502,4.798428214040784,0.32156417983577634
364.3643643643644,2478194.713766224,2.513310672404299,597611.9641086751,521094449.9540903,261421824.54578775,111554327.88154218,278616713.0611209,111454048.48994555,151075401.98645237,23466065.50405069,0.005760021134398298,4.798467033580387,0.32156680627852385
365.1651651651652,2552214.1174895405,2.58837542066732,607114.6556479011,521088274.93496495,261424045.4390817,111554786.5250825,278619046.63384926,111454500.73552547,151076465.6863728,23466197.761436947,0.0057600446605779706,4.798506713621268,0.3215694909556102
365.965965965966,2628443.35323572,2.6656810219744638,616834.2554075274,521081960.2366102,261426316.55782068,111555255.65990357,278621432.25384533,111454963.32233137,151077553.6064128,23466333.047747213,0.005760068724722737,4.798547275442913,0.32157223531832246
366.7667667667668,2706948.4956210484,2.7452944682054916,626775.6850824603,521075502.3831081,261428639.23590943,111555735.536076,278623871.51973355,111455436.49820484,151078666.3385557,23466471.434386324,0.00576009333972613,4.798588747093612,0.3215750412577513
367.5675675675676,2787797.763334236,2.827284924174581,636943.9932763248,521068896.8533146,261431014.7534462,111556226.43268889,278626366.3150875,111455920.5447992,151079804.38293973,23466613.002527785,0.005760118520266933,4.798631163040844,0.32157791108484174
368.3683683683684,2871060.794336975,2.9117229942980405,647344.3264349985,521062141.9346551,261433445.16187766,111556728.57730675,278628918.5482319,111456415.67675762,151080968.73892963,23466757.811518792,0.0057601442774415585,4.79867455444269,0.32158084692429706
369.1691691691692,2956809.5091650253,2.99868159620415,657981.964851978,521055234.6424811,261435932.4409516,111557242.23216231,278631530.4723733,111456922.1493078,151082160.29024655,23466905.93242997,0.005760170624490095,4.798718960258432,0.32158385141084517
369.96996996997,3045117.91644982,3.0882357640137723,668862.3153316209,521048171.9242853,261438478.7668017,111557767.66929238,278634204.6191942,111457440.22703737,151083379.99333456,23467057.4382144,0.005760197575133241,4.7987644244788745,0.32158692751804535
370.7707707707708,3136062.88588427,3.18046343062551,679990.9439493841,521040948.5248827,261441083.36616424,111558305.14731489,278636939.8591728,111457970.1764458,151084627.6261987,23467212.41625347,0.005760225143346449,4.798810926862118,0.3215900738725605
371.5715715715716,3229722.956127524,3.2754442214026698,691373.5270576322,521033560.618875,261443747.93305293,111558854.95273632,278639738.1997062,111458512.28027757,151085903.93989182,23467370.947178412,0.005760253343828268,4.798858502510505,0.3215932928429476
372.3723723723724,3326178.9217390874,3.373260048198472,703015.8763062098,521026004.2218185,261446474.29358053,111559417.38283792,278642601.86197436,111459066.83213612,151087209.7294801,23467533.114223428,0.005760282191840202,4.798907190483918,0.32159658706328875
373.1731731731732,3425514.0527325044,3.473995331600415,714923.9483785132,521018274.6796216,261449263.67158565,111559992.74062619,278645532.3653044,111459634.1351698,151088545.54115546,23467699.0062739,0.005760311703176367,4.79895701771812,0.3215999583450992
373.973973973974,3527814.153151398,3.5777370603816956,727103.8491791636,521010367.40523136,261452117.22918162,111560581.32938692,278648531.05455893,111460214.49206172,151089911.91775897,23467868.71275325,0.00576034189360648,4.799008007701573,0.3216034082703064
374.7747747747748,3633168.388689521,3.6845756298081156,739561.8761248875,521002280.47742057,261455036.30508462,111561183.39177346,278651598.42026365,111460808.13077858,151091309.69308832,23468042.303007893,0.005760372774945034,4.799060164627884,0.32160693715839334
375.5755755755756,3741667.3624231247,3.7946028925570396,752304.4201030405,520994007.8876806,261458021.74436933,111561799.26708892,278654735.78374076,111461415.39656235,151092739.21058834,23468219.879896473,0.005760404365217929,4.799113513072544,0.3216105466492801
376.3763763763764,3853404.7564530103,3.907913821547458,765338.0492734935,520985544.9053444,261461074.40555695,111562429.26583154,278657943.91765594,111462036.59892312,151094200.93583164,23468401.537224814,0.005760436680561551,4.799168065721008,0.3216142376009137
377.1771771771772,3968476.9754378526,4.024606148885055,778669.4909770768,520976886.6524256,261464195.00800145,111563073.70266794,278661223.3837641,111462672.05194733,151095695.28800774,23468587.37105962,0.005760469737357826,4.79922383141222,0.32161801061219647
377.977977977978,4086983.6018505534,4.144780826885766,792305.6493423008,520968029.2648153,261467385.53465208,111563732.90222031,278664576.19472486,111463322.07190517,151097223.21734923,23468777.47228888,0.005760503552030816,4.799280843978047,0.3216218679777471
378.7787787787788,4209027.341846781,4.268541973290879,806253.6043094225,520958969.545893,261470648.79544127,111564407.19698453,278668005.2892761,111463986.9776249,151098786.02699175,23468971.92884857,0.0057605381410903884,4.799339153103614,0.32162581306872484
379.5795795795796,4334713.383373306,4.395996221313446,820520.5892128099,520949702.88059926,261473985.8682977,111565096.91616805,278671511.4843359,111464667.0940601,151100384.32302028,23469170.839102738,0.0057605735214609505,4.79939877136525,0.32162984674370093
380.3803803803804,4464150.2322330875,4.527253566270513,835114.0222797006,520940225.52367586,261477398.87699148,111565802.39736028,278675096.77151126,111465362.74782832,151102019.1567416,23469374.297177672,0.005760609710093351,4.799459731462369,0.32163397122764614
381.1811811811812,4597449.89895896,4.662427554044272,850041.5176602966,520930532.1179402,261480889.77175686,111566524.02060783,278678763.44546133,111466074.31556132,151103691.40668336,23469582.412031338,0.005760646726583361,4.799522073505352,0.3216381892255636
381.981981981982,4734727.64845998,4.801635028385799,865310.8741309193,520920617.57020354,261484460.81071064,111567262.17138597,278682514.0960221,111466802.17684883,151105402.09398633,23469795.292330038,0.005760684590661855,4.799585842442695,0.3216425037730371
382.7827827827828,4876101.9225747455,4.944996052889936,880930.0717797424,520910477.95449656,261488114.80423057,111568017.2231427,278686351.62272704,111467546.69192567,151107152.53876847,23470013.03920402,0.0057607233210038074,4.799651087154471,0.3216469181866426
383.5835835835836,5021694.751381388,5.092634326713613,896907.2912569039,520900108.6657806,261491854.68929157,111568789.57516927,278690279.3126371,111468308.24930121,151108944.06696355,23470235.76127457,0.0057607629377651225,4.79971786425598,0.3216514362966413
384.3843843843844,5171632.139192864,5.2446775746444185,913250.9313755678,520889503.0257194,261495681.21155763,111569579.63059154,278694297.8681575,111469087.25450335,151110777.10234153,23470463.58252718,0.005760803462113425,4.799786185566449,0.3216560588960395
385.1851851851852,5326043.559740779,5.401257037455782,929969.5867570959,520878655.14543706,261499596.5226627,111570387.81240588,278698409.7411836,111469884.12596312,151112652.63222447,23470696.624209236,0.005760844915816716,4.799856093628198,0.3216607888563159
385.985985985986,5485062.212866783,5.562507731396921,947072.0597413136,520867559.07899004,261503603.1578426,111571214.5599204,278702617.9122953,111470699.29732579,151114571.7887441,23470935.010293346,0.005760887321420404,4.799927640480792,0.32166562968909174
386.7867867867868,5648825.261936832,5.728568688212561,964567.3714293735,520856208.0707387,261507703.13051072,111572060.32569239,278706924.8105723,111471533.21959963,151116535.47780386,23471178.87234414,0.005760930702409427,4.800000868884249,0.32167058427371414
387.5875875875876,5817474.552834391,5.899583683138097,982464.7926518687,520844597.2570648,261511898.22305235,111572925.51309645,278711331.6756915,111472386.28481998,151118544.69847518,23471428.328092825,0.005760975079164672,4.800075797111907,0.3216756538688009
388.3883883883884,5991155.481851469,6.075700088914944,1000773.796452766,520832719.3927055,261516190.1539314,111573810.59105049,278715840.5178104,111473258.96169437,151120600.25368753,23471683.51631085,0.005761020476111078,4.800152460382173,0.32168084084465665
389.1891891891892,6170017.8200180605,6.25706971025595,1019504.0937096948,520820567.3306245,261520580.43623146,111574716.02651456,278720452.90987813,111474151.71601067,151122702.9034659,23471944.57657566,0.005761066917525565,4.800230885520449,0.3216861470106059
389.98998998999,6354215.774748659,6.443848846262089,1038665.6361335581,520808133.8690335,261525070.4586948,111575642.29062445,278725170.1699343,111475065.01737514,151124853.38080457,23472211.650656156,0.005761114427887998,4.800311094486436,0.321691573850351
390.7907907907908,6543908.957527928,6.636199269831425,1058268.6510827066,520795414.7227596,261529664.65607923,111576589.86255686,278729996.98339474,111475999.32291782,151127053.7242355,23472484.86270509,0.005761163030846724,4.800393166675237,0.3216971267504844
391.5915915915916,6739260.678633039,6.8342865018150105,1078323.5834701052,520782402.2777442,261534364.1057423,111577559.2284055,278734934.1788106,111476955.11804554,151129304.5677875,23472764.36135878,0.0057612127517213466,4.800477115067054,0.3217028065903274
392.3923923923924,6940439.365587017,7.038281246647954,1098841.1466102672,520769090.1169187,261539171.13609743,111578550.88140514,278739983.91148305,111477932.88634343,151131607.09461802,23473050.289253287,0.005761263615660717,4.800562975025116,0.3217086157725256
393.1931931931932,7147618.4833385,7.248359311318927,1119832.3214212174,520755471.7248561,261544088.33970237,111579565.33065197,278745148.6786378,111478933.1263598,151133962.59331223,23473342.79238695,0.005761315648582965,4.800650787981251,0.32171455710929747
393.993993993994,7360977.363507657,7.464702443070663,1141308.3901479358,520741539.28797734,261549119.33550254,111580603.15264988,278750432.9378902,111479956.40764315,151136372.6267764,23473642.031715322,0.005761368880091093,4.80074063253844,0.32172063589968103
394.7947947947948,7580699.646371994,7.687496756367425,1163280.875356518,520727286.63753426,261554267.04195058,111581664.86904657,278755839.3460745,111481003.23714386,151138838.66893744,23473948.155118197,0.005761423336516524,4.800832551969954,0.3217268550894366
395.5955955955956,7806974.6853007665,7.9169341514395954,1185761.5964817735,520712707.05165106,261559535.03898108,111582751.04005772,278761371.67388326,111482074.16094217,151141362.40186357,23474261.31854253,0.0057614790462132736,4.800926610284198,0.32173321901496393
396.3963963963964,8039997.59628416,8.153212364320781,1208762.672841853,520697793.0094501,261564926.6022623,111583862.24644709,278767033.4366477,111483169.74907425,151143945.36387646,23474581.68645767,0.005761536038809194,4.801022867514572,0.32173973173813913
397.1971971971972,8279969.817275396,8.396535531497497,1232296.5470588435,520682534.7566774,261570443.5726674,111584999.09888567,278772826.73743826,111484290.61379892,151146588.44726998,23474909.442145843,0.005761594346230593,4.801121360411386,0.3217463957297055
397.997997997998,8527097.849953515,8.647112921200291,1256375.9346278901,520666925.00786805,261576090.16688138,111586162.21058857,278778756.2085454,111485437.35276419,151149293.58306447,23475244.754347414,0.005761653999497916,4.801222168429289,0.32175321636669
398.7987987987988,8781594.548224753,8.905160233542857,1281013.8769648268,520650955.0501732,261581869.86463398,111587352.22140609,278784825.80925924,111486610.59740192,151152062.36135134,23475587.80506052,0.005761715031446899,4.801325360201134,0.32176019828337893
399.5995995995996,9043679.424989676,9.17089991106982,1306223.7547752836,520634616.0469297,261587785.53882706,111588569.76739283,278791038.503541,111487810.975815,151154896.1818273,23475938.77902241,0.005761777474762591,4.801430985938327,0.32176734487670167
400.40040040040043,9313578.687273689,9.444561174483244,1332019.2901246995,520617898.9182317,261593839.6115739,111589815.48794584,278797396.5431314,111489039.12022924,151157796.2980892,23476297.864969924,0.005761841362364143,4.801539082757845,0.32177465866306276
401.20120120120123,9591524.520560032,9.726379299970354,1358414.5176586604,520600793.6890332,261600035.31732905,111591090.07421163,278803903.65152067,111490295.71654901,151160764.19765967,23476665.262860704,0.0057619067299524256,4.8016497154777005,0.3217821440139252
402.00200200200203,9877756.162081715,10.016596703602104,1385423.8293301445,520583290.1059882,261606375.32810333,111592394.21916007,278810562.6786494,111491581.45359063,151163801.18205243,23477041.17689151,0.005761973613404158,4.801762932900116,0.3217898042234365
402.80280280280283,10172520.590141518,10.31546363840153,1413062.002843591,520565379.5975617,261612863.56136942,111593728.61294459,278817377.55867946,111492897.0056094,151166909.1488044,23477425.802459303,0.005762042047752229,4.801878801014281,0.32179764376677633
403.60360360360363,10476071.776115261,10.623237438403086,1441344.1721314988,520547052.73272336,261619503.46802518,111595093.96515049,278824351.7275985,111494243.07008073,151170089.79569253,23477819.344158873,0.005762112069271822,4.80199737741035,0.32180566654680814
404.40440440440443,10788670.765417442,10.940182600623205,1470285.831360515,520528298.96564424,261626297.8481471,111596491.00689341,278831487.943124,111495620.37135589,151173344.53715542,23478222.017628416,0.005762183715683131,4.8021187083148975,0.32181387569149117
405.20520520520523,11110586.425744127,11.266571541511464,1499902.865927243,520509108.220524,261633249.89654553,111597920.47669847,278838789.2333941,111497029.63684866,151176674.9940077,23478634.038393527,0.005762257024838002,4.802242843835614,0.3218222745995845
406.00600600600603,11442096.664396713,11.602685825068205,1530211.595934497,520489470.42614084,261640364.77501687,111599383.17378649,278846261.449295,111498471.64976957,151180083.50078452,23479055.628554787,0.005762332037416347,4.802369885160785,0.32183087011010814
406.80680680680683,11783486.524553703,11.94881424286431,1561228.7108417002,520469375.4115296,261647646.33847606,111600879.87586324,278853908.364423,111499947.17325778,151183571.96519345,23479487.011920057,0.0057624087931014405,4.802499895218874,0.32183966649086004
407.60760760760763,12135049.507654648,12.30525414855244,1592971.317712705,520448812.9991635,261655098.9280038,111602411.38351426,278861734.3399849,111501456.9910815,151187142.496714,23479928.416475028,0.005762487332629458,4.802632947204611,0.32184866870419426
408.40840840840843,12497087.83621965,12.67231172334152,1625456.9520836447,520427772.866173,261662727.30191147,111603978.52236496,278869744.27111447,111503001.9105618,151190797.37263805,23480380.07550254,0.005762567697947165,4.802769123765683,0.3218578823506694
409.20920920920923,12869914.001370145,13.050303534750059,1658703.632796543,520406241.4816806,261670535.02965704,111605582.18392316,278877942.34093344,111504582.82104884,151194538.24396223,23480842.25065151,0.005762649935381561,4.802908498148346,0.3218673123627197
410.01001001001003,13253848.034490759,13.43955379060815,1692729.770341643,520384208.39658374,261678527.5530145,111607223.23619403,278886334.21190965,111506200.56865588,151198367.68635398,23481315.184353493,0.005762734088869755,4.803051166179664,0.3218769652343622
410.81081081081084,13649219.855334487,13.84039670403584,1727554.249226917,520361661.6844934,261686710.00767383,111608902.58990106,278894925.4930178,111507856.04836367,151202288.09120962,23481799.134506095,0.0057628202049326074,4.80319722408225,0.3218868474722182
411.61161161161164,14056369.305329701,14.253176528036299,1763196.4322177945,520338588.84665745,261695087.2901438,111610621.17658092,278903721.4822056,111509550.17753252,151206301.76173255,23482294.3671975,0.005762908331273898,4.803346762587281,0.3218969652109642
412.41241241241244,14475647.29862738,14.67824871571591,1799676.2050663715,520314976.2451897,261703662.7158136,111612379.93048488,278912725.3388317,111511283.88273641,151210410.40939692,23482801.15965902,0.005762998516157109,4.803499834219956,0.32190732200604055
413.21321321321324,14907413.50023016,15.11597758229755,1837013.889422473,520290810.5698268,261712441.7609911,111614179.8429814,278921943.2110851,111513058.14084001,151214616.5520987,23483319.793273136,0.005763090810372586,4.803656545199727,0.32191792503306965
414.01401401401404,15352038.599989714,15.566738596467781,1875230.3301855796,520266077.613626,261721429.07708663,111616021.9210146,278931380.15956527,111514873.9482935,151218922.3957183,23483850.559741527,0.005763185265776748,4.803816982432225,0.32192878016229887
414.81481481481484,15809905.052910047,16.03091912781338,1914346.9282352976,520240763.9527395,261730629.75869107,111617907.17608975,278941041.40502775,111516732.29956657,151223330.4081245,23484393.749569315,0.0057632819340858055,4.803981234092544,0.3219398933646517
415.61561561561564,16281407.101672366,16.508918470085128,1954385.6415091523,520214856.5839823,261740049.19660476,111619836.63007289,278950932.24825,111518634.1949796,151227843.23958325,23484949.65481066,0.005763380867296669,4.804149388630341,0.3219512706402459
416.41641641641644,16766948.626231318,17.00114567366799,1995368.895894198,520188339.5280025,261749691.79928657,111621811.36955349,278961057.5051099,111520580.71428137,151232463.0025199,23485518.59412895,0.005763482121638138,4.804321528960733,0.32196291758395224
417.21721721721724,17266946.007424816,17.50802243328803,2037319.7042224426,520161197.4342978,261759562.3254146,111623832.48814881,278971422.0603073,111522572.93851805,151237192.02956763,23486100.8863662,0.005763585753376023,4.804497737763911,0.3219748397884791
418.01801801801804,17781827.627582483,18.029982585068744,2080261.6456867906,520133414.48995084,261769665.4651209,111625901.10396795,278982030.6707887,111524611.97365615,151242032.6400993,23486696.85864838,0.005763691820081989,4.8046780953339185,0.32198704268571127
418.81881881881884,18312038.01426694,18.567476280270615,2124219.0124075073,520104977.35704523,261780009.31680208,111628018.37502205,278992892.0236789,111526698.94507085,151246988.58474585,23487306.828994494,0.005763800380152322,4.804862749748585,0.3219995363053264
419.61961961961964,18858031.092081856,19.120963190559213,2169216.5758619574,520075869.8091174,261790599.03379354,111630185.47182809,279004011.30693036,111528835.00824252,151252062.40896714,23487931.138347466,0.005763911493719526,4.805051788342165,0.32201232655918693
420.42042042042044,19420274.22249061,19.6909165770919,2215279.729824093,520046075.589371,261801440.2073884,111632403.59241062,279015394.1576517,111531021.34339967,151257256.85863295,23488570.13365477,0.005764025222184373,4.80524530597946,0.3220254198713958
421.22122122122124,19999248.70309341,20.27782379418333,2262434.5097363554,520015578.57057315,261812539.05446348,111634673.96338885,279027046.87637025,111533259.15543054,151262574.95904797,23489224.16701415,0.005764141628200708,4.805443408741211,0.3220388234284082
422.02202202202204,20595450.73827308,20.88218726542234,2310707.6260024686,519984361.97546667,261823902.1297752,111636997.85403046,279038976.2869781,111535549.69215778,151268019.8561523,23489893.601886984,0.005764260776653932,4.805646212341106,0.3220525450630106
422.82282282282284,21209394.776293166,21.504527839034907,2360126.575518758,519952407.16666293,261835536.62456307,111639376.61872458,279051190.62782985,111537894.2918863,151273594.83147195,23490578.82441077,0.005764382737149858,4.805853859858588,0.3220665944329027
423.62362362362364,21841604.281548098,22.14537551526771,2410719.343237137,519919697.5170749,261847449.49038818,111641811.56464551,279063696.80006367,111540294.23449941,151279303.28633615,23491280.207826525,0.0057645075762161714,4.806066466753604,0.32208097936814944
424.42442442442444,22492620.090284955,22.805277845590556,2462514.6774450624,519886215.17055124,261859648.20695865,111644304.0640475,279076502.7136886,111542750.86747287,151285148.76910284,23491998.142517988,0.005764635363900261,4.806284167644307,0.32209570897940265
425.22522522522524,23162998.591469098,23.484798105919637,2515542.03305828,519851941.91666836,261872140.5986453,111646855.52500126,279089616.683797,111545265.57280493,151291134.97749725,23492733.02808391,0.005764766172036431,4.806507104198572,0.32211079285393357
426.02602602602605,23853315.899661615,24.184519487018992,2569831.7198246378,519816857.1524896,261884932.9189871,111649467.40012197,279103045.2777299,111547839.78855807,151297264.94839317,23493485.28837411,0.005764900075481901,4.806735388273046,0.3221262385517616
426.82682682682685,24564163.607234873,24.90504083282501,2625414.755042272,519780940.33015656,261898032.20278648,111652141.17820111,279116795.96781564,111550474.98490904,151303542.05118328,23494255.353770304,0.00576503715073027,4.806969147376086,0.32214205469334184
427.62762762762765,25296147.937334947,25.646975792205016,2682322.835611859,519744171.59284425,261911446.89470643,111654878.38274273,279130877.8433415,111553172.65857111,151309970.25275666,23495043.656695366,0.00576517747558412,4.807208536883587,0.32215825178906066
428.42842842842845,26049894.030487448,26.41095712351142,2740588.4902312146,519706529.6759345,261925184.87613884,111657680.58092232,279145299.39281607,111555934.35495022,151316553.2829212,23495850.64709178,0.005765321130426421,4.807453702066165,0.3221748396598449
429.22922922922925,26826045.10625942,27.19763585502099,2800245.051995403,519667992.6577455,261939254.14973977,111660549.38054584,279160069.2551595,111558761.6603266,151323294.92788157,23496676.787085053,0.005765468197771954,4.8077047908715915,0.32219182830623067
430.03003003003005,27625269.962136902,28.007688811396772,2861326.9344286546,519628539.62163216,261953662.00385204,111663486.37244332,279175194.19356084,111561656.13653253,151330198.899129,23497522.53864209,0.005765618758861746,4.8079619144109165,0.32220922527420875
430.83083083083085,28448248.06707441,28.84180365865003,2923869.08618938,519588146.9705559,261968416.79729918,111666493.25821157,279190683.4606733,111564619.46568976,151337269.10636294,23498388.391407695,0.005765772901211086,4.808225232167876,0.3222270413348319
431.63163163163165,29295681.573013984,29.700690958585394,2987907.4325249684,519546791.1662275,261983526.5960407,111669571.75527664,279206545.4851961,111567653.34257925,151344509.44500482,23499274.842270736,0.0057659307129978125,4.808494887364597,0.3222452861755912
432.43243243243245,30168292.7935226,30.585081640956588,3053478.7839851496,519504447.9996542,261998999.50949213,111672723.62218036,279222788.70410293,111570759.50326292,151351923.84578124,23500182.400991205,0.00576609228455547,4.808771023227183,0.32226396948438996
433.23323323323325,31066827.524056792,31.495730333693945,3120620.9525502,519461093.734674,262014844.82433107,111675950.66059545,279239422.78788495,111573939.71913163,151359516.76635647,23501111.58362293,0.005766257707995746,4.80905380375673,0.3222831023623185
434.03403403403405,31992055.496394243,32.43341582097774,3189372.7694428214,519416705.0878265,262031072.98995674,111679254.71594673,279256458.6199653,111577195.79758886,151367293.18620634,23502062.912807606,0.005766427077244929,4.809343413358808,0.32230269729864913
434.83483483483485,32944762.689362627,33.39893333964622,3259773.823559131,519371255.90149564,262047692.34074783,111682637.6740709,279273904.7359018,111580529.6015919,151375257.18987757,23503036.937595055,0.0057666004892569026,4.80963999639604,0.32232276406016114
435.63563563563565,33925760.18724773,34.39310345978208,3331864.767590474,519324720.53619176,262064712.4490163,111686101.46592557,279291770.9561592,111583943.0308757,151383413.418592,23504034.21358707,0.005766778042835471,4.809943718814552,0.32234331388238474
436.43643643643645,34935882.2572531,35.41677016057096,3405687.254290021,519277072.8852598,262082143.1580084,111689648.06705433,279310067.33221203,111587438.02814077,151391766.6531006,23505055.30893079,0.005766959839014228,4.810254750238289,0.32236435825207677
437.23723723723725,35975993.45564284,36.470807937274515,3481284.1414139178,519228285.2645465,262099995.66309777,111693279.56097639,279328806.15028113,111591016.6453812,151400322.11391336,23506100.817113563,0.005767145984490783,4.810573301795875,0.32238591143963485
438.03803803803805,37046978.14370335,37.556111325931205,3558699.2029199568,519178330.2878425,262118280.73790786,111696998.03497343,279347998.6053448,111594680.93442212,151409084.9770072,23507171.335928693,0.005767336585957569,4.810899563230819,0.32240798628965867
438.83883883883885,38149745.9979178,38.67360041507858,3637977.289111158,519127180.02745104,262137009.5564625,111700805.62827253,279367656.3213063,111598432.99729814,151418060.6028759,23508267.477200996,0.005767531752710114,4.811233731590282,0.32243059614167147
439.63963963963965,39285233.72819817,39.82422256723806,3719164.380342521,519074805.8184046,262156193.89986473,111704704.54409891,279387791.72222364,111602274.99873634,151427254.59645903,23509389.86921973,0.00576773159729287,4.811576018202206,0.32245375529748993
440.44044044044045,40454408.26305265,41.00895559793452,3802307.7004355057,519021176.93503237,262175844.7787395,111708697.05247442,279408416.42759097,111606209.17747086,151436672.23652077,23510539.16648395,0.005767936236167724,4.811926620951011,0.3224774771404938
441.24124124124126,41658265.135347106,42.22880617175983,3887455.6650761724,518966261.51882243,262195973.25629583,111712785.48527081,279429542.15094376,111610237.83547422,151446318.828932,23511716.042874347,0.005768145789102899,4.812285739545103,0.3225017751739651
442.04204204204206,42897824.31814415,43.48480565604181,3974657.7451097234,518910028.58057016,262216592.1879055,111716972.22392668,279451182.5928818,111614363.31326106,151456200.45432293,23512921.176642306,0.005768360377779871,4.812653607649878,0.32252666520680157
442.84284284284286,44174136.95212152,44.778016833938565,4063964.693341248,518852445.41389126,262237714.0459301,111721259.71849988,279473351.0866001,111618588.024681,151466323.03124592,23514155.270350374,0.0057685801277403805,4.813030452982481,0.32255216263840697
443.64364364364366,45488285.66993034,46.10953423191971,4155428.5625696564,518793478.5159123,262259351.33153805,111725650.47432463,279496060.8500123,111622914.43825282,151476692.5332431,23515419.044120707,0.005768805167379565,4.813416500693091,0.3225782826980758
444.44444444444446,46841389.37977354,47.480488890809994,4249102.88089983,518733094.0157206,262281515.8727622,111730147.02756703,279519323.68644965,111627345.05119637,151487314.79644394,23516713.232670512,0.005769035626610708,4.813811948855159,0.32260503880349667
445.24524524524526,48234591.5726899,48.89203672503395,4345042.223417581,518671256.2286292,262304220.93521127,111734752.02554211,279543153.9180464,111631882.47477074,151498196.09377667,23518038.596383795,0.005769271641260623,4.814217042740508,0.32263244753431414
446.04604604604606,49669071.25517708,50.34536941863405,4443302.612782559,518607928.78408235,262327479.47042927,111739468.16317189,279567565.13357145,111636529.36676623,151509342.65646106,23519395.913108382,0.005769513349595688,4.814632013442519,0.3226605245218553
446.84684684684686,51146040.989175126,51.84171247911673,4543941.44747728,518543074.28701913,262351304.56514612,111744298.20141885,279592571.0308171,111641288.45109281,151520760.79537404,23520785.980936293,0.005769760893332083,4.8150570937981,0.32268928551511544
447.64764764764766,52666756.953180075,53.382335250822216,4647017.77847532,518476657.4251697,262375712.05421436,111749244.96190578,279618188.04288965,111646162.49165663,151532458.07173306,23522209.59998484,0.005770014416110155,4.8154925619884175,0.32271874935629097
448.44844844844846,54232501.360030994,54.96853343641434,4752591.84652636,518408638.75528634,262400715.32467058,111754311.34093153,279644430.0975476,111651154.34749763,151544440.97367713,23523667.609697312,0.005770274066694482,4.815938654449302,0.3227489320381404
449.24924924924926,55844596.01668649,56.6016425897455,4860725.452404018,518338978.9901554,262426328.91699803,111759500.30163597,279671312.23916805,111656266.93638103,151556716.5291794,23525160.86359728,0.00577053999685013,4.816395626012725,0.322779850808241
450.05005005005006,57504400.49668953,58.28303630571075,4971481.9155852925,518267638.0971556,262452567.77967685,111764814.87696151,279698849.8716737,111661503.24362214,151569291.97401136,23526690.234947156,0.005770812361849411,4.816863737301149,0.3228115233090564
450.85085085085086,59213319.40721196,60.01413343072657,5084926.290757332,518194574.8189056,262479448.43443537,111770258.21895051,279727060.644817,111666866.37112175,151582175.13289744,23528256.6246359,0.005771091322989679,4.81734328961214,0.32284396991990916
451.65165165165166,60972794.78586371,61.79639053938226,5201125.153406979,518119747.2010459,262506987.43994614,111775833.53844595,279755961.9830034,111672359.47768793,151595373.91461712,23529860.952268098,0.005771377044534395,4.817834579269295,0.3228772106917195
452.45245245245246,62784306.6035594,63.63130244319703,5320146.620066,518043112.6156097,262535201.33929643,111781544.10364649,279785570.98852223,111677985.77749074,151608896.29747075,23531504.156064626,0.005771669693634034,4.818337895797886,0.32291126522481606
453.25325325325326,64649378.79527005,65.52040817683117,5442060.528578594,517964627.4404138,262564107.61931083,111787393.27879682,279815905.9639929,111683748.57816054,151622750.6491458,23533187.19877244,0.005771969442279107,4.818853549986543,0.32294615455376063
454.05405405405406,66569582.01876884,67.46529372730753,5566938.5261557605,517884246.03718793,262593723.7289191,111793384.5288778,279846985.293165,111689651.29187283,151636945.31461537,23534911.075455453,0.0057722764679354124,4.819381854653355,0.32298189984153686
454.85485485485486,68546536.05744784,69.46759441962209,5694854.145594095,517801920.3051613,262624066.85299864,111799521.42797634,279878827.246716,111695697.44605006,151651488.5090562,23536676.81757329,0.0057725909541187425,4.819923121591024,0.3230185221691038
455.65565565565566,70581897.92316404,71.52898318980834,5825882.457914771,517717603.5992964,262655156.22226,111805807.60316682,279911452.0631246,111701890.6051356,151666389.39647382,23538485.460632928,0.00577291308615415,4.820477694890701,0.3230560448235633
456.45645645645646,72677375.07686901,73.65118364657555,5960100.4690170605,517631246.9820543,262687010.96859306,111812246.79166573,279944880.0333915,111708234.44856891,151681657.08564264,23540338.07582432,0.00577324305539348,4.821045920366962,0.32309449119753153
457.25725725725727,74834723.94026524,75.83596861446982,6097587.08020892,517542800.20066214,262719650.59036788,111818842.82551189,279979131.83441424,111714732.7499818,151697300.86482793,23542235.76228211,0.005773581058094345,4.821628150420478,0.32313388512836605
458.05805805805807,77055760.42057072,78.08517051024086,6238423.4003798915,517452211.31263924,262753093.30075878,111825599.6101825,280014226.05374205,111721389.35943015,151713329.6283596,23544179.651265893,0.005773927294564428,4.822224698905129,0.3231742478611075
458.85885885885887,79342340.35309952,80.4006621100269,6382692.181830272,517359427.37572235,262787359.6636845,111832521.17877944,280050184.6469831,111728208.24986982,151729753.1385058,23546170.899223585,0.005774281971430565,4.822835940671325,0.32321560474636707
459.65965965965967,81696376.08335148,82.78437288780317,6530478.308903905,517264393.859065,262822469.87742224,111839611.65542863,280087028.8652464,111735193.48645212,151746581.08249196,23548210.69421015,0.0057746453001538385,4.823462237301233,0.3232579802430473
460.46046046046047,84119834.77422318,85.2382873634726,6681868.754210044,517167055.0078559,262858444.62437293,111846875.26551495,280124780.41807973,111742349.23366702,151763823.39101174,23550300.2535707,0.005775017497361674,4.824103957950388,0.32330139932419766
461.26126126126127,86614747.40639077,87.76445395630928,6836952.846121688,517067355.9656225,262895306.50547582,111854316.32550646,280163462.71590865,111749679.73143111,151781490.92468503,23552440.811774727,0.005775398783503161,4.824761499001199,0.32334588882822607
462.06206206206207,89183192.37493275,90.36496890755505,6995821.797091253,516965237.8220663,262933076.74158776,111861939.27251218,280203097.9891031,111757189.35610722,151799593.90173036,23554633.650376372,0.005775789386256027,4.825435238361386,0.3233914743180678
462.86286286286287,91827310.11969776,93.04199065904079,7158569.1349666715,516860641.30321115,262971777.65683386,111869748.64530067,280243709.4442387,111764882.57776959,151818143.08501568,23556880.076512687,0.005776189538128893,4.826125569601482,0.3234381824279237
463.66366366366367,94549302.30518812,95.79773906148863,7325290.682178955,516753505.863596,263011432.33092606,111877749.09848866,280285321.10240316,111772763.9795103,151837149.58792633,23559181.42949818,0.005776599477498535,4.826832900201257,0.3234860407336425
464.46446446446447,97351440.52967872,98.63450389691961,7496084.799254592,516643769.93837166,263052066.26761943,111885945.44737636,280327960.1447282,111780838.29742633,151856625.49011096,23561539.08413997,0.0057770194506221294,4.827557693826868,0.3235350806016072
465.26526526526527,100236050.28418256,101.55462926357166,7671051.960302943,516531370.31692845,263093703.48277143,111894342.56810763,280371651.37371206,111789110.33183129,151876582.40319964,23563954.444680143,0.005777449707177835,4.828300370367027,0.3235853304536442
466.06606606606607,103205525.71203803,104.5605279990027,7850295.159835273,516416242.60974514,263136369.53699246,111902945.47787295,280416421.48614055,111797585.01872335,151897032.58770335,23566428.950402193,0.0057778905038591176,4.829061382982641,0.3236368209588273
466.86686686686687,106262329.31070167,107.65468140742273,8033919.905390493,516298320.6998925,263180090.6416547,111911759.32635319,280462297.9350832,111806267.42546976,151917988.60029304,23568964.078713622,0.00577834210419555,4.829841198021782,0.32368958367566103
467.6676676676677,109409001.04760937,110.8396481284531,8222034.435529199,516177534.7514098,263224892.92291147,111920789.43945846,280509308.5206907,111815162.80494405,151939462.89889595,23571561.36354076,0.005778804781440543,4.83064028987615,0.3237436506831273
468.4684684684685,112648140.89892824,114.11804726176906,8414749.347488277,516053816.13202167,263270804.37917194,111930041.21980117,280557482.5512432,111824276.46950874,151961468.88040268,23574222.351722587,0.005779278811833382,4.831459156239527,0.32379905566540246
469.2692692692693,115982425.15271425,117.49257419788816,8612177.974821514,515927093.5516566,263317853.4167246,111939520.22917849,280606850.0093018,111833613.89387195,151984020.09834,23576948.638172563,0.005779764480090057,4.832298307446891,0.32385583314978483
470.0700700700701,119414606.3518442,120.96600059209847,8814436.405390238,515797293.79147637,263366068.8748229,111949232.16985956,280657441.2962605,111843180.69268405,152007130.33153224,23579741.859939456,0.005780262078220549,4.833158260842977,0.3239140181371878
470.8708708708709,122947522.63728425,124.54118341897173,9021643.71817153,515664340.8801041,263415478.64779493,111959182.8818064,280709285.3844448,111852982.62349038,152030813.0635236,23582603.704358205,0.005780771905752068,4.834039507820309,0.32397364387668437
471.6716716716717,126584079.11252815,128.22104705016704,9233921.54868599,515528158.0996105,263466113.38671488,111969378.36219586,280762414.79040056,111863025.5912165,152055082.88142517,23585535.890998814,0.005781294269779261,4.83494260257418,0.3240347478571182
472.4724724724725,130327265.58733256,132.00860040853019,9451394.527383685,515388666.312125,263518003.59640637,111979824.75594477,280816861.67897326,111873315.65066072,152079954.37904194,23588540.187684186,0.005781829485239396,4.835868092595949,0.3240973671145263
473.2732732732733,134180156.78591391,135.90693720230516,9674190.314834243,515245784.753231,263571180.52435812,111990528.35740477,280872658.8853139,111883859.00261974,152105442.529667,23591618.405323442,0.005782377874659773,4.836816536281219,0.3241615394268345
474.0740740740741,138145921.49506056,139.91924475579032,9902439.884384578,515099432.2198214,263625676.56615657,112001495.59967242,280929839.9614649,111894661.97579828,152131562.9451345,23594772.392195806,0.005782939767174932,4.837788501933157,0.3242273032641211
474.8748748748749,142227803.67516008,144.04878594317952,10136276.939393966,514949523.4999502,263681524.09759024,112012733.09699793,280988439.01739484,111905731.09051736,152158331.13715824,23598004.0541461,0.005783515501963588,4.838784570111973,0.3242946978970943
475.6756756756757,146429140.99638933,148.29891702548238,10375838.485674234,514795972.15388274,263738756.4069037,112024247.61631553,281048490.83641195,111917073.01323405,152185763.1104642,23601315.34019227,0.005784105425785913,4.8398053315178,0.32436376329437877
476.4764764764765,150753365.653562,152.67308845620508,10621264.817272158,514638690.0703141,263797408.02390784,112036046.09819621,281110031.54954386,111928694.57913177,152213875.43883753,23604708.2469017,0.005784709894156511,4.8408513998834515,0.32443454098447333
477.2772772772773,155204013.15765563,157.17485330429372,10872699.70314607,514477588.12771493,263857515.94397712,112048135.68082252,281173100.1558059,111940602.81014706,152242685.754799,23608184.818128385,0.005785329272222513,4.841923438654191,0.3245070758610239
478.0780780780781,159784702.65394047,161.8078486356947,11130290.049714485,514312573.9691322,263919115.75324097,112060523.6359852,281237733.6702796,111952804.8696243,152272211.21022627,23611747.149673693,0.0057859639325957704,4.843022075696097,0.3245814104126342
478.87887887887894,164499156.96388927,166.57581462086452,11394186.294625683,514143553.80406386,263982244.86721656,112073217.42781977,281303971.162154,111965308.1053822,152302469.76774842,23615397.38707815,0.00578661425743444,4.8441479742178615,0.3246575895213474
479.67967967967974,169351202.21651974,171.48259422938926,11664542.429109508,513970431.61786556,264046941.73735437,112086224.71294802,281371852.8640103,111978120.0550932,152333479.8664022,23619137.730739355,0.005787280638769652,4.845301817530824,0.3247356594271806
480.48048048048054,174344781.5049297,176.53214612612226,11941516.296112988,513793107.6557899,264113246.02176785,112099553.40229686,281441420.9387016,111991248.51463608,152365260.38407454,23622970.454183374,0.005787963482090508,4.846484324765276,0.32481566876795553
481.28128128128134,179483928.41816545,181.72851997353808,12225269.073477384,513611482.14809793,264181198.27896225,112113211.51942095,281512717.6878771,112004701.3794639,152397830.78689826,23626897.86173591,0.005788663198015218,4.847696213701519,0.32489766612379156
482.08208208208214,184772791.6534858,187.07587959256054,12515965.794591831,513425452.36306435,264250840.26880556,112127207.31788464,281585787.017401,112018486.77493304,152431211.04064837,23630922.32334011,0.005789380209129097,4.848938230926066,0.32498170201131105
482.88288288288294,190215632.69048348,192.5785008704172,12813775.322348198,513234913.1819526,264322214.77891308,112141549.25813061,281660673.94830453,112032613.03058538,152465421.59500504,23635046.26847779,0.0057901149486393865,4.85021114214437,0.3250678282394552
483.68368368368374,195816844.1414445,198.2407888525909,13118870.748867113,513039755.0179137,264395363.61961424,112156246.03680739,281737422.25801736,112047088.72216336,152500482.56295833,23639272.208465505,0.005790867862684076,4.851515691358761,0.3251560951399644
484.48448448448454,201580917.4909112,204.06724805473814,13431428.747507172,512839868.19400626,264470332.07249385,112171306.53740448,281816079.7227819,112061922.59453718,152536415.5425066,23643602.69200149,0.005791639406054307,4.85285269164921,0.32524655772529515
485.28528528528534,207512471.4240657,210.06250877742164,13751630.179150516,512635139.5886662,264547165.61302346,112186739.87509419,281896694.26029557,112077123.62719831,152573242.2751276,23648040.34062147,0.005792430045801719,4.854222958405507,0.3253392711590376
486.08608608608614,213616247.8390875,216.23132355083723,14079660.029499846,512425453.40545696,264625910.75393158,112202555.39132686,281979314.9258635,112092701.02371293,152610984.99140778,23652587.84153377,0.005793240260640235,4.855627326590514,0.3254342919266838
486.88688688688694,219897133.70143968,222.5785872008189,14415707.860941183,512210692.5288855,264706614.61812434,112218762.63904263,282063990.55727303,112108664.18983534,152649666.4085843,23657247.94629215,0.005794070539797027,4.857066623656923,0.325531676036125
487.68768768768774,226360125.54907894,229.10930469293186,14759967.137810716,511990735.6585419,264789325.8082912,112235371.42598182,282150772.48711765,112125022.79104578,152689309.74770975,23662023.4777549,0.00579492138602931,4.858541723694392,0.3256314826155173
488.48848848848854,233010359.41162854,235.8286185423411,15112635.836688505,511765459.25860155,264874093.79747546,112252391.79172648,282239712.61567444,112141786.71949452,152729938.72843465,23666917.327592365,0.005795793313889479,4.86005350892303,0.325733771354758
489.28928928928934,239853107.0367379,242.7418055430965,15473916.394812547,511534737.0270747,264960969.08145243,112269834.01887506,282330863.87342405,112158966.1076081,152771577.57531816,23671932.45866274,0.005796686850437685,4.861602878910056,0.3258386031179376
490.09009009009014,246893795.22160113,249.85429418533977,15844016.05812127,511298441.92771137,265050005.34847587,112287708.66469629,282424282.5915365,112176571.34540062,152814251.9567703,23677071.901352502,0.005797602536022016,4.8631907908908705,0.3259460426840579
490.89089089089094,254137978.75001016,257.1716408072674,16223146.469371982,511056442.40089244,265141255.60810906,112306026.5172734,282520024.2621419,112194613.06236885,152857987.31432164,23682338.764148768,0.005798540923554838,4.864818187617315,0.3260561538427148
491.69169169169174,261591360.7114376,264.6995478926539,16611524.032657815,510808604.5147007,265234774.47558704,112324798.62852384,282618146.0300103,112213102.14536098,152902809.85194105,23687736.22969165,0.005799502579315392,4.866486039721701,0.32616900227387846
492.49249249249254,269259794.27314615,272.44386587113814,17009369.97401532,510554791.79079884,265330618.0466901,112344036.31712733,282718706.5493247,112232049.74236393,152948746.4841184,23693267.556510262,0.005800488083154947,4.868195343255381,0.326284655380708
493.29329329329335,277149298.2856941,280.410606756622,17416910.53866044,510294864.3031881,265428844.6655346,112363751.23970771,282821767.4462634,112251467.33674863,152995825.0470677,23698936.096480113,0.005801498032356936,4.869947147434556,0.3264031841448427
494.09409409409415,285266038.5805129,288.60592846799443,17834376.85744222,510028679.8007952,265529513.55886552,112383955.28863567,282927390.8312489,112271366.64140284,153044073.90337366,23704745.27150186,0.005802533036144952,4.871742507758768,0.3265246599881964
494.89489489489495,293616339.3304668,297.03614487542006,18262005.109981757,509756093.24336535,265632685.40846363,112404660.63828312,283035640.3000217,112291759.64614269,153093522.1170994,23710698.584398925,0.005803593718142259,4.873582504767749,0.32664915602937467
495.69569569569575,302206689.7521789,305.7077318604725,18700036.641840085,509476956.5832124,265738422.62324315,112425879.76827505,283146581.3941234,112312658.6413737,153144199.54050195,23716799.62451288,0.005804680717599228,4.875468252627671,0.3267767476591491
496.49649649649655,311043763.8310669,314.6273436431534,19148718.226869255,509191116.57142985,265846787.40876925,112447625.51476967,283260279.4630955,112334076.2835507,153196135.99719444,23723052.096473068,0.005805794692929037,4.877400862700939,0.32690751006310514
497.29729729729735,320134393.2089778,323.8017913302874,19608301.82360446,508898418.41655,265957844.80014426,112469910.98565254,283376802.8751666,112356025.48638274,153249362.59602103,23729459.773739487,0.005806936315836559,4.879381497593389,0.32704152190397046
498.09809809809815,329485577.15128446,333.23805145111527,20079044.7306996,508598704.9264361,266071662.04046246,112492749.586743,283496222.36507595,112378519.45221192,153303911.46209836,23736026.51094528,0.0058081062729969405,4.8814113602107305,0.3271788645754164
498.89889889889895,339104497.4899169,342.94327851706504,20561209.79591307,508291815.04404014,266188307.46885264,112516155.06289828,283618609.8635155,112401571.72220333,153359815.25544578,23742756.26412999,0.005809305268747334,4.883491674093449,0.32731962086156635
499.69969969969975,348998516.4965178,352.9248037766362,21055065.441390213,507977584.46249616,266307851.09087238,112540141.48801187,283744039.10487604,112425196.16200438,153417107.4182883,23749653.083903797,0.005810534024303047,4.885623693670808,0.3274638756352177
500.50050050050055,359175189.0164073,363.19014501823733,21560885.743863747,507655845.42486125,266430363.9845173,112564723.2833328,283872584.779464,112449406.98240575,153475821.96156812,23756721.125287566,0.005811793278866606,4.887808688952707,0.3276117148260123
501.30130130130135,369642290.8685138,373.7470286336152,22078950.50827115,507326426.24131614,266555916.54747972,112589915.25799145,284004320.04669726,112474218.78664382,153535992.8298055,23763964.672402192,0.005813083792185968,4.890047900667197,0.32776322239645
502.10210210210215,380407736.89935267,384.6033285072056,22609545.386030745,506989152.7230762,266684584.60520324,112615732.49887966,284139325.1671824,112499646.43697178,153597656.12637678,23771388.062422425,0.005814406337281884,4.892342695890308,0.3279184908324008
502.90290290290295,391479659.1025266,395.76712555605707,23152961.92853678,506643846.83596313,266816444.11623177,112642190.47905429,284277680.0059759,112525705.1833958,153660848.18953133,23778995.755655505,0.005815761707435691,4.894694432845945,0.32807761202976987
503.70370370370375,402866389.13724685,407.2466952098074,23709497.67934572,506290327.0145656,266951572.68795598,112669305.03562513,284419466.16896677,112552410.63582993,153725606.14660266,23786792.3183451,0.0058171507146598965,4.897104499407312,0.32824067988978584
504.50450450450455,414576461.84009296,419.05051071447036,24279456.25786623,505928408.1117483,267090049.59684882,112697092.37630309,284564767.0238997,112579778.77063519,153791967.92402703,23794782.424640067,0.005818574190039078,4.899574313454818,0.3284077903431662
505.30530530530535,426618656.5218612,431.187270757099,24863147.09722384,505557904.56934243,267231957.0675188,112725569.1655831,284713668.5394221,112607826.00371984,153859972.9236954,23802970.876739807,0.005820032987463558,4.902105334660982,0.32857904217540024
506.10610610610615,439001935.3829114,443.6658608693956,25460886.12374126,505178624.81817913,267377378.12424582,112754752.3940969,284866257.89681053,112636569.08240622,153929660.88500845,23811362.5755483,0.005821527978125201,4.904699045161831,0.3287545356707424
506.90690690690695,451735469.13543785,456.49537096322456,26072995.63826347,504790373.112521,267526397.34783277,112784659.43176067,285022623.9896732,112666025.1309192,154001072.2848103,23819962.53327917,0.005823060052843645,4.907356956601486,0.3289343731051633
507.70770770770775,464828657.7140056,469.6851097046203,26699804.24243715,504392950.94576776,267679101.4688217,112815308.07057089,285182857.81731546,112696211.68722203,154074248.65070426,23828775.883697975,0.005824630123951508,4.9100806156913395,0.3291186591351628
508.50850850850856,478291124.75610715,483.24460200451927,27341647.005058132,503986156.23005414,267835579.08685318,112846716.5121185,285347052.31024355,112727146.69364624,154149232.4118082,23837807.879746497,0.0058262391248243535,4.9128716018367315,0.3293075006304559
509.30930930930936,492132727.3525918,497.18359350299215,27998865.261368956,503569783.95542735,267995921.44557455,112878903.41797486,285515303.34062856,112758848.54479557,154226067.20444158,23847063.90471303,0.0058278880123477554,4.915731545090282,0.3295010078857266
510.11011011011016,506363571.50770235,511.5120560405326,28671806.14460312,503143627.5043625,268160223.91621402,112911888.00120747,285687711.6664136,112791336.17430636,154304798.45451617,23856549.492027905,0.005829577771381729,4.918662160725342,0.32969929695398237
510.91091091091096,520993969.77445304,526.2401831328219,29360824.829229835,502707473.32927775,268328580.30406776,112945689.7013485,285864375.419849,112824628.74808547,154385471.1575854,23866270.25770627,0.005831309398996515,4.9216651154874285,0.32990248062078836
511.71171171171176,536034486.5794637,541.3784006049394,30066282.661981814,502261105.6948718,268501088.0388359,112980328.4910454,286045396.9351344,112858745.9543137,154468131.9085647,23876231.965258792,0.005833083919384539,4.92474214910122,0.33011067660428484
512.5125125125126,551495930.2571349,556.9373680128705,30788547.791960586,501804305.3038652,268677846.7506229,113015824.79882552,286230880.86189544,112893707.93078287,154552828.34884056,23886440.510098957,0.005834902380129838,4.927895040653577,0.3303240052867468
513.3133133133133,567389356.8961724,572.9279821070912,31527995.24679893,501336849.27853984,268858958.31206506,113052199.5169525,286420934.2102326,112929535.27262105,154639609.1858388,23896901.9217946,0.005836765852609769,4.931125609361178,0.3305425897665716
514.1141141141142,583726064.886605,589.3613489799385,32285004.677715212,500858511.0434797,269044526.0476388,113089474.15582374,286615666.0812678,112966249.20201646,154728523.73038295,23907622.41853991,0.005838675440941204,4.934435712699708,0.3307665557028482
514.9149149149149,600517615.6227195,606.248844293378,33059964.661072955,500369060.48619384,269234656.28536534,113127670.58620438,286815188.28226507,113003871.2823018,154819622.7903216,23918608.314751633,0.0058406322668944,4.937827251953982,0.3309960317433122
515.7157157157158,617775830.0265111,623.6020920820085,33853270.93886512,499868263.86085457,269429457.7431182,113166811.16248056,287019615.1240185,113042423.55324872,154912958.31037074,23929866.064442664,0.005842637477023232,4.941302170907882,0.331231149412998
516.5165165165165,635512789.6384693,641.4329589367069,34665325.80409941,499355883.7405607,269629041.3239614,113206918.77394013,287229063.3727043,113081928.58679801,155008583.24878877,23941402.27894806,0.00584469224559889,4.944862455830142,0.33147204310476164
517.3173173173174,653740842.2958995,659.7535636367573,35496538.63613261,498831679.018337,269833520.3223211,113248016.82376419,287443652.35687983,113122409.46287516,155106551.6919281,23953223.718890507,0.005846797773328534,4.948510136761695,0.3317188501721242
518.1181181181181,672472590.8455349,678.5762567979773,36347324.73443367,498295405.7188694,270043009.70499855,113290129.25313796,287663503.0091994,113163889.79711689,155206918.57662207,23965337.306804974,0.005848955288842765,4.9522472704253495,0.33197170977602314
518.918918918919,691720877.7893745,697.9135941454338,37218103.82077159,497746818.034218,270257625.18818533,113333280.56953116,287888736.6380728,113206393.7737546,155309739.3331494,23977750.142484117,0.0058511660504633875,4.956075918324498,0.33223076140691243
519.7197197197197,711498881.5874035,717.778484827917,38109307.64505417,497185663.21005327,270477487.91533554,113377495.7605122,288119481.11392844,113249946.03691529,155415071.70880094,23990469.443624813,0.0058534313402755,4.959998256930013,0.33249615232034063
520.5205205205206,731820034.2182705,738.184059522913,39021373.01790426,496611686.2760678,270702720.16910297,113422800.3908013,288355865.1860656,113294571.80856983,155522974.10070527,24003502.60605374,0.005855752470518934,4.96401647641838,0.3327680307037001
521.3213213213213,752698049.532326,759.1437122280427,39954743.876400545,496024628.67452455,270933446.64076847,113469220.5857438,288598020.15670276,113340296.86599493,155633506.0523728,24016857.189832482,0.005858130782343608,4.9681328104753115,0.33304654768743946
522.1221221221222,774146926.7909573,780.6711031526481,40909871.32669678,495424228.2554152,271169794.45497817,113516783.04022162,288846079.90726274,113387147.55069938,155746728.26564068,24030540.921963114,0.005860567646275102,4.972349536745125,0.3333318573754162
522.9229229229229,796180856.5492004,802.7800304693302,41887208.01154499,494810226.82460827,271411893.7828183,113565515.03652504,289100181.0025724,113435150.77625479,155862702.95677802,24044561.69944083,0.005863064462574178,4.976668975931416,0.3336241168144953
523.7237237237238,818814407.115553,825.4846788435409,42887218.78291902,494182355.9915232,271659876.7645409,113615444.43648039,289360462.57120776,113484334.03927355,155981493.2237837,24058927.591309454,0.005865622661901014,4.981093494772704,0.3339234861386983
524.5245245245245,842062435.5687419,848.7994980796141,43910375.367897525,493540344.3201912,271913878.09170747,113666599.69885069,289627066.40559655,113534725.42729726,156103163.3843979,24073646.84169582,0.0058682437056802985,4.98562550521401,0.33423012854199635
525.3253253253254,865940075.8954496,872.7391853300271,44957155.516253956,492883918.5156088,272174035.1247148,113719009.88966033,289900137.00059235,113586353.62755015,156227779.0423252,24088727.872570094,0.005870929086550079,4.990267464643532,0.3345442102990808
526.1261261261261,890462757.8249557,897.3187085265763,46028043.93192811,492212802.23592013,272440487.8253853,113772704.68970297,290179821.56755626,113639247.9360368,156355407.04527503,24104179.286397,0.005873680328843955,4.995021876553262,0.33486590080523093
526.926926926927,915646131.5596089,922.5532117239354,47123528.56740549,491526719.6245617,272713379.5301295,113827714.42277859,290466271.2210376,113693438.28473507,156486115.731045,24120009.870446585,0.0058764989899817675,4.99989131218931,0.33519537403549526
527.7277277277277,941506108.7114285,948.4580641957923,48244102.4364545,490825393.65327924,272992856.61672276,113884070.05531007,290759640.44314456,113748955.24165756,156619974.82880682,24136228.598724466,0.005879386660485802,5.004878400711875,0.33553280788184286
528.5285285285286,968059033.5071404,975.0490706792874,49390271.61300744,490108538.6480737,273279066.93081224,113941803.16387592,291060084.6171883,113805829.98049805,156757054.97387162,24152844.631233536,0.005882344962456165,5.009985784054221,0.33587838111149754
529.3293293293293,995321484.4165329,1002.3422244353518,50562545.679707855,489375869.3184085,273572161.73111933,114000945.99376611,291367763.03887695,113864094.33656614,156897428.3190305,24169867.32080648,0.005885375552417542,5.015216171932021,0.3362322770740729
530.1301301301302,1023310339.071962,1030.3537860128356,51761440.679539695,488627098.02928346,273872295.1278789,114061531.45269197,291682838.02523404,113923780.8012492,157041168.36468104,24187306.214544766,0.0058884801210517205,5.020572325504308,0.33659468260077635
530.9309309309309,1052042752.4134966,1059.1002561785144,52987478.08871573,487861935.4010165,274179623.89070916,114123593.11829168,292005474.7775817,113984922.53179033,157188349.856818,24205171.057501484,0.005891660393723024,5.026057055354677,0.33696578786457926
531.7317317317318,1081535916.8485067,1088.59809291901,54241174.72896188,487080095.66746485,274494305.1785269,114187165.23043145,292335839.63728607,114047553.36700548,157339047.60762978,24223471.805070322,0.005894918131458981,5.0316731949336075,0.3373457845501638
532.5325325325325,1111807679.507386,1118.8644347248198,55523068.30513793,486281283.32456934,274816502.4397591,114252282.74328892,292674104.6609966,114111707.81964916,157493339.55229542,24242218.60114321,0.00589825513014103,5.037423670485102,0.33773487066964986
533.3333333333334,1142876044.1969206,1149.9165144427013,56833696.58513949,485465204.12499624,275146380.6808993,114318981.29964443,293020443.9725988,114177421.09916627,157651304.29339585,24261421.80081168,0.005901673222024435,5.043311445422426,0.33813324673045425
534.1341341341341,1174759307.3879101,1181.77181752218,58173602.93353389,484631562.23235345,275484107.77901614,114387297.24939609,293375034.78999364,114244729.11716974,157813021.77904168,24281091.9677457,0.005905174275934068,5.04933953607783,0.338541116819345
534.934934934935,1207476058.9982333,1214.4480815238182,59543336.22539744,483780060.32680583,275829854.505419,114457267.65864433,293738057.4549948,114313668.49660186,157978573.31275192,24301239.87697247,0.005908760197742566,5.055511012232133,0.3389586886381427
535.7357357357357,1241044870.8268125,1247.9629419758267,60943438.94667108,482910407.73209053,276183790.6855447,114528930.15178889,294109690.83468395,114384276.43246546,158148039.89961004,24321876.490031555,0.005912432923296775,5.061828916707391,0.3393861680717372
536.5365365365366,1275484840.4300675,1282.334546790072,62374467.64855155,482022306.5740175,276546091.9407273,114602323.21096118,294490120.3991308,114456590.95906655,158321505.1489214,24343013.00578387,0.005916194432026347,5.068296406624637,0.33982376873066256
537.3373373373373,1310815389.810594,1317.5813269526102,63836985.21783504,481115457.07604617,276916937.2119428,114677486.07706541,294879535.25655675,114530650.86313918,158499054.20763946,24364660.845317557,0.005920046742535824,5.0749167015661065,0.3402717084491273
538.1381381381382,1347056143.6324642,1353.7218572568004,65331556.15506953,480189560.8125494,277296507.2673036,114754458.69333625,295278126.366963,114606495.63476183,158680773.11738908,24386831.643887084,0.005923991910119457,5.081693052344663,0.3407302071751618
538.9389389389389,1384226998.2225542,1390.7749330504867,66858749.06850218,479244319.062524,277684985.56958985,114833281.75089407,295686087.5829192,114684165.50893645,158866749.187709,24409537.259725094,0.005928032028888685,5.088628759210337,0.3411994882004834
539.7397397397398,1422347921.7366703,1428.7593491967266,68419129.61871304,478279439.01136696,278082557.4604739,114913996.56080176,296103614.5773697,114763701.33846618,159057070.6265329,24432789.738923084,0.00593216922516457,5.095727152531653,0.34167977686646067
540.5405405405405,1461438961.6926177,1467.6939069371197,70013260.66079581,477294633.6419983,278489410.1961163,114996645.06805554,296530904.8920275,114845144.60810892,159251826.5559871,24456601.319685515,0.005936405658216579,5.102991593673785,0.34217130062287787
541.3413413413414,1501520866.098986,1507.5980951155161,71641723.68397573,476289602.95285887,278905735.5019605,115081270.28555666,296968161.3015688,114928537.86676419,159451108.16833317,24480984.55308941,0.005940743542738986,5.110425535638848,0.34267429308961705
542.1421421421421,1542614419.0585887,1548.491358570208,73305095.6316283,475264054.29739475,279331726.8496334,115167915.84819414,297415588.2309956,115013924.28385134,159655007.4932279,24505952.17975694,0.005945185125785418,5.118032458500405,0.34318898973195205
542.942942942943,1584740636.7489421,1590.3933121066932,75003955.5843257,474217696.5402939,279767580.26623774,115256626.1558202,297873392.8223777,115101347.79184964,159863617.76368183,24531517.1698907,0.005949732694183689,5.125815888635755,0.3437156291486889
543.7437437437437,1627920735.8184981,1633.323705185116,76738883.60419911,473150240.95627904,280213494.2451709,115347446.36094676,298341784.8752464,115190853.0747359,160077033.36195996,24557692.719958227,0.005954388573937514,5.133779397845093,0.34425445301209573
544.5445445445446,1672175416.3349051,1677.3016538454951,78510437.27727973,472061418.4817753,280669667.72528225,115440421.8994063,298820975.6267489,115282485.11272976,160295348.56125885,24584492.115822632,0.005959155106560421,5.1419265861684496,0.3448057048909629
545.3453453453453,1717526533.0373363,1722.3474257938508,80319205.96270041,470950939.98831457,281136304.80051404,115535599.61346072,299311180.57442206,115376290.27299586,160518660.4632557,24611929.06121464,0.0059640347057847674,5.150261121504374,0.3453696329651726
546.1461461461462,1763995763.6697435,1768.4810152875584,82165767.33766514,469818528.1971992,281613610.967011,115633026.87265575,299812617.2160042,115472315.45654666,160747066.66000432,24640017.421110544,0.005969029813211619,5.158786707809318,0.34594648784730303
546.946946946947,1811604956.4322522,1815.7225130428926,84050698.57490924,468663909.5350988,282101794.1021552,115732751.81425993,300325505.63144517,115570608.33204398,160980665.84577549,24668771.29227249,0.005974142910469055,5.167507093231958,0.3465365231401924
547.7477477477478,1860376122.889488,1864.0920971265425,85974575.98459797,467486814.44805306,282601064.4444632,115834823.347305,300850068.46479183,115671217.34010349,161219557.8060215,24698205.004709013,0.005979376519438808,5.176426069815338,0.34713999541680995
548.5485485485486,1910330924.1757278,1913.609496443606,87937959.4387809,466286986.05029196,283111630.6277283,115939290.77483174,301386527.24588305,115774191.34144889,161463841.45460737,24728333.025919177,0.005984733184098667,5.185547413313988,0.34775716012265473
549.3493493493494,1961491398.027992,1964.2947457450828,89941414.06072003,465064168.3625403,283633705.3776293,116046204.35108456,301935107.6752133,115879580.13721663,161713617.65049747,24759170.10320267,0.0059902154973846865,5.194874969659027,0.34838827746317425
550.1501501501502,2013879868.526519,2016.1680899538862,91985507.3690698,463818107.99405783,284167504.84399015,116155615.22288615,302496039.0050517,115987434.41480389,161968988.866372,24790731.249163706,0.0059958260984003375,5.204412644831064,0.34903361171437874
550.950950950951,2067518591.2128718,2069.249613057863,94070798.47484683,462548560.1774832,284713245.8723951,116267575.17162204,303069551.50905085,116097805.50771888,162230057.83796322,24823031.676444273,0.006001567660024587,5.214164363458529,0.34969342840402223
551.7517517517518,2122429883.636366,2123.5593722623457,96197841.856913,461255286.81881243,285271147.05588925,116382136.7209899,303655877.45836633,116210745.4966283,162496928.0831786,24856086.825591996,0.006007442894132345,5.224134084786664,0.3503679953990561
552.5525525525526,2178635452.2768536,2179.1167210119643,98367167.9274261,459938067.05661815,285841421.46259135,116499352.44632371,304255242.821794,116326306.54987846,162769700.60956922,24889912.190392464,0.006013454517498018,5.234325658802027,0.3510575731863929
553.3533533533534,2236157747.1176767,2235.941664766285,100579321.65406711,458596676.64656544,286424291.4951427,116619276.40386206,304867884.26714045,116444542.28985235,163048480.63049343,24924523.68064724,0.0060196053224525455,5.2447431211124815,0.3517624347918899
554.1541541541542,2295018962.72716,2294.053857360184,102834833.79582693,457230903.53037316,287019978.061757,116741963.0993995,305494036.79547864,116565506.80794097,163333372.66419876,24959937.361139216,0.006025898125953181,5.2553904785641565,0.3524828512982817
554.954954954955,2355241239.5713353,2353.4728006164614,105134226.50446357,455840544.95146763,287628702.84781414,116867467.71180102,306133936.35201484,116689254.87867212,163624481.55737117,24996169.50872938,0.006032335780660221,5.266271754571857,0.35321909490692627
555.7557557557558,2416846534.956422,2414.217717655288,107478009.95992623,454425409.86124885,288250687.51616704,116995845.94753592,306787818.8913217,116815841.81585696,163921912.1190261,25033236.57083803,0.006038921167454445,5.277390972771607,0.3539714378365605
556.5565565565566,2479856269.268803,2476.3072091450217,109866673.39869878,452985325.13411796,288886151.35092413,117127153.62077704,307455917.6052862,116945323.05746621,164225768.0492694,25071155.04585169,0.00604565717384624,5.28875210849048,0.3547401490537724
557.3573573573574,2544292391.1496706,2539.760276814786,112300711.20654382,451520117.58443516,289535318.35870755,117261447.98286042,308138471.3522337,117077755.48289765,164536155.1532376,25109941.864225343,0.006052546762511289,5.300359236625015,0.35552550423277707
558.1581581581582,2610176440.0113316,2604.595417238906,114780599.52199474,450029630.1361891,290198411.021803,117398786.58272962,308835717.27691805,117213196.28517823,164853178.5070151,25149614.06291244,0.006059592912623288,5.312216402312154,0.3563277770435962
558.958958958959,2677529774.569256,2670.830839174646,117306801.65417132,448513718.1077975,290875651.8230317,117539227.56492472,309547892.6351263,117351703.26676625,165176943.14491555,25190188.871243462,0.006066798635248545,5.324327652999794,0.35714724131147507
559.7597597597598,2746373197.1409583,2738.4841087273485,119879759.06751025,446972254.1722395,291567261.26536125,117682829.22298145,310275233.01460946,117493334.40076308,165507553.0205819,25231683.57972745,0.0060741669505120464,5.336697009392579,0.3579841690452203
560.5605605605606,2816727165.234842,2807.572343730657,122499896.05210623,445405126.0050336,292273458.9395872,117829650.27630031,311017973.256936,117638148.10396944,165845111.57808062,25274115.622499254,0.006081700901816593,5.349328480331755,0.35883883144792394
561.3613613613614,2888612307.2189655,2878.1126924927066,125167631.48002686,443812230.1462134,292994466.17020893,117979750.52160527,311776349.77779806,117786203.87851237,166189723.15660027,25317502.77038573,0.006089403589246837,5.3622261004226885,0.35971150147187464
562.1621621621622,2962048706.3664813,2950.1216607669558,127883361.86111815,442193481.1968466,293730502.26910347,118133189.96719193,312550597.22312844,117937561.46064094,166541491.01878121,25361862.875929024,0.006097278125268196,5.37539387552692,0.36060245011901126
562.962962962963,3037056089.8741446,3023.6152850253416,130647465.48739146,440548809.74802715,294481785.48606604,118290029.08199276,313340949.2871557,118092281.06642558,166900517.8599363,25407213.94762315,0.006105327647521995,5.3888357959535815,0.3615119473370316
563.7637637637638,3113653137.046005,3098.608507165729,133460286.90657003,438878166.63886243,295248526.3310654,118450327.86315529,314147632.2981077,118250422.49406679,167266902.52706888,25453573.89125475,0.006113555272261233,5.402555730204748,0.36244025480178066
564.5645645645646,3191858577.4382787,3175.1161553502106,136322160.80323333,437181517.4219967,296030938.4205974,118614147.36833069,314970875.6059532,118412046.59982726,167640745.35014477,25500960.935974512,0.006121964170916776,5.416557596883269,0.3633876375965761
565.3653653653654,3271690706.5361614,3253.152504895977,139233401.04051,435458845.48645157,296829233.831341,118781549.06896232,315810907.1158064,118577214.67549199,168022145.85944664,25549393.455012202,0.006130557537806454,5.430845290682835,0.36435435918513814
566.1661661661662,3353167166.430616,3332.7310769504816,142194295.53598475,433710153.7307105,297643621.0482214,118952594.56846955,316667951.3088366,118745988.17723863,168411201.7779549,25598889.887764677,0.006139338576073372,5.44542264955942,0.3653406791821713
566.966966966967,3436304997.825293,3413.864682884488,145205107.22401953,431935464.6187048,298474305.44255567,119127345.67981845,317542229.62355006,118918428.80013385,168808009.27386513,25649468.76189363,0.006148310501552572,5.460293460672346,0.3663468537600062
567.7677677677679,3521119820.7824736,3496.564736901177,148266058.33999798,430134822.0577658,299321478.41835886,119305862.98781084,318433948.51977944,119094597.08272074,169212658.01505217,25701148.298164878,0.006157476470368872,5.475461255598073,0.36737312178943243
568.5685685685686,3607627566.106255,3580.8426877289744,151377362.36680064,428308289.310861,300185341.03481776,119488208.9940323,319343325.5249646,119274555.46095456,169625241.90841496,25753947.275836557,0.0061668397374035865,5.490929757455655,0.3684197350987254
569.3693693693695,3695843081.7582765,3666.7088540738887,154539197.5868841,426455951.767513,301066085.3895546,119674445.64725815,320270568.7456213,119458365.87092462,170045850.62255624,25807884.353658963,0.006176403531907338,5.506702529328769,0.3694869346803298
570.1701701701702,3785780446.93603,3754.1726788074934,157751712.54442713,424577917.0596553,301963899.0838336,119864634.9419692,321215881.808118,119646090.33043417,170474571.61155736,25862978.23481736,0.006186171087680556,5.522783059145394,0.37057495643486377
570.970970970971,3877452766.9896502,3843.242570826818,161015022.91171837,422674315.3539498,302878962.8954232,120058838.47533888,322179461.18547124,119837790.50091137,170911489.0582118,25919247.53865596,0.006196145620276993,5.539174713216692,0.3716840280351062
571.7717717717718,3970871942.258998,3933.925728235145,164329208.0421183,420745299.5854332,303811448.13434464,120257116.9402529,323161493.1541902,120033527.1858865,171356682.67450255,25976710.653748333,0.006206330300905022,5.555880683322717,0.3728143653545996
572.5725725725727,4066049479.772376,4026.2287084508653,167694320.05596164,418791048.0374396,304761526.6792348,120459532.17622459,324162165.54461443,120233362.36603773,171810232.21055472,26035386.336879004,0.006216728362375958,5.572904191844894,0.3739661863062104
573.3733733733734,4162995693.907824,4120.15684444415,171110373.56527755,416811763.29693776,305729361.4243942,120666145.26881227,325181656.6379105,120437357.31568527,172272213.14499962,26095293.1597237,0.006227343001063012,5.590248298261706,0.37513969778537315
574.1741741741743,4261719870.2056837,4215.714350810795,174577346.97350544,414807673.3768081,306715108.43821615,120877017.01142149,326220137.72583216,120645573.06197353,172742697.6474913,26156449.644427627,0.006238177400814335,5.607915943967533,0.3763350986925745
574.974974974975,4362229894.2614565,4312.9041346067015,178095180.55745375,412779025.9548959,307718912.81073594,121092206.59835756,327277769.1155658,120858069.08373715,173221752.4584271,26218873.86668081,0.00624923466511477,5.6259098856237,0.377552575423656
575.7757757757759,4464532824.9903,4411.728028064473,181663776.6004882,410726101.1854496,308740915.4240244,121311773.95678551,328354706.5390102,121074905.63721824,173709442.38607556,26282584.168345865,0.006260517938381745,5.6442328016819205,0.37879230907747924
576.5765765765766,4568634462.161752,4512.186572017187,185282997.34121764,408649204.73148054,309781248.090053,121535778.20335402,329451096.48162043,121296142.21928695,174205827.82132035,26347598.688443,0.006272030325838518,5.662887214483913,0.38005447018492283
577.3773773773775,4674539341.722438,4614.278990429318,188952663.85136414,406548669.2101648,310840033.6364645,121764277.74919641,330567076.2243236,121521837.67357813,174710964.79701602,26413935.396747675,0.006283774899062692,5.681875490805831,0.3813392187456912
578.1781781781782,4782250659.617443,4718.003197282999,192672557.67407137,404424849.0086577,311917383.55835944,121997329.7718915,331702771.5542208,121752049.67002416,175224903.87894008,26481611.93715431,0.006295754668890222,5.701199803942651,0.38264670164760234
578.9789789789791,4891770243.371809,4823.355734711252,196442418.48060983,402278123.35786784,313013398.4740801,122234990.37239905,332858297.1640697,121986834.86101314,175747690.38200626,26550645.67599084,0.006307972593559723,5.72086214006723,0.38397705310292785
579.7797797797798,5003098598.124351,4930.33164704949,200261937.47454682,400108908.77834475,314128171.87498564,122477315.56015097,334033760.20872486,122226249.85638987,176279366.15433243,26621053.998627417,0.0063204316295099065,5.740864356617987,0.38533039862815366
580.5805805805807,5116234750.70641,5038.924528710694,204130762.33106366,397917646.1039658,315261784.9401478,122724359.99173802,335229255.2982076,122470349.97731426,176819967.10844204,26692853.93257761,0.006333134666478776,5.761208099556947,0.38670684941207484
581.3813813813814,5231176238.502437,5149.126470601781,208048495.00027022,395704803.9674972,316414307.2277132,122976177.1867601,336444865.05376744,122719189.46993166,177369523.56671757,26766062.213449396,0.006346084538641003,5.781894811976464,0.38810650290785464
582.1821821821823,5347919174.477179,5260.92836348401,212014705.84318727,393470859.6999618,317585791.08566177,123232818.15893339,337680653.3820043,122972820.1386124,177928057.92965403,26840694.875269473,0.006359283953372011,5.802925616621783,0.38952943488628844
582.982982982983,5466457946.465014,5374.319089236706,216028898.80582657,391216342.85047466,318776282.4731404,123494334.19233426,338936678.74103117,123231294.12333623,178495589.1007288,26916768.08525897,0.006372735636045484,5.824301548405823,0.39097571516259894
583.7837837837839,5586785359.239166,5489.286058478917,220090535.8689137,388941802.8947166,319985811.9143614,123760774.59934029,340212983.20330584,123494661.65997471,179072128.73138496,26994297.472016137,0.006386442213290367,5.846023363206462,0.39244539466291
584.5845845845846,5708892537.453736,5605.815021078865,224199029.48529035,386647817.8859819,321214396.1820769,124032187.18874824,341509594.5896769,123762971.55010208,179657681.8836316,27073298.267347403,0.006400406237495038,5.868091575496043,0.39393850796897056
585.3853853853855,5832769143.811133,5723.890450552057,228353755.41171604,384334980.0763951,322462036.5899031,124308617.35558698,342826524.1126305,124036270.23867294,180252246.27089673,27153785.021998677,0.006414630138621604,5.89050641552683,0.3954550704519191
586.1861861861862,5958403012.753884,5843.4949955178035,232554035.1609142,382003913.6891961,323728719.9061248,124590108.97835399,344163768.00240135,124314602.72976917,180855812.6342492,27235771.891022496,0.006429116272097943,5.91326786025002,0.3969950803269075
586.9869869869871,6085780030.374436,5964.609324169492,236799131.25148466,379655279.1469731,325014418.1631685,124876704.55485202,345521307.4552536,124598012.72803693,181468364.6403323,27319272.67917886,0.006443866926235792,5.9363756331735775,0.39855851863475217
587.7877877877878,6214884343.596566,6087.212494329354,241088259.5726369,377289759.18717545,326319086.990227,125168444.31978868,346899106.3379569,124886541.74462236,182089878.13967088,27404300.565424006,0.006458884275522116,5.959829162681224,0.400145346451349
588.5885885885887,6345698374.438916,6211.281966825205,245420589.76944125,374908058.8302516,327642665.9163773,125465366.22973838,348297111.6707705,125180229.0810644,182720321.3119624,27490868.09603825,0.006474170379763641,5.983627591094397,0.40175550549026556
589.3893893893894,6478203260.754523,6336.794197427035,249795263.6495185,372510888.91075534,328985079.22012013,125767505.22285892,349715254.4576265,125479111.06642245,183359655.12330812,27578986.938587695,0.006489727144110728,6.007769788603428,0.40338891904526597
590.1901901901903,6612377402.055013,6463.722781531716,254211338.52375072,370099014.160302,330346231.381135,126074894.98416473,351153445.04465723,125783222.89456202,184007831.02023497,27668668.48541668,0.006505556415482867,6.032254274709844,0.4050454866756889
590.990990990991,6748197578.169779,6592.039921621592,258667832.46836647,367673213.6447862,331726009.86091655,126387566.30886279,352611575.907904,126092596.93105741,184664792.37548524,27759923.303683855,0.0065216598937938965,6.057079265246126,0.4067250873875131
591.7917917917919,6885638603.810357,6721.71600386877,263163711.5877532,365234291.07719517,333124283.71284664,126705547.4015921,354089520.2133849,126407263.02909096,185330473.79882935,27852761.241783086,0.006538039148567134,6.082242647934498,0.40842757797987683
592.5925925925926,7024674151.540815,6852.720568245471,267697918.55131248,362783051.7061382,334540906.7366956,127028863.27373576,355587134.96641046,126727247.88998215,186004802.73371005,27947191.2130693,0.006554695585281043,6.1077420356152965,0.4101527966361434
593.3933933933935,7165275381.752965,6985.020741103212,272269327.0460687,360320337.63259876,335975711.2825778,127357536.39946686,357104254.7267259,127052575.77945796,186687696.3706385,28043221.449469823,0.006571630483222884,6.13357465976128,0.4119005557354359
594.1941941941942,7307411432.550591,7118.581819866662,276876759.0611341,357847013.5729165,337428509.9852323,127691586.30424516,358640693.3249043,127383268.09410049,187379062.53251624,28140859.356579367,0.006588844972695458,6.159737399447599,0.4136706438064378
594.9949949949951,7451049595.885306,7253.367494686865,281518991.57305664,355363960.9810059,338899096.16053647,128031029.33339942,360196244.2290088,127719343.12175918,188078799.8899335,28240111.435981087,0.006606340022454447,6.186226787471747,0.4154628259389858
595.7957957957958,7596156059.2011175,7389.340633514375,286194778.684968,352872063.1938356,340387247.7161242,128375878.5709688,361770684.1184126,128060815.92547232,188786799.9073534,28340983.2348891,0.006624116433395739,6.213039068589754,0.4172768477518951
596.5965965965967,7742694437.700175,7526.461749751395,290902808.72479486,350372233.4304991,341892718.7421284,128726143.77829614,363363764.9171506,128407698.34943202,189502942.69552058,28443479.378801677,0.006642174839375112,6.240170068108126,0.4191124264592623
597.3973973973974,7890626431.647496,7664.689711075438,295641724.3918926,347865400.75550824,343415242.8033627,129081831.24983934,364975216.8231823,128759998.84401359,190227098.65474355,28547603.504366554,0.006660515697851384,6.267615241412379,0.42096925424148895
598.1981981981983,8039911924.980307,7803.981859035111,300410126.3275785,345352507.09374154,344954533.15507096,129442943.69074747,366604748.44671464,129117722.33837533,190959128.5956957,28653358.218481746,0.006679139283205112,6.295369675925433,0.4228469983812655
598.998998998999,8190509886.425125,7944.294903436533,305206597.96624535,342834493.6073216,346510289.5516554,129809480.42195214,368252053.5283963,129480870.39696279,191698887.05963573,28760745.122913856,0.006698045694529987,6.323428203375169,0.4247453088801629
599.7997997997999,8342376639.979798,8085.5832356235105,310029659.1678839,340312324.9679458,348082184.698818,130181436.71882321,369916797.49016726,129849440.64875562,192446215.73552987,28869764.683739416,0.006717234826558358,6.351785174706485,0.42666380318995495
600.6006006006006,8495466776.058503,8227.799840046375,314877791.6001759,337786975.0520569,349669870.9168401,130558803.98275316,371598623.9812921,130223426.91040568,193200946.71413943,28980416.245966457,0.006736706375714002,6.380434569327841,0.42860207362570707
601.4014014014015,8649733176.073647,8370.89633349425,319749440.031744,335259425.5877187,351272980.01827496,130941569.63309863,373297154.71131,130602819.07641213,193962902.43949467,29092697.999414165,0.006756459834371469,6.409369992110003,0.4305596871638012
602.2022022022022,8805128156.085762,8514.824055424204,324643041.9869094,332730651.3060852,352891133.3953775,131329717.6111984,375012000.03157985,130987603.56157948,194731900.49042556,29206607.079781786,0.006776494513437468,6.4385848531973435,0.43253619761123363
603.0030030030031,8961601303.826735,8659.53204312941,329556973.2144334,330201645.50396883,354523922.2480607,131723227.12439463,376742738.18330336,131377762.15999323,195507744.21419203,29322139.284068584,0.0067968094837647965,6.468072015353663,0.4345311217374571
603.8038038038038,9119100764.162556,8804.968259574343,334489581.11243814,327673403.23944527,356170918.8235252,132122073.20530449,378488927.0452733,131773272.53522947,196290228.0631521,29439289.182431124,0.006817403601165837,6.4978239933986846,0.4365439527738229
604.6046046046047,9277573166.778816,8951.07954053554,339439183.5217515,325146921.2088859,357831675.4454543,132526226.55636154,380250103.0852871,132174108.0682881,197079137.1423039,29558050.073948767,0.006838275498509855,6.527832936266189,0.4385741592000267
605.4054054054054,9436964958.334074,9097.812802559216,344404100.84317005,322623183.76530033,359505736.8663899,132935654.48492704,382025794.406586,132580238.72467163,197874253.05483207,29678414.214441992,0.006859423630404117,6.55809084907723,0.44062119977277886
606.2062062062063,9597219886.264572,9245.11280191576,349382597.06867105,320103186.6060271,361192616.0514593,133350318.81866126,383815495.0958647,132991629.0971169,198675342.4628672,29800372.28892906,0.0068808461721293745,6.588589156194383,0.4426844939577986
607.007007007007,9758280642.046795,9392.92362545766,354372919.42157465,317587919.52926373,362891809.44286966,133770177.06236258,385618681.3434353,133408239.47838113,199482164.3106216,29923913.693458572,0.00690254107492164,6.619318975604906,0.4447634404985399
607.8078078078079,9920088669.947937,9541.18853553647,359373294.50562745,315078367.24311787,364602794.811569,134195182.12517068,387434809.139951,133830025.59763497,200294468.81655937,30049026.459970172,0.006924506052298074,6.650271079575161,0.44685741475440655
608.6086086086086,10082585550.941385,9689.851132953328,364381958.8739484,312575500.7453632,366325045.698697,134625283.8269916,389263329.2352945,134256940.05297402,201112004.37675267,30175697.657971118,0.0069467386542076065,6.681436148017583,0.44896578585649255
609.4094094094095,10245710401.550877,9838.853219478173,369397103.56495553,310080290.38370323,368058003.2988263,135060425.70594874,391103657.9081792,134688929.25629324,201934504.15110505,30303912.528882373,0.006969236108737901,6.712804272952401,0.4510878831571338
610.2102102102102,10409401713.718096,9988.136343061182,374416914.6572719,307593694.45898306,369801095.69082904,135500547.03554624,392955196.91059715,135125935.35250488,202761695.2501561,30433655.02441431,0.00699199542146594,6.744365296423008,0.45322301910976476
611.0110110110111,10573597061.253395,10137.641573920999,379439567.69821376,305116659.5772867,371553734.32348603,135945582.33914617,394817329.7892331,135567895.74913868,203593297.06482527,30564907.67046269,0.007015013351039573,6.776108748029729,0.45537048504030253
611.8118118118118,10738234316.321306,10287.310424387635,384463251.51483756,302650119.7763542,373315329.7101428,136395463.35818243,396689438.2876495,136014745.01257473,204429028.6842804,30697652.111284494,0.007038286507529151,6.808024123114325,0.45752956998727823
612.6126126126127,10903249469.991112,10437.083266089085,389486128.0408162,300194993.86090904,375085261.92925256,136850115.06449926,398570871.433305,136466411.00882778,205268594.97524175,30831867.99365858,0.007061811152124947,6.840100358125225,0.45969952517295687
613.4134134134134,11068578279.039858,10586.900570225243,394506364.334833,297752184.53987783,376862901.95101506,137309458.3624648,400460967.83285725,136922817.50849786,206111696.6609896,30967533.715225924,0.00708558333226081,6.872326208785996,0.46187958961453546
614.2142142142143,11234156087.501469,10736.702784728539,399522129.74313456,295322577.6136668,378647609.205637,137773409.7177818,402359053.178805,137383883.82576638,206958029.16425562,31104626.31870352,0.0071095988628602415,6.90469020802432,0.4640689872730705
615.015015015015,11399918383.491287,10886.430702141837,404531605.6152399,292907044.37925076,380438740.45733845,138241882.44419536,404264449.8546044,137849526.07106483,207807286.73308417,31243121.855297226,0.007133853391398539,6.937180830310832,0.46626693817275777
615.8158158158159,11565799697.80128,11036.02484004268,409532969.7476007,290506430.1663589,382235629.63811797,138714783.3938678,406176454.9404925,138319653.90914816,208659153.10715464,31382994.434443712,0.007158342229364246,6.969786114687503,0.46847263289885965
616.6166166166166,11731734604.241938,11185.426073641023,414524412.8742576,288121560.41811484,384037604.4708326,139192015.4690476,408094358.2481793,138794173.0095242,209513309.23567173,31524216.93727412,0.007183060479572736,7.0024939734992655,0.4706852534856808
617.4174174174175,11897657736.37393,11334.575639989516,419504138.7702965,285753240.76656026,385843986.7406278,139673477.73470956,410017442.6990208,139272985.1603503,210369433.39663482,31666761.0515326,0.007208003042114084,7.035292199271534,0.47290397387667943
618.2182182182182,12063503921.55984,11483.41524307314,424470367.1599914,283402256.4748434,387654093.9870459,140159065.61828092,411944986.14925855,139755988.460644,211227201.98902556,31810597.326195937,0.007233164624318368,7.068168495933271,0.47512796203635344
619.0190190190191,12229207828.866629,11631.887000263034,429421333.5073232,281069361.0025386,389467230.0104231,140648668.7571458,413876250.627197,140243075.18343893,212086285.2015763,31955694.53189359,0.007258539629448199,7.101110292530592,0.4773563673668634
619.8198198198198,12394704482.710802,11779.933671271794,434355294.3584234,278755283.9406642,391282695.2979838,141142173.03502497,415810493.98740786,140734133.78656012,212946351.8054066,32102020.25756976,0.007284122261355797,7.1341049442847595,0.47958833429421976
620.6206206206207,12559929366.90549,11927.498656563317,439270526.490227,276460735.4159597,393099789.7536428,141639461.393227,417746972.91718423,141229049.7228605,213807070.40817755,32249541.157348145,0.00730990656673674,7.167139784263565,0.4818230057620897
621.4214214214214,12724818400.7728,12074.526149762944,444165332.4453284,274186396.2515386,394917808.9929362,142140412.49411044,419684938.6742616,141727704.09852,214668107.7877982,32398222.53975359,0.007335886365114877,7.200202049379149,0.48405951823409854
622.2222222222223,12889307995.809282,12220.961251414778,449038044.1926447,271932913.7054854,396736043.6495889,142644900.28146735,421623636.2227418,142229973.22782636,215529128.59662482,32548028.229525577,0.0073620552255790955,7.233278865128973,0.48629700066517595
623.023023023023,13053335264.14232,12366.750009901709,453887023.2563731,269700907.72039735,398553784.3571138,143152795.23103747,423562309.77248186,142735729.877257,216389797.64817244,32698920.94309524,0.007388406531617774,7.266357341030534,0.48853458095204366
623.8238238238239,13216838021.769484,12511.839222783745,458710656.0797418,267490982.7289682,400370326.58957064,143663966.01845402,425500207.9978861,143244844.93372554,217249782.24551225,32850862.79836401,0.007414933568139385,7.299424659966316,0.4907713919712558
624.6246246246246,13379754994.97787,12656.177042955516,463507370.1248486,265303700.76947767,402184962.9956888,144178276.23634166,427436575.5762832,143757184.10589248,218108748.53599346,33003814.29997564,0.007441629349289869,7.332467932503747,0.49300656174015434
625.4254254254255,13542025865.590948,12799.712792005728,468275629.1671111,263139594.31871545,403996989.09325266,144695586.2727618,429370659.38530356,144272609.8021473,218966364.2180283,33157734.912361905,0.007468486716404772,7.365474303208642,0.4952392206014982
626.2262262262262,13703591344.79087,12942.397005674567,473013934.59858614,260999166.69172478,405805704.56585664,145215753.54716897,431301709.9121046,144790981.36262468,219822299.13977668,33312583.128270194,0.007495498350078432,7.398430974768046,0.4974685028557164
627.0270270270271,13864392938.132322,13084.181006341983,477720813.38127714,258882906.9304071,407610416.97288525,145738634.3232468,433228985.7328579,145312156.88877457,220676226.84781456,33468317.031033788,0.007522656865697328,7.431325286257017,0.49969355205197463
627.8278278278278,14024373757.811258,13225.01811407779,482394852.15082854,256791253.5189335,409410436.5088488,146264079.89922374,435151746.7528361,145835989.38001218,221527822.54307875,33624893.09814759,0.007549954611567232,7.4641445936120006,0.5019135129135324
628.6286286286287,14183478097.997879,13364.862902774139,487034676.3147962,254724619.69394997,411205081.7684228,146791939.59463233,437069261.1897767,146362329.75012502,222376765.49024615,33782267.12976982,0.00757738382643768,7.4968763917448795,0.5041275395915842
629.4294294294294,14341651460.362888,13503.671239907966,491638950.91267586,252683391.94754428,412993679.29015344,147322060.6925109,438980805.2118481,146891026.77281293,223222738.80053598,33940394.23258434,0.007604936636681875,7.529508308980097,0.5063347952823629
630.2302302302303,14498840375.577438,13641.400030931974,496206373.0572313,250667937.04173,414775564.0834711,147854289.28825313,440885663.9625195,147421927.9491251,224065429.57142633,34099229.08985126,0.00763260510166526,7.562028126430184,0.5085344535259726
631.031031031031,14654993544.63987,13778.008570353692,500735711.49154085,248678572.4667164,416550083.13559544,148388467.68033773,442783133.4928489,147954876.8012132,224904530.95731685,34258725.10209419,0.007660381071913766,7.594423803536325,0.5107256999827615
631.8318318318319,14810061028.458773,13913.45751686397,505225776.47189903,246715590.95805696,418316594.5118113,148924436.87488216,444672521.3518902,148489715.4508032,225739741.38473138,34418835.19787573,0.007688256324111532,7.62668349449212,0.5129077335035122
632.6326326326326,14963994356.551218,14047.709015332566,509675423.7044084,244779258.00357765,420074467.71704274,149462036.46668458,446553146.72019845,149026284.49235457,226570764.8187812,34579511.79310933,0.007716222554434726,7.658795549623443,0.5150797662233197
633.4334334334335,15116745908.204504,14180.725995134293,514083535.0627915,242869826.06138766,421823080.6117872,150001105.94952154,448424337.6310074,149564424.35624745,227397309.31516296,34740707.228951596,0.007744271450044972,7.69074847053121,0.5172410204926262
634.2342342342342,15268270952.603386,14312.474365648502,518449079.1409851,240987493.9806744,423561832.211298,150541481.6733164,450285443.23708266,150103972.10208258,228219093.02438012,34902372.72332339,0.007772394520609437,7.722531112394876,0.5193907426591033
635.0350350350351,15418526153.361824,14442.921359420883,522771065.6503528,239132439.2857179,425290134.3649956,151082999.58961257,452135826.071515,150644764.2885065,229035840.28682953,35064459.29884125,0.0078005832489106515,7.754132557629162,0.5215281944431572
635.8358358358358,15567469888.984673,14572.035867581902,527048554.6586736,237304812.3440187,427007414.0594472,151625494.92028862,453974864.2633183,151186636.61710614,229847282.69607803,35226917.66337085,0.007828829072086105,7.785542152406323,0.5236526554276225
636.6366366366367,15715061151.511692,14699.787311154221,531280625.1282702,235504755.51838288,428713105.83231664,152168803.50666463,455801943.708558,151729425.3655026,230653155.42095497,35389698.68416457,0.007857123457005554,7.816749374023283,0.5257634140796621
637.4374374374374,15861262355.0287,14826.148443185515,535466453.1489981,233732358.45370856,430406672.9444316,152712759.2631066,457616480.1031244,152272964.63368672,231453207.41296864,35552752.455184415,0.007885457755083482,7.847744204883299,0.5278597930616201
638.2382382382383,16006037297.283245,14951.093278004768,539605254.1871957,231987692.53485802,432087592.90164006,153257196.45971817,459417903.95729804,152817088.78049964,232247194.40067878,35716029.108393,0.007913823330516377,7.8785168784491955,0.5299411320353222
639.039039039039,16149351683.315952,15074.5976014133,543696297.3277695,230270803.21222675,433755361.71247315,153801949.41180575,461205665.0792442,153361632.0761318,233034880.92807522,35879478.69066139,0.007942211541876368,7.909057955548879,0.5320067928255299
639.8398398398399,16291171648.014185,15196.63758338957,547738865.875575,228581728.76764268,435409481.0354569,154346853.2675422,462979219.6041245,153906429.6040054,233816034.08235836,36043051.484236285,0.007970613789982817,7.939358105756336,0.5340561446238672
640.6406406406406,16431467011.936972,15317.192779782814,551732342.6647615,226920461.9621832,437049487.8752316,154891742.97549614,464738060.19411355,154451315.98307562,234590437.9246565,36206697.518045835,0.007999021449467627,7.969408617316823,0.5360885984969379
641.4414414414415,16570208956.349644,15436.24395914454,555676148.3304857,225286979.02939034,438674934.1112584,155436454.39820084,466481695.33751553,154996126.65997928,235357883.51082832,36370367.033051684,0.008027425937472106,7.999201048077903,0.5381035837620567
642.2422422422422,16707370651.752281,15553.773668226513,559569757.3966167,223681233.02761695,440285392.57637507,155980824.28998452,468209655.58590955,155540697.8411553,236118171.83060232,36534010.44269566,0.008055818709770362,8.028727331021658,0.5401005551280923
643.0430430430431,16842925691.054482,15669.764870877885,563412659.1790975,222103167.58571556,441880440.0146112,156524690.19897643,469921476.06125563,156084866.5187399,236871105.764715,36697578.390638895,0.008084191263027259,8.05797947934372,0.542078972695096
643.8438438438438,16976851217.498962,15784.203620271728,567204434.5888733,220552691.88525912,443459692.1739146,157067891.26253968,471616732.65584856,156628471.02491033,237616506.6236318,36861021.821414,0.00811253516193891,8.08695019761187,0.5440383433918112
644.6446446446447,17109125809.216156,15897.0772264743,570944703.4914306,219029698.9360616,445022780.6715716,157610268.00487283,473295018.2649708,157171350.99602643,238354203.2321242,37024292.03665514,0.008140842038582919,8.115632480962184,0.5459781937957789
645.4454454454454,17239729950.30029,16008.37464613387,574633135.9199597,217534062.49538204,446569358.58279693,158151662.62683475,474955948.60104364,157713347.62791467,239084034.55680576,37187340.75844223,0.008169103605477322,8.144019713489993,0.5478980768019821
646.2462462462463,17368644778.944378,16118.085461774454,578269422.4920957,216065644.7661286,448099084.8243309,158691918.30398023,476599145.41316605,158254303.06795943,239805842.4031236,37350119.98596071,0.008197311624584293,8.172105381659764,0.5497975522263359
647.047047047047,17495854386.1295,16226.201718595968,581853327.678885,214624284.30007425,449611653.6895603,159230880.9941291,478224268.29553485,158794062.05547345,240519485.21455,37512582.419742405,0.008225457991598132,8.199883617860912,0.551676223590619
647.8478478478479,17621344538.912685,16332.716882198049,585384659.6025635,213209803.91224727,451106778.96281934,159768398.7327975,479830997.6320584,159332471.31313375,241224830.64238456,37674681.31890313,0.008253534704929016,8.227348909190075,0.5535337184120575
648.6486486486486,17745102719.855118,16437.625856120118,588863270.5608978,211822011.22901285,452584194.7535403,160304321.85337153,481419035.5282172,159869379.76627165,241921755.93030274,37836370.56709959,0.008281533877131327,8.254496113521718,0.5553696892894006
649.4494494494495,17867116918.684433,16540.92406189086,592289029.4872538,210460703.43485716,454043639.20120996,160838501.56877226,482988088.1165019,160404637.2075688,242610140.225533,37997604.30334449,0.008309447665888548,8.281320155928844,0.5571837933913155
650.2502502502502,17987377925.89864,16642.609154047408,595661873.2358063,209125660.07635093,455484886.1816956,161370793.10825145,484537900.04842937,160938097.2809205,243289879.5105981,38158337.760542646,0.008337268428474898,8.307816620607461,0.5589757324528352
651.0510510510511,18105878316.03417,16742.680239213092,598981783.272972,207816647.36836946,456907731.73624086,161901054.606519,486068239.7756112,161469616.44129038,243960880.20295918,38318526.98052206,0.008364988668040722,8.333981498459194,0.5607452357182267
651.8518518518518,18222612129.081238,16841.137621567286,602248778.1006128,206533420.07449755,458311990.0494174,162429146.88869977,487578895.20937526,161999053.76322436,244623057.25358322,38478128.76601103,0.008392601023802052,8.359811112744957,0.5624920549164166
652.6526526526527,18337575082.688957,16937.98294852247,605462917.6398423,205275721.54312322,459697496.6869855,162954933.93637583,489069677.2710243,162526271.39458856,245276335.66596618,38637100.81276205,0.008420098294609879,8.385302180123066,0.5642159683845676
653.4534534534534,18450762451.3655,17033.217697151948,608624258.9568379,204043286.27387217,461064078.1547594,163478279.26313797,490540386.8985583,163051131.06623077,245920636.26027805,38795400.703308515,0.008447473257907559,8.410451245607703,0.5659167428587669
654.2542542542543,18562173293.997864,17126.846146599823,611732943.2549754,202835837.21830922,462411613.61495125,163999053.7393239,491990882.0323542,163573501.65567702,246555904.5173226,38952988.09897998,0.008474719062271657,8.435255830156457,0.5675942110731638
655.055055055055,18671807614.251713,17218.873356575037,614789136.7377673,201653088.94259465,463739994.0103338,164517130.67121446,493421033.3015836,164093254.4451795,247182091.4648902,39109823.37153018,0.008501828981424327,8.459713671713176,0.569248220438031
655.8558558558559,18779666756.11532,17309.30543193052,617793038.365955,200494748.10668838,465049128.15244097,165032386.7148082,494830730.6605444,164610264.01297167,247799156.51785833,39265867.86461796,0.008528796460547454,8.483822839017481,0.5708786407345484
656.6566566566567,18885753433.5481,17398.149533310345,620744880.0991076,199360513.99729472,466338943.3586844,165544702.07046542,496219884.1093772,165124408.42790312,248407067.7701044,39421083.95277355,0.008555615126432208,8.507581744078111,0.5724853649569438
657.4574574574575,18990069758.746655,17485.412604969784,623644887.1820154,198250073.62277284,467609353.07281387,166053955.38452408,497588388.5421873,165635564.2681129,249005786.85161695,39575433.57546736,0.008582278528551061,8.530988540086195,0.5740682685904518
658.2582582582583,19092621587.363552,17571.10412451119,626493364.2474198,197163115.43372697,468860329.5117169,166560035.70394728,498936202.7160246,166143618.32478476,249595302.88403738,39728881.690585226,0.00860878074758999,8.554042474429664,0.5756273011188352
659.0590590590591,19193415110.609837,17655.23391631873,629290626.997977,196099320.1833566,470091847.40806955,167062833.5009208,500263288.1535507,166648458.8274557,250175606.17520928,39881393.6900667,0.008635115939302834,8.576742842112958,0.5771624152398638
659.8598598598599,19292457698.71388,17737.812671772466,632037018.5635523,195058364.3230293,471303898.43649703,167562243.17426777,501569624.84989494,167149977.8985091,250746694.9573382,40032936.12634066,0.00866127846217282,8.599089254974384,0.5786735850722743
660.6606606606607,19389757714.800964,17818.851840733627,634732905.785653,194039919.07667196,472496487.68789554,168058162.3875112,502855207.38484263,167648070.90130877,251308573.749723,40183476.51907269,0.008687262843494293,8.621081574840222,0.5801608016372689
661.4614614614615,19485323719.786877,17898.363246582197,637378665.1733819,193043642.3798467,473669616.5544983,168550488.1680724,504120025.9021141,168142632.57257533,251861245.43856055,40332982.19794138,0.00871306357793564,8.642719585885567,0.5816240507164577
662.2622622622623,19579166495.41071,17976.359980541692,639974716.6553695,192069203.8381792,474823328.5004908,169039127.99461234,505364117.11759275,168633568.03598204,252404732.43158114,40481423.60628107,0.008738675701311071,8.664003873840363,0.5830633722644519
663.063063063063,19671297312.23849,18052.855591417894,642521493.6459634,191116265.6891542,475957671.04078424,169523990.91342428,506587522.01748973,169120783.9872716,252939059.0719295,40628771.66084364,0.00876409433142547,8.684935097134717,0.5844788111539735
663.8638638638639,19761728337.858418,18127.86424687224,645019449.4093237,190184488.83993888,477072705.47723323,170004990.0373365,507790296.73889464,169604191.18068182,253464256.13246986,40774998.49929539,0.008789314797639454,8.705514174563866,0.5858704298563647
664.6646646646647,19850472534.210327,18201.400733883747,647469056.5057167,189273529.59519887,478168503.48679537,170482041.2603344,508972508.55765235,170083703.13742697,253980359.27932525,40920077.087460056,0.008814332573480603,8.725742215277911,0.5872383037175899
665.4654654654655,19937543530.20474,18273.480479325346,649870806.5884218,188383034.630348,479245142.3878065,170955061.37041783,510134230.2935447,170559234.24760202,254487406.94548026,41063980.64131192,0.008839143177590545,8.745620421045743,0.5885825143642932
666.2662662662663,20022955916.9316,18344.119226556868,652225204.2047215,187512665.97053003,480302723.0125627,171423976.45357466,511275561.78202325,171030708.2454983,254985448.29322225,41206685.21702985,0.008863742616178139,8.765150462673665,0.5899031750888162
667.0670670670671,20106724893.92075,18413.33324025451,654532769.8044926,186662079.8914212,481341352.864617,171888714.49424312,512396609.7813016,171498050.7550317,255474535.68369818,41348167.43603131,0.008888126993910986,8.784334128290247,0.5912004071258542
667.8678678678679,20188866306.87675,18481.13919258452,656794037.1943618,185830933.61643934,482361150.21787834,172349207.5091539,513497492.9530854,171961191.44478658,255954726.49246743,41488405.144802615,0.008912292626441906,8.803173410873828,0.5924743455534571
668.6686686686687,20269396691.63279,18547.554311171887,659009557.487688,185018879.67315888,483362242.39361787,172805389.7790224,514578339.6659018,172420062.2314453,256426082.33793977,41627376.85886279,0.008936235946512548,8.821670469143866,0.5937251366640154
669.4694694694695,20348333219.925507,18612.59632231392,661179897.423961,184225566.91426423,484344765.3510687,173257198.01354,515639287.5915914,172874597.4514558,256888668.88410872,41765061.817469746,0.008959953512954495,8.83982762082699,0.594952937507153
670.2702702702703,20425693388.523357,18676.28285894985,663305622.9694709,183450658.96007726,485308866.7118614,173704576.57015112,516680487.9892658,173324739.1778176,257342557.14453933,41901441.634851664,0.008983442288671834,8.857647420552905,0.5961579211101565
671.0710710710711,20501495248.15693,18738.63199440349,665387313.8757279,182693815.99847394,486254701.5621125,174147472.0432582,517702100.13017243,173770431.7151966,257787821.62878543,42036498.593484506,0.009006699352877916,8.875132559749257,0.5973402697569091
671.8718718718719,20575757275.08824,18799.66203083881,667425557.743157,181954700.84303412,487182433.0358699,174585834.890443,518704292.24950224,174211623.25923038,258224540.57918996,42170216.16041068,0.00902972198786861,8.89228588437721,0.5985001761723636
672.6726726726727,20648498655.66898,18859.391906105746,669420960.8173282,181232968.0230542,488092231.83593476,175019616.53916702,519687240.8536316,174648262.94419345,258652795.7705891,42302578.06759482,0.00905250752462361,8.90911038234934,0.5996378426789971
673.4734734734735,20719738873.60928,18917.840658062887,671374133.4409646,180528276.89553475,488984275.68274564,175448772.61359945,520651130.3378219,175080304.14338902,259072672.22068492,42433569.34297563,0.0090750535154627,8.925609177871099,0.6007534808053303
674.2742742742743,20789497367.54814,18975.026983926557,673285678.061189,179840302.33523786,489858748.770514,175873265.54440418,521596152.5726157,175507707.13913098,259484257.9094234,42563177.14484541,0.009097357873727823,8.941785525084214,0.6018473108488673
675.0750750750751,20857794036.723553,19030.969945992576,675156208.0624586,179168716.20728746,490715841.3108602,176293059.73473784,522522506.11263573,175930434.1876597,259887643.6070273,42691389.22363699,0.009119418615674734,8.957642793289148,0.602919560889203
675.8758758758759,20924649004.39777,19085.688674068962,676986339.6212939,178513194.4104739,491555748.9998695,176708123.24094623,523430395.7358519,176348451.2399036,260282922.60693562,42818194.46017005,0.009141233950505173,8.97318445953743,0.6039704662823346
676.6766766766767,20990082573.566097,19139.202327817296,678776690.5498928,177873417.29629838,492378672.50498885,177118427.76558587,524320031.89723927,176761727.9380009,260670190.4833786,42943582.86597711,0.009162802280210982,8.988414099314808,0.6050002690303173
677.4774774774775,21054116129.62462,19191.531150544473,680527909.9599812,177249046.3226983,493184819.9187722,177523943.13670665,525191632.479667,177170231.9546986,261049546.44140217,43067543.81635182,0.009184121903384235,9.0033354130567,0.6060092195957065
678.2782782782783,21116770470.375473,19242.694557783252,682240624.1954032,176639765.2724944,493974401.152399,177924646.76665032,526045418.30375516,177573938.70180672,261421090.34058392,43190069.084670156,0.009205191523281218,9.017952155315738,0.6069975720740892
679.0790790790791,21178066240.066498,19292.711650950518,683915451.2437493,176045268.66802174,494747628.9211936,178320520.85995418,526881613.74191666,177972828.46917558,261784923.2569908,43311151.95002326,0.009226010098132889,9.032268143544622,0.6079655847986565
679.8798798798799,21238024411.529938,19341.60178644364,685553016.7134421,175465248.97864717,495504719.88084275,178711549.34119612,527700447.449084,178366883.27633172,262141148.12602296,43430786.21508529,0.00924657667641892,9.046287268699052,0.6089135210689571
680.6806806806807,21296665980.274,19389.384236445963,687153944.1626157,174899403.60547778,496245893.29463536,179097719.3713,528502151.1817078,178756088.4318959,262489869.06004032,43548966.69468626,0.009266890478497294,9.06001347602141,0.6098416478451262
681.4814814814815,21354011924.670563,19436.07815643053,688718854.0885022,174347435.1880001,496971370.5343916,179479021.31447834,529286959.26228046,179140432.50334784,262831191.11346924,43665689.207779154,0.009286950895048227,9.073450755893393,0.6107502351291021
682.2822822822823,21410084990.042576,19481.704409456164,690248416.7214653,173809020.33005455,497681387.4980338,179855441.89793673,530055120.294838,179519900.23105672,263165226.38857663,43780948.34503194,0.009306757115823846,9.0866033369598,0.6116395690922767
683.0830830830831,21464905825.115025,19526.28164097628,691743238.2149806,173283876.1141428,498376167.0312614,180226978.44993138,530806870.9457693,179894487.29012245,263492080.50760666,43894742.124112375,0.009326308903142023,9.099475252927267,0.6125099226378371
683.883883883884,21518495454.33254,19569.828803776905,693203933.7423122,172771716.91075572,499055936.2190873,180593629.4908311,531542452.28210205,180264190.54199657,263811861.11114198,44007068.91793448,0.009345606081135655,9.112070612013053,0.6133615737154936
684.6846846846847,21570874985.95545,19612.36486884247,694631119.0492495,172272259.0499576,499720924.1014833,180955395.64092723,532262107.5427477,180629008.97945985,264124676.74683037,44117927.75406921,0.009364648585294138,9.12439355984061,0.6141948028027229
685.4854854854856,21622065408.17048,19653.908625823544,696025404.6032587,171785223.9690044,500371360.01233405,181312280.1997508,532966080.5009335,180988944.33111623,264430636.06408828,44227318.50681505,0.009383436494164765,9.13644825209599,0.615009891049365
686.2862862862863,21672087645.472527,19694.47873891021,697387397.1694423,171310337.40698385,501007474.0869708,181664288.90889063,533654615.9795926,181344000.8153733,264729848.05401903,44335241.81962427,0.009401970016461082,9.148238863193429,0.6158071208655919
687.0870870870872,21720964615.72903,19734.09562598739,698717754.7978152,170847306.32094267,501629519.20463187,182011425.70698822,534327982.8440108,181694180.64632908,265022432.3800374,44441697.65448979,0.009420249254932664,9.159769976383354,0.6165868023474379
687.8878878878879,21768716112.24001,19772.77679899388,700017050.2627449,170395875.69896087,502237716.0593123,182353702.857902,534986416.3847775,182039494.77450716,265308493.52041364,44546688.76543419,0.009438274770830646,9.17104560590177,0.6173492070416483
688.6886886886888,21815362888.43793,19810.54059092264,701285880.1810919,169955782.8976319,502832296.82591975,182691132.64388627,535630164.0905,182379954.0874189,265588141.3255452,44650217.85635941,0.009456047121531445,9.182069973659422,0.6180946205568505
689.4894894894895,21860925512.00607,19847.405116035494,702524834.491889,169526770.22445512,503413492.7869896,183023729.5368166,536259472.65601146,182715571.7163372,265861485.19410074,44752288.328569174,0.009473566981795141,9.192847288688464,0.6188233276250447
690.2902902902904,21905424338.990677,19883.388250761764,703734495.8359871,169108585.0485859,503981533.95879817,183351510.12581325,536874587.5734786,183046362.96496275,266128633.8980006,44852904.25965603,0.00949083514005362,9.20338174012286,0.619535611627113
691.0910910910911,21948879856.79235,19918.507922834007,704915448.6558466,168700976.90504578,504536653.4334551,183674492.8094406,537475757.824071,183372344.9645812,266389697.64046153,44952070.28433987,0.009507852480157406,9.213677577565026,0.620231760024828
691.891891891892,21991313655.820488,19952.782925737498,706068304.8609077,168303689.4750302,505079099.7582133,183992697.08668664,538063249.2622709,183693535.86309358,266644793.91974506,45049791.30820771,0.009524619938340534,9.223739340380718,0.6209120798590242
692.6926926926927,22032744857.820015,19986.22993673442,707193609.7740664,167916489.59649137,505609091.2300704,184306145.7475501,538637295.17875,184009957.38273355,266894025.88920835,45146073.42907207,0.009541138639284075,9.233571010694472,0.6215768404999348
693.4934934934936,22073193256.950123,20018.866144094125,708291924.9624287,167539141.56260946,506126856.01033884,184614862.77946636,539198139.6817099,184321632.40056038,267137501.3539792,45240923.07407664,0.00955740976756197,9.243176756613986,0.6222263238822192
694.2942942942943,22112678399.247375,20050.70848041893,709363804.0425181,167171414.52435717,506632620.3130126,184918873.86590627,539746024.9175125,184628585.54046944,267375327.1800479,45334347.21638132,0.009573434599196325,9.252560713271064,0.6228608097053372
695.0950950950952,22151219563.43311,20081.77360913729,710409792.2363442,166813082.54668063,507126608.116476,185218206.30972666,540281190.7543637,184930843.09689447,267607609.1597783,45426353.35226962,0.009589214497681646,9.261726977388092,0.6234805750662615
695.8958958958959,22188836316.211014,20112.078369678482,711430440.5297308,166463920.20627865,507609048.28701794,185512889.07978323,540803882.471341,185228433.03279555,267834455.3415202,45516949.4821134,0.009604750913528005,9.27067973881222,0.6240859033558737
696.6966966966968,22225548459.345604,20141.63973703608,712426304.371069,166123702.90954128,508080173.8553856,185802952.727044,541314349.9720749,185521384.899,268055975.69173917,45606144.08725378,0.009620045380078648,9.279423267040313,0.6246770833477957
697.4974974974975,22261374118.558315,20170.47329773106,713397895.1392196,165792221.631142,508540197.3199345,186088428.90200898,541812821.1052357,185809729.51326227,268272270.55254877,45693946.094404936,0.00963509949794546,9.287961454723213,0.625254378323942
698.2982982982984,22296331776.768593,20198.59487499853,714345731.8678695,165469267.04205382,508989336.8378816,186369350.71843266,542299529.9482458,186093499.14936462,268483442.8831299,45780364.86654286,0.009649914943605169,9.296298301565521,0.6258180588028258
699.0990990990991,22330439631.98169,20226.020017932617,715270324.9683713,165154634.399975,509427807.9003958,186645752.5430195,542774707.810771,186372727.38026917,268689594.3691175,45865410.17582989,0.0096644934616079,9.304437760377981,0.6263683921276622
699.8998998999,22363715583.6728,20252.763992432217,716172175.9275609,164848123.56223094,509855823.11625475,186917669.91997102,543238582.9961163,186647449.00254124,268890825.32173896,45949092.18075959,0.009678836860635543,9.312383732973515,0.6269056421890071
700.7007007007007,22396177925.807087,20278.84232939742,717051794.5156192,164549533.6832635,510273600.6866154,187185139.96732357,543691389.9310971,186917700.3818059,269087238.6508842,46031421.51367381,0.009692947031160673,9.320140226204678,0.6274300799827396
701.5015015015016,22427844528.98001,20304.270181451237,717909678.5551724,164258669.27716634,510681354.2970515,187448200.7645351,544133358.2648844,187183518.89797965,269278935.12757754,46112409.13228942,0.00970682591692066,9.327711165597897,0.6279419710006648
702.3023023023023,22458732262.16668,20329.061868616234,718746299.6277726,163975344.47784802,511079285.9566098,187706890.90004823,544564705.1445507,187444942.53326726,269466010.0278559,46192066.20865038,0.00972047549371617,9.335100263289124,0.6284415662952112
703.1031031031032,22488858095.29715,20353.231749484876,719562130.4303117,163699374.6557897,511467599.509815,187961250.14107192,544985649.7747692,187702010.4616439,269648559.4670268,46270404.280615084,0.009733897799589457,9.342311266876779,0.6289291193174111
703.9039039039039,22518238699.025593,20376.793907281983,720357634.8927332,163430579.3391187,511846495.6652413,188211319.1000009,545396408.0535204,187954762.74292135,269826678.0698754,46347435.16861407,0.0097470949190646,9.349347867701145,0.6294048797113
704.7047047047048,22546890435.90978,20399.762144592045,721133267.9946752,163168782.19043913,512216171.8381496,188457139.16216436,545797192.3970639,188203240.25002846,270000458.8974483,46423170.953543894,0.00976006897935246,9.356213697827164,0.6298690931100855
705.5055055055055,22574830248.625343,20422.15067141226,721889497.7689004,162913806.07818744,512576834.13733673,188698753.55985433,546188224.638712,188447485.68085423,270169999.131487,46497624.26081815,0.009772822202673717,9.362912550762319,0.6303220160562024
706.3063063063064,22602073903.7496,20443.972749303073,722626761.8987708,162665482.60917595,512928673.5512259,188936205.06715617,546569710.3864399,188687541.37283292,270335388.7854935,46570807.641876504,0.009785356793147524,9.369447942610483,0.6307638863366242
707.1071071071071,22628636924.89424,20465.24141415904,723345490.8326664,162423646.95431,513271878.5428297,189169537.13137612,546941852.5763205,188923450.36909604,270496716.67747307,46642733.8735663,0.009797674991924627,9.375823343993176,0.631194938660236
707.907907907908,22654534686.380615,20485.969550156016,724046110.1357056,162188137.2649156,513606636.27999294,189398793.9317646,547304852.7913184,189155256.4696755,270654071.01459247,46713415.9710182,0.009809779079804407,9.382042202596491,0.6316154061820697
708.7087087087087,22679782264.898647,20506.169776641855,724729036.8555593,161958795.41254494,513933130.58917606,189624020.1289775,547658909.052822,189383003.99009582,270807538.4244462,46782867.117921636,0.009821671364711479,9.388107905355177,0.632025517947174
709.5095095095096,22704394482.592747,20525.85448106263,725394680.5884014,161735466.80554336,514251542.6159714,189845260.91578817,548004216.5429235,189606737.80858806,270957204.2624121,46851100.67939036,0.00983335418413188,9.394023790844011,0.6324254997284702
710.3103103103103,22728386654.71585,20545.036368325636,726043461.4655625,161517998.1633439,514562062.71142066,190062563.79789057,548340980.658293,189826505.10284692,271103158.13586426,46918130.70811444,0.00984482999534513,9.399793373474573,0.6328155891836691
711.1111111111112,22751772709.35522,20563.727083934533,726675765.0286272,161306242.90811685,514864860.4478661,190275973.92173588,548669384.0691557,190042350.78505716,271245479.97032666,46983970.610631235,0.009856101138191525,9.405419777691232,0.6331959976043431
711.911911911912,22774566710.148853,20581.9383314602,727291978.8297582,161100056.69245595,515160108.8542427,190485537.75852707,548989613.33857,190254321.0972382,271384251.2725076,47048634.196118824,0.009867170021884308,9.410906195165094,0.6335669408245711
712.7127127127128,22796782438.073547,20599.681567343283,727892482.4192537,160899298.55307078,515447977.72679245,190691302.02219898,549301851.5709169,190462462.55227315,271519552.02205116,47112135.366294846,0.009878039069963788,9.416255758511255,0.6339286306837577
713.5135135135135,22818433389.39032,20616.96800073322,728477647.327418,160703830.8581988,515728633.5703635,190893313.60928616,549606278.3441173,190666821.87287626,271651460.6446571,47174488.096677996,0.009888710717108586,9.42147154011016,0.6342812749470907
714.3143143143144,22839532947.244606,20633.808711470927,729047841.0231118,160513518.91945675,516002242.3826425,191091620.2584086,549903072.8417217,190867446.64661875,271780055.2965867,47235706.63218112,0.009899187443255532,9.426556606222569,0.6346250809615009
715.1151151151151,22860094483.85678,20650.21472084961,729603429.2828293,160328230.73781562,516268971.30206925,191286270.92212665,550192415.7060149,191064385.69474667,271905414.6250093,47295805.59703622,0.009909471792807335,9.431514049003727,0.6349602578185441
715.915915915916,22880130531.977135,20666.196429161915,730144757.2459985,160147838.54807413,516528975.01851296,191477312.28187084,550474473.7407933,191257685.60314995,272027611.4997259,47354798.955968246,0.009919566193877533,9.43634672216098,0.635286998496156
716.7167167167167,22899653601.216026,20681.76417231614,730672168.1378009,159972217.18487218,516782409.1124942,191664792.0791587,550749414.9236608,191447394.03590497,272146719.16647345,47412701.005539805,0.009929473130926583,9.441057500357928,0.6356054973834504
717.5175175175176,22918675935.83303,20696.928058288104,731185997.7514808,159801244.49416634,517029426.0648425,191848758.06026617,551017403.912972,191633558.6839679,272262809.4064596,47469526.0590021,0.009939195089977051,9.445649201567358,0.635915945035155
718.3183183183183,22937209514.82766,20711.69796841967,731686574.4793437,159634801.27649668,517270175.23311764,192029257.92498595,551278602.0195817,191816227.21298826,272375952.5256837,47525288.43020425,0.009948734555885767,9.450124586575699,0.6362185281382178
719.1191191191192,22955266282.617493,20726.08370561493,732174224.5563244,159472770.77790916,517504806.2897741,192206340.68094146,551533170.9917874,191995448.62277997,272486218.9788213,47580002.84649962,0.00995809408327051,9.454486424158866,0.6365134339124874
719.91991991992,22972857855.099117,20740.09480832456,732649265.4442598,159315039.2100211,517733464.7843942,192380054.80007294,551781268.1247435,192171271.39508274,272593677.2742565,47633683.88562639,0.009967276199862775,9.458737406846899,0.6368008444232791
720.7207207207208,22989995407.54808,20753.74048037232,733112003.326744,159161495.91337237,517956290.4358186,192550447.48353168,552023044.3769224,192343742.7545435,272698393.1681166,47686345.75089105,0.00997628336794383,9.462880118476434,0.6370809343906113
721.5215215215215,23006689981.882053,20767.029787940326,733562740.0839498,159012032.6981112,518173421.7200623,192717566.48282164,552258649.4215375,192512910.49704102,272800431.8310443,47738002.826557726,0.009985118079734267,9.466917121177998,0.6373538770625761
722.3223223223224,23022952375.829,20779.971590203466,734001770.8161535,158866544.00485748,518384994.1814854,192881459.37242407,552488229.783977,192678822.2584311,272899857.0512224,47788669.45539115,0.00999378281923515,9.470850923289671,0.6376198420489615
723.1231231231232,23038793144.48289,20792.574541561196,734429383.9078491,158724926.84509552,518591140.4312069,193042173.50748542,552711928.8377787,192841525.47132888,272996731.23407894,47838359.92529151,0.010002280059968107,9.474683979278767,0.6378789953160292
723.923923923924,23054222839.03031,20804.847237855018,734845866.3737788,158587080.78118402,518791993.99016833,193199757.96092713,552929890.9192545,193001069.31591752,273091117.20502585,47887089.06385337,0.010010612366796805,9.478418759929319,0.6381315039362925
724.7247247247248,23069251530.725616,20816.79792866273,735251493.2870874,158452907.7869725,518987681.5457459,193354259.4952593,553142253.02992,193157500.6614471,273183074.57847595,47934871.00085034,0.01001878218408299,9.48205761077261,0.6383775265083546
725.5255255255256,23083889097.131763,20828.434692361636,735646534.1835186,158322312.2357483,519178327.5650418,193505724.89624283,553349149.776239,193310866.41652188,273272661.92179674,47981719.884584114,0.010026791958359371,9.48560283635153,0.6386172188592923
726.3263263263264,23098145222.495804,20839.76543764383,736031253.0992451,158195200.84043202,519364054.27416605,193654200.92072725,553550713.3451031,193461213.47595954,273359936.7460435,48027649.865494035,0.010034644135551772,9.48905669979261,0.6388507340157717
727.1271271271272,23112029369.98411,20850.79788794766,736405907.9820015,158071482.5890723,519544981.18135196,193799734.0096307,553747072.9906329,193608588.43106005,273444955.28276277,48072675.00763668,0.010042341145852082,9.492421414041003,0.6390782216109815
727.927927927928,23125550806.673927,20861.53959638097,736770751.2245622,157951068.82221168,519721225.5696651,193942370.53508833,553938355.5927202,193753037.81875616,273527772.70940185,48116809.364394285,0.010049885416722644,9.495699151520805,0.6392998285374161
728.7287287287288,23138718803.38771,20871.998054838343,737126033.6831248,157833874.3745947,519892906.7138951,194082159.23706508,554124690.4622418,193894610.58239186,273608445.07374835,48160067.72796972,0.010057279501368472,9.498892127342103,0.6395157045687327
729.5295295295296,23151542067.914906,20882.180390116955,737471993.4158378,157719814.0501795,520060133.768463,194219144.06008062,554306195.5263909,194033350.83543682,273687023.7688323,48202463.42460895,0.01006452570093125,9.502002360036215,0.6397259861942902
730.3303303303304,23164029246.146305,20892.093635354875,737808865.7065922,157608805.59798747,520223016.40205723,194353370.36284515,554482989.4520216,194169304.13348037,273763560.3852409,48244010.22520718,0.010071626391942963,9.505031881503141,0.6399308108040276
731.1311311311312,23176188781.316196,20901.744655659186,738136880.2948391,157500768.78048176,520381661.7598509,194484883.08981422,554655188.1783838,194302515.6267782,273838105.32586217,48284721.78227356,0.010078583929867792,9.507982676950173,0.6401303126306075
731.931931931932,23188028916.86407,20911.140151107124,738456261.4679837,157395625.3162192,520536174.48484105,194613726.7412167,554822904.9381633,194433030.0294776,273910707.81624824,48324611.62035854,0.010085400647491742,9.510856685243388,0.6403246227732624
732.7327327327328,23199557699.296314,20920.28665974715,738767228.1537777,157293298.82250258,520686656.7391882,194739945.34308216,554986250.2785226,194560891.58884206,273981415.91497844,48363693.12648102,0.010092078853312253,9.513655799259132,0.640513869221641
733.5335335335336,23210782981.047913,20929.190560600076,739069994.0127131,157193714.75803235,520833208.2255557,194863582.41726887,555145332.0821415,194686144.05447626,274050276.5240227,48401979.5405557,0.010098620829927837,9.516381866235506,0.6406981768796545
734.3343343343344,23221712627.53345,20937.85816067595,739364770.6302981,157096803.00278056,520975931.1293011,194984684.70871222,555300261.3655013,194808834.45365548,274117337.6414365,48439485.11001855,0.010105029031222908,9.519036788999925,0.6408776743926035
735.1351351351352,23232354144.52944,20946.29554348031,739651761.9091417,157002492.95111144,521114921.09096503,195103295.24637854,555451141.6762741,194929006.0615853,274182644.2483471,48476222.939434595,0.010111305715197081,9.52162234082173,0.6410524816606162
735.935935935936,23242714795.975227,20954.50861930821,739931165.906287,156910714.93893906,521250269.9975833,195219455.42825156,555598072.3664035,195046700.51310214,274246239.5815366,48512205.636258304,0.010117453054257654,9.524140222547322,0.6412227136920962
736.7367367367368,23252801739.96268,20962.503183022207,740203176.9466761,156821401.9058037,521382069.2123398,195333207.44100547,555741152.3798114,195161960.2534147,274308166.60576844,48547446.06029866,0.01012347326322037,9.52659212872117,0.6413884850631932
737.5375375375376,23262621961.940453,20970.28488839219,740467984.6580441,156734488.43785807,521510407.917198,195444592.94828808,555880478.3025806,195274827.20890826,274368467.25919795,48581956.91698995,0.010129368529881737,9.52897971352427,0.6415499076207687
738.3383383383384,23272182277.98203,20977.85925126369,740725774.0694822,156649910.71576735,521635373.14403415,195553653.06822604,556016144.3954926,195385342.76394418,274427182.46819746,48615750.75013599,0.010135141013804267,9.531304591326387,0.6417070905197808
739.1391391391392,23281489338.053787,20985.23165272617,740976725.7099992,156567606.4626097,521757049.80576897,195660428.35092953,556148242.6265649,195493547.73765907,274484352.1621824,48648839.93465413,0.010140792845101717,9.533568337238286,0.6418601402606698
739.93993993994,23290549669.470604,20992.407343203315,741221016.1197133,156487516.0046872,521875521.9266596,195764960.2519993,556276864.0705609,195599483.88063216,274540015.8462978,48681237.13630546,0.010146326202642171,9.535772511393422,0.6420091623273995
740.7407407407408,23299369723.31926,20999.39144661136,741458818.3915157,156409583.41452566,521990873.9611488,195867292.71651372,556402100.4094489,195703195.48379526,274594213.21530336,48712955.80591189,0.01015174339811615,9.537918684982047,0.6421542629437057
741.5415415415416,23307955614.76633,21006.188957494716,741690299.5696675,156333749.1766344,522103182.97850597,195967462.36770126,556524035.0204002,195804719.41023713,274646980.51813,48744007.11645771,0.01015704635516486,9.540008285533903,0.6422955386368706
742.3423423423424,23316313390.11788,21012.804750246036,741915623.4568642,156259957.44057262,522212526.56526107,196065508.3042292,556642751.9811488,195904095.04844296,274698354.2345164,48774403.02113795,0.010162237129465533,9.542042753230945,0.6424330867818366
743.1431431431432,23324448949.780342,21019.243580432165,742134949.8882382,156188153.7449071,522318980.46004325,196161469.0882304,556758333.3708955,196001361.251924,274748369.9750538,48804155.31291907,0.01016731774881509,9.544023494040774,0.6425670024399842
743.943943943944,23332368051.75462,21025.510087967614,742348434.832241,156118284.97137365,522422618.5914596,196255382.73122442,556870859.3105353,196096556.32456744,274797062.49915034,48833275.619910195,0.010172290212362168,9.545951880402356,0.6426973784055225
744.7447447447448,23340076315.130276,21031.60880028807,742556230.4915289,156050299.29903838,522523513.1159738,196347286.68003887,556980408.0028863,196189718.0059864,274844465.732995,48861775.40073447,0.010177156489839159,9.54782925191177,0.6428243052518803
745.5455455455456,23347579223.57966,21037.544135523876,742758485.4038445,155984146.15845913,522621734.4557847,196437217.80273032,557087055.7729177,196280883.45686957,274890612.78752154,48889665.93990039,0.010181918520794243,9.549656916007937,0.6429478713780958
746.3463463463464,23354882060.205116,21043.32026818084,742955341.469657,155919779.80723152,522717351.99974746,196525216.63287085,557190877.8954749,196370093.5890603,274935536.2576528,48916959.6840231,0.010186578440974687,9.551436162315136,0.6430681639804252
747.1471471471472,23361990063.090294,21048.941436868423,743146940.8604709,155857151.262562,522810432.67257285,196611317.92293036,557291946.8911538,196457383.4270665,274979267.61721206,48943667.26713108,0.010191138078404964,9.553168233078152,0.6431852670493203
747.947947947948,23368908327.052307,21054.4117436946,743333421.5648377,155796213.6227025,522901041.9554042,196695556.94154298,557390333.7336823,196542788.53275606,275021837.65377367,48969799.49331825,0.01019559928928085,9.554854344088783,0.6432992627870886
748.7487487487488,23375641814.940666,21059.73517307153,743514917.8386499,155736921.60937998,522989243.8483122,196777968.97527528,557486107.8006142,196626344.49673453,275063276.4546471,48995367.17966795,0.010199963931375617,9.556495683818886,0.6434102315490916
749.5495495495496,23382195369.79911,21064.915612249508,743691560.6940678,155679231.0647047,523075100.82445407,196858588.7768663,557579336.8141252,196708086.37510934,275103613.38932556,49020380.98232223,0.01020423383459086,9.558093412381735,0.6435182517733131
750.3503503503504,23388573718.25464,21069.95685427994,743863477.9956974,155623098.91087678,523158673.8689681,196937450.55766913,557670086.8824455,196788048.68149215,275142877.1278802,49044851.39390628,0.010208410800536362,9.559648662238676,0.6436234000281665
751.1511511511512,23394781473.90654,21074.862600978293,744030794.5567681,155568483.1098926,523240022.5178673,197014587.98009264,557758422.541295,196866265.3790017,275181095.6593553,49068788.74095287,0.010212496602109941,9.561162538905771,0.6437257510603025
751.951951951952,23400823043.332027,21079.636367051902,744193629.1284528,155515344.21402916,523319204.0033636,197090035.37239,557844405.9279239,196942771.1277423,275218295.8695146,49092203.57225257,0.010216493048776733,9.562636107218731,0.643825376862946
752.7527527527528,23406702703.582333,21084.28155827475,744352096.8603106,155463644.11499658,523396273.97275275,197163826.79091573,557928097.4826171,197017600.3214114,275254503.8945617,49115106.35879053,0.010220401936152925,9.564070403029465,0.643922347469064
753.5535535535536,23412424806.96847,21088.801678849508,744506315.8216964,155413342.71378765,523471288.3752818,197235993.48465562,558009557.7839679,197090784.48287612,275289746.0508306,49137506.68270501,0.010224224909713909,9.565466463779341,0.6440167330247928
754.3543543543544,23417993507.721107,21093.200053515957,744656398.2693493,155364402.4008119,523544300.96183497,197306567.36114544,558088845.1254867,197162355.82379478,275324047.60101414,49159414.34558439,0.010227963651068638,9.566825288167612,0.6441086010539414
755.1551551551552,23423412858.393513,21097.479924914485,744802453.7110271,155316786.49620068,523615364.17730325,197375579.81141102,558166016.3855109,197232346.03747508,275357433.193436,49180838.99250626,0.010231619814787919,9.568147850651778,0.6441980174413197
755.955955955956,23428686812.926685,21101.644456220314,744944588.9913499,155270459.21480474,523684529.1965067,197443061.7064757,558241127.0657519,197300786.2950526,275389926.8789795,49201790.110762164,0.01023519502820278,9.569435102106215,0.6442850464772882
756.7567567567568,23433819229.714455,21105.6967337777,745082908.3776443,155225385.63119206,523751845.9601155,197509043.3938678,558314231.3298453,197367707.24166942,275421552.1280164,49222277.02858235,0.01023869089120287,9.57068797048077,0.6443697509023077
757.5575575575576,23438813869.553215,21109.63976498508,745217513.4918624,155181531.72257754,523817363.156979,197573554.7347333,558385381.9862477,197433139.03451097,275452331.82244235,49242308.92687539,0.010242108978226003,9.571907360519448,0.644452191887713
758.3583583583584,23443674140.097908,21113.476240839787,745348495.614762,155138868.27367485,523881125.55064446,197636627.1531476,558454627.7133107,197497113.45511988,275482287.0140858,49261895.49592102,0.010245450948831293,9.573094106900273,0.6445324258561121
759.1591591591592,23448403749.458035,21117.209142517073,745475955.3465152,155097360.93099666,523943180.8307776,197698288.46879676,558522020.1751217,197559658.58243862,275511440.1074421,49281045.278977126,0.010248718268843802,9.574249094427229,0.644610512636282
759.95995995996,23453006162.634434,21120.841236521374,745599986.2442621,155056978.49561673,524003573.9221548,197758567.2325466,558587608.113143,197620803.2619147,275539812.2164388,49299767.06176738,0.01025191244430018,9.575373158247364,0.6446865086927528
760.7607607607608,23457484758.533806,21124.37522024521,745720679.5403603,155017690.542782,524062348.63348526,197817491.5009207,558651439.0596163,197680575.84194893,275567423.9305584,49318069.47951922,0.010255034955303104,9.576467112797204,0.644760469089687
761.5615615615616,23461842832.685425,21127.81372427997,745838124.2177459,154979467.39221802,524119547.6896832,197875088.83537337,558713559.3723212,197739004.17292467,275594295.3300724,49335961.01657497,0.010258087255968894,9.577531752397332,0.6448324475310847
762.3623623623624,23466083599.957863,21131.159314726694,745952407.0852935,154942280.07843426,524175212.7641391,197931386.3015625,558774014.2693332,197796115.60623738,275620446.0012744,49353450.00600303,0.01026107077437513,9.578567851847005,0.6449024964009902
763.1631631631632,23470210197.275723,21134.414495506822,746063612.8531779,154906100.3210295,524229384.5109918,197986410.46862254,558832847.8637829,197851936.99332374,275645895.05171406,49370544.62920894,0.010263986912508261,9.579576167018732,0.6449706668036974
763.963963963964,23474225500.85842,21137.581536000776,746171818.7115409,154870903.56182164,524282100.93097055,198040188.81432268,558890101.3775976,197906496.13208315,275670660.3270563,49387253.369234286,0.010266837121985882,9.580557404131161,0.645037006489347
764.7647647647648,23478132446.788517,21140.662772692674,746277103.8254777,154836663.67956805,524333400.25940925,198092747.3150888,558945816.2969176,197959819.2855266,275694759.79448044,49403584.23288793,0.010269622774150106,9.581512274019378,0.6451015635179157
765.5655655655656,23481934015.12106,21143.66059395775,746379548.858962,154803353.26793912,524383320.83133984,198144110.58631665,559000034.2241681,198011931.32601044,275718211.4778201,49419544.79587171,0.010272345167616992,9.58244148958726,0.6451643860872812
766.3663663663664,23485633019.985123,21146.577242144667,746479229.7492932,154770947.12135437,524431899.2035196,198194303.49322492,559052794.8253683,198062857.39342514,275741032.5576123,49435142.72245823,0.010275005615085396,9.583345730497683,0.6452255201494321
767.1671671671672,23489232206.7621,21149.414904844638,746576220.5818545,154739420.64339262,524479171.0353944,198243350.43412846,559104136.7923108,198112622.15708637,275763239.79293334,49450385.53404459,0.010277605404693507,9.584225659718875,0.6452850105276166
767.967967967968,23492734254.58646,21152.1757169988,746670593.6590717,154708749.8206689,524525171.11942977,198291275.34134823,559154097.8752003,198161249.8164496,275784849.53570235,49465280.60929186,0.010280145800054695,9.58508192408254,0.6453429009540865
768.7687687687688,23496141778.846462,21154.861763005574,746762419.5693731,154678911.1967113,524569933.41144204,198338101.6821217,559202714.9152906,198208764.10182542,275805877.74498534,49479835.184264496,0.010282628040293377,9.585915154841967,0.6453992341078405
769.5695695695696,23499457333.684895,21157.475078828025,746851767.2561496,154649881.84583756,524613491.0609293,198383852.4595126,559250023.8775235,198255188.2750939,275826340.0012992,49494056.352569886,0.010285053340080869,9.586725968230171,0.6454540516523675
770.3703703703704,23502683414.499794,21160.017654101226,746938704.0867133,154621639.3470321,524655876.44140244,198428550.21332136,559296059.8831667,198300545.13042018,275846251.5209152,49507951.065497786,0.01028742288967124,9.587514966017995,0.6455073942733897
771.1711711711712,23505822089.7396,21162.491090361385,747023285.1876682,154594167.06197563,524697117.5808659,198472219.4150557,559340853.4564372,198344859.46593124,275865625.4412449,49521526.90533778,0.010289737984325458,9.588282671602212,0.6455592973576101
771.971971971972,23508875789.300137,21164.89733217545,747105576.2690912,154567442.86411193,524737245.8238356,198514881.39342958,559384438.583494,198388152.845988,275884476.50045264,49534790.446380585,0.010291999750043941,9.589029667240176,0.6456098002715328
772.7727727727728,23511846888.50875,21167.238281019203,747185641.5755596,154541445.10077003,524776291.7975362,198556557.03810304,559426848.470768,198430446.39154994,275902819.09985733,49547748.127954595,0.010294209289678287,9.589756521823025,0.6456589414780172
773.5735735735736,23514737612.41727,21169.515706284044,747263541.1115547,154516153.97222337,524814284.48855525,198597267.43482974,559468114.5746049,198471761.43550047,275920666.8602094,49560406.45939654,0.010296367717244834,9.590463774354326,0.6457067574192308
774.3743743743744,23517550132.96382,21171.73133519491,747339333.4512844,154491550.15113142,524851252.19241005,198637033.25503474,559508267.6006764,198512118.89239204,275938033.0774802,49572771.82275711,0.010298476124920722,9.59115195097085,0.6457532836674792
775.1751751751752,23520286571.137623,21173.886854606055,747413075.7979163,154467614.76122257,524887222.54061633,198675874.75889388,559547337.5331872,198551539.26140037,275954930.73559934,49584850.473640986,0.01030053558319701,9.591821565442292,0.6457985549589988
775.975975975976,23522948999.143826,21175.98391279681,747484824.0428114,154444329.3559773,524922222.5277577,198713811.79841325,559585353.6640823,198590042.62927815,275971372.5191921,49596648.54204696,0.010302547141031751,9.592473119670954,0.6458426052277512
776.7767767767768,23525539442.568336,21178.02412126736,747554632.8247578,154421675.8973111,524956278.5385546,198750863.82050857,559622344.6222551,198627648.6733091,275987370.8263164,49608172.033207946,0.010304511826003115,9.593107104191466,0.6458854676392161
777.5775775775776,23528059882.542652,21180.009056534494,747622555.5892045,154399636.73425752,524989416.3749337,198787049.87008467,559658338.402754,198664376.66426164,276002937.78120047,49619426.82843109,0.010306430644462473,9.593723998670479,0.6459271746241856
778.3783783783784,23530511713.715,21181.939779991357,747688629.4008156,154378200.72313583,525021654.954603,198822390.86881748,559693355.7053386,198700247.83936763,276018082.2615308,49630419.432710946,0.010308304705924903,9.594324158609988,0.6459677502082963
779.1791791791792,23532897049.238197,21183.81799347876,747752911.5039091,154357348.50325596,525053021.4888073,198856904.1701037,559727425.9813948,198735279.73133546,276032817.0584825,49641155.18776262,0.0103101349257926,9.594908088280466,0.6460072284901548
779.97997997998,23535217730.816647,21185.645162464843,747815451.5855157,154337063.67212355,525083539.9719393,198890607.71096668,559760575.2654353,198769490.49208874,276047153.44669396,49651639.63430165,0.010311922252004816,9.595476233758728,0.6460456396295166
780.7807807807808,23537475510.495228,21187.42267691529,747876296.8671421,154317330.7369798,525113233.297479,198923519.26398617,559792828.4127159,198802898.11343697,276061102.182422,49661878.266393825,0.010313667624183448,9.59602902098883,0.6460830124240541
781.5815815815816,23539672098.46375,21189.151893507384,747935493.4426899,154298134.57841972,525142123.8158109,198955656.24952236,559824209.6895639,198835520.23126402,276074673.7666589,49671876.46966602,0.010315371963366776,9.596566865825489,0.6461193749892797
782.3823823823824,23541809164.82266,21190.83413707233,747993086.3265077,154279460.43357915,525170233.3566528,198987035.74046442,559854742.7976795,198867374.13022,276087878.4556798,49681639.52269394,0.010317036172253671,9.597090174450319,0.6461547547866896
783.1831831831832,23543888341.348778,21192.470702037564,748049119.5014427,154261293.87932202,525197583.2514829,199017674.46697888,559884450.8984362,198898476.7484134,276100726.27159053,49691172.59838985,0.010318661135447825,9.597599343788083,0.6461891786519063
783.983983983984,23545911223.261,21194.06285386909,748103635.966893,154243620.81542733,525224194.3559681,199047588.82125795,559913356.6371804,198928844.68210316,276113227.01287544,49700480.76539033,0.010320247719701942,9.598094761922935,0.6462226728228228
784.7847847847848,23547879348.324306,21195.611811455445,748156677.1657988,154226427.6649987,525250086.78049827,199076794.89605272,559941481.8502362,198958494.2269459,276125390.1279438,49709569.00154482,0.010321796776088141,9.598576803075996,0.6462552626000234
785.5855855855856,23549793735.784607,21197.11835931266,748208270.3484962,154209705.79408413,525275273.95113164,199105309.17942113,559968841.10889,198987442.12927294,276137221.9276392,49718442.442443244,0.010323309179581313,9.599045716944957,0.64628696486477
786.3863863863864,23551656154.643734,21198.583914151557,748258463.3303275,154193439.35482773,525299778.9452658,199133146.67133316,559995459.4766887,199015703.54779708,276148733.2524542,49727105.70652005,0.010324785721654076,9.599501933074963,0.6463178086582465
787.1871871871872,23553468013.217663,21200.009590961756,748307294.0588804,154177615.9296436,525323620.18830323,199160322.54652557,560021356.9611952,199043293.85238826,276159932.75924087,49735563.490332454,0.010326227205055095,9.599945794351726,0.6463478171623893
787.987987987988,23555230685.14839,21201.396477142607,748354799.54823,154162223.40636408,525346815.6525239,199186851.67585617,560046553.0782136,199070228.10572946,276170828.89198446,49743820.39680899,0.01032763441649339,9.600377635234903,0.646377012989434
788.7887887887888,23556945510.81814,21202.74563364992,748401015.9173563,154147249.96479633,525369382.87498564,199212748.63157633,560071066.8711677,199096521.06857577,276181429.8902265,49751880.936824955,0.010329008126912436,9.600797782089987,0.6464054182043545
789.5895895895897,23558613798.763554,21204.058096142624,748445978.4285624,154132684.06327897,525391338.9754246,199238027.69260326,560094916.9304804,199122187.2050135,276191743.7974872,49759749.53077785,0.010330349091764246,9.601206553520186,0.6464330543473027
790.3903903903904,23560236827.089897,21205.334876129473,748489721.5258933,154118514.42523864,525412700.6741548,199262702.84979266,560118121.4129516,199147240.68771935,276201778.46968824,49767430.510162845,0.010331658051283475,9.6016042606983,0.6464599424560477
791.1911911911913,23561815844.885258,21206.576962115738,748532278.8735536,154104730.0257467,525433484.3099689,199286787.81121114,560140698.0611373,199171695.4032194,276211541.58357537,49774928.11914821,0.010332935730761498,9.60199120769862,0.646486103088415
791.991991991992,23563352006.29306,21207.785266024854,748573681.5498203,154091320.7449635,525453705.01086235,199310295.94868448,560162663.2998213,199195564.90305954,276221040.2459365,49782246.501895234,0.01033418283803529,9.60236767598816,0.6465115552743415
792.7927927927929,23564846202.98937,21208.960487058943,748613953.4582367,154078279.0276846,525473374.5866658,199333240.15575176,560184029.940138,199218862.27337492,276230280.0005586,49789389.668371424,0.01033540005677439,9.602733885019937,0.6465363138530896
793.5935935935936,23566299778.13525,21210.103691887914,748653130.8826308,154065592.8135998,525492510.51085377,199355633.47429407,560204816.9641808,199241600.71245798,276239269.06060934,49796361.64676309,0.010336588076225164,9.603090160173524,0.6465604008213652
794.3943943943945,23567713834.680843,21211.21575254189,748691243.5410719,154053252.3877507,525511127.21894556,199377488.49539256,560225040.0454102,199263792.9793131,276248014.2082712,49803166.33832638,0.010337747562818253,9.603436770048267,0.6465838343388847
795.1951951951952,23569089448.41669,21212.29751954432,748728320.4210838,154041248.2712351,525529238.7888534,199398817.54915538,560244714.4684873,199285451.5689022,276256522.0577586,49809807.563764185,0.010338879169195852,9.603773976578069,0.646606632114751
795.995995995996,23570427669.126007,21213.349822845794,748764389.8108882,154029571.21035776,525546858.95548785,199419632.70976162,560263855.1450634,199306588.71719334,276264799.0621878,49816289.06474612,0.010339983534474977,9.604102035301658,0.646628811425731
796.7967967967968,23571729521.736958,21214.3734727579,748799479.3306487,154018212.16578045,525564001.1253626,199439945.80050543,560282476.6295693,199327216.40620965,276272851.520447,49822614.50542855,0.010341061284510714,9.60442119563287,0.6466503891345311
797.5975975975977,23572996007.47491,21215.36926088704,748833615.9637148,154007162.30167297,525580678.3911993,199459768.39884013,560300593.1350032,199347346.36907777,276280685.58406603,49828787.47397457,0.010342113032159482,9.604731701130907,0.6466713817080726
798.3983983983984,23574228105.01472,21216.337961068282,748866826.0878661,153996412.97486317,525596903.5465331,199479111.8414221,560318218.5487212,199366990.09507683,276288307.2640866,49834811.48407403,0.010343139377542292,9.605033789770612,0.6466918052357689
799.1991991991993,23575426762.201344,21217.280322608403,748899135.250443,153985955.82833314,525612688.99222356,199497987.21546844,560335366.3336753,199386158.82145333,276295722.3873414,49840689.97256802,0.010344140907620907,9.605327692263218,0.6467116753158186
800.0,23576592833.05745,21218.19701891477,748930566.4577723,153975783.49002168,525628046.015916,199516405.27071804,560352048.7651489,199404863.4484684,276302936.259259,49846426.27447573,0.010345118191788176,9.605613619067942,0.6467310061758721
