,time,S,SR,C,CR,M1,M2,TH1,TH2,TC,Treg,IL10,IFNgamma,IL2
0,0.0,1.0,0.0,0.0,0.0,85000.0,15000.0,71000.0,12000.0,56000.0,8000.0,0.0085,0.12,0.0094
1,0.8008008008008008,1.0873512092540614,4.440804947585577e-08,0.10084533707948444,0.00012282377271638378,37585.50421496457,14415.756298706354,27654.250506212175,3017.8717597244813,1121.8394927678444,3593.023004175514,1.8770156206462043e-07,0.0014614822751502124,4.678584816066711e-05
2,1.6016016016016017,1.1827253348165012,9.660664516638806e-08,0.7189639186061635,0.004104187728498829,16606.97103525233,13849.953035490978,7937.723906618453,760.0415201660273,18.390303114676435,1613.7045683376052,5.075226287127683e-08,0.00018307888280373047,1.1321344947523547e-05
3,2.4024024024024024,1.286472437575638,1.5762146358174714e-07,3.8028478940033694,0.07304047924459113,7337.584277703927,13306.356318400785,1904.6886054689244,190.24554666075014,0.2743702526200076,724.7401025841052,1.4419960356926404e-08,4.428211511927706e-05,2.787669982703043e-06
4,3.2032032032032034,1.3993215289995768,2.2859745762957948e-07,16.82146192675981,0.9194368944869201,3242.011048346872,12784.095754698306,415.74141565818513,47.247670144368094,0.00398723965748994,325.48801902314733,4.358839803625312e-09,9.88509593234903e-06,6.167956021626127e-07
5,4.004004004004004,1.5220700930358861,3.108126723493774e-07,64.2078481281182,8.865865478683846,1432.4373746321144,12282.33624321967,86.82488800647748,11.64010227924529,5.762388813219641e-05,146.17812563149735,1.426487467539983e-09,2.087614053070635e-06,1.296260335129724e-07
6,4.804804804804805,1.655586257774932,4.0569274567923687e-07,215.12567899303374,68.07392313222003,632.9028542597005,11800.280996803458,17.77821152479912,2.845314576864321,8.352796305444209e-07,65.6484805398375,5.087154939788353e-10,4.296342851092112e-07,2.6616965407235258e-08
7,5.605605605605606,1.800814496414246,5.148269629822187e-07,641.114386935452,427.309357957864,279.64015587083253,11337.184566300142,3.6085610861833244,0.6902744979300436,1.2173424741325317e-08,29.482347387519972,1.9613483762238126e-10,8.740342338155955e-08,5.409372736839013e-09
8,6.406406406406407,1.958782179323517,6.399859871512447e-07,1719.137488128499,2239.712413098099,123.55660214348305,10892.401812120355,0.7296274321070946,0.16624833689461424,1.7916573030307088e-10,13.240204891270876,8.038818692483496e-11,1.76901549959975e-08,1.094344300496754e-09
9,7.207207207207207,2.1306068090267956,7.83141445676032e-07,4190.576426407084,9982.2738105321,54.59420759823099,10465.5522838127,0.1472741208351615,0.039761410283316846,1.5122842360050416e-12,5.945971262070814,3.444357170675363e-11,3.5723161112959403e-09,2.2094559779401313e-10
10,8.008008008008009,2.3175039180081196,9.464875614828961e-07,9372.058936977272,38444.57124904574,24.125446219130392,10057.00767414809,0.02970464600564363,0.0094462753577579,-2.494114857070103e-12,2.6702169738350254,1.5271928203571062e-11,7.206645001477986e-10,4.456872160580019e-11
11,8.80880880880881,2.520795665973002,1.1324650333818158e-06,19391.520198777864,129792.2471961029,10.66485166408222,9669.155994004022,0.005989346442525699,0.0022299151813709173,-3.606962320290417e-12,1.1991297164072123,7.007707001194026e-12,1.4532016417345195e-10,8.986817961527511e-12
12,9.60960960960961,2.7419201927719574,1.3437873935922152e-06,37399.9019520155,389112.9062133558,4.7191461822061616,9309.270255905356,0.0012074741374468953,0.0005232544051805077,2.4662600761989685e-11,0.5384953569316466,3.3723103016123418e-12,2.929819997247722e-11,1.8118135328778954e-12
13,10.41041041041041,2.9824417920997233,1.583470092940579e-06,67695.63680687788,1048001.049872339,2.093545502171555,8995.275010670444,0.00024342860590462507,0.00012212119187478344,7.0704169538658e-10,0.24182127761726377,1.75223072419282e-12,5.906661864570905e-12,3.6526773563894896e-13
14,11.211211211211213,3.244061977701673,1.8548625893736573e-06,115703.63403795703,2562446.4555763025,0.9343677230617039,8766.352339280631,4.9074054776163495e-05,2.8375866926333162e-05,3.301814045099842e-05,0.10859358310558315,1.0247899987024833e-12,1.2031935421934307e-12,7.36365492961299e-14
15,12.012012012012013,3.528619935930676,2.1616175555845836e-06,187773.0573464211,5741878.191766613,0.4224760944749305,8702.113708918663,9.892126766263547e-06,6.5766524911680435e-06,391662.92865934066,0.048765392928417264,7.006697494270439e-13,0.00022464882789176603,1.4843350631440454e-14
16,12.812812812812814,3.837716910313385,2.5056704281150274e-06,290681.8192892334,11889459.115995184,0.1960436782489942,8960.843407417806,1.994002104164637e-06,1.5261981132599844e-06,1847218.0011765703,0.021898790377825432,5.688829073741188e-13,0.0025674526031862852,2.9920457782095553e-15
17,13.613613613613614,4.173243325777483,2.889849043512506e-06,431095.2510300806,22923025.28216568,0.09543246871507989,9872.456027458618,4.019521715494698e-07,3.5729008830987503e-07,3723418.5698862155,0.009834094983554269,5.4781467303328e-13,0.005353314455177993,6.031386443361909e-16
18,14.414414414414415,4.536987461216659,3.315603797437529e-06,614817.3280273705,41430930.63445091,0.05045000818051298,12216.3285516804,8.104742559636612e-08,8.572833394753674e-08,6886199.344897294,0.004416375135773244,6.310716059468908e-13,0.0100367434959118,1.216135789839814e-16
19,15.215215215215217,4.9304565595732,3.7822028142313728e-06,845852.4073240466,70616572.91271596,0.030477355814837206,18216.139804762384,1.6342794090568098e-08,2.1883691902199346e-08,11925321.243461007,0.001983527445455681,9.040467135892409e-13,0.01758046852837305,2.452275080347713e-17
20,16.016016016016017,5.354748719622222,4.28640411586643e-06,1125463.3458980857,114101239.80370516,0.02257102149917335,35883.50510248803,3.2946551700448734e-09,6.621679581926157e-09,19510238.38725262,0.0008910868089052764,1.7306309954965574e-12,0.02905419382611623,4.943708501509662e-18
21,16.816816816816818,5.8103676275002005,4.82253480643027e-06,1451247.0941598946,175574614.96816307,0.022442865764540836,102340.06441990097,6.641306197231366e-10,3.5674973613816867e-09,30339734.225212764,0.0004006611108965201,4.810244715100975e-12,0.045597145920439806,9.965438070619717e-19
22,17.61761761761762,6.297056804537594,5.383365302598341e-06,1816407.9227199145,258316460.6265019,0.033467919690057905,407380.5414024556,1.3387616690495452e-10,2.3480343440339556e-08,45056824.227484055,0.00018082657474542717,1.8897662990784157e-11,0.06828794798702928,2.008843708409398e-19
23,18.41841841841842,6.813699696073568,5.961535436609833e-06,2209475.094991035,364651382.20273167,0.08495078512080262,1514081.3080639327,2.6986040779349695e-11,0.00546073274636338,64147688.84395784,8.289249420619629e-05,7.154617789164422e-11,0.09798339096833764,4.0493190864441614e-20
24,19.21921921921922,7.35832854841934,6.550918266445244e-06,2614745.1156103346,495435636.87293506,0.42031382889640834,3877115.2880906146,5.439685769919567e-12,1499292.9601186346,87841964.2272062,3.9602147907636264e-05,6.495892303633891e-05,0.13515302549585784,8.162370922589526e-21
25,20.02002002002002,7.928265318269674,7.147384424286968e-06,3013689.4763184977,649700258.530074,4.640797621454725,7541110.984632146,1.096525690829289e-12,5020052.676192403,116037226.67181025,2.034102730811739e-05,0.0002420925866730563,0.17974541154775533,1.6453478563759343e-21
26,20.82082082082082,8.520384047103542,7.748854724695993e-06,3386951.1339715673,824541224.0328357,129.46966019721043,12516406.780126322,2.21154357455489e-13,9333721.22512302,148266674.04391256,1.1589633685528323e-05,0.00045704495975554515,0.23111950657896924,3.317713865701241e-22
27,21.621621621621625,9.1314495959214,8.354893807220543e-06,3716913.7909060502,1015331673.3399035,10113.51734966863,18838349.216043945,4.61316373894544e-14,14855795.181194123,183724979.7143254,7.562602856217868e-06,0.0007324355683655878,0.2880664148210902,6.812639447930285e-23
28,22.422422422422425,9.758464347569758,8.966172410854465e-06,3990042.886950044,1216223497.6885536,2318453.704141557,26529371.700128388,6.100870302864809e-12,21706685.323777664,221351664.64826664,5.839404195337265e-06,0.001074872718731012,0.34892780081594993,1.325405838273542e-21
29,23.223223223223226,10.383193660812989,9.56853327254849e-06,4115279.1233261707,1406064395.7713256,180108226.8295521,35559381.5293831,63984746.19315457,29910686.365382556,265240215.98720804,5.513068148099323e-06,0.0014858431568651601,1.0169651907899373,0.049084007983645046
30,24.024024024024026,10.774193569319529,9.93926170784245e-06,3385919.599227585,1382670905.0557866,506723903.59887326,45116534.38590644,341015010.4749666,39156571.871674575,317553872.9404835,6.529947191988342e-06,0.0019519077236419909,5.076456068499226,0.34328448507547227
31,24.824824824824827,10.84945208497236,1.0001873227217224e-05,2400062.3751367903,1160274769.7250988,642108360.5535933,53262422.5046662,578412552.8520249,48042384.887451015,330651200.31473625,9.5968299604555e-06,0.0024051441018330673,9.347643875602616,0.637076969492526
32,25.625625625625627,10.795354020862574,9.938489562314228e-06,1677020.800244284,932212435.9989138,628344755.6565647,59315158.630567715,660391866.4330633,55286870.30836809,308710871.17061096,1.672568536285315e-05,0.0027778661341926695,11.16889246329203,0.7568799073649093
33,26.426426426426428,10.733019195807334,9.867586182073768e-06,1205683.8970956735,758173294.7687879,552540589.7196833,63593774.95620963,630649005.2534115,60660936.55841004,271721397.2700158,3.296941301423175e-05,0.00305554488714935,10.92876581209935,0.7369776227470851
34,27.227227227227228,10.718919064760954,9.846445932020895e-06,904711.4570030601,638292524.0828037,466449870.2450763,66592519.40842803,553700133.9868455,64490050.57389082,233679359.14378473,7.085902910994076e-05,0.0032536912845850434,9.714601597875973,0.6529415088059662
35,28.02802802802803,10.776491798437588,9.90080927793611e-06,711717.2841695424,560551175.7916383,391745728.63257647,68729486.90960756,470317131.7221488,67202003.56166124,201455088.47400987,0.00016186964883502914,0.0033939732381569753,8.293318302213535,0.5562547380137396
36,28.82882882882883,10.911413182283745,1.003829476108364e-05,586660.6366606428,513393134.4962819,334340184.94804186,70314537.6631977,398637740.4873394,69162196.69516194,177109113.07453826,0.0003864911757330369,0.003495163873272205,7.031999639633231,0.47105350453006667
37,29.62962962962963,11.119305309041206,1.0255209063867683e-05,504667.7966995303,487877452.7886824,293573057.42363274,71567494.1459863,343801183.0634797,70645146.33710954,160276671.40134954,0.0009544778308751983,0.0035714401561001753,6.049289824324418,0.404914884286734
38,30.430430430430434,11.390400386994488,1.0541180810749968e-05,450142.9139855892,477346714.2145108,266684085.94551826,72640614.63937707,305141408.7823783,71846611.91850808,149676678.50274637,0.0024233084594874033,0.0036329366772084723,5.346770272688434,0.3577383430838161
39,31.231231231231234,11.712671199090254,1.0882733258431611e-05,413076.75708825333,476765798.2523807,250628276.0179073,73635958.54361969,280010614.397381,72901580.54990163,143851424.96975368,0.006306091713631164,0.0036866572875474523,4.883120713881477,0.32666067820196854
40,32.032032032032035,12.073926832920659,1.1265923306065565e-05,386907.17702923476,482233954.2640762,242652128.66960555,74617637.4786534,265430041.81651455,73899105.14042455,141458216.02328795,0.016802634578385576,0.0037372392343152042,4.60767772844541,0.30824812915211725
41,32.832832832832835,12.463147975678588,1.1678105423227648e-05,367310.43370633933,490723243.355968,240390724.2978773,75620779.40286353,258654529.02239138,74893314.39954495,141355428.99029484,0.04584865059512235,0.003787521165777542,4.472651408864975,0.2992799205446133
42,33.633633633633636,12.87127920384837,1.2108969187450125e-05,351503.4223989651,499974098.2299338,241843294.03198925,76658829.25782292,257301815.9500917,75911876.50803918,142615521.3573678,0.1282092418790028,0.003838977721195428,4.436300720067203,0.296944605676694
43,34.434434434434436,13.291616105896136,1.2551006823902252e-05,337800.46269303025,508452503.79436225,245360765.68693104,77730086.19005807,259363500.4986594,76963121.63461709,144520433.2766562,0.36772390370196884,0.0038920831554483133,4.463325436463892,0.29886188376312217
44,35.23523523523524,13.719856029706827,1.2999531703221467e-05,325287.49935316644,515290863.4385641,249661277.3827307,78823655.64298716,263212865.99639642,78042412.66287436,146552897.55839223,1.0825044488446611,0.003946635937379422,4.524951822180594,0.3030898287619038
45,36.03603603603604,14.153867129990855,1.345235636114353e-05,313558.7308931875,520176985.9821002,253843176.11338022,79924540.95485966,267620633.25680482,79137775.65490279,148380680.96185213,3.27189201681293,0.004002046432255013,4.59915979102253,0.3081429114652781
46,36.83683683683684,14.593258438313851,1.3909254259992126e-05,302505.7596135455,523199648.629868,257366399.72950307,81017511.49528843,271754245.254493,80234506.45021717,149829885.2344091,10.153721961351124,0.004057573790765558,4.670711550187907,0.31299542022873766
47,37.63763763763764,15.038859308665664,1.4371339353443558e-05,292162.5673045975,524683689.7392194,259995606.76427025,82089574.1692207,275142223.1853913,81318489.95488444,150848705.92096522,32.34110541662114,0.004112498302145541,4.730636278148323,0.31704653855126846
48,38.43843843843844,15.492212026925987,1.4840479468541673e-05,282605.08961866953,525047544.26605433,261718429.89388946,83131150.02626818,277604991.7083049,82378179.45070167,151467483.3964199,105.66078350907897,0.004166225802731804,4.775135374462047,0.3200453729416234
49,39.23923923923924,15.955150010368822,1.5318819085478965e-05,273896.21436772216,524701581.1609082,262659313.74061006,84136257.50410752,279168123.4146055,83405414.56818785,151761732.6398131,353.7863093120026,0.004218332684550268,4.804142350744052,0.3219925815856568
50,40.04004004004004,16.429494427201295,1.5808442536263048e-05,266062.9942296209,523989569.35512763,263005445.47888103,85102071.12986402,279976995.58874136,84395396.60826848,151822833.11774734,1212.8517872010427,0.00426856790106578,4.819856533869463,0.32304064710841623
51,40.84084084084084,16.916869627062436,1.631117403321662e-05,259093.40621450995,523165381.72413033,262952965.37912384,86028185.48511262,280226562.25745165,85346165.35228063,151738138.08557984,4251.959667171193,0.0043168314724315385,4.825500736182934,0.32340977373371516
52,41.64164164164164,17.418618304137418,1.6828490837831736e-05,252942.97460786568,522393499.7446688,262674241.95155206,86915824.27084936,280112101.3568937,86257866.48049445,151579886.32374498,15215.00876498673,0.004363151961607581,4.824424165145664,0.3233274572116448
53,42.44244244244244,17.9357895741316,1.7361518271832228e-05,247544.96025930913,521762713.02038544,262302609.9241778,87767139.13733563,279800423.67501646,87132010.97778505,151400997.33114475,55332.14089989223,0.00440770169466392,4.819557975450562,0.32299203604468546
54,43.24324324324325,18.469173246759937,1.791107589722134e-05,242820.56556373206,521305065.6745095,261929417.13852525,88584667.38586633,279417489.8160302,87970843.10303502,151235480.30847338,201793.17517377253,0.004450954389235984,4.813162601631177,0.3225559685452749
55,44.04404404404405,19.01935777759386,1.8477749142050375e-05,238687.47507579278,521014948.29252505,261608470.74772695,89370970.58965291,279047304.6914933,88776870.15807714,151101426.42480466,707041.987219138,0.004494232343145304,4.806781306277161,0.32212297996394107
56,44.84484484484485,19.586795064466976,1.9061967186354703e-05,235066.17715016298,520865548.9638127,261364019.6105219,90128450.5345263,278737389.4639079,89552569.27166669,151005044.76745915,2138486.5797901205,0.004540444515393632,4.801318094187872,0.32175352747990127
57,45.64564564564565,20.171860891767356,1.9664074421245015e-05,231884.01895890755,520821437.49339277,261199605.49835125,90859273.26071903,278507202.2679713,90300244.4232461,150944713.88307297,4882551.421311474,0.004591882029182315,4.797175044098255,0.3214742018878798
58,46.44644644644645,20.774904710322733,2.0284388469727273e-05,229077.0906578979,520846986.7789346,261106128.23953277,91565238.24667998,278357026.1626392,91021917.04486515,150914436.36573875,8264963.021607172,0.004645561488679952,4.794403689360906,0.32128801865167006
59,47.24724724724725,21.396286318397696,2.0923242278223992e-05,226590.623439427,520911255.12120205,261068283.86578685,92247665.37975071,278275826.84958965,91719191.45070788,150906447.99120218,11314210.09154232,0.004696557942498403,4.792842348167671,0.3211837164268455
60,48.04804804804805,22.03639968834493,2.1581010839250378e-05,224378.74638435023,520990363.7034955,261069199.04255423,92907489.01756017,278247406.28677994,92393240.8426151,150913010.51470444,13638201.326091988,0.004742750889627196,4.7922257928456435,0.3211431585930968
61,48.84884884884885,22.69568571935653,2.225812482026897e-05,222403.73472743697,521068011.37157035,261093417.02945742,93545424.44795755,278254753.37096214,93044928.82884432,150927486.9465774,15275772.568209598,0.004784292955246971,4.792264238274644,0.32114664943566346
62,49.64964964964965,23.374636379047562,2.2955074148882516e-05,220634.84947292987,521134706.07071793,261128489.13720715,94162080.93532197,278282750.7091885,93674942.38937525,150944827.46494997,16397024.059756633,0.004822065194693753,4.79269377183548,0.3211763169777367
63,50.450450450450454,24.073792913315362,2.3672404818129105e-05,219047.03311777662,521186331.17296886,261165500.60137722,94758023.19243263,278319524.32506394,94283881.443226,150961632.82468784,17166383.328814965,0.0048569404440083385,4.793302815477969,0.3212178762342292
64,51.251251251251254,24.793740646472035,2.441071193291513e-05,217619.67469674372,521222535.66763633,261198885.93055993,95333804.08113642,278356791.5964048,94872310.3872978,150975959.6848173,17707123.444534708,0.00488958522586852,4.793940535317478,0.3212611755036046
65,52.052052052052055,25.535102394112712,2.5170631372975394e-05,216335.5493078617,521245248.97701377,261225850.36366105,95889981.40417942,278389567.65958965,95440786.20236601,150987001.35325885,18102619.08895692,0.004920461164829639,4.79451338954861,0.32129994583136123
66,52.852852852852855,26.29853189258673,2.5952831695271516e-05,215179.9647892502,521257470.01137656,261245628.9532084,96427124.68336344,278415519.88631886,95989872.28800587,150994735.29727957,18406534.97005458,0.004949876412085966,4.79497490198138,0.32133109794030495
67,53.653653653653656,27.084708275592046,2.6758007448169828e-05,214140.1265267509,521262405.17364866,261258761.86627957,96945815.28639612,278434210.063401,96520143.08371243,150999604.53586864,18652543.509859275,0.00497803572967227,4.795312935184288,0.32135385524042853
68,54.454454454454456,27.894332068415693,2.758687439878963e-05,213204.69476753104,521262942.7523421,261266487.40222317,97446642.4768216,278446382.33779526,97032182.80423658,151002266.63587356,18861385.692413863,0.005005076976634681,4.795537363957362,0.32136891797754863
69,55.25525525525526,28.728122655108447,2.8440166560714675e-05,212363.4782407684,521261377.2991266,261270283.8939181,97930197.76158285,278453378.01179606,97526581.22356018,151003414.00987098,19045741.47703616,0.005031096239700357,4.795669741550684,0.3213777645877343
70,56.05605605605606,29.586817106814827,2.9318634860313686e-05,211607.2354884274,521259328.23333955,261271561.47971496,98397068.73231865,278456700.70029855,98003927.95716259,151003661.36562267,19213368.454876706,0.0050561639018049075,4.795735460600937,0.3213821233261631
71,56.85685685685686,30.47117017498586,3.0223047180608858e-05,210927.55483789352,521257794.21334505,261271493.61879987,98847833.41028988,278457739.6043329,98464806.52915551,151003492.1247106,19368993.405196633,0.005080334216562571,4.795758626472368,0.32138362807709336
72,57.65765765765766,31.381955050221922,3.115418928539959e-05,210316.77635128394,521257269.0641003,261270951.25361001,99283055.83244221,278457624.0326504,98909789.32082003,151003245.09204516,19515510.75966024,0.005103651308105991,4.795759248708055,0.32138363088125504
73,58.45845845845846,32.31996457790876,3.211286625353606e-05,209767.93684629467,521257878.88621426,261270503.01799962,99703282.9133867,278457169.66753703,99339433.64633411,151003125.5486743,19654729.246838056,0.005126152871672665,4.795752081382163,0.32138312565020755
74,59.25925925925926,33.28601273635172,3.3099904190307076e-05,209274.72751829258,521259517.34346503,261270458.63627845,100109042.5487036,278456891.0158062,99754279.05802469,151003231.05660555,19787804.20045151,0.0051478722935151735,4.795746675202724,0.3213827533709972
75,60.06006006006007,34.280936188848244,3.411615199000005e-05,208831.4549398527,521261958.5593199,261270934.53855187,100500842.91100799,278457056.3755962,100154845.95029017,151003583.1070752,19915479.952178404,0.0051688398439525595,4.795748235595932,0.3213828612458823
76,60.86086086086087,35.30559573412091,3.5162482951236673e-05,208432.99896048303,521264939.1420412,261271917.605998,100879172.50862111,278457752.1525033,100541635.09259392,151004155.64440122,20038257.712822746,0.005189083529240099,4.795758691723774,0.32138357563209546
77,61.66166166166167,36.360877601403445,3.623979618487896e-05,208074.7677233192,521268208.15361214,261273318.51038206,101244500.81719373,278458944.04589254,100915127.92172386,151004897.4323285,20156493.337320145,0.0052086296160744165,4.795777749897073,0.3213848735288257
78,62.46246246246247,37.447694646257055,3.7349017894079235e-05,207752.65210415848,521271561.2926332,261275016.1779826,101597279.09367663,278460531.0042898,101275787.11473078,151005750.09713873,20270463.162518937,0.005227503003734098,4.795803835320088,0.32138664635430736
79,63.26326326326327,38.56698739934662,3.849110246501179e-05,207462.9797732834,521274852.8781573,261276889.59416056,101937941.4379302,278462388.7430863,101624057.54716867,151006660.03030246,20380389.175407145,0.005245727403727496,4.795834871887168,0.3213887525501331
80,64.06406406406407,39.71972498096273,3.966703339062888e-05,207202.46960632512,521277992.2075919,261278835.59745088,102266905.88743871,278464398.1836065,101960367.38611968,151007584.21466964,20486454.165041946,0.005263325474255164,4.795868806698059,0.3213910528169997
81,64.86486486486487,40.90690593725262,4.0877824099811756e-05,206968.18840480532,521280933.0342194,261280775.87703538,102584575.39839076,278466460.2349716,102285129.12170303,151008491.7829857,20588814.62477189,0.005280318940101272,4.795903893914851,0.3213934290756915
82,65.66566566566567,42.12955904693557,4.2124518751622345e-05,206757.51135503795,521283661.4768173,261282657.01476672,102891338.67278038,278468500.64630365,102598740.46420206,151009363.05752563,20687611.132023856,0.005296728692723111,4.7959387991852855,0.321395791338512
83,66.46646646646647,43.38874413670024,4.34081930397364e-05,206568.08638624134,521286185.39581513,261284447.77977738,103187570.8623756,278470470.11242723,102901585.1156852,151010187.76263693,20782975.652826704,0.005312574867866987,4.795972615415353,0.3213980786359888
84,67.26726726726727,44.68555294586702,4.472995505201252e-05,206397.80720842225,521288527.6420754,261286133.70977232,103473634.068445,278472338.73290044,103194033.32344784,151010962.61563852,20875031.03061432,0.005327876871147666,4.796004770309462,0.32140025271204703
85,68.06806806806807,46.02110993744914,4.60909460704598e-05,206244.77580248032,521290715.1185225,261287715.60612178,103749878.09184505,278474098.0630931,103476442.69699174,151011689.92698565,20963900.87816365,0.005342653471506298,4.796035078105826,0.32140230136581954
86,68.86886886886887,47.396573291046835,4.749234157074447e-05,206107.29186647394,521292777.5401078,261289201.4760047,104016640.6464595,278475749.3888955,103749158.45248143,151012374.72733286,21049697.37601522,0.00535692274982043,4.796063526920117,0.32140422413124986
87,69.66966966966967,48.81313567108854,4.893535197568426e-05,205983.81079999157,521294735.0955537,261290605.14197642,104274248.17114319,278477306.505862,104012514.29852517,151013023.29422686,21132533.499893207,0.005370702208111912,4.796090345610051,0.3214060366188992
88,70.47047047047047,50.27202551171539,5.042122398058448e-05,205872.95672926484,521296610.4565455,261291939.7113288,104523015.61651358,278478781.070924,104266832.1830887,151013641.87134063,21212510.93230694,0.005384008693234295,4.796115720471795,0.3214077516104583
89,71.27127127127127,51.77450761914312,5.195124112077574e-05,205773.46835807868,521298408.7883805,261293214.67560878,104763247.48156257,278480186.1162788,104512423.44627242,151014234.05972365,21289729.32263391,0.005396858504249595,4.7961398854789925,0.32140938487640247
90,72.07207207207207,53.321884882119754,5.352672556790182e-05,205684.23044024638,521300144.37416357,261294441.10809717,104995237.40032424,278481533.4096634,104749588.27063112,151014804.7483919,21364284.177177098,0.005409267352865342,4.796163039440324,0.32141094993902547
91,72.87287287287288,54.91549868016355,5.514903848256254e-05,205604.21768836537,521301815.2646611,261295619.3521243,105219269.10818745,278482824.81371355,104978616.80851431,151015353.83646387,21436265.411830574,0.005421250413699089,4.7961852210749365,0.3214124493493105
92,73.67367367367368,56.55673086006022,5.6819582086744744e-05,205532.52307253162,521303429.257444,261296757.66024613,105435616.35044046,278484070.28471357,105199788.93221885,151015884.7365111,21505763.512090616,0.005432822343120428,4.796206604178202,0.321413894869102
93,74.47447447447448,58.24700437165433,5.853980026417369e-05,205468.3153464649,521304987.6262194,261297854.6697279,105644543.48488548,278485267.738361,105413374.96241829,151016397.03393033,21572865.05525548,0.005443997293238325,4.796227150849123,0.3214152839394952
94,75.27527527527528,59.98778517575903,6.0311180522012824e-05,205410.8525862607,521306493.93447995,261298916.06132567,105846305.80367793,278486424.8261917,105619635.92063348,151016892.92809176,21637653.79239905,0.005454788930003357,4.796246997992367,0.32141662579065355
95,76.07607607607608,61.78058214021551,6.21352538719455e-05,205359.46855373852,521307950.1406116,261299942.6626667,106041149.51609625,278487542.43908817,105818823.55591351,151017372.8250217,21700211.111676313,0.005465210437186852,4.796266160922377,0.32141792145502573
96,76.87687687687688,63.62695686476066,6.401360480185728e-05,205313.51213384984,521309358.4396315,261300938.62523732,106229314.3285672,278488626.4046912,106011182.95871778,151017838.29413003,21760614.192331728,0.005475274639031997,4.796284744825741,0.3214191780140119
97,77.67767767767768,65.52850173909587,6.594784901676546e-05,205272.4941955911,521310719.96127856,261301904.36422506,106411027.71701925,278489677.23453623,106196946.72053051,151018289.5458483,21818939.216412976,0.005484993721254548,4.7963027588760445,0.3214203960798461
98,78.47847847847848,67.48686644332419,6.793966031952302e-05,205235.92169528906,521312035.37332517,261302840.7820198,106586511.53983575,278490696.3593648,106376341.69024095,151018726.92038068,21875258.342763443,0.005494379557471223,4.796320229633186,0.3214215774287479
99,79.27927927927928,69.50375758893567,6.999077024616584e-05,205203.30430681416,521313304.6625637,261303748.2122956,106755981.84606373,278491684.6117237,106549588.78133006,151019150.5073168,21929640.001815375,0.005503443700990216,4.79633717358837,0.32142272315145093
100,80.08008008008008,71.58090904690992,7.210293797059988e-05,205174.31891154958,521314527.482078,261304626.53574273,106919641.96683264,278492642.1955558,106716895.89822975,151019560.22612798,21982151.05256432,0.00551219703768891,4.796353595925068,0.3214238335766696
101,80.88088088088088,73.72012857192327,7.427799760321929e-05,205148.5779757974,521315705.14589787,261305476.02377367,107077692.7535452,278493569.27566236,106878468.40478684,151019956.25885388,22032856.38618521,0.0055206503143434655,4.7963694990318455,0.321424908865353
102,81.68168168168168,75.92327681984303,7.651783690288888e-05,205125.72787063126,521316839.1712797,261306296.73272604,107230328.10646136,278494465.59300315,107034504.55562922,151020338.73210034,22081818.444582142,0.005528813904634946,4.796384877223737,0.32142594863875096
103,82.48248248248248,78.19224697100607,7.88243766008914e-05,205105.53655467826,521317929.12509793,261307087.61762616,107377730.8117444,278495329.93374246,107185191.24725166,151020707.24577636,22129095.88338155,0.0055366975868823085,4.796399709708624,0.3214269514795196
104,83.28328328328328,80.52902171873637,8.119962822422757e-05,205087.6947267398,521318978.11234987,261307850.44827268,107520083.07422462,278496163.9860132,107330714.76258755,151021062.64638498,22174748.329397593,0.005544311113287538,4.796414024233814,0.321427919278987
105,84.08408408408408,82.93562499585367,8.364564511600241e-05,205071.96470210407,521319988.3524704,261308585.8857019,107657558.06353712,278496968.07254755,107471252.14979318,151021405.33287993,22218831.921244197,0.0055516637498358255,4.796427824624433,0.32142885230958684
106,84.88488488488488,85.4141274090419,8.61645279492268e-05,205058.16479057865,521320961.6642127,261309293.9591415,107790320.83858354,278497741.6892575,107606972.1648477,151021735.45855168,22261399.83632613,0.005558764326806201,4.796441100019529,0.3214297498519917
107,85.6856856856857,87.96669722035958,8.875847643548249e-05,205046.06709413108,521321899.91091424,261309976.77162555,107918535.72855227,278498487.4769094,107738042.81450008,151022053.890041,22302505.57558099,0.005565621638185566,4.796453897030008,0.32143061505283205
108,86.4864864864865,90.59554209920407,9.14297302507137e-05,205035.50290161674,521322805.5441832,261310635.86238602,108042358.23112416,278499206.96057343,107864623.07157953,151022361.35141513,22342199.636062536,0.005572244004416951,4.7964662410116805,0.3214314496376299
109,87.2872872872873,93.30293948382455,9.418059982541763e-05,205026.31276202953,521323680.88551563,261311273.22163424,108161939.06059232,278499902.3940335,107986867.01714146,151022658.71185812,22380531.0316255,0.005578639490279776,4.796478170780576,0.3214322562360803
110,88.0880880880881,96.09123720857626,9.701346697015291e-05,205018.37433274934,521324525.8671188,261311887.75681573,108277422.95553799,278500572.281315,108104922.6390682,151022945.59040135,22417545.849514842,0.0055848158365294,4.796489659662279,0.3214330330432905
111,88.8888888888889,98.96285068671537,9.993078203927531e-05,205011.5505793635,521325342.4841451,261312482.14458263,108388950.7965117,278501220.03122675,108218933.9625548,151023223.0672895,22453289.99117118,0.005590780582056861,4.7965007679468865,0.3214337841301753
112,89.6896896896897,101.92026685216815,0.00010293506791348143,205005.72382558294,521326131.5515694,261313057.9736128,108496658.34082589,278501847.857938,108329039.78164588,151023491.7547709,22487807.299782533,0.005596540989916532,4.79651153558459,0.3214345121851323
113,90.4904904904905,104.9660523524834,0.00010602892831581081,205000.79452079945,521326893.98130465,261313615.53828293,108600676.55220461,278502455.964755,108435373.99085881,151023751.8286772,22521139.98843128,0.005602104066349001,4.796521965614206,0.3214352174153744
114,91.2912912912913,108.10285130843279,0.00010921504553717142,204996.67339959196,521327630.3686116,261314154.60505855,108701131.93606023,278503043.8727658,108538065.92845215,151024003.25826526,22553328.75487471,0.005607476578779273,4.796532048991938,0.32143589921175375
115,92.0920920920921,111.33337959420571,0.0001124961746313561,204993.26874110897,521328340.2867217,261314675.86165157,108798146.99005266,278503612.9019637,108637240.83752903,151024246.24713978,22584412.946109273,0.005612665080046741,4.796541810866947,0.32143655925250014
116,92.8928928928929,114.66043658432379,0.00011587515533447358,204990.4991123625,521329023.2414163,261315179.13949734,108891840.01803559,278504163.09400725,108733019.67503984,151024480.69939876,22614430.493243866,0.005617675898381446,4.79655125308914,0.3214371976480983
117,93.6936936936937,118.0869130307164,0.00011935492007777136,204988.31604581716,521329682.6933863,261315665.88617295,108982324.06603764,278504695.3641413,108825517.9991758,151024707.3953402,22643418.2532585,0.005622515082691002,4.796560388281573,0.32143781528419996
118,94.4944944944945,121.61577636771416,0.00012293847903463792,204986.6472359518,521330317.6712911,261316135.2461954,109069709.7253561,278505208.8925621,108914848.88453351,151024925.96455798,22671411.584006056,0.005627188548301783,4.796569203136306,0.3214384112462184
119,95.2952952952953,125.25008466841881,0.00012662893431016013,204985.43402707885,521330928.681787,261316586.75825298,109154103.4584326,278505702.86600024,109001121.17606339,151025136.29186118,22698444.741762593,0.005631701990390918,4.796577682516725,0.3214389845155672
120,96.0960960960961,128.99299088393423,0.00013042948423636392,204984.63164851762,521331516.96947145,261317021.36949,109235607.65180404,278506178.3077521,109084439.5444025,151025338.80679953,22724550.72788739,0.00563606088599989,4.796585843861497,0.32143953627458477
121,96.8968968968969,132.84774263189954,0.00013434342315621242,204984.20264535025,521332084.2346765,261317440.58767164,109314321.05428983,278506636.9063001,109164904.93731989,151025534.16877303,22749761.412097774,0.005640270517570217,4.796593716153919,0.32144006848821277
122,97.6976976976977,136.81767849925203,0.000138374137669588,204984.10257661165,521332631.8889654,261317844.43061775,109390339.61197013,278507078.205923,109242615.44189724,151025722.50057217,22774107.748464856,0.005644336017798438,4.796601289568146,0.32144058050726726
123,98.4984984984985,140.90623794150702,0.0001425251166780565,204984.29508042478,521333161.8932779,261318233.84690595,109463755.79115516,278507502.94017565,109317665.58260246,151025904.28978845,22797619.616660904,0.0056482623331968315,4.796608575278527,0.32144107310239123
124,99.2992992992993,145.11697424418531,0.00014679996450375302,204984.75605709682,521333673.0952407,261318609.2973693,109534658.34708044,278507912.3247498,109390146.10383481,151026079.60670093,22820325.290703073,0.005652054210377226,4.7966155972849025,0.32144154786813256
125,100.10010010010011,149.4535328513604,0.00015120237895934008,204985.4547148115,521334167.87876105,261318972.25833827,109603133.6221546,278508307.720698,109460145.2656613,151026249.15449324,22842252.713027764,0.005655716268239054,4.796622377655124,0.3214420063136448
126,100.90090090090091,153.91967091051552,0.00015573617113624958,204986.36571446533,521334647.5303671,261319324.23479566,109669264.86375768,278508690.9616496,109527748.1682938,151026413.5582302,22863428.678735703,0.0056592529595662425,4.7966289485017235,0.3214424506101845
127,101.70170170170171,158.5192629613386,0.000160405271174199,204987.46814003747,521335112.2322676,261319665.43000054,109733132.28088324,278509062.33968085,109593036.8128789,151026572.90648142,22883878.942290302,0.005662668574682972,4.796635315184554,0.3214428811157723
128,102.50250250250251,163.25630068526277,0.00016521372801054415,204988.7438170017,521335561.50764626,261319995.43638805,109794813.28329022,278509421.47801405,109656090.3426868,151026727.02470806,22903628.31572596,0.005665967254173502,4.79664147168408,0.32144329741487326
129,103.30330330330331,168.1348860038499,0.00017016570239178602,204990.17315102444,521335995.7086348,261320315.43046907,109854382.9720422,278509770.0739032,109716985.53368273,151026876.3497469,22922700.898816098,0.005669153014892289,4.796647448802527,0.3214437015793761
130,104.10410410410411,173.15924580988877,0.00017526548180227326,204991.73910992662,521336414.4125502,261320625.6979914,109911913.80657123,278510108.7771277,109775796.46622115,151027020.9496989,22941119.898793746,0.005672229732443737,4.79665325919449,0.32144409445086836
131,104.90490490490491,178.33375709991046,0.00018051750599460962,204993.43708298262,521336820.8603126,261320926.4930054,109967474.72889592,278510436.73646015,109832593.60780053,151027161.1769532,22958907.723929074,0.005675201095089769,4.796658883302203,0.3214444747505898
132,105.70570570570571,183.66289369470542,0.00018592631286935233,204995.2488111686,521337212.9948213,261321217.5884722,110021133.75281948,278510754.4670464,109887446.5020078,151027296.79140604,22976086.02477756,0.0056780707404183615,4.796664333430151,0.3214448432762407
133,106.50650650650651,189.151272366926,0.00019149658532160483,204997.1615400053,521337590.2340185,261321498.5569386,110072956.18484138,278511061.59418696,109940421.91819823,151027427.60279799,22992675.723329928,0.005680842161588338,4.796669603691456,0.32144519962063833
134,107.30730730730731,194.80364481643986,0.00019723314308565045,204999.16253728335,521337951.6724431,261321768.65350637,110123005.22470339,278511357.38821167,109991584.47395054,151027553.28550792,23008697.0487526,0.0056835187390980564,4.796674682125893,0.32144554296411515
135,108.10810810810811,200.6249167594967,0.00020314096211633342,205001.24511137296,521338298.16180634,261322028.29995576,110171341.44249652,278511642.1910736,110040996.0876956,151027674.05685577,23024169.47286938,0.005686103712648307,4.796679574060674,0.3214458736722149
136,108.90890890890891,206.62016181452984,0.0002092251886862481,205003.4125348086,521338633.7027299,261322280.0727805,110218022.46220283,278511918.36352235,110088715.64664878,151027791.1292011,23039111.67794129,0.005688600164105231,4.796684317607352,0.3214461943557033
137,109.70970970970971,212.79455567283745,0.00021549107252956019,205005.6498768685,521338956.28355694,261322522.09119275,110263105.80780435,278512183.88758945,110134801.9731769,151027903.69661644,23053542.01925136,0.005691011170514341,4.796688878684638,0.32144650269327246
138,110.51051051051051,219.15344421620776,0.0002219440360134253,205007.94975932568,521339266.451462,261322754.17561403,110306646.435266,278512438.3105028,110179311.24873823,151028011.74458563,23067478.15625857,0.005693339671374183,4.7966932484762745,0.32144679809555843
139,111.31131131131131,225.70232868714197,0.0002285896590735488,205010.30471997013,521339564.90273434,261322976.09797043,110348697.55532111,278512681.04610133,110222297.87000161,151028115.25376123,23080937.198619973,0.005695588512856339,4.796697415529867,0.3214470797978477
140,112.11211211211211,232.44691655074857,0.00023543373079382005,205012.7175022442,521339852.31444764,261323189.4904333,110389309.34263122,278512914.33076644,110263813.12490536,151028214.84390962,23093935.195470598,0.005697760378016197,4.796701419977461,0.32144735050539797
141,112.91291291291292,239.39306286036137,0.00024248218994623284,205015.18698282752,521340129.6207313,261323395.34303328,110428530.84896293,278513139.32657534,110303907.15397999,151028310.93412602,23106487.88062793,0.005699857890116005,4.796705281986479,0.3214476115837643
142,113.71371371371372,246.5467684924335,0.0002497411232016999,205017.70675218359,521340398.0581285,261323593.7922892,110466410.25228879,278513355.7835936,110342629.2053977,151028403.67365724,23118610.76550464,0.005701883626038291,4.796708995531863,0.32144786264041086
143,114.51451451451452,253.91422585733778,0.0002572168114859845,205020.2742581176,521340659.0181812,261323785.82243356,110502993.71667545,278513564.6734278,110380026.46558157,151028493.51604703,23130318.687471543,0.005703840054640451,4.796712576700009,0.32144810477227886
144,115.31531531531532,261.50180720933434,0.00026491571812568837,205022.88717810594,521340914.13308746,261323972.65420946,110538325.931802,278513767.2303711,110416144.61203691,151028581.01547086,23141626.016609434,0.005705729565859356,4.796716046060934,0.32144833938102346
145,116.11611611611612,269.3161575913765,0.0002728445830361523,205025.54873623897,521341159.5193857,261324152.21415338,110572448.46468683,278513961.86647177,110451026.16066928,151028665.14960498,23152545.925305665,0.005707554383301288,4.796719379752007,0.3214485648102813
146,116.91691691691692,277.3640163591498,0.0002810102418699648,205028.25643207162,521341397.6748797,261324326.46879834,110605403.38328157,278514150.6037783,110484714.10329525,151028746.79859704,23163091.96746998,0.005709316756502459,4.796722611608423,0.32144878336505356
147,117.71771771771772,285.6523517751418,0.0002894197624094015,205031.00990299365,521341629.0134493,261324496.22674507,110637230.79923496,278514334.5290063,110517249.44318525,151028826.27673608,23173276.99372217,0.005711018830603753,4.796725761068952,0.3214489963558481
148,118.51851851851852,294.18833774533607,0.00029808042099690795,205033.80913902287,521341853.66692513,261324662.2597326,110667969.47675604,278514514.78336215,110548671.80736434,151028903.8628934,23183113.409846302,0.005712662678680911,4.7967288489299476,0.32144920518102327
149,119.31931931931932,302.9793768230272,0.00030699972586876485,205036.65455552583,521342071.57336575,261324824.68328848,110697656.66857326,278514691.5884237,110579019.27985212,151028979.59451246,23192613.149899516,0.005714250293158599,4.796731879428327,0.32144941012269107
150,120.12012012012013,312.03314648362806,0.00031618546408988184,205039.54748492772,521342282.39218277,261324981.5213465,110726327.62999375,278514862.10261565,110608327.90829483,151029052.76692212,23201787.56340268,0.005715783560236967,4.796734801177145,0.32144960771794956
151,120.92092092092093,321.3574566817536,0.00032564555707716066,205042.4881001611,521342485.7151002,261325133.7930279,110754017.63585377,278515028.0533018,110636633.75426522,151029123.70047078,23210647.906593964,0.005717264366298964,4.796737646375488,0.32144980012558155
152,121.72172172172174,330.9603821806445,0.00033538819481722636,205045.47707749385,521342680.84638023,261325281.1031757,110780760.35326849,278515189.1356135,110663971.23999108,151029192.20572147,23219204.954168927,0.0057186945121541375,4.796740410451589,0.3214499870273965
153,122.52252252252254,340.85023304352273,0.000345421805936056,205048.51505690144,521342866.83674645,261325422.82608017,110806588.3607783,278515344.7945233,110690373.67644897,151029257.99345478,23227469.129044905,0.0057200757404647605,4.7967430845880905,0.3214501678164867
154,123.32332332332334,351.0356164520568,0.00035575512044831964,205051.6045191244,521343045.25060374,261325559.63543972,110831532.64121462,278515495.4515703,110715872.72919962,151029321.4235952,23235450.388530236,0.005721409708003053,4.796745674544342,0.321450342898226
155,124.12412412412414,361.52538759403984,0.0003663971198960819,205054.74784353303,521343217.4475791,261325691.97672445,110855623.18188843,278515641.26249504,110740499.04747717,151029382.76100472,23243158.369687222,0.0057226980183684144,4.796748181485345,0.3214505123664193
156,124.92492492492494,372.32860717342624,0.0003773569942101465,205057.94559399076,521343382.1915466,261325818.72207278,110878889.50867379,278515781.0222749,110764282.82383423,151029441.52041373,23250602.519221734,0.005723942251095311,4.796750585078845,0.32145067483615125
157,125.72572572572574,383.4546285576287,0.0003886442301717894,205061.19926794805,521343539.6703932,261325939.39839348,110901359.92603858,278515913.9556165,110787252.9943716,151029497.55627438,23257791.920470666,0.005725143920105654,4.796752870992644,0.3214508293441162
158,126.52652652652654,394.9130770691131,0.00040026859038550433,205064.51033221444,521343690.18217134,261326053.44262937,110923061.8337021,278516039.1068033,110809437.56997532,151029550.70087206,23264735.372398134,0.005726304490945206,4.796755021451776,0.3214509746968625
159,127.32732732732734,406.7139796200869,0.00041224024476257606,205067.8835427162,521343834.72225153,261326163.6179925,110944020.84313843,278516160.28633565,110830862.72253913,151029601.9871407,23271441.018199347,0.00572742533247609,4.79675710486854,0.3214511155073874
160,128.12812812812814,418.86753110891135,0.000424569533586457,205071.3203843739,521343973.8959555,261326269.36804244,110964262.63520078,278516276.4262332,110851554.70437463,151029651.27421764,23277917.114350334,0.005728507818279869,4.796759101012549,0.3214512504210364
161,128.92892892892894,431.38424672149324,0.000437267121986279,205074.8230073816,521344108.61020124,261326370.86081767,110983811.90557411,278516387.4371998,110871538.7576379,151029698.69473422,23284171.58804599,0.005729553269007871,4.796761007143521,0.32145137926351647
162,129.72972972972974,444.2749597372713,0.00045034399771179536,205078.3939612969,521344240.05292845,261326468.75324965,111002692.47610307,278516493.85968393,110890839.22878999,151029744.57209107,23290212.07970168,0.005730562958407583,4.796762831661847,0.32145150261352207
163,130.53053053053054,457.55081723554844,0.0004638114667787271,205082.03587202134,521344369.6628445,261326563.89741427,111020927.42196488,278516596.43059605,110909479.69943446,151029789.31693947,23296045.992047034,0.005731538120214451,4.7967645862304735,0.32145162127240845
164,131.33133133133134,471.2234670066707,0.0004776813428996229,205085.75220174855,521344493.55271375,261326654.94383553,111038538.03038682,278516694.6492337,110927481.9512375,151029832.15434584,23301680.07973754,0.0057324798936968435,4.796766266802358,0.32145173491784135
165,132.13213213213214,485.3046902239314,0.000491965575221685,205089.54562393346,521344614.1872955,261326743.39581522,111055546.09606104,278516789.8342496,110944868.25084767,151029873.8014048,23307121.345057093,0.005733389443827283,4.796767894336079,0.32145184498945084
166,132.93293293293294,499.8066755846243,0.0005066765261606272,205093.4191586045,521344732.0909812,261326830.0400444,111071972.35471034,278516882.9827467,110961659.79229239,151029914.5726557,23312376.421968292,0.005734267879343567,4.796769486429175,0.3214519526764197
167,133.73373373373374,514.7419724750488,0.0005218269239417945,205097.37592646494,521344847.5481001,261326915.69232035,111087836.84903236,278516975.2302661,110977877.06208247,151029954.77331826,23317451.7165579,0.005735116271941025,4.796771063518615,0.3214520593559482
168,134.53453453453454,530.1234983234543,0.0005374298700609642,205101.41911645271,521344960.7318762,261327001.18377152,111103158.97428396,278517067.7790407,110993539.88529143,151029994.70491788,23322353.425242133,0.005735935658700448,4.796772647402435,0.32145216649542985
169,135.33533533533534,545.9647611863115,0.0005534990650016881,205105.55203023402,521345070.11237735,261327083.11836606,111117956.48083043,278517156.0926412,111008666.42224479,151030033.07755488,23327087.28072582,0.005736726990002347,4.796774157211447,0.3214522686348332
170,136.13613613613614,562.2793912736323,0.0005700483331736954,205109.7779535729,521345175.9569182,261327163.3239556,111132247.80363233,278517242.84694636,111023275.5136678,151030070.5431994,23331659.151632767,0.005737491251313823,4.796775641549326,0.3214523690459166
171,136.93693693693695,579.0815166611371,0.000587092003909453,205114.100239186,521345277.6096191,261327241.57555807,111146050.32760891,278517327.9687461,111037384.93542035,151030106.97323924,23336074.59930767,0.005738229372575986,4.796777099975839,0.3214524676898582
172,137.73773773773775,596.3856768155642,0.0006046448237744007,205118.5222738106,521345374.17683685,261327317.47698197,111159380.87808283,278517411.2187173,111051011.89270636,151030142.16100913,23340339.005559914,0.005738942253878697,4.796778529322055,0.32145256434132463
173,138.53853853853855,614.206851771515,0.0006227219861724462,205123.04759922318,521345464.9271141,261327390.5987668,111172255.6850727,278517492.242665,111064172.9815133,151030175.90140215,23344457.564125724,0.005739630763451532,4.796779924107347,0.3214526586215594
174,139.33933933933935,632.560673679246,0.0006413393460478878,205127.68123579395,521345553.59340304,261327462.0747339,111184689.75306402,278517571.2935109,111076883.52192947,151030208.88602012,23348435.107784852,0.0057402957028622375,4.796781284145501,0.3214527505642298
175,140.14014014014015,651.4629411480049,0.000660512926963366,205132.42640874416,521345637.7568868,261327530.62226668,111196698.503637,278517647.3890127,111089159.29277232,151030240.48051837,23352276.563770328,0.005740937897580972,4.796782594666832,0.3214528391445362
176,140.94094094094095,670.9300230163011,0.0006802593308969712,205137.28713919656,521345717.2622757,261327595.67626488,111208296.51860039,278517719.7407331,111101015.20285347,151030270.4793493,23355986.607661862,0.0057415581276148405,4.796783841501763,0.32145292340659737
177,141.74174174174175,690.9787647300946,0.0007005956432138935,205142.26755547195,521345791.99017733,261327656.54493636,111219497.90460235,278517787.353636,111112465.67536102,151030298.63623482,23359569.76550928,0.0057421571475795375,4.796785006657064,0.3214530021378073
178,142.54254254254255,711.6265388701388,0.0007215394839221469,205147.3720227113,521345862.153896,261327713.02849463,111230316.24402997,278517849.84702754,111123524.59495746,151030324.90090194,23363030.38991148,0.005742735683878921,4.796786082932845,0.32145307485581226
179,143.34334334334335,732.8914343028697,0.0007431091995557367,205152.6057233944,521345929.6001249,261327768.232836,111240764.29096411,278517911.2073065,111134204.98485403,151030350.4917447,23366372.524688706,0.005743294417567835,4.796787140813488,0.3214531463244366
180,144.14414414414415,754.7917632581176,0.000765323363124818,205157.9730193004,521345994.17015624,261327820.58320066,111250854.92154482,278517969.1152518,111144520.01248965,151030374.85545552,23369600.317711998,0.005743834037658053,4.796788138153715,0.32145321370602403
181,144.94494494494495,777.3464901348957,0.0007882012091181379,205163.47881154448,521346056.7361221,261327870.43256965,111260600.3891735,278518023.7673392,111154482.19978343,151030398.18485156,23372717.692973636,0.005744355199230031,4.796789077441645,0.32145327717827493
182,145.74574574574575,800.575131212843,0.0008117625317627135,205169.1281796459,521346118.4056051,261327918.29232845,111270012.55278,278518075.507011,111164103.66400568,151030420.7461618,23375728.447871283,0.005744858536188444,4.796789963544201,0.32145333708189233
183,146.54654654654655,824.4978339214069,0.0008360277653742536,205174.92613003385,521346179.502377,261327964.52361274,111279102.80702151,278518124.75900066,111173396.05153403,151030442.69088718,23378636.226688653,0.0057453446577919514,4.796790803830115,0.3214533939160253
184,147.34734734734735,849.1355309258537,0.0008610181405355923,205180.87705477537,521346237.37677896,261328008.6603735,111287881.91100933,278518171.8671998,111182370.3737773,151030463.64685598,23381444.4569773,0.005745814140060561,4.796791608049461,0.3214534483026057
185,148.14814814814815,874.509446247955,0.0008867551835522658,205186.98669998115,521346294.35220927,261328051.92200816,111296360.6958528,278518217.7679146,111191037.6903929,151030484.22159833,23384156.60724044,0.00574626756154658,4.796792390321678,0.32145350122009225
186,148.94894894894895,900.6415506841207,0.000913261178035701,205193.2604574237,521346350.82177216,261328095.05313832,111304549.48469798,278518263.4392408,111199408.55118242,151030504.70409012,23386775.97389527,0.00574670547411097,4.796793168034576,0.32145355384252117
187,149.74974974974975,927.5544539583524,0.0009405590556084531,205199.70383777563,521346407.156071,261328138.93602276,111312458.27670689,278518310.07662743,111207493.17452489,151030525.42884284,23389305.747537684,0.005747128412264212,4.796793962576208,0.32145360761274766
188,150.55055055055055,955.2715231887898,0.0009686725160250651,205206.32233670144,521346463.0164325,261328183.33781075,111320096.61832918,278518357.46431077,111215301.32160062,151030546.28965616,23391748.985247396,0.0057475368866783645,4.796794770464359,0.32145366229178396
189,151.35135135135135,983.8169822198497,0.0009976261278919305,205213.1213254182,521346516.7932002,261328225.89039323,111327473.50158772,278518402.65009135,111222842.19716077,151030566.34345543,23394108.589016274,0.005747931379070708,4.79679553985728,0.3214537143716892
190,152.15215215215215,1013.2154285754151,0.0010274448388942425,205220.10668600132,521346568.85065126,261328268.1496541,111334598.08455887,278518447.8527398,111230125.1582477,151030586.15599024,23396387.470543135,0.005748312378833939,4.796796310849441,0.32145376655360786
191,152.95295295295296,1043.4923158762329,0.0010581544649384308,205227.2842120565,521346618.46131593,261328309.918536,111341479.04882327,278518493.0636081,111237159.0834995,151030605.60209322,23398588.407071374,0.005748680350459211,4.796797084245508,0.32145381888207347
192,153.75375375375376,1074.6738374903262,0.0010897815721853245,205234.65977509407,521346664.65403897,261328350.84871915,111348124.80224791,278518538.140674,111243952.57314092,151030624.48495504,23400714.088837344,0.005749035743880456,4.79679785872821,0.3214538712558324
193,154.55455455455456,1106.7870921157466,0.0011223536450859627,205242.2399482646,521346707.81369036,261328390.81863764,111354543.32772978,278518582.750018,111250513.78654444,151030642.79479396,23402767.073657405,0.00574937898596589,4.796798627711052,0.32145392323629074
194,155.35535535535536,1139.8601153953691,0.001155899118454736,205250.0320644933,521346749.81894815,261328429.95466307,111360742.18143907,278518626.34353966,111256850.43978782,151030660.7272224,23404749.786764946,0.005749710480390177,4.796799378752159,0.32145397400981957
195,156.15615615615616,1173.9214144355274,0.0011904469050448528,205258.04217591384,521346788.7555064,261328467.328238,111366729.04578921,278518668.2711407,111262970.39688776,151030677.80995426,23406664.688550454,0.005750030638603496,4.796800102471271,0.321454022920965
196,156.95695695695696,1209.0004786519987,0.0012260269139881816,205266.277135278,521346824.2834801,261328502.25352505,111372511.1928893,278518707.62880653,111268881.09501718,151030693.7807856,23408514.112529762,0.005750339849724376,4.796800782801947,0.3214540688843673
197,157.75775775775776,1245.1276542597843,0.0012626699234038628,205274.7439907206,521346856.0605568,261328533.8900767,111378095.65812854,278518743.2788257,111274589.72971521,151030708.3241203,23410300.318252873,0.005750638490241145,4.79680139940921,0.3214541105275218
198,158.55855855855856,1282.334368747288,0.001300407808136924,205283.45041371486,521346884.9038464,261328563.10964823,111383489.14384198,278518776.22174364,111280103.14710432,151030721.8066886,23412025.44256363,0.005750926918245676,4.796801969527661,0.32145414901972413
199,159.35935935935936,1320.653064435587,0.0013392734723433795,205292.40452970765,521346912.3110302,261328591.69730344,111388698.07635435,278518808.5740541,111285427.9061069,151030734.96417734,23413691.525606155,0.0057512054767430406,4.796802529900908,0.32145418685116256
200,160.16016016016016,1360.1167829874557,0.001379300427939437,205301.61403206675,521346938.012941,261328618.3541091,111393728.84705295,278518838.4733307,111290570.54463387,151030747.32912597,23415300.62651502,0.00575147450785077,4.796803046852364,0.321454221752851
201,160.96096096096096,1400.7596901169406,0.001420523326949923,205311.08722649488,521346962.82867676,261328643.3150596,111398587.55776092,278518865.9531909,111295537.29635535,151030759.0493447,23416854.697533503,0.005751734337665909,4.7968035199411245,0.3214542537051781
202,161.76176176176176,1442.616943970888,0.0014629778279660005,205320.8327278382,521346987.81916225,261328666.95294714,111403280.11214478,278518891.1605232,111300334.19100484,151030770.3395026,23418355.62676651,0.005751985281608076,4.796803950481442,0.321454282809655
203,162.56256256256256,1485.72499278315,0.0015067008978592925,205330.85872163487,521347012.174659,261328689.42911792,111407812.15075684,278518914.6599502,111304966.99792776,151030781.1911229,23419805.215175293,0.005752227641487939,4.796804349849705,0.3214543098210991
204,163.36336336336336,1530.121374014709,0.001551730608209352,205341.17358861695,521347034.9737607,261328711.00840926,111412189.12210281,278518937.21691597,111309441.29039004,151030791.62236547,23421205.200931735,0.005752461708851962,4.796804733236463,0.3214543357495006
205,164.16416416416416,1575.8443869504765,0.0015981058034686506,205351.78687518553,521347057.9251303,261328732.5426837,111416416.38823807,278518959.44842535,111313762.54054053,151030802.06483003,23422557.295794487,0.005752687769920336,4.796805109703806,0.32145436122573545
206,164.96496496496496,1622.9336144778504,0.0016458666298458987,205362.70794219626,521347081.5144494,261328754.82297903,111420499.09865533,278518982.3619112,111317936.00866769,151030812.8308707,23423863.14081148,0.005752906099833731,4.79680549703602,0.3214543874520064
207,165.76576576576576,1671.429788774271,0.001695054399185028,205373.94640751826,521347106.24660313,261328778.8057831,111424442.24319401,278519007.20791996,111321966.79138772,151030824.29132178,23425124.324352127,0.005753116965160223,4.796805917434582,0.3214544159278989
208,166.56656656656656,1721.375182946461,0.0017457119860270838,205385.51161796373,521347130.88318807,261328803.06999627,111428250.51936212,278519032.31973743,111325859.69944401,151030835.8588138,23426342.361287262,0.005753320617664361,4.796806342050933,0.32145444469710177
209,167.36736736736736,1772.8132275506337,0.0017978834388405194,205397.41324930088,521347154.4094396,261328826.69356447,111431928.50039071,278519056.6989163,111329619.41442645,151030847.13567618,23427518.722236466,0.005753517302322787,4.796806753957949,0.321454472608044
210,168.16816816816817,1825.7883155773827,0.0018516137823208596,205409.6616319818,521347177.0943776,261328850.8123579,111435480.73016725,278519081.9605856,111333250.5776735,151030858.53553602,23428654.850641865,0.00575370726187591,4.79680718232388,0.32145450162600514
211,168.96896896896897,1880.3463052390414,0.0019069495271368368,205422.26706131033,521347198.1935344,261328875.29998025,111438911.54743414,278519108.20574796,111336757.62807585,151030869.95624357,23429752.13476867,0.005753890728554095,4.796807629961626,0.32145453193068135
212,169.76976976976977,1936.5343855786086,0.001963938533691946,205435.2400349393,521347216.7174131,261328899.90276128,111442225.15720095,278519135.43897516,111340144.86916335,151030881.2321732,23430811.92086306,0.005754067927515075,4.796808098239287,0.32145456360150665
213,170.57057057057057,1994.4015895887076,0.002022630532828712,205448.59239370245,521347234.02215964,261328924.45657787,111445425.45466709,278519162.87411207,111343416.27736512,151030892.41711193,23431835.45835316,0.005754239066782166,4.796808571027147,0.32145459557045675
214,171.3713713713714,2053.998163285397,0.0020830764855304345,205462.33575473272,521347250.2067223,261328948.55207756,111448516.2841705,278519189.8494236,111346575.78312968,151030903.37941152,23432823.980858363,0.005754404351995904,4.796809036101367,0.3214546270164161
215,172.1721721721722,2115.375563758898,0.0021453285809227333,205476.48143323656,521347263.915102,261328971.50316143,111451501.45896631,278519215.85789645,111349627.2920744,151030913.77524665,23433778.712533444,0.005754563987523679,4.796809485954609,0.3214546574172139
216,172.972972972973,2178.5869200347,0.002209440703945379,205491.04145964212,521347274.6441152,261328992.53860912,111454384.60502058,278519239.9264601,111352574.51484507,151030923.30008894,23434700.819473036,0.005754718167531374,4.79680990345397,0.32145468561395424
217,173.7737737737738,2243.6869024293806,0.002275468302751375,205506.02819677972,521347281.84892887,261329010.7085118,111457169.22972544,278519260.8273366,111355421.04145795,151030931.58460078,23435591.431332998,0.005754867079884292,4.79681026686515,0.32145471013770616
218,174.5745745745746,2310.732383072579,0.0023434690589058103,205521.45541645255,521347287.42662627,261329028.13841796,111459858.63329525,278519281.03176576,111358170.23252848,151030939.51397142,23436451.587164488,0.0057550109002560725,4.7968106188807145,0.32145473388408435
219,175.3753753753754,2379.7814888665853,0.0024135019264342763,205537.3366329113,521347291.8228391,261329044.88574693,111462456.06261618,278519300.44792336,111360825.40516585,151030947.14513385,23437282.32548675,0.005755149802170759,4.796810957237923,0.3214547567064394
220,176.1761761761762,2450.8938700074,0.002485627404268907,205553.6855105264,521347294.9603107,261329060.1461642,111464964.68176417,278519317.883542,111363389.7960553,151030954.19650084,23438084.66529349,0.005755283954996986,4.7968112602419675,0.32145477714441545
221,176.976976976977,2524.131080473902,0.0025599079223054535,205570.51646251904,521347297.6116184,261329074.0448662,111467387.52563561,278519333.22007185,111365866.50401689,151030960.7746614,23438859.57701294,0.005755413520832408,4.796811524715635,0.32145479499398627
222,177.7777777777778,2599.556459709169,0.002636407721333415,205587.84439854173,521347300.79320747,261329086.82214656,111469727.52880885,278519346.4169951,111368258.52399543,151030967.04543957,23439607.998223484,0.005755538656331998,4.796811748590309,0.3214548101287778
223,178.5785785785786,2677.2359932235613,0.0027151937254138577,205605.6836796453,521347302.6551789,261329098.83991554,111471987.5077588,278519358.74970305,111370568.74235447,151030972.98609158,23440330.825976077,0.005755659512495971,4.796811957566611,0.32145482425427496
224,179.3793793793794,2757.236889879107,0.0027963340997680082,205624.05003441984,521347304.0970766,261329110.61220744,111474170.20625985,278519370.6384976,111372799.95886323,151030978.84728786,23441028.93457647,0.005755776235756287,4.796812158147598,0.3214548378192384
225,180.1801801801802,2839.6283100967894,0.0028798989889518845,205642.95968566203,521347306.16364247,261329122.81309083,111476278.28126454,278519382.688808,111374954.88353832,151030984.94646645,23441703.169383865,0.005755888967839866,4.796812360030202,0.3214548514891074
226,180.980980980981,2924.481566968968,0.0029659607207404744,205662.42916061796,521347309.45493394,261329136.29011643,111478314.30336894,278519395.9444827,111377036.13964744,151030991.62503707,23442354.3464869,0.0057559978459315875,4.79681258150006,0.32145486650146426
227,181.7817817817818,3011.870041101237,0.0030545937198333535,205682.47547248183,521347314.6304608,261329152.08077255,111480280.76520015,278519411.71369386,111379046.2700596,151030999.29457477,23442983.25557164,0.005756103003000081,4.79681284559533,0.3214548844143348
228,182.5825825825826,3101.8703008531115,0.0031458756434852605,205703.11500290295,521347318.88497084,261329167.1627473,111482179.97077595,278519426.51618755,111380987.64910868,151031006.69127882,23443590.656338576,0.0057562045634431905,4.796813092344282,0.3214549011583349
229,183.3833833833834,3194.560045845236,0.0032398852968269633,205724.36572228404,521347322.85333186,261329182.82523975,111484014.26630406,278519442.0511111,111382862.66951168,151031014.31142005,23444177.289656535,0.00575630265236213,4.796813351960552,0.32145491877386795
230,184.1841841841842,3290.019462778208,0.0033367040073054733,205746.24582476608,521347326.31292313,261329199.4832786,111485785.90422152,278519459.03037643,111384673.63383481,151031022.28159174,23444743.87288684,0.005756397390196273,4.796813637728802,0.32145493815179466
231,184.984984984985,3388.331168801471,0.0034364155672993156,205768.77384727364,521347328.5230465,261329217.10365438,111487497.05904596,278519477.6905236,111386422.76825547,151031030.53254855,23445291.10175984,0.005756488893417578,4.796813954918261,0.3214549596372897
232,185.7857857857858,3489.580174737528,0.0035391061968614826,205791.96876769792,521347328.49915344,261329235.55196667,111489149.84109303,278519498.2107022,111388112.23460501,151031038.94066343,23445819.65215934,0.0057565772751398386,4.7968143080652075,0.32145498352316304
233,186.5865865865866,3593.855345414547,0.003644866025553051,205815.8517514899,521347328.653555,261329254.1697905,111490746.09775871,278519518.6337385,111389743.91238844,151031047.4751665,23446330.120311406,0.005756662633686505,4.796814658252069,0.3214550072220309
234,187.3873873873874,3701.246492901339,0.0037537861427840375,205840.44248301344,521347327.056123,261329272.6222513,111492287.84418413,278519539.2077046,111391319.87069733,151031055.86751297,23446823.152942967,0.005756745077341919,4.796815012501077,0.3214550311820328
235,188.1881881881882,3811.8465926499684,0.0038659608466018367,205865.76184934945,521347323.04452896,261329290.25532246,111493776.95561121,278519559.19579446,111392842.03083031,151031063.84132683,23447299.354592722,0.005756824706656903,4.796815358188403,0.3214550545457641
236,188.988988988989,3925.7513586003597,0.003981487212498169,205891.83134918963,521347315.952329,261329306.22141305,111495215.24036252,278519577.5690517,111394312.24613203,151031071.0533481,23447759.30980781,0.005756901618636571,4.796815677355654,0.32145507609694035
237,189.7897897897898,4043.0593375714498,0.004100465189160781,205918.67314539777,521347305.19120646,261329319.6500491,111496604.44403128,278519593.23270464,111395732.30553089,151031077.1587735,23448203.583238017,0.00575697590691611,4.796815950739311,0.321455094532479
238,190.5905905905906,4163.873489857846,0.0042229992023707,205946.31195446954,521347294.229246,261329334.0613087,111497946.18365623,278519610.14753497,111397103.83892924,151031083.64966455,23448632.666677218,0.005757047656546595,4.796816246196301,0.3214551144606959
239,191.3913913913914,4288.2977976420025,0.004349194713311651,205974.7707909478,521347281.5332585,261329347.271408,111499242.1064686,278519625.59990287,111398428.54178905,151031089.65347475,23449047.102818165,0.005757116956349015,4.796816516103832,0.3214551326589944
240,192.1921921921922,4416.440012174644,0.004479161006273121,206004.07429864487,521347267.60557514,261329359.20999637,111500493.77137749,278519639.27681077,111399708.00563204,151031095.18854645,23449447.390833095,0.005757183889578189,4.796816754065995,0.3214551487036178
241,192.992992992993,4548.411022422071,0.004613010547943691,206034.24790638906,521347253.1630878,261329369.8795618,111501702.6830489,278519650.89070374,111400943.76542877,151031100.3155891,23449834.0120287,0.005757248536524054,4.7968169538722565,0.32145516218599113
242,193.7937937937938,4684.325114712552,0.004750859250665809,206065.31776481925,521347238.83295155,261329379.44977805,111502870.2979585,278519660.44266903,111402137.30689095,151031105.1456813,23450207.431130037,0.005757310974893258,4.7968171147024945,0.3214551730590142
243,194.5945945945946,4824.3014411771255,0.0048928279610963,206097.31011239495,521347222.73295873,261329388.8809261,111503998.05463889,278519670.12305635,111403290.1064681,151031109.86026362,23450568.101656668,0.0057573712819080644,4.796817279002387,0.32145518415434154
244,195.3953953953954,4968.460517308854,0.00503903890967512,206130.25298862395,521347206.7507023,261329398.37162378,111505087.3044317,278519679.47858953,111404403.53685597,151031114.68182147,23450916.45447035,0.0057574295293431705,4.7968174360096985,0.3214551947719928
245,196.1961961961962,5116.927178282581,0.005189618707611365,206164.17489750555,521347191.5202372,261329408.63347277,111506139.37151587,278519689.32845396,111405478.94724794,151031119.90863758,23451252.908188283,0.0057574857877384375,4.796817599842889,0.32145520586985304
246,196.996996996997,5269.82989272355,0.005344697651261947,206199.10519096258,521347177.773021,261329420.57140738,111507155.54002793,278519700.7462186,111406517.64503655,151031125.91341087,23451577.867264803,0.005757540125436678,4.7968177891417145,0.32145521871117616
247,197.7977977977978,5427.3012015365875,0.00550441016699082,206235.07386892775,521347165.5913448,261329434.53138694,111508137.04725535,278519714.21381307,111407520.89380784,151031132.82439324,23451891.725116108,0.00575759260852413,4.796818012575633,0.3214552338803841
248,198.5985985985986,5589.478964917961,0.005668896075224543,206272.11087932216,521347151.95475984,261329447.79791856,111509085.05560419,278519726.7955568,111408489.90102965,151031139.46711412,23452194.87278789,0.0057576433003369695,4.796818220385383,0.32145524799253833
249,199.3993993993994,5756.502876709998,0.005838297057355565,206310.24834662766,521347138.282593,261329462.34044322,111510000.74886374,278519740.90661633,111409425.86609201,151031146.63604528,23452487.67516387,0.005757692263509134,4.796818454831799,0.32145526390849544
250,200.20020020020021,5928.51756376572,0.006012759797393774,206349.51872561956,521347124.06792426,261329478.29947335,111510885.25552444,278519756.9489978,111410329.9443736,151031154.34159565,23452770.492337875,0.0057577395584841595,4.7968187238854885,0.32145528215828023
251,201.00100100100101,6105.671861200838,0.006192435247391722,206389.95532148075,521347108.5886682,261329495.75408393,111511739.6725311,278519775.31614506,111411203.26007444,151031162.55581236,23453043.674758136,0.005757785244080477,4.796819035638829,0.3214553032774099
252,201.80180180180182,6288.11956089074,0.006377479386861957,206431.59273622656,521347091.6605795,261329514.40116814,111512565.02688871,278519795.60917515,111412046.8644295,151031171.16257304,23453307.553008888,0.005757829375308306,4.796819383004655,0.3214553267871126
253,202.60260260260262,6476.020075902069,0.006568053896896893,206474.46725908868,521347074.2900887,261329533.27460876,111513362.24250072,278519815.9532013,111412861.69961505,151031179.9134576,23453562.429010045,0.005757872001484102,4.7968197303741515,0.3214553503050733
254,203.40340340340342,6669.535357232963,0.006764323031671896,206518.61475854873,521347054.8615745,261329552.2439542,111514132.34027614,278519836.7756566,111413648.81644365,151031188.6368204,23453808.63043239,0.005757913177609919,4.796820087617608,0.32145537447518324
255,204.20420420420422,6868.832958699401,0.006966456728200533,206564.0726729543,521347032.6504637,261329570.5937903,111514876.25555542,278519857.2646365,111414409.1757151,151031197.03148335,23454046.46140667,0.0057579529539914685,4.796820440797844,0.3214553983511236
256,205.00500500500502,7074.085306505731,0.007174629865150584,206610.87947103658,521347006.8140202,261329587.40522912,111515594.8917697,278519876.3459436,111415143.70658074,151031204.71684682,23454276.217251588,0.005757991379289666,4.796820771336431,0.32145542067289834
257,205.80580580580582,7285.470872363801,0.007389023453310526,206659.07558893264,521346978.1765431,261329603.25064293,111516289.10353222,278519894.547929,111415853.27765094,151031211.9595456,23454498.16730137,0.005758028498906306,4.79682108777484,0.32145544202578474
258,206.60660660660662,7503.173974470464,0.007609824433541075,206708.70318423814,521346948.69938284,261329619.67412686,111516959.70320135,278519913.42296976,111416538.70718737,151031219.45207825,23454712.56060908,0.005758064355548531,4.796821415890327,0.32145546416878684
259,207.40740740740742,7727.382369321968,0.00783722323276235,206759.80398546575,521346917.22349006,261329635.10696265,111517607.50523254,278519931.0351045,111417200.83622296,151031226.56510356,23454919.66848004,0.0057580989933011745,4.796821721762462,0.3214554848059585
260,208.20820820820822,7958.290170999275,0.008071416726513313,206812.4217344964,521346884.2008779,261329649.38019815,111518233.27940068,278519946.9342614,111417840.44993007,151031233.2805403,23455119.738188155,0.005758132453239745,4.796821996531409,0.32145550334739964
261,209.00900900900902,8196.097134425092,0.008312607511495821,206866.60149428743,521346850.29110146,261329662.36964795,111518837.76621892,278519960.6558343,111418458.30256002,151031239.61249807,23455313.007310413,0.0057581647748169715,4.796822230800706,0.3214555191697405
262,209.80980980980982,8441.010398566545,0.008561005672948579,206922.38953113818,521346815.15485,261329674.7918888,111519421.7131378,278519973.4039382,111419055.15786743,151031245.78419456,23455499.710242726,0.0057581959979610955,4.7968224469648195,0.321455533775516
263,210.61061061061062,8693.243032360186,0.008816827310519948,206979.83350278882,521346778.68268335,261329687.44261086,111519985.84094417,278519986.41139805,111419631.75116645,151031252.0646566,23455680.072282217,0.005758226161105488,4.796822667642814,0.321455548685278
264,211.41141141141142,8953.012725161198,0.009080293210663939,207038.98263269488,521346742.1136931,261329700.50537774,111520530.81331527,278519999.44995826,111420188.75492941,151031258.62080017,23455854.304271515,0.005758255299402184,4.796822887000171,0.3214555635225973
265,212.21221221221222,9220.544359500947,0.009351631455043141,207099.8875129421,521346706.1972817,261329714.7517633,111521057.29112796,278520013.37578034,111420726.83954425,151031265.7826185,23456022.612340588,0.005758283447875814,4.79682311965404,0.3214555792806083
266,213.01301301301302,9496.069348057223,0.00963107674838817,207162.60021667852,521346671.81941414,261329731.16508287,111521565.91612703,278520029.31164885,111421246.65475997,151031273.96405682,23456185.19506525,0.005758310640459869,4.796823384915034,0.3214555972698932
267,213.81381381381382,9779.828132978384,0.009918872951779225,207227.17357166705,521346636.90004915,261329748.21008518,111522057.3057602,278520045.7317133,111421748.84408602,151031282.47418898,23456342.260575954,0.00575833691091789,4.796823657539679,0.32145561576669973
268,214.61461461461462,10072.066959602083,0.010215269812765364,207293.66228803492,521346600.8672637,261329765.79980037,111522532.06397782,278520062.7102782,111422234.02738571,151031291.2417594,23456494.002760977,0.005758362291689429,4.796823939567159,0.32145563490149315
269,215.41541541541542,10373.0382418254,0.010520523335786288,207362.1229228924,521346564.3785455,261329785.0612863,111522990.78201796,278520081.6766119,111422702.80342144,151031300.7121814,23456640.603129532,0.0057583868140378,4.796824256200324,0.3214556563783769
270,216.21621621621622,10683.002504220542,0.010834897750697745,207432.61333433332,521346526.955578,261329806.25707904,111523434.03479499,278520103.1968843,111423155.76115878,151031310.94223896,23456782.24393971,0.00575841050876931,4.796824618341909,0.32145568092524823
271,217.01701701701703,11002.227830668578,0.01115866495403916,207505.1929429324,521346487.91864985,261329829.6232323,111523862.3842409,278520127.8760237,111423593.47721915,151031321.96354896,23456919.103512112,0.005758433406048738,4.796825037862556,0.3214557093325926
272,217.81781781781783,11330.993369224108,0.011492108064750537,207579.92398148516,521346447.90488774,261329853.83884028,111524276.28342535,278520153.4371969,111424016.41476159,151031333.37808162,23457051.335311443,0.005758455530152671,4.796825472256139,0.32145573874976574
273,218.61861861861863,11669.583637310858,0.011835515646568446,207656.86937097457,521346406.1344923,261329878.69854113,111524676.24896137,278520179.8541919,111424425.10550469,151031345.0578223,23457179.106085066,0.005758476908917586,4.796825921985076,0.32145576919863666
274,219.41941941941943,12018.291339021274,0.01218918456618895,207736.09371816172,521346361.6111849,261329903.89616257,111525062.78517663,278520207.0327564,111424820.0697698,151031356.82281303,23457302.579358377,0.0057584975695914465,4.796826386547395,0.32145580063349544
275,220.22022022022023,12377.418291349506,0.012553420932890738,207817.66361967035,521346313.4486223,261329928.67232364,111525436.36343296,278520234.14727527,111425201.79472587,151031368.34615985,23457421.91106983,0.005758517537705911,4.796826851930479,0.32145583210122153
276,221.02102102102103,12747.275062785235,0.012928539731812376,207901.64749385824,521346260.6016767,261329952.05031067,111525797.43899661,278520260.10457927,111425570.75226422,151031379.2135814,23457537.253471892,0.005758536838005319,4.796827299436182,0.3214558623315343
277,221.82182182182183,13128.185681192466,0.013314869601854722,207988.11825944608,521346206.4951748,261329976.58995003,111526146.40833858,278520287.40816313,111425927.32670897,151031390.58722454,23457648.715808555,0.00575855549042951,4.796827770286917,0.32145589414112835
278,222.62262262262263,13520.478857563941,0.013712743928497468,208077.14811583617,521346149.7823556,261330000.85799947,111526483.69575451,278520314.3902581,111426271.96062407,151031401.87180337,23457756.443491627,0.005758573518213114,4.796828235670931,0.321455925575656
279,223.42342342342343,13924.494072541787,0.014122507020890062,208168.812029279,521346090.3917327,261330024.33566505,111526809.69744308,278520340.26534176,111426605.06022498,151031412.88938656,23457860.566662673,0.0057585909426295665,4.796828681240659,0.32145595566981006
280,224.22422422422423,14340.580997041225,0.01454451352370011,208263.1873144989,521346028.71716225,261330046.74811214,111527124.78951365,278520364.4332803,111426927.00860694,151031423.5835754,23457961.207335044,0.00575860778372491,4.796829095429636,0.3214559836512412
281,225.02502502502503,14769.099831096459,0.014979128760486337,208360.35355006118,521345965.2351866,261330067.99477807,111527429.3368561,278520386.52472985,111427238.17663087,151031433.96476734,23458058.482776906,0.005758624060896294,4.796829470779087,0.32145600902497373
282,225.82582582582583,15210.426027604115,0.015426733523294331,208460.39291352683,521345899.18773216,261330089.98497102,111527723.76173632,278520409.70442796,111427538.99457635,151031444.6358979,23458152.51573602,0.005758639796581187,4.796829866014922,0.32145603573253206
283,226.62662662662663,15664.939764757484,0.01588771339860318,208563.389567943,521345831.8116695,261330112.26646474,111528008.38043156,278520432.76797754,111427829.78109406,151031455.54785323,23458243.410067663,0.005758655007448825,4.796830257425461,0.32145606219528194
284,227.42742742742743,16133.03465930786,0.01636246760198411,208669.43024515436,521345763.8321188,261330135.48475832,111528283.53250332,278520456.3765949,111428110.87834558,151031466.98830417,23458331.270009417,0.005758669711358657,4.796830656054267,0.3214560891660383
285,228.22822822822823,16615.11579747788,0.016851406981683643,208778.6041646493,521345696.1404765,261330160.49481562,111528549.54760036,278520481.44257724,111428382.61715049,151031479.33056322,23458416.1952236,0.00575868392556509,4.796831077314626,0.3214561176936707
286,229.02902902902903,17111.60137213093,0.01735495567801912,208891.00287545534,521345628.6600659,261330187.50981227,111528806.75108553,278520508.28629446,111428645.32959838,151031492.64951658,23458498.2883999,0.005758697667431779,4.796831527056437,0.3214561481715874
287,229.82982982982983,17622.925252119734,0.017873553727488535,209006.71995137233,521345558.43307966,261330214.657432,111529055.47295532,278520535.2022305,111428899.36975464,151031506.07111737,23458577.667947657,0.005758710955607102,4.796831977844598,0.3214561787179746
288,230.63063063063063,18149.528245007874,0.01840764820821145,209125.85246510757,521345487.1526567,261330243.72213927,111529296.0168221,278520564.19280803,111429145.03619586,151031520.3535819,23458654.41895506,0.005758723805605844,4.7968324639644,0.3214562116613293
289,231.43143143143143,18691.86633154688,0.01895770158534715,209248.499792199,521345414.51738787,261330275.10097858,111529528.68884398,278520595.94304794,111429382.64190328,151031535.6176543,23458728.636812463,0.005758736233787411,4.796832998212351,0.3214562478595827
290,232.23223223223223,19250.408760690727,0.01952418978070339,209374.7640102075,521345340.05595076,261330309.20355344,111529753.79084013,278520631.2230938,111429612.49611992,151031551.9749706,23458800.415475193,0.005758748256317697,4.79683359515801,0.3214562882878207
291,233.03303303303304,19825.641196880068,0.020107605365270124,209504.7505778643,521345263.5353934,261330345.4074665,111529971.57909077,278520669.1428602,111429834.8628394,151031569.20152277,23458869.841000184,0.005758759887036319,4.796834238717026,0.32145633186218037
292,233.83383383383384,20418.064855370045,0.02070845668201323,209638.56812843052,521345184.76319766,261330382.4818276,111530182.2825844,278520707.87243545,111430049.979354,151031586.86745164,23458936.994666915,0.005758771138411684,4.796834895573632,0.32145637634024116
293,234.63463463463464,21028.19087528268,0.02132726213780256,209776.3272116083,521345102.66974694,261330420.75338835,111530386.19183023,278520748.2893866,111430258.14609426,151031605.00851318,23459001.96747526,0.005758782026161392,4.796835583027413,0.3214564228732795
294,235.43543543543544,21656.54747743552,0.021964557464253298,209918.14185816437,521345016.3226167,261330459.59443143,111530583.55823186,278520789.7685205,111430459.62507975,151031623.34337297,23459064.844101056,0.005758792564032721,4.796836290733012,0.3214564707547532
295,236.23623623623624,22303.678234495972,0.02262089396288528,210064.12918227052,521344924.5979078,261330498.1628654,111530774.6251542,278520831.434024,111430654.67141874,151031641.50180653,23459125.708083946,0.005758802765423584,4.796837004010011,0.32145651898413496
296,237.03703703703704,22970.147382647003,0.023296843895930664,210214.41143408717,521344829.2830091,261330537.54743063,111530959.59602608,278520874.1869131,111430843.48234749,151031660.0123296,23459184.6170196,0.005758812640575768,4.796837736864,0.32145656852721244
297,237.83783783783784,23656.533599867926,0.023992994171321072,210369.11342376244,521344730.932435,261330577.87579215,111531138.6771476,278520917.95656264,111431026.26556398,151031678.97391322,23459241.63593315,0.005758822200338959,4.796838487141472,0.32145661924730884
298,238.63863863863864,24363.429728000126,0.0247099460603252,210528.36233079448,521344628.4583995,261330618.01853296,111531312.08199808,278520961.4135297,111431203.24608263,151031697.9212164,23459296.840668656,0.005758831456548479,4.796839231813424,0.32145666958287034
299,239.43943943943947,25091.44768793922,0.02544832018595527,210692.28959750195,521344521.9844585,261330657.56120324,111531480.00190665,278521003.8328244,111431374.61937448,151031716.73260435,23459350.295081377,0.005758840419444404,4.796839957319686,0.32145671862457226
300,240.24024024024027,25841.21716836175,0.026208755191816136,210861.0303236859,521344411.7867927,261330696.05701086,111531642.61705329,278521044.37883246,111431540.56891006,151031735.28788608,23459402.059640024,0.005758849098638009,4.796840647876062,0.3214567653154453
301,241.04104104104107,26613.393888024806,0.02699191612069088,211034.72431995062,521344297.8718798,261330735.48715067,111531800.1636399,278521086.00240344,111431701.33104835,151031754.28099373,23459452.197001062,0.005758857506406571,4.796841357240282,0.32145681327301834
302,241.84184184184187,27408.645546191514,0.02779848016746188,211213.51440674852,521344180.8089465,261330775.7410369,111531952.81000035,278521128.2592421,111431857.0750818,151031773.7316124,23459500.7615993,0.0057588656516005,4.7968420763901065,0.321456861898941
303,242.64264264264267,28227.659934675707,0.02862914490532829,211397.54744915265,521344061.3160906,261330817.02962604,111532100.72248477,278521171.1323898,111432007.9668804,151031793.78236362,23459547.805114564,0.005758873542874918,4.796842803914884,0.32145691110878305
304,243.44344344344347,29071.145937178855,0.029484629299283843,211586.9745136055,521343940.24640936,261330860.0735848,111532244.07043646,278521215.32297444,111432154.17361017,151031814.76244697,23459593.376842987,0.005758881188928583,4.796843551346814,0.3214569616904762
305,244.24424424424427,29939.83317897706,0.030365673350844873,211781.95082583828,521343818.5733184,261330905.75878987,111532383.01885085,278521261.73363197,111432295.85707736,151031837.06792396,23459637.52359131,0.0057588885981708126,4.796844333739628,0.32145701467038934
306,245.04504504504507,30834.48308559143,0.03127304930532462,211982.63526568166,521343692.2788633,261330951.9466804,111532517.77456206,278521308.64968574,111432433.25038281,151031859.65340555,23459680.326195132,0.005758895782948212,4.796845124791415,0.32145706823023207
307,245.84584584584587,31755.866352999477,0.03220753882049461,212189.19175239763,521343563.50268495,261331000.46746245,111532648.4872831,278521357.94221586,111432566.49246538,151031883.33432233,23459721.82020155,0.005758902750414905,4.796845955730102,0.32145712449912484
308,246.64664664664667,32704.780931491976,0.03316995119185714,212401.788349707,521343432.07774925,261331051.83098552,111532775.32571833,278521410.3891283,111432695.75467403,151031908.28677797,23459762.056270123,0.005758909509513072,4.796846840795662,0.3214571844344652
309,247.44744744744747,33682.04803958558,0.03416111931353132,212620.59760739192,521343297.7020414,261331106.59814188,111532898.45873684,278521466.8973694,111432821.2089772,151031934.69396657,23459801.084806703,0.005758916069217108,4.7968477967563095,0.321457249162062
310,248.24824824824827,34688.51532022229,0.03518190287935559,212845.79698542535,521343159.9486558,261331164.68143576,111533018.03642131,278521527.43818915,111432943.01013753,151031962.5063637,23459838.954442885,0.005758922437631158,4.796848823436949,0.32145731866648114
311,249.04904904904907,35725.0618843848,0.03623319349829417,213077.56952136598,521343018.2970429,261331224.1414913,111533134.15692028,278521589.20961773,111433061.26442988,151031991.0302045,23459875.709244624,0.0057589286204040874,4.796849870097254,0.32145738952981523
312,249.84984984984987,36792.581615880525,0.03731589776132089,213316.10169587383,521342871.92057514,261331285.78922594,111533246.99681242,278521653.6997197,111433176.15335333,151032020.49371618,23459911.40055826,0.005758934627005967,4.79685096479027,0.32145746363049643
313,250.65065065065068,37891.99888183399,0.03843095317566306,213561.5854749404,521342719.83736384,261331349.13361615,111533356.6977263,278521720.48161,111433287.82629609,151032050.665145,23459946.07703679,0.005758940465285541,4.79685210076872,0.3214575405041577
314,251.45145145145148,39024.264965530776,0.039579324546767436,213814.21786745638,521342560.84498405,261331413.47783503,111533463.39795992,278521788.90153646,111433396.43064661,151032081.22462505,23459979.787646383,0.005758946142999151,4.796853267419827,0.32145761942368606
315,252.25225225225228,40190.365063491,0.04076201107973448,214074.2027149375,521342395.93908024,261331479.29363585,111533567.20235653,278521859.2076228,111433502.06737025,151032112.43158522,23460012.5626408,0.005758951665390186,4.796854467751072,0.3214577006058988
316,253.05305305305308,41391.31359857271,0.04198004162164647,214341.7493802285,521342226.2668159,261331547.03682235,111533668.2076012,278521931.5619813,111433604.82844941,151032144.55260587,23460044.429738503,0.005758957037230381,4.796855702995002,0.32145778415018117
317,253.85385385385388,42628.14747347815,0.04323446781342647,214617.07088957343,521342050.2932261,261331615.51164547,111533766.53728688,278522004.6797161,111433704.84875433,151032177.0707722,23460075.43650514,0.005758962265647643,4.796856951417927,0.3214578685773253
318,254.65465465465468,43901.937458747,0.04452637564800953,214900.38688772736,521341867.897861,261331684.20684502,111533862.29096249,278522077.7531102,111433802.23085472,151032209.81891412,23460105.61809855,0.00575896735602869,4.796858198162583,0.3214579528885509
319,255.45545545545548,45213.78545202492,0.045856882688007916,215191.92284318863,521341679.07198334,261331752.53735068,111533955.5601984,278522149.8162991,111433897.06882408,151032242.61393085,23460135.007582255,0.005758972313317164,4.796859425329817,0.32145803588192445
320,256.2562562562563,46564.83727858651,0.047227151047907104,215491.91154078228,521341484.2942884,261331822.5612831,111534046.48497182,278522223.7164017,111433989.49805512,151032276.2219558,23460163.636257764,0.005758977144496646,4.796860684061114,0.3214581210058491
321,257.0570570570571,47956.262335297506,0.048638366749249644,215800.5908141792,521341283.9224577,261331894.2389205,111534135.15452632,278522299.1653515,111434079.60736111,151032310.67801002,23460191.53283574,0.005758981854206263,4.79686196835403,0.3214582078633769
322,257.8578578578579,49389.263854071396,0.05009175012976701,216118.20475076782,521341078.4935723,261331967.57902735,111534221.6518567,278522375.875507,111434167.4782537,151032346.04873827,23460218.723679468,0.005758986446698233,4.796863271973757,0.32145829604425025
323,258.6586586586587,50865.082183698585,0.05158855917182299,216445.004104786,521340868.8172948,261332043.2147787,111534306.0654457,278522454.39603394,111434253.19522288,151032382.638092,23460245.232803795,0.005758990926349361,4.796864603616487,0.32145838614606576
324,259.4594594594595,52384.99448166005,0.05313008918922408,216781.2461922847,521340655.70951235,261332121.87534627,111534388.48327884,278522535.4168095,111434336.84197819,151032420.78410208,23460271.083439104,0.005758995297491295,4.796865974534222,0.32145847893848406
325,260.2602602602603,53950.33184679725,0.054717690189324514,217127.19463567063,521340435.3952496,261332202.09185398,111534469.05176325,278522618.1044564,111434418.5868453,151032459.7000962,23460296.332609434,0.005758999569047511,4.796867374094145,0.3214585736613101
326,261.0610610610611,55562.44314970706,0.05635273022134385,217483.12038030234,521340209.9976317,261332285.47071442,111534547.84274171,278522703.9580993,111434498.48930818,151032500.1321366,23460320.992445607,0.0057590037440242116,4.796868826624374,0.32145867198038247
327,261.8618618618619,57222.72445942927,0.058036625196597885,217849.3011456372,521339979.46124333,261332372.6541895,111534624.95667377,278522793.8722907,111434576.64972273,151032542.32003716,23460345.09088761,0.005759007827640712,4.796870348224849,0.3214587749806966
328,262.6626626626627,58932.612537426976,0.059770832296370056,218226.02173390886,521339743.64545864,261332464.3823558,111534700.49644779,278522888.92095196,111434653.17104588,151032586.53101218,23460368.65603152,0.005759011825249389,4.796871958375886,0.32145888397363076
329,263.4634634634635,60693.59107243647,0.06155685629431851,218613.57446718455,521339502.04089916,261332560.52652287,111534774.54966415,278522989.0034328,111434728.14415447,151032632.7043516,23460391.716787353,0.00575901574161369,4.796873655562609,0.3214589988537206
330,264.2642642642643,62507.19729006015,0.06339625625888284,219012.25964609574,521339253.46685195,261332659.0538927,111534847.16961974,278523091.39381415,111434801.63207547,151032680.07090977,23460414.30357125,0.0057590195801324635,4.796875391155877,0.32145911633791235
331,265.0650650650651,64374.99534740574,0.06529061857481565,219422.38408756684,521338997.4561895,261332761.08653802,111534918.47140379,278523197.8660955,111434873.75069527,151032729.0049394,23460436.445957247,0.005759023346822688,4.796877197828257,0.3214592386210881
332,265.8658658658659,66298.60243183516,0.06724158340812865,219844.26271071014,521338732.9626327,261332866.2901689,111534988.54533966,278523308.2115253,111434944.5963801,151032779.33373314,23460458.17515339,0.005759027046751769,4.796879072760189,0.321459365503484
333,266.6666666666667,68279.682797557,0.06925083865913184,220278.2182683912,521338458.6969463,261332974.14570144,111535057.48154299,278523422.0341707,111435014.26672691,151032830.80213174,23460479.523543034,0.005759030685063082,4.796881010017723,0.32145949657286027
334,267.4674674674675,70319.96085959609,0.0713201332509551,220724.58329930695,521338175.6016526,261333084.98822483,111535125.33065741,278523539.348832,111435082.80731656,151032883.62904587,23460500.504944857,0.005759034264107664,4.796883008264407,0.32145963175443115
335,268.2682682682683,72421.21017414241,0.07345126594455645,221183.69844027777,521337884.3136988,261333198.91735175,111535192.14369492,278523659.9308949,111435150.26593554,151032937.92848545,23460521.134877235,0.00575903778636667,4.796885062175828,0.3214597707013868
336,269.0690690690691,74585.24536083026,0.0756460771395683,221655.9111826041,521337583.2386082,261333314.96726534,111535258.00222535,278523782.8184493,111435216.73368646,151032993.26912263,23460541.44594194,0.005759041256667343,4.796887155842476,0.3214599123268664
337,269.8698698698699,76813.93978577606,0.07790646682037877,222141.57851683264,521337271.97903717,261333432.5507844,111535322.96405758,278523907.1477233,111435282.27128868,151033049.44690916,23460561.460470956,0.005759044678212659,4.796889273583176,0.321460055574535
338,270.6706706706707,79109.22128291118,0.08023439021273208,222641.06626255406,521336950.19856465,261333550.96477026,111535387.08096631,278524031.8518321,111435346.9332572,151033106.22353384,23460581.199607596,0.005759048053884973,4.796891395915567,0.32146019913321905
339,271.4714714714715,81473.09667339647,0.08263188265419061,223154.75105641104,521336618.9607536,261333672.86852735,111535450.45052464,278524160.4060371,111435410.80714896,151033164.63102376,23460600.67707093,0.005759051388128518,4.796893584534558,0.3214603471699961
340,272.2722722722723,83907.6081713244,0.08510101537535633,223683.01700160868,521336278.18594205,261333797.56130758,111535513.11502911,278524291.6390389,111435473.93659683,151033224.45405447,23460619.910910882,0.005759054683252079,4.796895817695111,0.32146049822490325
341,273.0730730730731,86414.86245157279,0.08764392498391502,224226.25801241206,521335928.24955153,261333925.14189762,111535575.12354308,278524425.40870655,111435536.36831619,151033285.78979295,23460638.91607127,0.005759057941684093,4.796898091857978,0.32146065206844576
342,273.8738738738739,88997.02954826542,0.09026281234719963,224784.87779408012,521335569.86083347,261334056.14995533,111535636.52621329,278524562.1060793,111435598.14763798,151033348.91474506,23460657.704921458,0.005759061165756313,4.796900412782821,0.32146080910093444
343,274.6746746746747,91656.34703664076,0.09295994682923556,225359.28978576264,521335203.2620029,261334191.0614966,111535697.38233684,278524702.2064774,111435659.33137864,151033414.04680058,23460676.293250103,0.00575906435841109,4.7969027883645445,0.3214609698605267
344,275.4754754754755,94395.13879954041,0.09573768530839714,225949.91698116233,521334825.5078558,261334329.34023353,111535757.80646998,278524845.90483606,111435720.04893617,151033480.8001875,23460694.721641038,0.005759067526480108,4.79690522550083,0.32146113477826394
345,276.2762762762763,97215.76659320772,0.09859842309971778,226557.19313728405,521334438.3830871,261334472.2488514,111535817.835799,278524994.2530705,111435780.32595938,151033549.78912738,23460712.99343512,0.005759070671217399,4.796907740597813,0.32146130498444603
346,277.0770770770771,100120.67277141735,0.10154463724914062,227181.5621002316,521334041.8894743,261334620.55989513,111535877.53997049,278525148.2599223,111435840.2300889,151033621.31675884,23460731.125843916,0.00575907379612203,4.7969103515754945,0.3214614816888581
347,277.8778778778779,103112.37084327667,0.10457887696694024,227823.47820854434,521333635.990859,261334775.18540904,111535936.99217169,278525309.1567981,111435899.83238913,151033695.7320476,23460749.13631105,0.005759076904866597,4.796913080460133,0.3214616663771249
348,278.6786786786787,106193.46220075109,0.10770378058659599,228483.40663515884,521333219.6919159,261334935.37146053,111535996.2468201,278525476.0234943,111435959.19264854,151033772.7345648,23460767.0472505,0.005759080000620188,4.796915911190113,0.32146185796086196
349,279.4794794794795,109366.62773184071,0.11092206706276772,229161.82345026793,521332791.63420904,261335099.91441858,111536055.3553459,278525647.3972323,111436018.37015714,151033851.84088308,23460784.88309949,0.00575908308655061,4.796918818247052,0.32146205471109646
350,280.2802802802803,112634.60699232889,0.11423651485616573,229859.21554591507,521332351.4438988,261335269.87418285,111536114.4008452,278525824.85499007,111436077.44710492,151033933.42642662,23460802.663564075,0.005759086166910811,4.796921830373106,0.32146225856127936
351,281.0810810810811,116000.22898587085,0.11764999313889692,230576.08113412585,521331897.9615229,261335445.07790536,111536173.45445512,278526008.41039366,111436136.4996267,151034017.3802752,23460820.412657794,0.005759089245701992,4.796924948747057,0.3214624695809891
352,281.8818818818819,119466.40497535218,0.12116545450715571,231312.9298230831,521331429.76566386,261335625.19210386,111536232.58931875,278526197.93271184,111436195.60736397,151034103.51614,23460838.156121194,0.005759092327119583,4.79692817223642,0.3214626876811479
353,282.6826826826827,123036.16211333605,0.1247859691088695,232070.2852214152,521330948.6834002,261335810.628647,111536291.81110305,278526393.1340447,111436254.76513539,151034192.16641933,23460855.892729815,0.0057590954108396415,4.796931492602966,0.32146291233573904
354,283.4834834834835,126712.58864294855,0.12851466903071587,232848.6807808174,521330453.45304745,261336000.8717097,111536351.18263172,278526593.535372,111436314.04165941,151034283.09691566,23460873.646078203,0.00575909850049127,4.796934902114201,0.32146314301397244
355,284.2842842842843,130498.86414915326,0.13235477899649528,233648.66214195566,521329942.85829705,261336195.28520557,111536410.76182076,278526798.45293343,111436373.50066541,151034376.0367187,23460891.43896314,0.005759101599446899,4.7969383892229605,0.3214633789291506
356,285.0850850850851,134398.265512226,0.1363096224074622,234470.78762246648,521329416.1564988,261336393.21157885,111536470.59295112,278527006.97880065,111436433.1898873,151034470.74665597,23460909.289879277,0.005759104710235696,4.796941937655795,0.3214636189827446
357,285.8858858858859,138414.169285219,0.1403826237519035,235315.6283051669,521328872.8612536,261336594.25793132,111536530.71969186,278527218.50053644,111436493.15466745,151034567.10027727,23460927.21536383,0.005759107835246211,4.796945536191833,0.32146386241944824
358,286.6866866866867,142550.08766014618,0.14457734509036305,236183.7698835556,521328314.67716026,261336801.43363973,111536591.21361706,278527436.6946229,111436553.4515613,151034666.31906164,23460945.21842836,0.0057591109772731465,4.796949249128446,0.3214641135915403
359,287.4874874874875,146809.58597454993,0.14889740236977492,237075.8087348107,521327740.67686003,261337013.25039294,111536652.10131814,278527659.45235217,111436614.11275911,151034767.8663345,23460963.3173297,0.0057591141380706635,4.796953038443626,0.32146436993559335
360,288.2882882882883,151196.35238447745,0.15334653610246574,237992.35540781345,521327151.1586364,261337230.00046936,111536713.42177448,278527886.8760663,111436675.17368506,151034871.91775605,23460981.52252354,0.00575911731946637,4.796956904914484,0.32146463151363625
361,289.0890890890891,155714.18253919153,0.15792859581885949,238934.0339692302,521326546.65516454,261337452.1152255,111536775.21096356,278528119.18152463,111436736.66530636,151034978.71680623,23460999.842562493,0.005759120523044949,4.796960851070815,0.3214648985086806
362,289.8898898898899,160367.00114590413,0.16264756192212917,239901.48197967344,521325926.4597957,261337679.95266306,111536837.53469883,278528356.9574971,111436798.65457825,151035088.383257,23461018.29621906,0.005759123752295632,4.796964887852371,0.3214651716539771
363,290.6906906906907,165158.86046753853,0.16750754416807012,240895.35075767824,521325288.96514827,261337913.86408487,111536900.48158897,278528601.1330929,111436861.23562498,151035200.9633392,23461036.909745567,0.005759127012142802,4.796969033571903,0.32146545216752886
364,291.4914914914915,170093.8962721952,0.17251273702890746,241916.30617457008,521324635.34459865,261338154.77554595,111536964.08243853,278528852.405986,111436924.43005049,151035316.9257292,23461055.686718367,0.005759130303649611,4.796973298685803,0.32146574077402507
365,292.2922922922923,175176.38070429384,0.17766747327211252,242965.02824000356,521323965.6189093,261338403.5966419,111537028.39720924,278529111.89867276,111436988.29424448,151035436.64199346,23461074.64033287,0.00575913362971708,4.796977702893933,0.3214660388055601
366,293.0930930930931,180410.71022450732,0.18297621174156278,244042.21149767298,521323279.8243188,261338661.41490474,111537093.48972651,278529380.99202764,111437052.88801505,151035560.54738042,23461093.78386061,0.005759136993416943,4.796982270581007,0.32146634790970136
367,293.8938938938939,185801.45208902887,0.18844358446828482,245148.5652003457,521322575.7467265,261338926.30978158,111537159.405492,278529657.38841957,111437118.26899236,151035687.86252153,23461113.14460855,0.00575914039787092,4.796986961811714,0.3214666653792415
368,294.6946946946947,191353.27326552034,0.1940743246245873,246284.8135778768,521321852.751493,261339198.79124057,111537226.21065356,278529941.84684455,111437184.50346413,151035818.7725082,23461132.740446698,0.005759143846524456,4.796991790442416,0.3214669921453905
369,295.4954954954955,197070.97420222213,0.19987330075239096,247451.69602229496,521321110.1766426,261339479.54618636,111537293.97642988,278530235.3998285,111437251.66255568,151035953.52238142,23461152.589720566,0.005759147343068644,4.796996775346061,0.3214673294766137
370,296.2962962962963,202959.50322489545,0.20584553135684708,248649.96728821003,521320346.73050475,261339768.60604763,111537362.7736123,278530538.32887244,111437319.82111782,151036092.08233005,23461172.71499559,0.005759150891427143,4.797001922470306,0.32146767776416085
371,297.0970970970971,209023.95881767888,0.21199618722679464,249880.398026205,521319561.21011436,261340065.8908809,111537432.6676917,278530850.70575035,111437389.04838748,151036234.39268017,23461193.13784888,0.005759154495233165,4.797007233796414,0.32146803713375127
372,297.8978978978979,215269.64264517906,0.21833064523184598,251143.77744073907,521318755.2241367,261340371.2951049,111537503.64958332,278531171.44673586,111437459.32515422,151036380.6124405,23461213.855714194,0.005759158153450894,4.797012686517368,0.3214684060792661
373,298.6986986986987,221701.9393509666,0.22485436635724354,252440.90742058214,521317926.34297866,261340684.41594085,111537575.80859122,278531500.60678357,111437530.75092745,151036530.47489277,23461234.90007638,0.0057591618713294076,4.797018283863138,0.32146878479528773
374,299.4994994994995,228326.41796167413,0.231572998592003,253772.60757847223,521317073.49543643,261341004.73894072,111537649.19547462,278531837.5288248,111437603.38010463,151036683.7855428,23461256.290595178,0.005759165651741671,4.797024014267466,0.3214691724983865
375,300.3003003003003,235148.80981712716,0.23849235453354803,255139.71421238384,521316195.5418312,261341331.56883544,111537723.85818309,278532181.302506,111437677.26485236,151036840.2835725,23461278.047214948,0.005759169497452562,4.797029861604821,0.32146956809775007
376,301.1011011011011,242175.04291731695,0.2456184462320166,256543.08204551585,521315292.65582,261341665.7131338,111537799.84838378,278532532.7710878,111437752.45194308,151037000.3323143,23461300.181099955,0.00575917341085966,4.797035840070436,0.32146997255885856
377,301.9019019019019,249411.2329004606,0.25295747603570595,257983.58382928904,521314365.7477625,261342008.75601912,111537877.21818535,278532893.65815485,111437828.98356295,151037164.62304485,23461322.69839325,0.00575917739407562,4.797041978970042,0.3214703878730784
378,302.7027027027027,256863.62567176553,0.2605157783849319,259462.10756394654,521313413.70474064,261342359.64581904,111537956.00593239,278533262.4833814,111437906.9025462,151037332.77878898,23461345.61827174,0.005759181449391375,4.797048251667046,0.32147081224340585
379,303.5035035035035,264538.67177820764,0.26829989526555764,260979.56021089992,521312436.57993644,261342718.6026652,111538036.2517811,278533639.2277327,111437986.2455472,151037504.95546246,23461368.952045772,0.0057591855787016465,4.79705465669395,0.3214712455807463
380,304.3043043043043,272443.00940814265,0.276316558960101,262536.8669025909,521311434.6557097,261343085.94908392,111538117.99261957,278534023.93031496,111438067.0445786,151037681.3641487,23461392.709277153,0.005759189783650171,4.79706119332712,0.3214716878491088
381,305.1051051051051,280583.5378732121,0.2845727665154243,264134.97242013906,521310405.930486,261343462.4380119,111538201.33574584,278534418.177256,111438149.4124768,151037862.1821256,23461416.919613607,0.005759194070124821,4.797067892056955,0.32147214108359895
382,305.9059059059059,288967.2998343501,0.2930756603976682,265774.83930440724,521309350.6253764,261343848.71495065,111538286.32809591,278534822.5078759,111438233.39090453,151038047.72980925,23461441.59373909,0.005759198440260644,4.797074761337236,0.32147260586515974
383,306.7067067067067,297601.54490168026,0.30183259294582176,267457.4491597015,521308269.0337683,261344245.60124373,111538373.01935813,278535237.69261825,111438319.02354683,151038238.3955204,23461466.74206246,0.0057592028962895276,4.797081813729527,0.3214730830521496
384,307.5075075075075,306493.7444635713,0.31085114140244663,269183.8030989813,521307161.16096944,261344654.15655693,111538461.47295208,278535664.9698776,111438406.36875331,151038434.62806058,23461492.377880476,0.005759207441204353,4.797089070698493,0.3214735740983747
385,308.3083083083083,315651.5988112482,0.3201391151360791,270954.92212683463,521306026.62663966,261345075.15181786,111538551.75522551,278536105.2851525,111438495.490117,151038636.74755612,23461518.517360017,0.005759212078290357,4.797096548833723,0.32147408012505263
386,309.1091091091091,325083.110351238,0.3297046298308753,272771.8490294935,521304862.0479375,261345506.24322975,111538643.93184617,278536556.0380774,111438586.47056668,151038843.7629746,23461545.197147682,0.00575921681202414,4.79710420379724,0.3214745981174212
387,309.9099099099099,334796.41001448536,0.33955593159148206,274635.6444124917,521303667.8919931,261345949.4273484,111538738.07873923,278537019.68361574,111438679.3768577,151039056.48756358,23461572.42837659,0.005759221645790025,4.797112078617712,0.3214751309862291
388,310.7107107107107,344799.9062383836,0.34970154790968283,276547.3903873773,521302442.9519343,261346405.05876926,111538834.2740136,278537496.83981806,111438774.28889227,151039275.03688845,23461600.233802304,0.005759226583756155,4.797120184902732,0.3214756795077713
389,311.5115115115115,355102.2524521147,0.36015025472121204,278508.18995465996,521301185.78656036,261346873.4284054,111538932.60058488,278537988.1130112,111438871.29256332,151039499.4875187,23461628.63816589,0.005759231630410089,4.797128534325607,0.3214762444600197
390,312.3123123123123,365712.40205540706,0.37091113217281746,280519.17031364277,521299895.8506415,261347354.35858694,111539033.10631652,278538493.03646314,111438970.43501495,151039729.82882512,23461657.657897398,0.005759236788218549,4.7971371177584325,0.3214768252332394
391,313.1131131131131,376639.58448967873,0.38199354034689414,282581.4813370761,521298572.7756897,261347847.42624974,111539135.8285435,278539010.6932687,111439071.75232929,151039965.98184517,23461687.30762302,0.005759242059077156,4.797145917590703,0.3214774206495492
392,313.9139139139139,387893.2315429289,0.3934070445041505,284696.290996313,521297214.4842505,261348352.58225366,111539240.8592016,278539541.401457,111439175.34289186,151040207.860448,23461717.617270257,0.005759247448150467,4.797154940977721,0.32147803117564305
393,314.7147147147147,399483.0823148375,0.4051615215558935,286864.7917341259,521295819.49183995,261348869.34860054,111539348.26418346,278540084.5857367,111439281.27677155,151040455.28064492,23461748.61112653,0.005759252959130844,4.797164177951317,0.3214786561340843
394,315.5155155155155,411419.1591168549,0.41726713561514933,289088.1989288794,521294386.1837065,261349397.0429844,111539458.10800189,278540639.40403306,111439389.62356447,151040707.97960034,23461780.314382855,0.005759258595696397,4.797173613810397,0.32147929452765567
395,316.3163163163163,423711.8840777504,0.429734456292705,291367.7593055923,521292916.2665601,261349938.12637186,111539570.44857506,278541208.45814466,111439500.4244319,151040967.04554465,23461812.729184996,0.005759264359851073,4.797183292442235,0.3214799493423048
396,317.1171171171171,436371.88258617796,0.44257425928117233,293704.7363887999,521291408.38564736,261350491.97455165,111539685.34596485,278541790.87384415,111439613.7429654,151041232.2605539,23461845.878877584,0.005759270254951733,4.797193198164845,0.3214806195185819
397,317.9179179179179,449410.10293810477,0.4557976477370965,296100.41913661844,521289861.6720091,261351058.3187309,111539802.85702646,278542386.1147943,111439729.63645904,151041503.57016268,23461879.783392906,0.005759276284002717,4.797203320811041,0.32148130437436645
398,318.7187187187187,462837.8252733008,0.4694160613439417,298556.12245851266,521288275.81294143,261351637.30076525,111539923.03499088,278542994.0382966,111439848.15504906,151041781.10807344,23461914.458747633,0.005759282449607365,4.797213656655186,0.3214820036680974
399,319.5195195195195,476666.68034508725,0.4834412953248518,301073.1880506394,521286650.3652747,261352229.3366098,111540045.94395013,278543614.9590017,111439969.35980783,151042065.09405747,23461949.922669705,0.005759288754930916,4.797224210468062,0.32148271772835973
400,320.3203203203203,490908.7436217753,0.49788559580958286,303652.98965387756,521284983.5271295,261352835.94020092,111540171.71182497,278544251.3811644,111440093.38032019,151042356.0191716,23461986.206379943,0.005759295206695594,4.7972350287623025,0.32148344967477316
401,321.1211211211211,505576.2932509971,0.5127614145622396,306296.91950162116,521283275.7687863,261353457.39032248,111540300.37646516,278544903.03237164,111440220.24697852,151042654.1336254,23462023.319956165,0.005759301806452979,4.7972461043357395,0.32148419904254355
402,321.9219219219219,520682.02394102706,0.5280816257323742,309006.40028069296,521281526.8729339,261354094.67946577,111540432.0123329,278545570.98276633,111440350.02883632,151042959.88049257,23462061.280655313,0.005759308557756395,4.797257455378828,0.32148496706659113
403,322.7227227227227,536239.0001715941,0.5438594784442581,311782.88250513293,521279736.7431044,261354749.01445988,111540566.6967628,278546256.5696388,111440482.79675874,151043273.78863624,23462100.105239358,0.0057593154642424736,4.797269104775066,0.32148575529931617
404,323.5235235235235,552260.7475695399,0.5601086893712351,314627.84938396147,521277903.29407346,261355419.9974713,111540704.51887688,278546959.47011054,111440618.64581072,151043595.6777166,23462139.824967496,0.0057593225309128864,4.797281047612699,0.32148656339870557
405,324.3243243243243,568761.1886542023,0.5768433776522668,317542.8134265903,521276024.3222029,261356107.2634264,111540845.57234767,278547679.4470201,111440757.67602977,151043925.37160373,23462180.472356945,0.005759329763029424,4.797293280666324,0.32148739113497776
406,325.1251251251251,585754.5669103826,0.5940779879839979,320529.31242854946,521274099.67428184,261356812.37666905,111540989.94694969,278548418.3703031,111440899.97007751,151044263.52492183,23462222.065826282,0.005759337164830065,4.797305836526303,0.3214882407136225
407,325.9259259259259,603255.5853045583,0.611827430949803,323588.9168419243,521272127.93239903,261357535.96500635,111541137.74236697,278549177.1770588,111441045.62823313,151044610.37116006,23462264.63323902,0.0057593447415336405,4.797318732339721,0.3214891132857075
408,326.7267267267267,621279.3741330546,0.630107050457353,326723.2280850916,521270107.4633185,261358278.64415416,111541289.06428784,278549956.85974264,111441194.75775045,151044966.12493736,23462308.204487845,0.005759352498727223,4.797331986509081,0.32149001008434086
409,327.5275275275275,639841.6796332104,0.6489328149936039,329933.89221419994,521268037.8285101,261359039.31333914,111541443.94440742,278550755.32010555,111441347.38879193,151045330.51002216,23462352.796758067,0.005759360438020255,4.797345559352118,0.3214909284509449
410,328.3283283283283,658958.525600008,0.6683209744939734,333222.5748843181,521265916.969286,261359818.45266134,111541602.49752374,278551573.48945343,111441503.63981928,151045703.66556302,23462398.44379624,0.005759368565597578,4.79735946863204,0.32149186957089587
411,329.1291291291291,678646.4461175507,0.6882882963364444,336590.9782617692,521263742.9705421,261360615.99994564,111541764.82169062,278552411.4068045,111441663.61264282,151046085.55872345,23462445.177489482,0.005759376886793659,4.797373715577074,0.32149283351948305
412,329.9299299299299,698922.4696200987,0.7088520491775386,340040.8396704012,521261513.8309183,261361431.58775073,111541931.01024678,278553268.6695012,111441827.40518084,151046476.047647,23462493.030209303,0.005759385406753364,4.7973882934153025,0.32149381983311065
413,330.7307307307307,719804.1632595884,0.7300300479580386,343573.9350677836,521259228.25347006,261362265.33508998,111542101.15132268,278554145.32038766,111441995.10570824,151046875.21769914,23462542.0293892,0.005759394130084841,4.797403202557275,0.32149482854056965
414,331.5315315315315,741309.746254247,0.7518407688795508,347192.0880990823,521256887.67478704,261363119.42296723,111542275.31495902,278555043.4326582,111442166.76726173,151047284.08739105,23462592.18285714,0.00575940305942157,4.7974184769143,0.32149586195901597
415,332.3323323323323,763457.7567263156,0.7743030114340755,350897.14236983156,521254489.3689196,261363992.68903247,111542453.59569111,278555961.6455285,111442342.49350846,151047702.19203565,23462643.528631687,0.005759412200253037,4.797434093022923,0.3214969184939859
416,333.13313313313313,786267.3581820645,0.7974362092958094,354690.98640890804,521252032.3369523,261364885.22258967,111542636.07567658,278556899.7980968,111442522.36493926,151048129.6401601,23462696.092371743,0.005759421556775382,4.797450047053598,0.32149799789390465
417,333.93393393393393,809758.2720121875,0.821260361842703,358575.54782512726,521249515.7211936,261365797.11269918,111542822.83427893,278557857.6590977,111442706.45841941,151048566.55483213,23462749.898818444,0.005759431132992409,4.797466333662507,0.32149909980749736
418,334.73473473473473,833950.929218799,0.845796187919835,362552.8034647488,521246938.2854148,261366729.69687527,111543013.99349788,278558837.0218613,111442894.8929988,151049013.46238926,23462804.978294376,0.005759440935065949,4.797482984939838,0.32150022639725956
419,335.53553553553553,858866.3295870174,0.8710649831354612,366624.76980589423,521244299.03459156,261367684.18890774,111543209.66682436,278559839.3824466,111443087.77810523,151049470.8693039,23462861.3591631,0.005759450968655594,4.797500027184375,0.3215013794395427
420,336.33633633633633,884525.9807083572,0.8970885580766123,370793.49874721933,521241597.52362233,261368661.02204075,111543409.93445528,278560864.82332855,111443285.18838194,151049939.06064326,23462919.064120784,0.005759461237626073,4.7975174601070725,0.32150255892949514
421,337.13713713713713,910952.0772605136,0.9238894199936769,375061.08962670085,521238833.2302496,261369661.34450373,111543614.89781931,278561914.524334,111443487.21869133,151050418.56525975,23462978.118017625,0.0057594717468695145,4.797535303518416,0.3215037662137823
422,337.93793793793793,938167.4587779322,0.9514907300138566,379429.68627674296,521236005.79075825,261370686.5306382,111543824.66098027,278562989.92936283,111443693.96520777,151050910.0062762,23463038.54504916,0.005759482501333901,4.797553581797738,0.3215050029488301
423,338.73873873873873,966195.9155710291,0.9799166129688317,383901.4940406714,521233110.40223885,261371734.99426663,111544039.37012538,278564089.7229091,111443905.5929176,151051412.6365925,23463100.40279174,0.005759493509761478,4.797572274588654,0.3215062677265514
424,339.53953953953953,995061.6034258035,1.0091915646666099,388478.74747367756,521230147.3411253,261372808.82394853,111544259.13285881,278565216.1461496,111444122.19684565,151051927.38412517,23463163.711826514,0.005759504776998285,4.797591419905158,0.32150756312947204
425,340.34034034034033,1024789.4929527382,1.039340906973283,393163.73529598076,521227115.0936355,261373909.0156501,111544484.07703361,278566370.47038865,111444343.9027521,151052454.66153386,23463228.50657855,0.005759516309571887,4.797611040298628,0.3215088906779875
426,341.14114114114113,1055405.2877673702,1.0703907049700538,397958.7959538416,521224011.89953434,261375036.5592747,111544714.33794741,278567554.0369001,111444570.84489009,151052994.86375627,23463294.823926482,0.005759528114457477,4.797631159861835,0.32151025199355815
427,341.941941941942,1086935.5262811724,1.10236787013113,402866.32392307685,521220835.91693383,261376191.77137953,111544950.03722583,278568767.1777142,111444803.14519899,151053548.15218222,23463362.70075597,0.005759540198015604,4.7976517842851605,0.3215116474592971
428,342.7427427427428,1119407.6779015316,1.1353002578308475,407888.7756353025,521217585.2973715,261377373.65806723,111545191.2648074,278570008.21771574,111445040.89599034,151054114.2419692,23463432.1723231,0.005759552565112688,4.797672882515689,0.32151307498724413
429,343.5435435435436,1152849.7354683338,1.1692162542582174,413028.64425848745,521214257.65425974,261378583.31551346,111545438.17868116,278571278.85019666,111445284.25656581,151054693.52725932,23463503.282155257,0.005759565224037118,4.797694485714355,0.32151453666792923
430,344.3443443443444,1187290.6233640725,1.2041451900625388,418288.48490736255,521210850.5135649,261379820.7929161,111545690.91396405,278572579.192766,111445533.36536092,151055286.04011935,23463576.073271047,0.005759578182031377,4.79771659628877,0.3215160326572481
431,345.1451451451452,1222760.107322876,1.2401172489427954,423670.9090458519,521207361.1644352,261381085.9492999,111545949.60845397,278573909.1476073,111445788.3647856,151055891.73287582,23463650.590812568,0.005759591446556894,4.797739212952239,0.32151756286015976
432,345.945945945946,1259289.0633532396,1.27716374036804,429178.60301745124,521203789.63504654,261382380.28414872,111546214.37174389,278575269.9959875,111446049.35249846,151056511.34868202,23463726.859756324,0.005759605022620218,4.797762355978603,0.32151912866714316
433,346.7467467467468,1296909.1349713635,1.3153167519508222,434814.304037516,521200134.3309172,261383704.22783583,111546485.32989798,278576662.0199821,111446316.45226495,151057145.13670528,23463804.917562902,0.005759618916663898,4.797786029429606,0.3215207303582086
434,347.5475475475476,1335652.8016775982,1.3546092188842629,440580.80478420877,521196392.60629666,261385057.48446396,111546762.61932708,278578084.7951314,111446589.80441847,151057793.0163918,23463884.80989094,0.005759633136043864,4.797810225756084,0.32152236741964263
435,348.3483483483484,1375553.5601800838,1.3950751077220975,446480.9658301092,521192562.68801576,261386440.21155986,111547046.366736,278579538.2153637,111446869.53427966,151058455.1390124,23463966.57618474,0.005759647687296788,4.797834942016428,0.3215240396593138
436,349.1491491491492,1416645.9013366345,1.4367493929655186,452517.71352782217,521188642.89425987,261387852.6718408,111547336.70065904,278581022.2740767,111447155.76813869,151059131.7048871,23464050.25578212,0.005759662577003292,4.797860176892462,0.3215257469960844
437,349.94994994995,1458965.7238872112,1.479668476283275,458694.0625402997,521184631.79953617,261389297.93026912,111547633.81616336,278582541.08032835,111447448.69244556,151059823.90651038,23464135.89142964,0.005759677814766931,4.797886003843782,0.32152749438296685
438,350.7507507507508,1502549.4706410854,1.5238693112781019,465013.06933671795,521180527.9153922,261390775.74873763,111547937.82707474,278584093.7443842,111447748.41823381,151060531.79833052,23464223.52089685,0.0057596934063867365,4.7979124050124495,0.32152928062994746
439,351.5515515515516,1547434.8339868097,1.569390118345999,471477.8704895178,521176329.9659806,261392287.29348984,111548248.87920839,278585681.39280486,111448055.08479328,151061255.9417935,23464313.183209535,0.005759709359075878,4.797939399019351,0.321531107004284
440,352.3523523523524,1593660.6041900502,1.6162702309781412,478091.6746504549,521172036.8387002,261393833.93629363,111548567.12103103,278587305.37308437,111448368.83265783,151061996.9882222,23464404.91689765,0.005759725680100378,4.797967008227946,0.32153297502774214
441,353.1531531531532,1641266.874688412,1.6645503036225573,484857.77209773374,521167645.9575747,261395416.40484518,111548892.72483465,278588966.6040182,111448689.8342034,151062755.2565755,23464498.772344384,0.005759742378440206,4.797995248973313,0.3215348857989449
442,353.953953953954,1690295.0487773705,1.7142723184873376,491779.5354504401,521163153.47276586,261397034.89563486,111549225.8846666,278590665.67177343,111449018.29045,151063530.78757197,23464594.81038432,0.005759759464614315,4.798024133070945,0.32153684009725747
443,354.7547547547548,1740787.3886617057,1.765479129065019,498860.40003066853,521158558.63482416,261398691.40451762,111549566.76070116,278592404.64420956,111449354.3499902,151064324.49545193,23464693.06921659,0.0057597769462750205,4.798053695316318,0.3215388402874864
444,355.5555555555556,1792787.5432642582,1.8182149944859827,506103.88775376626,521153859.2189101,261400387.31420904,111549915.53815827,278594185.21032417,111449698.19446786,151065136.97218558,23464793.599083703,0.005759794832850624,4.798083965397171,0.3215408883731212
445,356.3563563563564,1846340.4299395888,1.87252545980802,513513.6022848942,521149052.8570887,261402124.11276895,111550272.41060771,278596009.2455486,111450050.01411417,151065968.84134313,23464896.452217013,0.005759813134215122,4.7981149764999405,0.321542986591991
446,357.1571571571572,1901492.705352351,1.9284578329997137,521093.25368626637,521144136.41935134,261403900.85941464,111550637.532385,278597875.2044092,111450409.96746457,151066819.83849066,23465001.684116982,0.005759831858698816,4.798146700161728,0.321545133026413
447,357.957957957958,1958292.03646032,1.9860604465162002,528846.6207677599,521139107.0326412,261405718.54500687,111551011.10178652,278599784.3439838,111450778.2522011,151067690.39022088,23465109.351774096,0.005759851016591977,4.798179158722864,0.321547329179978
448,358.7587587587588,2016787.4639559416,2.0453830254567857,536777.5701562075,521133961.60853887,261407578.17520154,111551393.3251951,278601737.99679756,111451155.07481925,151068580.91827282,23465219.514675196,0.005759870618647291,4.798212376080967,0.32154957665917266
449,359.5595595595596,2077029.5314424625,2.106476818428547,544890.0632020088,521128696.6907502,261409480.19970527,111551784.4067389,278603736.7630652,111451540.64199102,151069491.6314808,23465332.23521248,0.0057598906756547615,4.798246363119416,0.3215518761913479
450,360.3603603603604,2139070.3244288447,2.1693946371189523,553188.158180035,521123309.03931195,261411425.12966567,111552184.54876168,278605781.2153939,111451935.15709524,151070422.7853245,23465447.574802868,0.005759911198225043,4.79828112982434,0.3215542284471716
451,361.1611611611612,2202963.968547671,2.2341913613121305,561676.0362130279,521117798.6925174,261413414.90599418,111552593.90721162,278607872.7551462,111452338.75810726,151071375.40092474,23465565.57063773,0.005759932193436241,4.7983166969276345,0.32155663486265695
452,361.961961961962,2268765.4635785967,2.30092275697903,570357.9413056131,521112160.9889909,261415449.29639706,111553012.70710269,278610011.3211233,111452751.6786935,151072349.37932113,23465686.296261158,0.005759953673533812,4.798353064464801,0.3215590954230262
453,362.7627627627628,2336531.6803942006,2.3696464868338865,579238.2320071417,521106392.9380496,261417528.75350147,111553441.14993289,278612197.1892295,111453174.11921073,151073345.00105307,23465809.813197844,0.005759975648965279,4.79839023632979,0.3215616103952196
454,363.5635635635636,2406321.1443344373,2.440421890742809,588321.3704418854,521100491.5395358,261419653.64779362,111553879.43783121,278614430.476771,111453606.28047179,151074362.5263166,23465936.18371077,0.005759998130204347,4.7984282134110705,0.32156417984490093
455,364.3643643643644,2478194.406832517,2.513310362169654,597611.9389483084,521094454.3709555,261421825.8156309,111554327.79797515,278616713.2520246,111454048.38256654,151075402.77615964,23466065.46851848,0.0057600211286598394,4.7984670313623985,0.3215668061847259
456,365.1651651651652,2552213.8704598956,2.5883751709837206,607114.6330190112,521088279.2293644,261424047.5599043,111554786.46637142,278619048.16277546,111454500.65213971,151076466.75927377,23466197.7281226,0.005760044656058644,4.798506736012487,0.3215694925156557
457,365.965965965966,2628443.319049024,2.6656809875372507,616834.2414530759,521081963.26321715,261426319.27620998,111555255.64970964,278621435.18657196,111454963.29264875,151077554.78381193,23466333.026083358,0.005760068723005287,4.798547325126116,0.3215722386982957
458,366.7667667667668,2706948.605411309,2.7452945792846726,626775.6767008449,521075504.1061537,261428642.4740145,111555735.5732807,278623875.75340235,111455436.52142636,151078667.59052324,23466471.42464902,0.005760093340773339,4.7985888222388,0.32157504633408
459,367.5675675675676,2787797.4939477732,2.8272846513827696,636943.9685655006,521068899.5492629,261431018.8591822,111556226.46606332,278626371.4861038,111455920.5579721,151079806.0102165,23466612.98596735,0.005760118520737413,4.7986312540705915,0.32157791724178514
460,368.3683683683684,2871060.4475569935,2.9117226429498686,647344.2980053929,521062143.925186,261433449.06836247,111556728.62394679,278628923.6968667,111456415.70701917,151080970.24064952,23466757.80057917,0.0057601442788252875,4.7986746459832705,0.32158085310668805
461,369.1691691691692,2956809.2820877116,2.9986813657200972,657981.9408946828,521055234.9270954,261435935.09368157,111557242.29165363,278631534.3915674,111456922.20294343,151082161.22388497,23466905.93380479,0.005760170627175608,4.798719031540596,0.32158385620908236
462,369.96996996997,3045118.0148861986,3.088235862668959,668862.3044283595,521048169.6911741,261438478.91046026,111557767.731203,278634205.7226883,111457440.2997288,151083379.86246505,23467057.456610862,0.005760197578959843,4.798764447557835,0.3215869290422374
463,370.7707707707708,3136062.893426842,3.1804634370522553,679990.9289067478,521040944.8912446,261441082.52383247,111558305.22066513,278636940.0219892,111457970.26916999,151084627.04320312,23467212.444907553,0.005760225148284857,4.798810934573851,0.3215900743453636
464,371.5715715715716,3229722.54247073,3.275443801417261,691373.4947770564,521033556.7585116,261443747.47285467,111558855.04122998,278639739.0380494,111458512.38866767,151085903.46872613,23467370.978606366,0.005760253349575312,4.798858522882887,0.3215932941643463
465,372.3723723723724,3326178.5445056804,3.373259665104241,703015.8485079345,521026000.05826044,261446472.86531502,111559417.45470352,278642601.3505491,111459066.92703258,151087208.9012325,23467533.147118162,0.005760282196929887,4.798907186578477,0.3215965867478183
466,373.1731731731732,3425513.886155734,3.473995161964635,714923.9351755719,521018271.141214,261449261.3590309,111559992.77393413,278645530.2610336,111459634.18989752,151088544.4600813,23467699.03323571,0.005760311706196798,4.798956983875801,0.3215999560238852
467,373.973973973974,3527814.350754863,3.577737259796824,727103.8598404187,521010365.3695654,261452114.17251623,111560581.30494295,278648527.2202303,111460214.48283683,151089910.70337388,23467868.726857774,0.00576034189329516,4.799007940264859,0.3216034037084629
468,374.7747747747748,3633168.2141043697,3.6845754524889442,739561.8747481257,521002277.78286505,261455032.4140828,111561183.36294538,278651593.5854556,111460808.12188156,151091308.13770658,23468042.32152627,0.005760372774698514,4.799060079777885,0.3216069314167798
469,375.5755755755756,3741666.8841296183,3.794602407907388,752304.4091495528,520994005.0712389,261458017.59396046,111561799.23452309,278654730.6072045,111461415.385003,151092737.55538127,23468219.899162885,0.005760404364846558,4.799113422147045,0.32161054049735033
470,376.3763763763764,3853404.380672461,3.9079134410163348,765338.0457146314,520985543.56827575,261461071.0807924,111562429.21569607,278657939.40607435,111462036.56107211,151094199.68419498,23468401.545613468,0.0057604366787583445,4.799167985016759,0.3216142321552584
471,377.1771771771772,3968476.9397271937,4.024606113039958,778669.50267625,520976887.67097086,261464193.6713899,111563073.64185126,278661220.95072544,111462671.98836055,151095694.9109838,23468587.362887014,0.00576046973408742,4.799223785613693,0.3216180075444012
472,377.977977977978,4086983.8777745436,4.144781106915357,792305.6739955632,520968032.5839733,261467386.30733746,111563732.83521207,278664576.0463431,111463321.9871423,151097223.75199378,23468777.44792454,0.005760503547525966,4.799280836925341,0.3216218675454201
473,378.7787787787788,4209027.390253242,4.268542023186368,806253.6204494899,520958973.40609175,261470649.82152683,111564407.12205653,278668005.3142169,111463986.8818709,151098786.6915433,23468971.899678856,0.005760538135988866,4.7993391485235515,0.32162581280949526
474,379.5795795795796,4334713.856176803,4.395996700676555,820520.6258383722,520949707.3360272,261473988.55283332,111565096.86828001,278671513.7820226,111464667.019508,151100385.60775584,23469170.80713547,0.005760573517384812,4.799398807524361,0.32162984923253307
475,380.3803803803804,4464151.425644448,4.527254774452223,835114.0947328924,520940229.27151847,261477403.08427113,111565802.40742032,278675101.64608455,111465362.73198515,151102020.91161716,23469374.273213837,0.005760609709029123,4.799459815597954,0.3216339769350239
476,381.1811811811812,4597451.773110178,4.662429450652088,850041.6278078431,520930534.8124861,261480895.17045888,111566524.08920017,278678770.53069085,111466074.36127526,151103693.49010712,23469582.39845751,0.005760646728699492,4.7995221993730866,0.32163819772708463
477,381.981981981982,4734729.875438738,4.801637281870494,865311.012972286,520920619.7535364,261484466.88546818,111567262.27092578,278682522.3994105,111466802.2547774,151105404.37145782,23469795.28379057,0.005760684594438576,4.799585991210283,0.32164251380866743
478,382.7827827827828,4876104.377552834,4.9449985368880265,880930.2401568361,520910479.1665049,261488120.36561415,111568017.33532594,278686359.5219268,111467546.78805938,151107154.56418696,23470013.037762385,0.0057607233257672055,4.7996512297702525,0.321646927796376
479,383.5835835835836,5021698.189139345,5.092637804060435,896907.5252273481,520900106.13758326,261491857.64377576,111568789.71998419,278690284.7127551,111468308.40070441,151108944.90064612,23470235.78684421,0.0057607629455837485,4.799717965989204,0.3216514431097184
480,384.3843843843844,5171636.475917954,5.244681960744749,913251.2334020429,520889496.9208598,261495681.40106916,111569579.79967783,278694300.4640215,111469087.45227076,151110776.70323357,23470463.63369714,0.005760803472526991,4.799786240624864,0.3216560625249213
481,385.1851851851852,5326048.578184223,5.40126211299701,929969.9541508919,520878646.4201573,261499594.33576062,111570387.99043591,278698409.74526495,111469884.34940222,151112651.2105735,23470696.69386484,0.005760844927713713,4.799856104655046,0.32166078949084803
482,385.985985985986,5485067.588893025,5.562513169186194,947072.4858191329,520867549.43472236,261503599.35623553,111571214.72146389,278702615.80977607,111470699.51134618,151114569.7426933,23470935.08572901,0.005760887332909675,4.79992761413824,0.32166562779884034
483,386.7867867867868,5648831.443524491,5.728574941835524,964567.880107151,520856198.9718158,261507697.32746685,111572060.42316924,278706919.42725426,111471533.36998662,151116532.79375768,23471178.941217914,0.00576093071065173,4.800000781780079,0.32167057830394835
484,387.5875875875876,5817481.711478012,5.899590926071604,982465.3943576426,520844588.41052973,261511890.01077917,111572925.54402007,278711322.5048679,111472386.3711874,151118541.21346715,23471428.39222716,0.005760975084161418,4.800075640353729,0.32167564321778186
485,388.3883883883884,5991163.535240988,6.075708238292571,1000774.4898805275,520832711.7424398,261516180.41026676,111573810.55300538,278715828.5181741,111473258.9754811,151120596.34545207,23471683.56916893,0.005761020477362684,4.8001522502644365,0.3216808266203643
486,389.1891891891892,6170026.628587486,6.2570786253482575,1019504.8727560141,520820562.03778875,261520570.72637996,111574715.92881086,278720439.9985571,111474151.65815431,151122699.2033065,23471944.610711847,0.005761066914995684,4.80023065557693,0.3216861314833328
487,389.98998998999,6354225.058843849,6.443858244619415,1038666.4859358065,520808132.01921856,261525063.10543108,111575642.16364641,278725159.4461675,111475064.90899637,151124850.77392036,23472211.660174135,0.005761114422563345,4.800310899963563,0.3216915607498623
488,390.7907907907908,6543919.297017604,6.636209737947132,1058269.5986589359,520795417.22445124,261529659.68682668,111576589.68390983,278729988.1200662,111475999.13701,151127052.29529023,23472484.8405366,0.005761163021301107,4.800393000383278,0.32169711560487624
489,391.5915915915916,6739272.152265562,6.834298119163867,1078324.6304478247,520782409.17381907,261534362.45830786,111577559.02092479,278734928.58088136,111476954.87562661,151129304.64309114,23472764.30849961,0.005761212739012067,4.80047700262587,0.321702799123481
490,392.3923923923924,6940452.016388386,7.038294056203326,1098842.2923596066,520769100.4849609,261539173.34067783,111578550.68276589,278739982.74809957,111477932.62872969,151131608.78254294,23473050.214059044,0.005761263601938265,4.800562939002957,0.3217086134908297
491,393.1931931931932,7147632.169460043,7.24837316878581,1119833.557290641,520755483.5500217,261544094.14887485,111579565.18714705,278745152.37420934,111478932.91022165,151133965.6462636,23473342.71099158,0.005761315636850282,4.800650838765293,0.32171456068589604
492,393.993993993994,7360991.561428381,7.464716818842016,1141309.6930251743,520741551.4716905,261549127.7321781,111580603.0667123,278750440.3921223,111479956.24264151,151136376.60457307,23473641.951212633,0.005761368870912195,4.8007407514733496,0.32172064406564466
493,394.7947947947948,7580715.237952955,7.687512541221231,1163282.2805425122,520727298.4994269,261554278.5005196,111581664.87144542,278755851.53437996,111481003.15646331,151138843.68317208,23473948.082163233,0.0057614233316158284,4.800832757725783,0.3217268690923703
494,395.5955955955956,7806991.872579402,7.916951548584771,1185763.1124214937,520712716.4003653,261559547.95757052,111582751.1476469,278761387.02928835,111482074.19493218,151141367.7260481,23474261.268832654,0.005761479047278643,4.8009268770607685,0.3217332370918403
495,396.3963963963964,8040016.357841131,8.153231351436135,1208764.300868177,520697797.9375299,261564938.9633722,111583862.457878,278767049.6522277,111483169.9092191,151143950.1506949,23474581.672710847,0.005761536046556231,4.801023155627705,0.32173975119552867
496,397.1971971971972,8279989.229558637,8.396555176162659,1232298.2545229632,520682535.898995,261570454.53242078,111584999.37525992,278772842.29479855,111484290.8596361,151146592.4546051,23474909.457702115,0.005761594358571659,4.801121641325732,0.32174641465581594
497,397.997997997998,8527118.523411896,8.647133839748676,1256377.7484471388,520666921.1664606,261576098.16972783,111586162.54437181,278778769.2117675,111485437.68522176,151149296.18163678,23475244.80690575,0.005761654016565574,4.801222409020471,0.32175323251855514
498,398.7987987987988,8781617.249214023,8.905183200161904,1281015.8318176654,520650945.73371375,261581873.3912446,111587352.58766614,278784834.13528866,111486610.99644208,151152062.99170667,23475587.89659861,0.005761715052265413,4.801325522265994,0.3217602090854101
499,399.5995995995996,9043704.17086432,9.170924944122044,1306225.8580427645,520634601.99126565,261587783.85954154,111588570.12841412,278791040.7522185,111487811.40132001,151154894.6525416,23475938.902501393,0.005761777497255425,4.801431042922519,0.3217673485520758
500,400.40040040040043,9313604.822504165,9.444587613337498,1332021.523624916,520617881.74419296,261593833.56345007,111589815.8219778,278797393.3502826,111489039.54109888,151157793.02586058,23476298.008351665,0.005761841384846944,4.801539044196422,0.3217746558734261
501,401.20120120120123,9591551.441663777,9.726406537237116,1358416.866913662,520600776.43205196,261600026.51569542,111591090.34233873,278803896.2731383,111490296.0762111,151160759.98089108,23476665.40365814,0.00576190674935474,4.801649600397139,0.32178213607725953
502,402.00200200200203,9877785.558082422,10.016626445554987,1385426.365176535,520583274.0991094,261606363.63800573,111592394.38482623,278810550.35791296,111491581.7089165,151163796.08732662,23477041.304537468,0.005761973627456658,4.8017627256567,0.3217897901049339
503,402.80280280280283,10172552.448639086,10.315495873679241,1413064.7305547323,520565366.4558348,261612850.08574635,111593728.66196096,278817361.328344,111492897.13255341,151166903.68579525,23477425.90542793,0.005762042055126962,4.8018785183773325,0.3217976246148684
504,403.60360360360363,10476105.721496433,10.623271788553222,1441347.081000603,520547043.37364525,261619489.57211003,111595093.90787195,278824333.2994893,111494243.07217966,151170084.50697035,23477819.416882798,0.005762112070081793,4.801997049483859,0.32180564439794845
505,404.40440440440443,10788706.328058353,10.940218592143635,1470288.9049337083,520528294.2927495,261626285.84398758,111596490.87799719,278831470.4727196,111495620.2749389,151173340.28953022,23478222.056010377,0.0057621837111923495,4.802118391611758,0.3218138543583053
506,405.20520520520523,11110623.93463942,11.266609506511278,1499906.116711039,520509108.99796987,261633242.34470254,111597920.32160507,278838776.29761136,111497029.47914974,151176672.73106432,23478634.040149797,0.005762257016871842,4.802242602718801,0.32182225842125434
507,406.00600600600603,11442136.951020792,11.602726602973215,1530215.0585141573,520489477.4976765,261640362.24338856,111599382.98575766,278846253.5636269,111498471.41880801,151180083.48861676,23479055.587911285,0.0057623320253112845,4.802369727915623,0.3218308596549233
508,406.80680680680683,11783529.529741699,11.94885777314282,1561232.381384824,520469387.8798788,261647649.29129422,111600879.69018827,278853906.5888382,111499946.90795982,151183574.29118204,23479486.936826244,0.005762408778885191,4.802499842387414,0.32183966312924106
509,407.60760760760763,12135095.088585699,12.305300285306643,1592975.1865013482,520448828.52429205,261655106.8973885,111602411.24947277,278861738.8928926,111501456.7530813,151187146.81112367,23479928.32522987,0.005762487319577843,4.802633005830325,0.3218486728803145
510,408.40840840840843,12497135.51744342,12.672359984065764,1625460.994284551,520427787.432572,261662738.3820435,111603978.4962285,278869753.85751843,111503001.77924596,151190802.6950848,23480379.997806843,0.005762567690350178,4.802769275428087,0.3218578927745702
511,409.20920920920923,12869964.209661158,13.050354349720994,1658707.8670910858,520406254.959591,261670549.64661878,111605582.28041749,278877957.6517273,111504582.81099099,151194544.71225688,23480842.188333157,0.005762649933984286,4.802908755622291,0.32186732989222977
512,410.01001001001003,13253901.52152779,13.439607916799707,1692734.227133389,520384219.2284205,261678544.67983395,111607223.4708084,278886354.2940888,111506200.70466752,151198374.82458434,23481315.148827404,0.005762734095035462,4.803051514038661,0.32187698881243065
513,410.81081081081084,13649276.810945053,13.840454331717185,1727558.939216923,520361667.90243435,261686727.28824908,111608902.9545627,278894947.5470943,111507856.33605655,151202294.93149605,23481799.138376914,0.005762820219084111,4.803197613710262,0.32188687380389913
514,411.61161161161164,14056429.506141998,14.2532374316437,1763201.3544359326,520338589.02019405,261695101.9091372,111610621.63709748,278903741.8042806,111509550.59457996,151206307.2203368,23482294.417908948,0.0057629083523857184,4.80334712815528,0.3218969898501221
515,412.41241241241244,14475709.199078098,14.678311338484097,1799681.312038571,520314970.33838904,261703673.25896007,111612380.45046298,278912741.8158627,111511284.39550695,151210413.99278823,23482801.255035333,0.005762998542533421,4.803500137213855,0.3219073423610484
516,413.21321321321324,14907479.22198106,15.116044062500102,1837019.2619467115,520290797.8669642,261712447.44131905,111614180.42327774,278921954.90224284,111513058.75477645,151214617.93872687,23483319.938650444,0.005763090842341035,4.803656769259752,0.321917939995273
517,414.01401401401404,15352108.67094996,15.566809468105992,1875235.9984076307,520266059.50124544,261721429.27748948,111616022.51025258,278931385.56979454,111514874.60614069,151218921.48706546,23483850.743161645,0.0057631853003506685,4.803817098397297,0.32192878778796263
518,414.81481481481484,15809979.108809005,16.0309940267793,1914352.8877446293,520240742.1777783,261730624.4365703,111617907.72718304,278941039.7803763,111516732.94571759,151223327.3293864,23484393.956717134,0.005763281968335242,4.803981225915182,0.3219398925963835
519,415.61561561561564,16281483.115106013,16.50899535720835,1954391.8216851184,520214832.6270964,261740038.89992735,111619837.1162846,278950923.8591642,111518634.79470028,151227838.2922065,23484949.87388964,0.0057633808993620425,4.804149259404008,0.32195126170423344
520,416.41641641641644,16767026.465427231,17.00122441916709,1995375.296224963,520188315.7715938,261749677.67469415,111621811.75758365,278961043.14854795,111520581.22057404,151232456.77226016,23485518.80748166,0.005763482148979237,4.804321290150215,0.3219629012815213
521,417.21721721721724,17267027.69801184,17.508105078552173,2037326.397974714,520161175.2979706,261759545.28009495,111623832.76589417,278971402.52422017,111522573.33048621,151237184.94866318,23486101.084467474,0.005763585774840317,4.804497401838411,0.3219748169770476
522,418.01801801801804,17781914.262681805,18.030070233625924,2080268.6694825047,520133397.07424706,261769648.55280516,111625901.26893927,278982009.3472061,111524612.22818959,151242026.01131797,23486697.02118441,0.005763691834285207,4.804677720208399,0.32198701730055057
523,418.81881881881884,18312127.411529083,18.56756673701046,2124226.284110567,520104965.2909373,261779993.52067602,111628018.43370062,278992870.18524003,111526699.06415793,151246982.78997588,23487306.951600406,0.005763800387147838,4.804862357958267,0.3219995098694434
524,419.61961961961964,18858121.095529433,19.12105428658577,2169224.0086561283,520075863.5911422,261790586.3436807,111630185.4596989,279003991.8063942,111528835.0218148,151252058.16562438,23487931.219188057,0.005763911494980013,4.805051431475467,0.32201230254817953
525,420.42042042042044,19420366.64257355,19.691010133905,2215287.3792876345,520046075.9618651,261801431.95186603,111632403.52559784,279015378.69652957,111531021.26147002,151257254.6881905,23488570.16923838,0.005764025218164824,4.805245014104189,0.3220254003177027
526,421.22122122122124,19999345.380424708,20.27792166200473,2262442.4270113218,520015585.1009066,261812536.41479075,111634673.88506185,279027037.3991295,111533259.02111582,151262575.23760256,23489224.163165607,0.005764141621109809,4.805443217899841,0.32203881075145
527,422.02202202202204,20595552.510340344,20.88229028437066,2310715.823548551,519984373.13973045,261823905.82847166,111636997.82331946,279038974.48799396,111535549.57083014,151268022.71111465,23489893.572288346,0.005764260769899512,4.80564615547009,0.3220525414590992
528,422.82282282282284,21209498.196178854,21.504632541941973,2360134.923162398,519952421.7832326,261835546.06423897,111639376.64820188,279051196.1157862,111537894.2034118,151273599.95162892,23490578.776690315,0.005764382731814319,4.805853931494243,0.3220665995182814
529,423.62362362362364,21841707.758968852,22.14548029972466,2410727.7697409564,519919712.5104817,261847463.22639376,111641811.69671611,279063708.62616444,111540294.23915789,151279309.92185357,23491280.1643233,0.005764507575557512,4.806066653640736,0.32208099221157527
530,424.42442442442444,22492725.64326717,22.805384737348312,2462523.237004245,519886229.0399973,261859665.50759932,111644304.32140675,279076520.34150314,111542750.99642524,151285156.5522734,23491998.11497636,0.005764635369599744,4.806284461867953,0.3220957290300395
531,425.22522522522524,23163107.44361959,23.484908330582257,2515550.7525321976,519851951.63924843,261872158.90238598,111646855.92296807,279089637.41326195,111545265.86055522,151291142.78650856,23492733.03767707,0.005764766186050933,4.806507460313119,0.3221108170169019
532,426.02602602602605,23853426.562403254,24.18463154896299,2569840.531786367,519816861.428403,261884950.44704285,111649467.92617995,279103066.948101,111547840.23226224,151297272.0610487,23493485.3426161,0.005764900097758742,4.806735768551642,0.322126264272351
533,426.82682682682685,24564273.596274953,24.905152238124582,2625423.559427506,519780939.01883215,261898047.6111341,111652141.79954761,279116816.6309683,111550475.55509098,151303547.98512435,23494255.451103542,0.005765037179789716,4.806969516505439,0.3221420795935699
534,427.62762762762765,25296258.359319646,25.647087650878337,2682331.66388175,519744163.69962054,261911458.8516153,111654879.09260558,279130895.8617579,111553173.35553865,151309974.4724901,23495043.803578906,0.005765177511513531,4.807208866196707,0.3221582739283215
535,428.42842842842845,26050005.724487223,26.41107027982739,2740597.368490656,519706515.81274176,261925192.1328395,111657681.33228348,279145312.6207662,111555935.13072005,151316555.40988213,23495850.8370076,0.005765321170762354,4.807453951520544,0.3221748563526829
536,429.22922922922925,26826159.69566921,27.197751942927454,2800254.0401286585,519667974.8826859,261939256.15487933,111660550.1069239,279160076.02104014,111558762.43902186,151323294.94237038,23496677.00303783,0.005765468238541798,4.807704927171368,0.32219183733960066
537,430.03003003003005,27625383.711761147,28.00780408863444,2861335.897168369,519628519.13887674,261953659.3740134,111663487.05427013,279175195.00686467,111561656.8920756,151330197.09858105,23497522.770575035,0.005765618798660208,4.807961945461157,0.3222092271937078
538,430.83083083083085,28448361.895918913,28.841919048816305,2923878.0516242487,519588124.5527151,261968409.3380583,111666493.87104404,279190677.7102671,111564620.17006409,151337265.48825544,23498388.633025046,0.005765772938570681,4.808225145760252,0.32222703532932107
539,431.63163163163165,29295795.964567125,29.70080695130692,2987916.4182540826,519546769.0484531,261983515.75113636,111669572.2775034,279206534.4711139,111567653.96063626,151344504.6870838,23499275.077643488,0.005765930745986909,4.808494704332635,0.32224527367483935
540,432.43243243243245,30168408.764696147,30.585199260916614,3053487.8268382703,519504428.812758,261998987.84296793,111672724.05075279,279222775.2622861,111570760.01448505,151351919.04478675,23500182.61275528,0.005766092311953094,4.808770791938702,0.3222639537754344
541,433.23323323323325,31066945.394739803,31.495849905964015,3120630.0639603864,519461079.44468904,262014834.43429324,111675950.99740218,279239409.3196376,111573940.11209643,151359512.80318564,23501111.758912165,0.005766257729086189,4.809053565529877,0.3222830862493521
542,434.03403403403405,31992173.66680951,32.43353574412389,3189381.8909871527,519416695.9095152,262031063.9416995,111679254.95536956,279256445.16102034,111577196.06570937,151367290.09567028,23502063.049427927,0.005766427091678603,4.809343168635715,0.3223026808135414
543,434.83483483483485,32944881.094067406,33.399053548591674,3259782.9470854974,519371251.99987566,262047685.90259254,111682637.84379947,279273893.1480169,111580529.76960386,151375255.4210921,23503037.035965163,0.005766600498269858,4.809639778998255,0.3223227494799091
544,435.63563563563565,33925878.88987838,34.39322401575761,3331873.8842185363,519324720.7910536,262064709.4327312,111686101.6158906,279291762.9168489,111583943.15286967,151383413.1603332,23504034.2839288,0.005766778049236241,4.809943560868094,0.32234330335369815
545,436.43643643643645,34936003.81737461,35.416893620478405,3405696.4311431423,519277076.1011358,262082144.65748188,111689648.25872588,279310064.9492413,111587438.16938518,151391768.1916305,23505055.363272376,0.005766959846183776,4.810254691744392,0.32236435445115075
546,437.23723723723725,35976117.211419895,36.47093363954616,3481293.363661753,519228291.38135606,262100002.01261935,111693279.8037086,279328809.96111095,111591016.81500985,151400325.55833733,23506100.8561871,0.005767145992893177,4.810573352678218,0.32238591503298203
547,438.03803803803805,37047102.93594402,37.55623810897221,3558708.4395967675,519178337.8497425,262118291.0703842,111696998.34376739,279348007.88296515,111594681.1562004,151409089.90957603,23507171.369905688,0.005767336596893598,4.810899712137563,0.32240799649489366
548,438.83883883883885,38149871.344703205,38.67372779346682,3637986.532693512,519127186.8917582,262137022.04261056,111700806.01239185,279367669.1426349,111598433.29420808,151418066.22155222,23508267.52066392,0.0057675317674906685,4.811233946178046,0.3224306107559292
549,439.63963963963965,39285361.90099844,39.8243528036211,3719173.7121453932,519074809.47191024,262156206.71900386,111704705.02534406,279387806.2921731,111602275.40781572,151427260.07998192,23509389.94061438,0.005767731617967521,4.811576268850674,0.3224537722971677
550,440.44044044044045,40454540.40116482,41.00908982855338,3802317.164244029,519021175.99692714,262175856.92930144,111708697.64265463,279408431.7576002,111606209.71889612,151436677.13316917,23510539.27590105,0.005767936263853552,4.811926891342167,0.32247749541085263
551,441.24124124124126,41658398.84081592,42.228942007120246,3887465.1929903664,518966256.29427665,262195984.21260968,111712786.16070871,279429557.3455644,111610238.48516518,151446322.97650754,23511716.186334126,0.0057681458225601655,4.812286012985453,0.3225017935954574
552,442.04204204204206,42897958.62076869,43.48494213351323,3974667.320489725,518910019.7364397,262216601.01226518,111716972.94235729,279451195.970233,111614364.02730146,151456203.5821765,23512921.347086977,0.005768360414743994,4.812653852544891,0.32252668166259574
553,442.84284284284286,44174274.1392289,44.778156234154196,4063974.412402628,518852432.8045328,262237719.3049145,111721260.44948532,279473360.4937381,111618588.77545324,151466324.6424291,23514155.467610504,0.005768580166830469,4.813030630058632,0.3225521744859141
554,443.64364364364366,45488428.00971402,46.10967881846422,4155438.5203552805,518793462.5479519,262259352.06597248,111725651.18494676,279496064.635192,111622915.19212976,151476692.33817932,23515419.264219105,0.005768805206872282,4.813416579118598,0.32257828786954246
555,444.44444444444446,46841533.2701143,47.480635083378225,4249112.958011549,518733075.6235453,262281512.90097392,111730147.71054123,279519322.76465285,111627345.79529114,151487313.1414542,23516713.46804719,0.005769035665785127,4.813811944271412,0.32260503836179305
556,445.24524524524526,48234735.51858929,48.89218304508644,4345052.374699601,518671237.38104993,262304215.6961202,111734752.664195,279543149.70875984,111631883.18038969,151498193.62795717,23518038.83263561,0.005769271678527191,4.814216978575055,0.322632443079898
557,446.04604604604606,49669218.074058995,50.34551867350098,4443312.920648815,518607911.1734345,262327472.57010245,111739468.73118916,279567557.85305715,111636529.9979147,151509339.73067072,23519396.138276886,0.005769513383021617,4.814631891333399,0.32266051618744773
558,446.84684684684686,51146193.87821449,51.84186785474496,4543951.995055921,518543060.19694513,262351297.78341466,111744298.68712695,279592562.44139665,111641288.98149784,151520758.21180555,23520786.18006684,0.005769760921433723,4.815056942867376,0.32268927528969804
559,447.64764764764766,52666911.38228917,53.38249224794724,4647028.435483833,518476646.36752254,262375705.48892498,111749245.37612826,279618178.5361376,111646162.93482742,151532455.81436703,23522209.775704872,0.005770014439597851,4.815492390190288,0.3227187377672171
560,448.44844844844846,54232655.12623535,54.96868986874747,4752602.5395756,518408630.3973023,262400709.88705075,111754311.71333675,279644421.2155726,111651154.73344092,151544439.32351148,23523667.765284676,0.005770274087103043,4.815938490492352,0.3227489210114417
561,449.24924924924926,55844752.548890576,56.60180186216538,4860736.27361032,518338974.49166673,262426326.1533901,111759500.64440952,279671305.8380755,111656267.26865692,151556716.1191401,23525160.99296328,0.005770540014281585,4.816395502215746,0.3227798425332627
562,450.05005005005006,57504562.3469157,58.28320094759072,4971492.92843169,518267637.02494425,262452568.84573817,111764815.2333289,279698847.85783136,111661503.565464,151569293.172695,23526690.344077453,0.005770812378519552,4.816863689018855,0.3228115201587033
563,450.85085085085086,59213484.31299397,60.01430119952599,5084937.41931326,518194576.30538255,262479453.0236763,111770258.60172571,279727062.924117,111666866.70039542,151582177.75892457,23528256.719410483,0.005771091339858792,4.817343316340915,0.32284397184858193
564,451.65165165165166,60972958.80335256,61.79655752465749,5201136.274233349,518119749.80562615,262506994.25439557,111775833.94868954,279755967.19930094,111672359.82515854,151595377.3953941,23529861.041263085,0.005771377062242938,4.817834658231952,0.32287721614799586
565,452.45245245245246,62784472.98970424,63.631471864325775,5320157.821446983,518043115.3885796,262535210.65035808,111781544.57641421,279785579.89922196,111677986.18216424,151608900.65816915,23531504.248421986,0.005771669714221911,4.818338041983497,0.32291127520549934
566,453.25325325325326,64649549.64827917,65.52058210300382,5442071.869158359,517964628.4842078,262564118.2182167,111787393.83534954,279815917.4652876,111683749.0725273,151622755.32698518,23533187.308842994,0.005771969467523216,4.818853745628856,0.32294616784017355
567,454.05405405405406,66569757.29433974,67.46547211578466,5566950.006015369,517884244.215638,262593734.3836014,111793385.1677433,279846997.9653938,111689651.882163,151636949.79467285,23534911.210681085,0.00577227649823073,4.819382075285724,0.3229819147734823
568,454.85485485485486,68546710.48406738,69.46777207025954,5694865.613523466,517801916.37620825,262624077.13529992,111799522.11312711,279878840.1950098,111695698.09372461,151651492.6915561,23536676.96947861,0.00577259098746001,4.819923350040559,0.32301853759975246
569,455.65565565565566,70582074.46961212,71.52916302916795,5825894.002395367,517717596.31129736,262655165.05596206,111805808.34310265,279911464.11707485,111701891.3264038,151666392.81798849,23538485.638795957,0.005772913123451932,4.82047791129066,0.32305605940163856
570,456.45645645645646,72677555.34758298,73.65136725997355,5960112.146007835,517631236.2955882,262687017.3521593,111812247.56355715,279944889.6669038,111708235.2223017,151681659.40257385,23540338.27964552,0.005773243095586382,4.821046096802468,0.3230945030455994
571,457.25725725725727,74834909.97041014,75.83615801647248,6097598.962735753,517542786.78602064,262719653.88532308,111818843.59748518,279979137.7845064,111714733.54182312,151697301.91669446,23542235.986049633,0.005773581099403581,4.821628262838387,0.3231338926379887
572,458.05805805805807,77055947.4422672,78.08536101944344,6238435.364897814,517452196.3407154,262753094.3905942,111825600.36888935,280014229.24338186,111721390.14914893,151713329.8030502,23544179.885106742,0.005773927335879011,4.822224762797555,0.32317425208785927
573,458.85885885885887,79342531.4930091,80.40085680737938,6382704.331909086,517359411.2348585,262787358.12804517,111832521.90643051,280050184.24673146,111728209.01813489,151729752.3309144,23546171.140399534,0.0057742820117514864,4.822835940251708,0.32321560463437476
574,459.65965965965967,81696572.78573537,82.78457320411889,6530490.702601981,517264377.9780114,262822466.57900456,111839612.33768587,280087025.59804976,111735194.21021694,151746579.7088944,23548210.932792652,0.005774645338218242,4.823462183858429,0.3232579765702963
575,460.46046046046047,84120038.2008782,85.23849445391788,6681881.441158106,517167040.9382859,262858441.00694227,111846875.8992466,280124775.8436743,111742349.89952624,151763822.07696187,23550300.479361895,0.005775017532383981,4.824103877920727,0.3233013938889623
576,461.26126126126127,86614954.1535464,87.76466449109215,6836965.743035753,517067343.6142904,262895302.89642012,111854316.91785064,280163457.39732563,111749680.34666374,151781489.76842493,23552441.02481755,0.005775398815851862,4.8247614028882735,0.3233458823350893
577,462.06206206206207,89183405.53287682,90.36518592260818,6995835.008852554,516965228.21008664,262933074.0694999,111861939.82333891,280203092.89426965,111757189.91362707,151799593.3137542,23554633.84473916,0.005775789415505046,4.825435142413051,0.32339146787373935
578,462.86286286286287,91827530.90871572,93.04221535232048,7158582.708526418,516860634.6113076,262971776.99915484,111869749.17845301,280243706.12097776,111764883.09854019,151818143.45504287,23556880.252677187,0.0057761895653245495,4.826125501827594,0.32343817791899365
579,463.66366366366367,94549531.13261357,95.79797183284444,7325304.63921359,516753501.51014686,263011434.4157534,111877749.64819938,280285320.87966716,111772764.49932268,151837151.1223078,23559181.59337865,0.005776599504488417,4.826832885634414,0.32348603983649343
580,464.46446446446447,97351673.79888344,98.63474123998593,7496099.048628148,516643767.24926883,263052070.600781,111885946.01511592,280327962.5720495,111780838.82219154,151856627.95688203,23561539.23929227,0.005777019477747026,4.827557725211832,0.32353508281891474
581,465.26526526526527,100236291.17758779,101.55487428192666,7671066.587702746,516531368.9869363,263093710.60412496,111894343.17911889,280371657.3595183,111789110.8871002,151876585.9710553,23563954.595500194,0.005777449735753517,4.828300464605852,0.3235853369192512
582,466.06606606606607,103205775.34233777,104.56078176965553,7850310.187626844,516416241.2086914,263136378.82958663,111902946.15555213,280416430.65097487,111797585.6359178,151897036.93149078,23566429.10809159,0.00577789053557478,4.829061534970551,0.32363683131155413
583,466.86686686686687,106262587.72393186,107.65494397160082,8033935.325778146,516298317.5994217,263180100.86932245,111911760.08248092,280462309.04830855,111806268.12651756,151917993.1631387,23568964.25483584,0.005778342140273909,4.829841387384119,0.32368959652451584
584,467.6676676676677,109409264.22866753,110.83991559533737,8222050.156912924,516177529.95442426,263224903.62705612,111920790.25804192,280509320.9186747,111815163.57489707,151939467.51549304,23571561.55602318,0.005778804821120871,4.830640504584951,0.32374366521820985
585,468.4684684684685,112648412.14997005,114.11832283174736,8414765.449732224,516053808.56004417,263270814.8423719,111930042.1148327,280557495.54368496,111824277.32866903,151961473.22391814,23574222.569547817,0.005779278856222439,4.831459384991726,0.3237990711135394
586,469.2692692692693,115982705.75865115,117.4928591183594,8612194.491120333,515927082.6850184,263317862.47205138,111939521.18631262,280606862.019209,111833614.8323563,151984023.72789526,23576948.88441573,0.005779764528728622,4.832298522056318,0.3238558476088786
587,470.0700700700701,119414896.32506303,120.96629489170854,8814453.343463982,515797279.8626996,263366075.63277215,111949233.16045508,280657450.87897676,111843181.68220237,152007132.95978475,23579742.131458584,0.005780262129664796,4.8331584345909935,0.32391402981317124
588,470.8708708708709,122947817.88340324,124.54148316192546,9021660.994173069,515664324.5451438,263415483.36035752,111959183.89030534,280709292.69166166,111852983.64504118,152030814.8226556,23582603.994658884,0.0057807719589892835,4.834039642714853,0.3239736529122278
589,471.6716716716717,126584383.15742996,128.22135564434916,9233939.271219019,515528139.4057297,263466115.4957157,111969379.37719882,280762418.91854376,111863026.63379581,152055083.59230086,23585536.200210284,0.0057812943242565844,4.834942681921867,0.3240347531308611
590,472.4724724724725,130327579.99336527,132.0089193789484,9451412.770807931,515388646.525005,263518003.4957124,111979825.75573702,280816862.69923747,111873316.685404,152079954.28509644,23588540.50661158,0.005781829539412254,4.835868115973068,0.3240973686145516
591,473.2732732732733,134180481.48363686,135.9072665174641,9674209.112616122,515245765.4243835,263571179.21772963,111990529.32620569,280872657.6956554,111883860.00425881,152105442.10383132,23591618.722662766,0.0057823779271416,4.836816518048371,0.3241615381389175
592,474.0740740740741,138146252.58110002,139.91958069204338,9902459.120004775,515099413.62628347,263625674.48712978,112001496.53655188,280929837.148013,111894662.94161431,152131562.3486672,23594772.704804778,0.005782939817802011,4.837788452555077,0.32422729989494514
593,474.8748748748749,142228144.88781705,144.0491320940365,10136296.69990937,514949506.5960793,263681521.9027052,112012733.99780415,280988435.1634958,111905732.01024567,152158330.67972532,23598004.356612373,0.005783515550156501,4.838784498893637,0.3242946930857035
594,475.6756756756757,146429494.04163668,148.29927503630836,10375858.788003152,514795957.68519676,263738755.3495218,112024248.49514541,281048487.53684723,111917073.89506651,152185763.28450084,23601315.62887221,0.005784105471907892,4.839805266592418,0.3243637589431328
595,476.4764764764765,150753729.93615186,152.67345778435057,10621285.61632043,514638678.0798541,263797409.06626037,112036046.97751145,281110030.2585984,111928695.4437748,152213876.57511568,23604708.522551842,0.005784709939248141,4.840851367804512,0.3244345388799401
596,477.2772772772773,155204384.32813954,157.17522983199748,10872720.90650925,514477578.2021865,263857518.89625892,112048136.56142327,281173100.78848404,111940603.66107212,152242687.7473389,23608185.08212091,0.005785329316480383,4.841923438536865,0.32450707593718064
597,478.0780780780781,159785084.27289897,161.8082357458763,11130311.72470322,514312566.15426,263919121.29902345,112060524.53851233,281237737.22436666,111952805.725937,152272214.3036131,23611747.404071487,0.005785963976987962,4.843022125653139,0.32458141388888384
598,478.87887887887894,164499550.58530566,166.57621377952003,11394208.457395826,514143547.0432202,263982252.93816987,112073218.38059957,281303977.9530258,111965309.00077951,152302473.85517964,23615397.641092606,0.0057866143037405005,4.844148081397976,0.32465759686493373
599,479.67967967967974,169351608.18029752,171.48300576167287,11664565.073331794,513970424.38921076,264046951.63189316,112086225.7389924,281371862.43995076,111978121.02140555,152333484.58391765,23619137.99597222,0.005787280688705732,4.845301975699817,0.32473567019896366
600,480.48048048048054,174345199.31841624,176.53256957198704,11941539.429464664,513793099.66615826,264113257.65147236,112099554.50652218,281441433.27736676,111991249.55831331,152365265.6790499,23622970.73270936,0.005787963536001528,4.846484533885327,0.32481568296165064
601,481.28128128128134,179484366.38807604,181.72896311332514,12225292.905665856,513611472.2141263,264181211.49008542,112113212.74019411,281512732.95643383,112004702.54445118,152397836.53031853,23626898.166560296,0.005788663258220025,4.847696478169324,0.32489768402135316
602,482.08208208208214,184773253.96324974,187.0763463408163,12515990.467430988,513425439.21682113,264250853.86313564,112127208.66392784,281585803.85390574,112018488.07786562,152431216.7315544,23630922.664922226,0.005789380276565683,4.848938527368697,0.32498172202518044
603,482.88288288288294,190216122.83008343,192.57899450312124,12813800.994347932,513234895.71955335,264322227.09421888,112141550.72102986,281660690.2147848,112032614.47085153,152465426.58745483,23635046.654946387,0.005790115023361582,4.850211432770088,0.3250678478144254
604,483.68368368368374,195817347.65412936,198.2412960586163,13118897.245316168,513039734.591904,264395374.60716796,112156247.55869155,281737437.4068075,112047090.23554212,152500486.93256587,23639272.621953204,0.005790867941318761,4.85151596458185,0.3251561135126584
605,484.48448448448454,201581443.70674062,204.06777748982358,13431456.330104677,512839844.1601768,264470340.8490425,112171308.12576851,281816092.5745809,112061924.19246191,152536418.9557564,23643603.140694726,0.005791639489243864,4.852852926461104,0.3252465734767612
606,485.28528528528534,207513034.88554892,210.06307390185816,13751659.211379996,512635111.48075587,264547171.46988946,112186741.54457441,281896703.7907257,112077125.32680027,152573244.48105428,23648040.83391318,0.005792430134475369,4.854223136269166,0.32533928304001847
607,486.08608608608614,213616855.8432257,216.23193112049583,14079690.7700335,512425422.33608335,264625913.35331938,112202557.11397287,281979320.0802624,112092702.7912599,152610985.98333493,23652588.373140685,0.005793240353030542,4.855627426448375,0.32543429853802935
608,486.88688688688694,219897775.18747017,222.57922724990283,14415740.218500592,512210659.2059555,264706614.55492008,112218764.3935822,282063991.9844637,112108665.99945574,152649666.44020885,23657248.505594388,0.005794070634515881,4.857066656520522,0.3255316781271122
609,487.68768768768774,226360789.8218043,229.10996757837506,14760001.037469514,511990702.0118268,264789324.36689615,112235373.17688793,282150771.38585234,112125024.59529583,152689309.4082515,23662024.045331225,0.005794921480513471,4.8585417089834975,0.3256314815173092
610,488.48848848848854,233011057.76327524,235.82931453661456,15112671.566911193,511765426.64292383,264874091.80126137,112252393.54105806,282239709.5934659,112141788.51157239,152729938.43349463,23666917.899087258,0.005795793407726007,4.8600534556421175,0.325733767693148
611,489.28928928928934,239853858.1266169,242.7425515512795,15473954.348863414,511534706.9233719,264960967.7906918,112269835.78815904,282330860.11751527,112158967.8986998,152771577.90997007,23671933.033106323,0.0057966869441327925,4.8616028063963705,0.32583859821602357
612,490.09009009009014,246894593.4845931,249.85508535974154,15844056.196472213,511298414.57726353,265050005.22636107,112287710.44955721,282424278.71564853,112176573.12900412,152814253.0957441,23677072.474302426,0.00579760262921211,4.863190710054099,0.3259460372790687
613,490.89089089089094,254138818.27355725,257.1724719638403,16223188.70940494,511056417.9632238,265141257.66634268,112306028.3291553,282520021.7622925,112194614.84744763,152857989.6111297,23682339.332524285,0.0057985410166628525,4.864818125656952,0.32605614976604147
614,491.69169169169174,261592231.45455492,264.7004101414759,16611568.176662812,510808582.49771833,265234779.86852586,112324800.49333163,282618146.9194032,112213103.95862584,152902813.64755797,23687736.79385929,0.005799502673696165,4.866486034273914,0.3261690020495005
615,492.49249249249254,269260709.0632096,272.44477036669656,17009416.196533866,510554772.14967585,265330628.15631285,112344038.29469816,282718712.8878968,112232051.64140236,152948752.2669521,23693268.126434077,0.005800488181759136,4.8681954318730005,0.3262846615347487
616,493.29329329329335,277150265.2202404,280.4115607127819,17416958.989845023,510294847.20294356,265428859.93934512,112363753.35092402,282821779.797702,112251469.3406114,152995832.99750882,23698936.6759458,0.005801498136157741,4.869947340055167,0.32640319734887135
617,494.09409409409415,285267054.82376033,288.6069294716268,17834427.474551868,510028664.19325656,265529533.72654426,112383957.54973969,282927409.2257256,112271368.77212149,153044083.8394217,23704745.86717675,0.005802533146321125,4.871742806380945,0.326524680362595
618,494.89489489489495,293617401.72902006,297.0371902242945,18262057.805868868,509756077.1748728,265632709.44019255,112404663.06995004,283035663.9862944,112291761.93606965,153093533.52127457,23710699.20916761,0.005803593836458051,4.8735828983332965,0.32664918280418276
619,495.69569569569575,302207791.87742233,305.7088160363744,18700091.276181173,509476937.1586314,265738448.31601927,112425882.38043179,283146608.23449105,112312661.11885966,153144211.41170952,23716800.295359276,0.0058046808456740425,4.875468706032056,0.32677677843436737
620,496.49649649649655,311044902.8887735,314.6284644880464,19148774.715862557,509191093.421322,265846814.9526433,112447628.31588618,283260309.92012423,112334078.95872702,153196148.36432302,23723052.814701162,0.005805794831290118,4.877401384964549,0.3269075454401646
621,497.29729729729735,320135569.87070537,323.8029496117907,19608360.126468807,508898391.56204516,265957874.4710714,112469913.98291492,283376837.37004036,112356028.3659954,153249375.55225846,23729460.53980693,0.005806936464824732,4.879382096416584,0.3270415624009638
622,498.09809809809815,329486788.44275767,333.23924480730517,20079104.76180851,508598673.4565701,266071692.527278,112492752.7650954,283496259.29630697,112378522.52811456,153303924.4757283,23736027.328502115,0.00580810643225643,4.881412007591069,0.32717890829665974
623,498.89889889889895,339105740.3999042,342.9445046013274,20561271.481478874,508291778.3663334,266188337.06045002,112516158.38828225,283618646.88851607,112401574.96627505,153359827.68308467,23742757.133518666,0.005809305436890679,4.883492328037455,0.3273196649747499
624,499.69969969969975,348999788.17783314,352.926060438269,21055128.728931557,507977542.4562864,266307877.64940143,112540144.90291424,283744073.0340698,112425199.5209478,153417118.50858566,23749654.00096263,0.0058105341986380244,4.885624296043115,0.32746391622885923
625,500.50050050050055,359176501.26930094,363.1914411920748,21560950.523903087,507655797.4771121,266430385.72168398,112564726.79133838,283872613.1810046,112449410.4670547,153475831.0403461,23756722.102986425,0.005811793460048415,4.887809196229011,0.327611748963623
626,501.30130130130135,369643627.07252556,373.74835193703615,22079016.67729702,507326372.5485615,266555934.34712562,112589918.83095853,284004344.21234053,112474222.36569552,153536000.20723793,23763965.695795786,0.005813083978536087,4.8900483362725495,0.3277632516561736
627,502.10210210210215,380409094.2065843,384.6046771068798,22609612.87609297,506989094.13088053,266684598.27417746,112615736.10004982,284139344.4822478,112499650.06979848,153597661.79629153,23771389.1212818,0.00581440652667297,4.892343047511435,0.3279185143971555
628,502.90290290290295,391481035.47684,395.7684984143902,23153030.68959191,506643784.8996161,266816454.1132163,112642194.06991866,284277694.5553817,112525708.82293035,153660852.42803338,23778996.835056268,0.0058157618973654025,4.89469470000101,0.3280776298877201
629,503.70370370370375,402867783.70567083,407.24809238823167,23709567.684288096,506290264.1347458,266951580.31691653,112669308.57782824,284419476.97521335,112552414.2294628,153725609.589909,23786793.398026805,0.005817150902287489,4.897104697612789,0.3282406931164097
630,504.50450450450455,414577901.18045545,419.05194930262525,24279527.2731765,505928346.67810684,267090055.17716274,112697095.90840968,284564773.7574793,112579782.34813936,153791970.8571356,23794783.515621237,0.00581857437688279,4.8995744340681435,0.3284077983810766
631,505.30530530530535,426620141.87746316,431.1887516279231,24863219.174166214,505557844.48895,267231960.1200998,112725572.68151641,284713670.5052618,112607829.5603189,153859975.1797964,23802971.98025109,0.005820033173295737,4.902105365105247,0.3285790441767329
632,506.10610610610615,439003460.0630361,443.66738040734737,25460959.4482772,505178566.40707064,267377379.34604618,112754755.8736116,284866255.95586604,112636572.59366791,153929662.7444539,23811363.680529512,0.005821528161630223,4.90469900052674,0.3287545326567659
633,506.90690690690695,451737035.1102655,456.4969313979163,26073070.390911214,504790317.2892321,267526398.1914139,112784662.88584459,285022619.9304577,112666028.60020393,154001074.3373531,23819963.633829523,0.005823060234119726,4.907356868234263,0.32893436719676955
634,507.70770770770775,464830265.91722023,469.68671290689366,26699880.69855784,504392898.32044995,267679103.8864242,112815311.52460162,285182854.2779729,112696215.13244903,154074251.6419707,23828776.97508729,0.005824630303839305,4.910080530777939,0.32911865351531583
635,508.50850850850856,478292774.57615787,483.2462491987332,27341725.55167897,503986106.9677376,267835585.58372432,112846720.0086928,285347052.90779907,112727150.15059075,154149237.25222027,23837808.95892113,0.005826239305078646,4.9128715859242895,0.329307499712263
636,509.30930930930936,492134436.49085486,497.1852906293971,27998945.389727812,503569740.0093794,267995933.78407195,112878907.05326585,285515310.20785135,112758852.10176761,154226074.62097934,23847064.991291318,0.005827888197494211,4.9157316354360185,0.3295010141902802
637,510.11011011011016,506365341.728061,511.5138062893069,28671888.08665607,503143588.56774276,268160241.3296617,112911891.75422797,285687723.6606669,112791339.81182891,154304808.1767813,23856550.584352903,0.005829577960435585,4.918662336501855,0.32969930908007183
638,510.91091091091096,520995804.11557835,526.2419887911809,29360908.765339676,502707438.6943209,268328603.30898127,112945693.611182,285864393.544664,112824632.50730027,154385483.32374436,23866271.364638384,0.005831309594094234,4.921665395779486,0.3299024998441844
639,511.71171171171176,536036386.41454613,541.3802631465257,30066368.817131393,502261073.82397044,268501116.595227,112980332.59699455,286045421.65410376,112858749.88118403,154468146.40219176,23876233.099194225,0.00583308412294907,4.924742544118812,0.3301107035943095
640,512.5125125125126,551497894.7224689,556.9392878156231,30788636.442960184,501804273.65113574,268677880.08616036,113015829.13810141,286230911.8974521,112893712.07485108,154552844.72451684,23886441.687350124,0.005834902594815469,4.927895548266941,0.33032403987121445
641,513.3133133133133,567391382.2649096,572.9299581456282,31528086.730158783,501336814.0978374,268858994.7299323,113052204.12204982,286420970.3225837,112929539.68553601,154639626.58808884,23896903.162974797,0.005836766081235807,4.9311262112888805,0.3305426306732475
642,514.1141141141142,583728154.899191,589.3633830570627,32285099.03532363,500858472.43045425,269044565.93072015,113089479.05093947,286615707.8057557,112966253.9071314,154728542.3025623,23907623.72887593,0.005838675684711061,4.934436418587134,0.33076660358158255
643,514.9149149149149,600519772.1593161,606.2509314026345,33060061.383389074,500369018.9669024,269234699.75634223,113127675.81488244,286815235.8030126,113003876.32381518,154819642.5752562,23918609.70748336,0.005840632528115439,4.937828065162779,0.3309960868202645
644,515.7157157157158,617778051.4164699,623.604229642683,33853369.96413731,499868218.1537453,269429503.4767279,113166816.73097408,287019666.94920313,113042428.94626027,154912978.74257648,23929867.550029155,0.005842637756560586,4.941303065858812,0.33123120995179606
645,516.5165165165165,635515073.0487053,641.4351437505599,34665427.040617466,499355832.6785099,269629087.5052813,113206924.66827098,287229117.22728515,113081934.32642381,155008603.5994275,23941403.86467664,0.0058446925432925735,4.9448633924839465,0.33147210639824587
646,517.3173173173174,653743183.6366,659.755791964696,35496641.96391677,498831621.6450498,269833564.59614176,113248023.00453654,287443705.06609994,113122415.51863219,155106571.05893898,23953225.40758475,0.005846798087700623,4.948511058357425,0.3317189123915812
647,518.1181181181181,672474999.7628404,678.5785481031058,36347431.23754285,498295340.56531906,270043049.8810012,113290135.63445717,287663551.3778806,113163896.0876918,155206936.17005742,23965339.085312307,0.005848955615739257,4.952248118940357,0.33197176701647807
648,518.918918918919,691723359.4000401,697.9159570400134,37218214.04362064,497746744.49419504,270257661.60005933,113333287.15066217,287888781.19586915,113206400.29790626,155309755.26383042,23977752.008229367,0.005851166389804985,4.9560767035193445,0.3322308143239548
649,519.7197197197197,711501410.0297158,717.7808793327943,38109419.608248025,497185582.9647546,270477520.02212375,113377502.57393582,288119521.13759136,113249952.83014746,155415085.76395908,23990471.41086203,0.005853431693948096,4.959998965881323,0.3324962000426706
650,520.5205205205206,731822600.6219155,738.1864747271684,39021486.24242054,496611600.6888719,270702747.63797045,113422807.40040477,288355899.8032236,113294578.83076467,155522986.23341227,24003504.66579991,0.005855752836427009,4.964017091947871,0.332768072088752
651,521.3213213213213,752700643.6715482,759.1461354798931,39954857.790253974,496024540.05346686,270933469.7502705,113469227.74744895,288598049.0881151,113340304.06384678,155633516.49456453,24016859.32674433,0.005858131157664071,4.968133325149907,0.3330465822586942
652,522.1221221221222,774149537.1316384,780.6735200637947,40909985.26350725,495424140.0248324,271169814.2702478,113516790.30213074,288846103.6666844,113387154.8567425,155746737.602262,24030543.113265,0.005860568027396581,4.972349956315447,0.33333188555570165
653,522.9229229229229,796183567.971408,802.7825560775386,41887326.88505396,494810136.1548905,271411911.7576954,113565522.33020741,289100201.0373004,113435158.10900462,155862711.86200675,24044563.913439304,0.0058630648451424945,4.976669324444019,0.33362414024203935
654,523.7237237237238,818817186.3044815,825.4872713067099,42887340.84682548,494182264.7489318,271659892.81691283,113615451.75264917,289360478.67346615,113484341.38851732,155981501.67453808,24058929.82586403,0.005865623045383725,4.9810937681027685,0.3339235045408858
655,524.5245245245245,842065217.7352923,848.802073849304,43910497.10584851,493540256.1588212,271913892.4019867,113666607.04575573,289627078.7366325,113534732.7998025,156103171.44720098,24073649.098781522,0.005868244090421715,4.985625705854908,0.334230142093503
656,525.3253253253254,865942836.4250889,872.7417145400622,44957275.71133602,492883835.76964736,272174049.23389393,113719017.26607232,289900147.43935955,113586361.01350325,156227787.3356441,24088730.14199467,0.005870929471954557,4.9902676254012075,0.3345442212222515
657,526.1261261261261,890465466.5584068,897.3211543095624,46028161.101484954,492212727.28847116,272440503.75492364,113772712.11264908,290179832.80770934,113639255.34409636,156355416.33629024,24104181.560562328,0.005873680715263828,4.995022045405827,0.3348659123401385
658,526.926926926927,915648830.4007912,922.5556261777365,47123644.65180468,491526651.3198102,272713399.0777609,113827721.91284439,290466285.721016,113693445.72886208,156486126.70802033,24120012.143901907,0.00587649937805834,4.999891533247607,0.33519538915511315
659,527.7277277277277,941508951.2620066,948.4606373738079,48244224.68510352,490825325.3910212,272992881.0133499,113884077.63164744,290759659.9434668,113748962.73722914,156619987.9849637,24136230.868609633,0.005879387050961515,5.004878705567534,0.33553282870701906
660,528.5285285285286,968062018.6451211,975.0517325779771,49390394.041336685,490108477.28685206,273279097.3314447,113941811.24692863,291060110.57315904,113805837.95114443,156757070.78092903,24152847.02599921,0.005882345377438917,5.009986198416919,0.3358784093777781
661,529.3293293293293,995324547.1013472,1002.3448529607191,50562661.56149026,489375821.06404877,273572198.3297291,114000954.85067117,291367795.9340898,113864103.05676903,156897446.79899475,24169869.925686657,0.005885376006269454,5.015216705243513,0.3362323134114387
662,530.1301301301302,1023313407.419225,1030.3563069174581,51761547.78955125,488627062.64599276,273872337.3214419,114061541.04105662,291682877.86674225,113923790.23905477,157041189.1082418,24187309.01935682,0.005888480612157281,5.020572980838449,0.33659472718981664
663,530.9309309309309,1052045714.0034206,1059.1025821717656,52987575.43081802,487861909.9434935,274179669.9807738,114123603.17981741,292005520.44078356,113984932.44294205,157188371.95333275,24205173.989342354,0.005891660909422937,5.026057816751469,0.3369658395922925
664,531.7317317317318,1081538865.1509888,1088.6004252129183,54241273.8092234,487080067.9709982,274494354.53084767,114187175.23043749,292335890.42536163,114047563.20964992,157339070.78888598,24223474.694617797,0.005894918643432818,5.03167405051391,0.3373458426092801
665,532.5325325325325,1111810543.0513394,1118.8668412958657,55523178.867333256,486281238.846593,274816551.7437181,114252291.75815234,292674157.2891052,114111716.67667608,157493362.27947545,24242221.170799542,0.005898255590599185,5.037424565638701,0.3377349313422262
666,533.3333333333334,1142878803.7580051,1149.9188878863408,56833810.52302403,485465150.75148904,275146429.71296316,114318989.8473591,293020498.2249801,114177429.50161335,157651326.47491816,24261424.21952901,0.005901673658769935,5.043312376695474,0.3381333097771422
667,534.1341341341341,1174761931.66349,1181.7740087538584,58173709.294010304,484631511.08939254,275484156.13423854,114387306.00029439,293375090.0228167,114244737.75046553,157813043.29184744,24281094.45517265,0.005905174724852783,5.0493404917055065,0.3385411814461835
668,534.934934934935,1207478458.2777908,1214.449990860556,59543431.57183574,483780012.5307952,275829899.30139065,114457276.53722732,293738110.11807495,114313677.29917759,157978592.96772924,24301242.427835286,0.005908760655768154,5.055511929898216,0.3389587506326756
669,535.7357357357357,1241047232.8351157,1247.9648022638853,60943531.85216174,482910355.73939484,276183831.851824,114528939.10117765,294109740.53518015,114384285.34338129,158148057.76795307,24321879.085887942,0.005912433387231664,5.061829788475201,0.3393862269019837
670,536.5365365365366,1275487391.6695619,1282.33666242331,62374570.4420483,482022239.51493454,276546129.14201856,114602332.00527254,294490166.17717516,114456599.74357119,158321521.24541348,24343015.57535507,0.005916194889583694,5.0682972136525875,0.33982382313633336
671,537.3373373373373,1310818034.9348218,1317.5835470376505,63837091.26091003,481115381.85142255,276916969.8930341,114677494.92181958,294879576.15531343,114530659.73122075,158499068.35787335,24364663.459179208,0.005920047204726537,5.07491742597878,0.34027175723227804
672,538.1381381381382,1347058641.0479624,1353.7238228412275,65331650.29958385,480189492.9405958,277296535.36297655,114754467.99891838,295278162.08452696,114606505.00354493,158680785.31750458,24386834.436124716,0.005923992398771157,5.081693687877227,0.34073024992455325
673,538.9389389389389,1384229250.603557,1390.776529301887,66858828.24936492,479244263.1918981,277685008.9797694,114833291.46844675,295686117.32701975,114684175.3217907,158866759.52411953,24409540.21603807,0.00592803254102362,5.0886292892431415,0.34119952382038615
674,539.7397397397398,1422350014.3890994,1428.7606863242281,68419199.46508068,478279392.67439795,278082577.24364805,114914006.60946769,296103638.8512001,114763711.49847211,159057079.72925982,24432792.826406244,0.005932169755627689,5.095727582840769,0.3416798057727608
675,540.5405405405405,1461441356.5118732,1467.6955441081523,70013343.16670504,477294580.4908325,278489429.4014379,114996655.4005238,296530926.56076807,114845155.04106472,159251835.97697455,24456604.501715932,0.005936406202926358,5.102991971528065,0.3421713260238766
676,541.3413413413414,1501523474.6192768,1507.5999124006225,71641814.84250979,476289547.99384505,278905754.8690173,115081280.98409308,296968181.03978294,114928548.65014559,159451118.23755726,24480987.851819213,0.005940744105703164,5.1104258718273705,0.34267431572802043
677,542.1421421421421,1542616749.9650598,1548.4927108405889,73305169.71260811,475264019.73720074,279331745.3461717,115167927.28550564,297415605.4028217,115013935.81067236,159655017.52855644,24505955.723790523,0.005945185727651341,5.118032743815448,0.3431890089840352
678,542.942942942943,1584742565.792986,1590.3940673017307,75004009.55597416,474217685.4594579,279767599.0372815,115256638.2524027,297873408.98740786,115101359.97628494,159863628.15201646,24531520.926229846,0.005949733330404007,5.125816150776124,0.34371564689159023
679,543.7437437437437,1627922187.752707,1633.3238153122359,76738918.6490615,473150252.0919446,280213514.87723887,115347458.89518948,298341802.3026101,115190865.68521601,160077044.6338357,24557696.606427837,0.00595438923231873,5.133779677592912,0.34425447200202863
680,544.5445445445446,1672177128.6660998,1677.3019836032488,78510484.63733429,472061426.81428975,280669694.41267395,115440434.94805035,298820998.67481536,115282498.1967217,160295362.72093973,24584496.1274835,0.005959155789325221,5.141926957337124,0.3448057301263104
681,545.3453453453453,1717528505.5597498,1722.3479888594813,80319267.15646815,470950943.32625675,281136338.23651814,115535613.11202109,299311210.4662056,115376303.76490375,160518677.68999577,24611933.172228206,0.005964035409473753,5.150261606871302,0.345369665977593
682,546.1461461461462,1763997132.493097,1768.4807522654687,82165802.36264978,469818558.05475986,281613646.5027623,115633041.0198954,299812649.62071383,115472329.59917665,160747084.5915916,24640021.728221744,0.005969030550834746,5.158787236146444,0.34594652380033214
683,546.946946946947,1811605578.997866,1815.7212838880819,84050703.39077541,468663966.0454472,282101830.3410864,115732766.45803688,300325539.77044547,115570622.98763438,160980683.66482958,24668775.75504281,0.005974143674922433,5.167507654365499,0.3465365613204158
684,547.7477477477478,1860375938.0241368,1864.0898803200237,85974551.42332917,467486892.1650548,282601099.4794882,115834838.21020162,300850103.10816765,115671232.24762133,161219574.46605048,24698209.545060147,0.00597937729719957,5.17642664643147,0.3471400346184372
685,548.5485485485486,1910330506.8446758,1913.606979559113,87937928.92061596,466287063.279464,283111666.02009094,115939305.80012396,301386564.391952,115774206.43575373,161463857.65990928,24728337.613376673,0.005984733971670604,5.185548041143553,0.3477572027442128
686,549.3493493493494,1961491295.4964068,1964.2925783304843,89941399.22925623,465064225.35979146,283633742.3220567,116046219.4980606,301935148.702222,115879595.36965437,161713633.99380395,24759174.715189658,0.0059902162921495515,5.194875672909111,0.3483883251294175
687,550.1501501501502,2013879336.2910833,2016.1654136025431,91985477.93836035,463818167.5112138,284167538.02772886,116155630.32998309,302496078.29109067,115987449.65848336,161969002.8572623,24790735.870176453,0.005995826894040976,5.204413327960724,0.34903365795312813
688,550.950950950951,2067517650.609684,2069.2464793304675,94070755.9521641,462548618.7294022,284713272.8402739,116267590.03808093,303069586.1196693,116097820.57175817,162230068.47176042,24823036.257717416,0.0060015684466877385,5.214164975442982,0.3496934697578285
689,551.7517517517518,2122428672.9962053,2123.5559730591,96197792.63275316,461255337.5412947,285271165.4295502,116382151.1150546,303655904.1043587,116210760.15325007,162496934.51644006,24856091.307868175,0.006007443660015032,5.224134566772393,0.35036802789088173
690,552.5525525525526,2178634573.2846313,2179.113705734715,98367131.2554772,459938097.3201143,285841434.45000356,116499366.65591381,304255264.44999814,116326321.06522088,162769704.54794148,24889916.645412162,0.00601345527632219,5.234326059410413,0.35105760010614406
691,553.3533533533534,2236156492.5083494,2235.938251867784,100579271.49285571,458596705.9320908,286424294.5115967,116619290.08060148,304867895.8902352,116444556.33944124,163048479.90223542,24924528.027789854,0.006019606057513115,5.244743354714602,0.35176245035441944
692,554.1541541541542,2295017336.416483,2294.0500565391753,102834770.01346035,457230933.90801567,287019970.9100995,116741976.14808105,305494037.4327407,116565520.28746799,163333367.3655295,24959941.572029658,0.006025898831781869,5.255390525154907,0.352482854173565
693,554.954954954955,2355239413.2042937,2353.4688080354213,105134155.41290048,455840575.1832315,287628687.170775,116867480.09879805,306133926.7358998,116689267.73089017,163624472.68755156,24996173.562849317,0.006032336454134132,5.266271622173699,0.35321908567422033
694,555.7557557557558,2416844698.7430067,2414.2137480535794,107477938.63039638,454425438.5478242,288250665.6259306,116995857.66618206,306787800.53481805,116815854.00702284,163921900.95641628,25033240.451935757,0.006038921806642966,5.277390682901764,0.3539714179901779
695,556.5565565565566,2479853809.2438507,2476.3025708981963,109866578.33171216,452985369.3053379,288886119.7404252,117127164.4706106,307455887.169581,116945334.4121783,164225752.80581746,25071158.713270746,0.006045657769796054,5.288751605749461,0.3547401148393213
696,557.3573573573574,2544289331.1477003,2539.754991498732,112300593.1129703,451520179.0706866,289535278.98689634,117261457.98374546,308138430.8033015,117077766.00618368,164536136.70860332,25109945.31206197,0.006052547315367507,5.300358553651359,0.35552545787703804
697,558.1581581581582,2610173070.010151,2604.5897975563157,114780468.79920456,450029703.7702782,290198368.2941452,117398795.90562154,308835671.4134594,117213206.12151015,164853158.8199718,25149617.31731779,0.006059593429688292,5.312215620910351,0.35632772409715807
698,558.958958958959,2677526377.594188,2670.8252056242854,117306669.69531773,448513797.15478665,290875610.359703,117539236.31793533,309547846.76739466,117351712.49789904,165176924.20053655,25190191.936282612,0.006066799120537888,5.3243268648688336,0.35714718798691464
699,559.7597597597598,2746368624.2494106,2738.4772451302983,119879587.96700427,446972364.5301948,291567213.749525,117682836.63485314,310275179.8064822,117493342.29543006,165507531.23428258,25231686.2559179,0.006074167366212295,5.336696091287722,0.3579841069931303
700,560.5605605605606,2816721706.519514,2807.564526702427,122499693.00434637,445405263.22634995,292273408.01266474,117829656.69890022,311017915.8721163,117638155.00669804,165845088.09971255,25274118.005723797,0.00608170126581096,5.349327487636576,0.35883876440768414
701,561.3613613613614,2888606399.186103,2878.10438321632,125167410.54353073,443812383.1466457,292994415.26336205,117979756.2754925,311776292.5791392,117786210.10002097,166189699.4399329,25317504.940396152,0.006089403917611256,5.362225110579002,0.35971143466078376
702,562.1621621621622,2962042984.1544623,2950.1135412642116,127883144.13388881,442193632.6758187,293730455.424325,118133195.45889209,312550545.3408263,117937567.39641118,166541468.81107253,25361864.9355645,0.0060972784384795715,5.375392979721005,0.36060238967431785
703,562.962962962963,3037049324.8797517,3023.606119531583,130647214.90736592,440548980.02648443,294481733.1847288,118290033.20192456,313340893.3518075,118092285.6586915,166900492.50193107,25407215.601115454,0.006105327890815831,5.388834837769479,0.36151188264775724
704,563.7637637637638,3113645508.050346,3098.5984538013545,133460006.76695918,438878353.5714294,295248469.4385534,118450330.86016268,314147573.3768747,118250425.9924952,167266874.43199855,25453575.21329428,0.006113555458657054,5.402554728681087,0.3624401871429784
705,564.5645645645646,3191850236.4530964,3175.1053473572533,136321853.55819836,437181719.2971606,296030876.8532917,118614149.4376781,314970813.4930978,118412049.20328844,167640714.57393914,25500961.990352184,0.00612196431082415,5.416556548372481,0.3633875667107515
706,565.3653653653654,3271681689.887762,3253.14097418337,139233066.65988693,435459061.3773962,296829165.742638,118781550.21364558,315810839.5109145,118577216.3966453,168022111.70545515,25549394.25496431,0.006130557631987414,5.430844155020533,0.3643542823454136
707,566.1661661661662,3353157292.3795547,3332.7187001749053,142193932.7524802,433710379.9956486,297643542.807721,118952594.33000842,316667874.4552876,118745988.57483244,168411162.57561982,25598890.307666067,0.006139338601650278,5.445421363473582,0.3653405920918149
708,566.966966966967,3436294142.916269,3413.8513837432583,145204715.53267798,431935698.8055213,298474213.3142397,119127343.6666136,317542138.96354586,118918427.49460948,168807963.48881584,25649468.699206162,0.006148310438862879,5.4602919444003115,0.36634675102325337
709,567.7677677677679,3521108624.5134144,3496.551082765775,148265652.54124314,430135060.4561981,299321379.01476765,119305860.12201603,318433850.54805523,119094594.96320985,169212608.8948452,25701148.008903343,0.006157476365539475,5.475459617571792,0.3673730107599984
710,568.5685685685686,3607616447.7897525,3580.829073734394,151376954.37249795,428308528.6242046,300185238.23989743,119488205.74213086,319343223.34097147,119274552.96531232,169625191.53477213,25753946.88636142,0.006166839613089037,5.490928046112419,0.36841961908660437
711,569.3693693693695,3695831811.652274,3666.695110562776,154538784.32704216,426456190.99632645,301065975.6835068,119674441.47105038,320270458.26843846,119458362.47076622,170045797.43136764,25807883.712632935,0.006176403360650697,5.5067006737239925,0.3694868088921497
712,570.1701701701702,3785768993.757185,3754.158814712766,157751296.41967726,424578155.2694751,301963782.3676507,119864629.58750814,321215762.21001464,119646085.75922544,170474515.6818901,25862977.26107175,0.006186170855515496,5.5227810418231735,0.3705748197216894
713,570.970970970971,3877441120.463796,3843.2285912650914,161014605.64805183,422674553.2565478,302878840.574657,120058831.8630087,322179333.5117713,119837784.6623214,170911431.06817308,25919246.197737254,0.00619614532206454,5.539172549590931,0.371683881472301
714,571.7717717717718,3970860418.6434493,3933.911844824401,164328793.85057718,420745540.73351336,303811327.18496454,120257109.9677344,323161365.17670125,120033520.950704,171356625.69426033,25976709.191481914,0.006206329981817682,5.555878506708249,0.3728142179778327
715,572.5725725725727,4066038066.0085807,4026.2149590627782,167693911.39314,418791290.0851313,304761406.87655306,120459524.56697607,324162036.80474997,120233355.45095648,171810176.15579048,26035384.665286694,0.006216728007593437,5.572901993317805,0.37396603752551316
716,573.3733733733734,4162984333.849198,4120.143207939756,171109970.5329688,416812005.5455685,305729243.4062327,120666136.8258768,325181528.14345735,120437349.51834804,172272158.16335034,26095291.210842326,0.006227342599967638,5.590246096026761,0.37513954883762674
717,574.1741741741743,4261708429.6351895,4215.700737051259,174576947.32527453,414807915.2470572,306714992.33126783,120877007.44222385,326220010.45693654,120645564.0914966,172742643.51489133,26156447.322358716,0.006238176938201662,5.607913757931696,0.37633495091521885
718,574.974974974975,4362218459.083748,4312.890517064323,178094780.1295253,412779272.4998706,307718801.11847955,121092196.66317476,327277646.7240289,120858059.70952664,173221700.11352038,26218871.401348334,0.006249234181136697,5.625907782277945,0.37755243328574395
719,575.7757757757759,4464521361.991904,4411.714387734779,181663374.9253239,410726351.97007436,308740808.36653733,121311763.59281518,328354589.67325735,121074895.79782574,173709391.82950228,26282581.53759833,0.0062605174298213636,5.644230793810595,0.37879217343264215
720,576.5765765765766,4568622902.988702,4512.172876401621,185282593.7960188,408649457.84526235,309781144.57202244,121535767.19387722,329450984.4415064,121296131.70595573,174205778.47032198,26347595.828506716,0.0062720297818480006,5.66288529233545,0.3800543403508989
721,577.3773773773775,4674527612.587126,4614.265198112381,188952257.0325435,406548921.9693661,310839931.3028334,121764265.88743775,330566967.1080436,121521826.29822594,174710915.5165327,26413932.254913855,0.006283774309954503,5.6818736251123525,0.38133909270064625
722,578.1781781781782,4782238731.700056,4717.989243088151,192672144.28788307,404425102.67664963,311917280.48260087,121997317.25034036,331702663.51603764,121752037.64514907,175224853.873928,26481608.587847296,0.006295754045905034,5.701197964906052,0.3826465773372918
723,578.9789789789791,4891758100.411453,4823.341547230472,196441995.18105626,402278381.2737497,313013294.4112147,122234977.49728848,332858189.95395046,121986822.50132917,175747639.58505824,26550642.220011782,0.006307971953182762,5.720860323736527,0.383976930248808
724,579.7797797797798,5003086188.096569,4930.317215677282,200261504.84561452,400109168.1127133,314128064.9470243,122477302.06214644,334033651.7647922,122226236.89952841,176279313.73434472,26621050.360186923,0.006320430958115502,5.740862527768394,0.3853302748402034
725,580.5805805805807,5116222066.304267,5038.909871055264,204130321.93297055,397917904.55103797,315261672.9635436,122724345.69916973,335229142.6274111,122470336.25643624,176819912.26907977,26692850.069794655,0.006333133955439768,5.761206204672387,0.3867067210741741
726,581.3813813813814,5231163297.840692,5149.111637887917,208048050.2096522,395705058.8901708,316414188.20803344,122976161.88139497,336444744.8216568,122719174.76355433,177369465.69727844,26766058.068398047,0.006346083776441797,5.781892789246254,0.38810636586522423
727,582.1821821821823,5347905920.886484,5260.91318482688,212014249.69901448,393471120.8254483,317585666.61293924,123232802.44479631,337680526.93622744,122972805.04899633,177927997.80231833,26840690.634803414,0.006359283171432722,5.802923487321038,0.389529290598597
728,582.982982982983,5466444394.604213,5374.303629085429,216028433.81805262,391216606.124526,318776151.05973387,123494317.7708457,338936544.2810036,123231278.35420452,178495526.05543473,26916763.662039407,0.006372734818941004,5.824299280881421,0.39097556149654267
729,583.7837837837839,5586771535.58243,5489.270359313241,220090063.77471805,388942067.84423494,319985673.9963502,123760757.36924966,340212840.6543089,123494645.09958391,179072062.98634967,26994292.83108984,0.006386441355132361,5.846020953359969,0.3924452313794932
730,584.5845845845846,5708878488.077096,5605.799159279517,224198553.06916675,386648083.43217224,321214253.2181477,124032168.98474362,341509445.11289114,123762954.01571947,179657614.02008018,27073293.34663523,0.006400405328626026,5.868089040525446,0.3939383362825023
731,585.3853853853855,5832754913.068904,5723.874476864276,228353276.27464718,384335246.4959815,322461889.6271795,124308598.14712296,342826368.4737236,124036251.68806674,180252176.78235188,27153779.80568751,0.006414629176761998,5.89050376658624,0.3954548911449573
732,586.1861861861862,5958388890.917729,5843.4793111743875,232553565.71437615,382004169.56569225,323728567.32018393,124590088.20462425,344163603.57947445,124314582.59218855,180855741.07241762,27235766.20802398,0.006429115227445996,5.913265049309525,0.396994890157413
733,586.9869869869871,6085766173.965,5964.594138668664,236798677.46877316,379655520.21575594,325014261.38013995,124876681.97725128,345521135.7843045,124597990.749654,181468291.6239138,27319266.44370207,0.006443865785428353,5.936372686204521,0.3985583193721236
734,587.7877877877878,6214870914.752056,6087.198020728889,241087827.0026715,377289981.4606983,326318928.1807654,125168419.73283355,346898930.23956466,124886517.70504129,182089804.53688377,27404293.697602734,0.006458883026918266,5.959826129691053,0.4001451414750322
735,588.5885885885887,6345685382.1011,6211.268214958689,245420177.03960052,374908264.09213835,327642507.68553674,125465339.68535395,348296935.09263957,125180203.02632694,182720248.05080187,27490860.596793182,0.006474169025662461,5.983624544186589,0.4017552996524543
736,589.3893893893894,6478189915.5184,6336.780138801243,249794836.6801824,372511106.7854602,328984922.9224223,125767477.89937091,349715080.9388073,125479084.21110623,183359582.29544464,27578979.18298178,0.0064897257480686175,6.007766796811429,0.403388716961634
737,590.1901901901903,6612364676.976202,6463.709632161468,254210934.67883408,370099214.9823258,330346079.8652468,126074865.84377046,351153276.4228798,125783194.14635704,184007760.28207177,27668660.118546214,0.006505554920133217,6.032251364445218,0.4050452901638022
738,590.990990990991,6748186177.133892,6592.02853607906,258667477.11830658,367673377.77161396,331725866.13285196,126387534.77967802,352611415.03468126,126092565.6808462,184664725.28862792,27759914.120812617,0.006521658267075475,6.0570764839773235,0.4067248996565418
739,591.7917917917919,6885628990.824889,6721.706908926169,263163419.18888533,365234408.0082513,333124150.86224985,126705513.36167823,354089370.7884375,126407229.13429537,185330411.82587773,27852751.183560424,0.006538037382853884,6.082240061052501,0.4084274034186662
740,592.5925925925926,7024665993.902763,6852.713351294305,267697675.96014008,362783132.799023,334540784.2472544,127028827.17284901,355586997.0696053,126727211.8191613,186004745.58318108,27947180.429039717,0.0065546937051447745,6.1077396476313774,0.4101526355106041
741,593.3933933933935,7165268023.859505,6985.014593835317,272269109.37800395,360320403.6164548,335975596.9467529,127357499.01340644,357104126.7160621,127052538.3467357,186687642.9766348,28043210.205700476,0.0065716285314196205,6.133572446368258,0.41190040635007613
742,594.1941941941942,7307404491.828615,7118.576226686839,276876550.08699065,357847079.2103266,337428402.95705223,127691548.3896468,358640574.7509115,127383230.08195777,187379012.53073636,28140847.90408685,0.006588842990238488,6.159735355592431,0.41367050577607073
743,594.9949949949951,7451045581.595678,7253.36527467057,281518873.9045928,355363967.1857369,338899010.78628826,128030990.0142221,360196149.1812474,127719303.52282603,188078760.23282486,28240099.398805827,0.006606337955761745,6.186225147953526,0.41546271520670086
744,595.7957957957958,7596154996.200636,7389.34177884412,286194752.780681,352872011.76819724,340387185.1807494,128375838.19503802,361770613.7551009,128060775.08503105,188786771.22518495,28340970.71764353,0.006624114300460958,6.213037852947731,0.41727676563281785
745,596.5965965965967,7742696201.263302,7526.466075449653,290902870.5470099,350372130.04791677,341892679.4561831,128726102.81601822,363363719.31541425,128407656.74082406,189502925.28367382,28443466.53062459,0.006642172664928394,6.240169276191311,0.4191123729506232
746,597.3973973973974,7890630642.909936,7664.696740902796,295641862.29400975,347865257.2448001,343415225.8460849,129081790.31749865,364975194.364965,128759957.09612398,190227092.2062622,28547590.52999153,0.006660513514828531,6.26761484276334,0.4209692273070943
747,598.1981981981983,8039917725.904423,7803.990583991741,300410314.36419445,345352346.12909424,344954535.05809206,129442903.58005756,366604744.5775227,129117681.27486071,190959131.60791913,28653345.3954503,0.006679137134870964,6.295369588799844,0.42284699253174596
748,598.998998998999,8190516862.01341,7944.304833711596,305206823.79554737,342834325.229394,346510308.71728516,129809441.61583993,368252066.3586825,129480830.52041687,191698898.76732343,28760732.61616988,0.006698043607261642,6.323428394452513,0.4247453218774096
749,599.7997997997999,8342385376.903458,8085.594934767608,310029938.83622974,340312139.48583853,348082226.02944666,130181399.6449853,369916832.3005563,129849402.36300828,192446238.36699778,28869752.599342782,0.006717232821204899,6.351785734001647,0.4266638411350977
750,600.6006006006006,8495477033.042501,8227.812996396264,314878117.1488085,337786778.64036286,349669934.2788572,130558769.11477435,371598680.8169859,130223390.70288546,193200980.03418112,28980404.736122124,0.006736704477786947,6.380435497787833,0.42860213660166413
751,601.4014014014015,8649744703.202623,8370.910643204003,319749803.2054399,335259222.9999398,351273065.1629904,130941537.33282447,373297233.94688606,130602785.32635054,193962946.01497945,29092687.18036629,0.006756458063740166,6.409371298054285,0.4305597757453331
752,602.2022022022022,8805139652.439255,8514.838243459324,324643407.74718714,332730458.4673253,352891230.3705734,131329687.55365966,375012092.3079514,130987572.02128264,194731949.16680855,29206596.90486213,0.006776492857729141,6.438586381398523,0.4325363012933671
753,603.0030030030031,8961613429.981901,8659.546635951483,329557356.4729764,330201458.06097263,354524037.1454453,131723200.27585818,376742849.52113324,131377733.7686995,195507801.02953297,29322130.027753923,0.006796807991768412,6.468073866786087,0.434531247355533
754,603.8038038038038,9119113522.54925,8804.983218885227,334489980.34413856,327673220.64051723,356171051.43564785,132122049.84152728,378489057.9104093,131773247.58379552,196290292.76476607,29439280.933505956,0.006817402288129944,6.49782617894804,0.43654410104322333
755,604.6046046046047,9277586741.620125,8951.095028153712,339439602.23794794,325146738.7145746,357831826.0210504,132526206.85947828,380250254.60652274,132174086.75031921,197079209.73048323,29558042.88828049,0.00683827437457575,6.5278354792603706,0.43857433165755805
756,605.4054054054054,9436978378.992035,9097.82799130222,344404516.1668145,322623005.0518704,359505893.08731,132935637.44190444,382025954.6000766,132580220.1039299,197874327.65173227,29678407.837631106,0.006859422647302076,6.558093550841039,0.4406213829064325
757,606.2062062062063,9597233230.493448,9245.127749838895,349383010.05180657,320103009.2090221,361192777.19202507,133350304.54241446,383815663.5486463,132991613.2981335,198675418.71521416,29800366.76130066,0.00688084533642822,6.5885920115947005,0.44268468739471084
758,607.007007007007,9758294568.133263,9392.938875052461,354373344.4068446,317587738.3268845,362891981.3016121,133770166.31565663,385618863.90466946,133408227.23655893,199482245.02836004,29923909.226836544,0.006902540424772581,6.619322083099939,0.4447636509074492
759,607.8078078078079,9920103602.39178,9541.204467639294,359373741.5563361,315078176.90708447,364602979.2618895,134195175.18851916,387435007.4173024,133830017.18222785,200294555.0971716,30049023.134617638,0.006924505601680064,6.650274465610735,0.4468576439099038
760,608.6086086086086,10082600707.760073,9689.867138056434,364382412.74608094,312575302.91987723,366325231.4134603,134625279.4911706,389263530.56416225,134256934.30225772,201112091.16384906,30175695.151470266,0.006946738342944078,6.681439594796186,0.448966019009404
761,609.4094094094095,10245725254.418886,9838.868899803912,369397554.9881536,310080086.17514795,368058181.7335908,135060423.04347274,391103852.02907985,134688925.27073607,201934587.8226851,30303910.594100166,0.006969235890202821,6.712807601310845,0.451088108189599
762,610.2102102102102,10409417483.5034,9988.152700957504,374417389.1382812,307593476.9435692,369801280.27167946,135500547.52648377,392955398.24207836,135125934.55094314,202761782.0398941,30433654.06010305,0.006991995369166863,6.744368752477576,0.45322325268402747
763,611.0110110110111,10573614223.876038,10137.658990559288,379440075.70577306,305116428.0330442,371553930.4950006,135945586.59554288,394817543.2502968,135567898.70933238,203593389.68294838,30564907.843500864,0.007015013494885456,6.776112411689264,0.455370732599588
764,611.8118118118118,10738252312.688562,10287.328496010774,384463783.6104171,302649875.0152166,373315530.5657917,136395470.32398728,396689655.7541663,136014750.69715568,204429123.94388807,30697653.12166226,0.007038286793594922,6.808027852027703,0.45752982194500275
765,612.6126126126127,10903267782.533987,10437.10158737664,389486674.8914869,300194739.4494837,375085463.00089675,136850123.9699481,398571087.2538045,136466418.65463766,205268690.74092472,30831869.61928347,0.007061811540693278,6.84010405094729,0.4596997747463396
766,613.4134134134134,11068597228.686756,10586.919356785533,394506932.06987846,297751923.01421976,376863109.0911042,137309469.93502796,400461187.8902614,136922827.81332535,206111795.68237337,30967536.156892993,0.007085583859509278,6.8723299638857345,0.46187984348888894
767,614.2142142142143,11234176407.699617,10736.722556057312,399522731.8795751,295322310.83624315,378647833.43269503,137773425.44009826,402359289.3632361,137383898.22686043,206958136.5972536,31104629.990402468,0.007109599603389878,6.9046942287721125,0.46406925920650377
768,615.015015015015,11399939721.692667,10886.45121948606,404532236.1556225,292906771.87775797,380438978.0201288,138241901.57119456,404264698.3810683,137849543.83624357,207807400.6831299,31243126.537403222,0.0071338543071043595,6.937185052591523,0.46626722383996094
769,615.8158158158159,11565821727.208153,11036.045852791502,409533621.93945074,290506152.59708697,382235878.19412583,138714805.45726147,406176714.1860053,138319674.58555856,208659272.20830083,31382999.98750837,0.007158343296696555,6.969790514105073,0.46847293064054896
770,616.6166166166166,11731756877.296762,11185.447228321422,414525076.8386569,288121278.471375,384037860.28483194,139192039.9006976,408094625.6170585,138794196.05731708,209513431.38676295,31524223.197122652,0.00718306167052006,7.002498511405847,0.4706855606560113
771,617.4174174174175,11897680878.88341,11334.59723652492,419504821.9408944,285752964.41017354,385844262.18486583,139673506.8366874,410017731.2974288,139273012.84155968,210369564.4161292,31666768.689610314,0.0072080044743548476,7.035297098754113,0.4729043055743219
772,618.2182182182182,12063527696.225344,11483.437122108513,424471064.93661976,283401984.10468733,387654385.5282666,140159098.8770143,411945292.7937343,139756020.2816836,211227340.1374247,31810606.196094584,0.007233166272233273,7.0681737054622396,0.4751283147451489
773,619.0190190190191,12229232052.797693,11631.909023002629,429422041.3791071,281069091.2360205,389467534.2424257,140648705.90164727,413876572.4232624,140243110.8989747,212086428.847174,31955704.56499614,0.0072585414804076836,7.101115766607568,0.47735673795518185
774,619.8198198198198,12394728898.090988,11779.955686203097,434356007.293393,278755012.05767304,391283005.4228218,141142213.3440762,415810824.3361893,140734172.71461213,212946497.84176043,32102031.260062534,0.007284124280069952,7.134110574427551,0.4795887153480921
775,620.6206206206207,12559953876.937132,11927.520525112133,439271239.9916349,276460464.0699026,393100104.98141956,141639505.20494822,417747311.42281926,141229092.218793,213807218.43582353,32249553.242604677,0.007309908771856847,7.167145565999166,0.48182339694895066
776,621.4214214214214,12724842988.41007,12074.547757539296,444166043.01449764,274186130.83809936,394918130.91910803,142140460.52782813,419685287.1260328,141727750.88660893,214668258.52153176,32398235.930671178,0.007335888794453697,7.2002080134902275,0.48405992163791106
777,622.2222222222223,12889332560.469574,12220.982512277411,449038749.4650407,271932653.89751494,396736369.2118641,142644952.42212537,421623990.9267214,142230024.2081183,215529280.7611527,32548042.907450747,0.0073620578740658995,7.233284947169608,0.4862974119225224
778,623.023023023023,13053359726.324623,12366.770885742746,453887722.7882344,269700651.8084778,398554109.74030185,143152851.1335045,423562665.55578667,142735784.71351042,216389949.7310125,32698936.82020834,0.007388409381841219,7.266363448274693,0.488534993814287
779,623.8238238238239,13216862365.00581,12511.859944574693,458711356.89555776,267490716.4344272,400370643.75269604,143664023.64708036,425500554.62472314,143244901.58888465,217249930.78084698,32850879.266388543,0.007414936513913628,7.2994306106867,0.4907717941981304
780,624.6246246246246,13379779035.959812,12656.197206251685,463508059.8554771,265303439.15621462,402185275.3889959,144178337.40447506,427436917.61944073,143757244.41567186,218108894.990543,33003831.9239452,0.007441632486504761,7.332473808638208,0.4930069588413054
781,625.4254254254255,13542049508.938284,12799.732294196823,468276304.93012524,263139339.95671707,403997295.8626245,144695651.03259236,429370995.34793,144272673.82047346,218966508.22887257,33157753.715226736,0.007468490047915803,7.365480076301899,0.49523961068781996
782,626.2262262262262,13703614525.745352,12942.41578701851,473014594.71143275,260998921.83729222,405806005.8270165,145215821.8318966,431302039.32009417,144791049.01511782,219822440.72631085,33312603.08898544,0.007495501871973685,7.398436633368431,0.4974688852057788
783,627.0270270270271,13864415990.056974,13084.19963141055,477721473.68541455,258882655.38899457,407610710.88964844,145738703.9249145,433229305.49930775,145312225.9240951,220676365.21571603,33468337.450146224,0.00752266046025829,7.431330771984705,0.4996939227944905
784,627.8278278278278,14024396479.356749,13225.03634069774,482395505.33389497,256791001.84700492,409410722.82166857,146264151.23882005,435152056.5805426,145836060.22956872,221527957.51699874,33624914.113627344,0.00754995830138207,7.464149900986318,0.5019138716911566
785,628.6286286286287,14183500142.13653,13364.880283389079,487035308.9116867,254724379.88358748,411205360.55606204,146792013.69890535,437069561.7057358,146362403.46654004,222376896.98667476,33782289.0723721,0.0075773876665933375,7.496881533706602,0.5041278872636793
786,629.4294294294294,14341672774.208323,13503.687733221523,491639560.8609246,252683165.74081197,412993951.3111256,147322137.4451855,438981097.6978101,146891103.23639476,223222867.04748496,33940417.06064848,0.007604940620889046,7.52951330922135,0.5063351334450015
787,630.2302302302303,14498861482.318909,13641.416296549634,496206978.4469186,250667710.1246718,414775831.7769464,147854367.07161573,440885951.05819654,147422005.49094704,224065555.7582723,34099252.26853884,0.007632609142474008,7.5620330304033105,0.5085347852441024
788,631.031031031031,14655014703.198019,13778.024953957629,500736321.1539594,248678337.26617312,416550348.12549216,148388545.51127905,442783417.58597594,147954954.41175917,224904655.80015647,34258748.30506292,0.007660385116435071,7.594428655211569,0.5107260281929237
789,631.8318318318319,14810081405.555515,13913.473077239774,505226363.41819066,246715368.09876218,418316853.1504623,148924516.29230094,444672798.91569865,148489794.72975636,225739863.07703733,34418858.94198219,0.00768826045624902,7.626688235084109,0.5129080542216717
790,632.6326326326326,14964013703.507694,14047.723497631783,509675979.911712,244779052.62974566,420074718.6567931,149462117.67648298,446553416.928475,149026365.66460395,226570882.69945186,34579536.15250808,0.0077162267860461506,7.658800168152615,0.5150800786651316
791,633.4334334334335,15116764881.618301,14180.740125094102,514084079.44484407,242869624.44613746,421823327.33931965,150001187.7157093,448424604.12344784,149564506.1355357,227397425.0377914,34740731.78837472,0.007744275713659097,7.690753029020118,0.5172413288476893
792,634.2342342342342,15268290023.947624,14312.48865999135,518449624.7808675,240987285.90656972,423562076.30178446,150541563.11227998,450285707.6322678,150104053.57538867,228219207.41137153,34902397.19206067,0.007772398768388191,7.7225356388483934,0.5193910487980511
793,635.0350350350351,15418544688.757198,14442.935182736164,522771594.35896283,239132235.77671197,425290371.505774,151083081.24199703,452136084.1506745,150644846.04125917,229035951.25383082,35064483.87425098,0.007800587511719952,7.754136981817736,0.5215284935951361
794,635.8358358358358,15567487106.263931,14572.048428629241,527049044.236608,237304627.1028833,427007638.80533403,151625577.52418426,453975110.4286083,151186719.44259408,229847387.64036804,35226942.61245386,0.007828833391720556,7.785546379690078,0.5236529411815898
795,636.6366366366367,15715077749.68177,14699.799315093638,531281095.3104305,235504577.0986192,428713322.6156479,152168886.26093695,455802182.1602053,151729508.40962142,230653256.58056647,35389723.72677186,0.00785712778853994,7.816753473935633,0.525763691153803
796,637.4374374374374,15861278709.822132,14826.160263426771,535466914.94893587,233732180.9210747,430406883.65691406,152712841.73581994,457616712.00626403,152273047.4340254,231453305.8449704,35552777.44370699,0.007885462074208214,7.847748193467934,0.5278600625779525
797,638.2382382382383,16006053595.151703,14951.105111464747,539605713.7401389,231987512.2851467,432087797.8043543,153257278.29939944,459418128.7587468,152817170.96854454,232247290.36285716,35716053.9295924,0.00791382761791902,7.8785207423571615,0.5299413931335384
798,639.039039039039,16149366489.882278,15074.608094565292,543696715.6607002,230270639.14618802,433755548.72618693,153802031.28405148,461205870.81365067,153361714.42541826,233034968.50573003,35879503.62283278,0.007942215838684588,7.909061494466343,0.5320070319258199
799,639.8398398398399,16291185641.729832,15196.647367518834,547739261.1412288,228581572.88198313,435409656.2553564,154346934.81512696,462979412.13650644,153906511.70087567,233816116.25313047,36043076.38101506,0.00797061807422168,7.939361416942695,0.534056368331466
800,640.6406406406406,16431480448.642754,15317.202092838506,551732721.8433,226920311.69346866,437049654.13340884,154891824.01938224,464738242.1920798,154451397.62155476,234590516.02264684,36206722.30711994,0.007999025710202995,7.969411744423066,0.5360888097920782
801,641.4414414414415,16570222330.4956,15436.253258983124,555676524.5978123,225286829.38153425,438675097.10619074,155436534.6840674,466481872.5636214,154996207.53740174,235357960.18851748,36370391.60226415,0.008027430158560077,7.999204087642675,0.5381037892055129
802,642.2422422422422,16707383016.960169,15553.782136613845,559570107.4164206,223681092.26654574,440285542.0152034,155980903.61954132,468209817.3371611,155540777.82974443,236118242.23247346,36534034.78279003,0.00805582288506973,8.028730101798722,0.540100742440901
803,643.0430430430431,16842937384.646198,15669.772794684688,563412991.2102096,222103033.37052402,441880580.06913406,156524768.60872564,469921626.7374101,156084945.62578583,236871171.83271185,36697602.491440274,0.008084195392700708,8.057982055977199,0.5420791469371325
804,643.8438438438438,16976862455.196693,15784.21119051359,567204753.8651451,220552562.66458657,443459825.9253725,157067968.7052175,471616875.82560563,156628549.18278494,237616569.75191894,36861045.65107673,0.0081125392422935,8.086952642188963,0.5440385087541237
805,644.6446446446447,17109136907.01514,15897.08471822591,570945017.381366,219029572.4911609,445022912.5499874,157610344.48475593,473295159.20968884,157171428.1826407,238354265.42800984,37024315.57257,0.008140846068245312,8.11563488613966,0.5459783565206667
806,645.4454454454454,17239740588.585308,16008.381815496807,574633437.0045449,217533940.38275862,446569484.88784575,158151737.77005893,474956083.6830815,157713423.4901121,239084094.05129588,37187363.8996213,0.00816910756617039,8.144022018752368,0.54789823277468
807,646.2462462462463,17368654888.128532,16118.092252806215,578269709.3344451,216065527.5539561,448099204.9014661,158691992.03409645,476599273.88935024,158254377.53165615,239805898.8973754,37350142.71119217,0.008197315512463362,8.172107574128383,0.5497977005776842
808,647.047047047047,17495864175.14107,16226.208303302445,581853605.0898801,214624170.78035676,449611770.2815589,159230953.4090652,478224393.32477576,158794135.20315447,240519539.9972276,37512604.745859355,0.008225461810841474,8.199885752643683,0.5516763680321792
809,647.8478478478479,17621354171.07678,16332.723389789197,585384931.2349615,213209693.22334924,451106893.98922706,159768469.96007252,479831121.39899516,159332543.2624114,241224884.65170288,37674703.2768628,0.008253538461594276,8.227351024451902,0.5535338615085788
810,648.6486486486486,17745112194.23521,16437.63228869454,588863536.4013596,211821903.0928478,452584307.74495596,160304391.8467347,481419157.5268907,159869450.47300938,241921808.99789348,37836392.14481519,0.008281537568935451,8.254498200864505,0.5553698304625649
811,649.4494494494495,17867126238.16008,16540.930423056478,592289289.9832146,210460597.85945097,454043750.7534493,160838570.35489106,482988209.1134012,160404706.69569153,242610192.59959352,37997625.50502242,0.008309451294048765,8.281322228968024,0.5571839335580905
812,650.2502502502502,17987387502.16789,16642.61574992906,595662138.061806,209125555.5766448,455485001.87669104,161370861.28170866,484538025.9520058,160938166.11730382,243289933.85259068,38158358.7469027,0.008337272022350902,8.307818780043766,0.5589758784230906
813,651.0510510510511,18105888342.905907,16742.68720650007,598982057.4217798,207816543.300487,456907854.17645985,161901122.54636765,486068373.0592359,161469684.9915993,243960937.78077182,38318547.8587118,0.008364992246612973,8.333983785072926,0.5607453902657552
814,651.8518518518518,18222622797.720337,16841.145089031885,602249066.8049486,206533315.9063747,458312121.8254349,162429215.04398805,487579038.08701307,161999122.46249217,244623119.33911705,38478149.66547265,0.008392604609671917,8.359813561618386,0.5624922204467544
815,652.6526526526527,18337585328.081623,16937.990161320227,605463199.1574284,205275617.9113522,459697622.5218335,162955000.47377032,489069813.3284657,162526338.47758794,245276395.1129693,38637121.22277439,0.00842010179620791,8.385304510878509,0.5642161259281924
816,653.4534534534534,18450773169.99612,17033.225278732116,608624552.3892096,204043182.4014826,461064211.38351405,163478345.98445857,490540530.5040918,163051198.27964532,245920699.2967544,38795421.13165276,0.008447476765918586,8.410453703798797,0.5659169090299868
817,654.2542542542543,18562184783.704655,17126.85429181413,611733255.2278118,202835733.08989844,462411759.1705005,163999121.44732767,491991038.4695279,163573569.78444707,246555973.41610885,38953008.77595024,0.008474722617495569,8.43525850572729,0.5675943919678251
818,655.055055055055,18671820055.103855,17218.882171584613,614789471.2012799,201652984.9689358,463740155.5083643,164517200.03998372,493421206.5559446,164093324.15322497,247182167.8412546,39109844.492643856,0.008501832618399381,8.459716632838381,0.5692484206792514
819,655.8558558558559,18779679723.49037,17309.314633284437,617793387.0912728,200494643.04804003,465049298.89326006,165032456.84322393,494830913.4721182,164610334.42680985,247799237.21081236,39265889.17449496,0.008528800133915734,8.483825961264793,0.5708788519114686
820,656.6566566566567,18885766039.598557,17398.158537005962,620745225.3695233,199360405.5132379,466339108.89921796,165544770.8826064,496220060.860054,165124477.5285609,248407146.0183122,39421104.85997555,0.008555618731311866,8.50758476022316,0.5724855689925306
821,657.4574574574575,18990082947.76234,17485.42198636275,623645247.3071241,198249965.27392542,467609529.8813953,166054025.85780433,497588577.4346262,165635634.98455265,249005870.3017237,39575454.947306916,0.008582282217322518,8.530991763317632,0.5740684866541966
822,658.2582582582583,19092635453.174263,17571.11391007572,626493740.1117003,197163008.7480596,468860520.1167757,166560108.6248854,498936406.99903053,166143691.44715735,249595392.65969163,39728903.76481739,0.008608784561467658,8.554045962735172,0.5756275371065527
823,659.0590590590591,19193429601.31312,17655.244057867563,629291016.7793572,196099215.4253507,470092051.21921843,167062908.99865907,500263507.5882061,166648534.49553075,250175701.96227512,39881416.51086807,0.008635119885640183,8.57674659332139,0.5771626689820638
824,659.8598598598599,19292472277.44735,17737.82287828342,632037412.3119581,195058257.01649046,471304104.4396626,167562319.11444843,501569847.2008605,167150054.00745854,250746791.63638055,40032959.068868384,0.00866128243142979,8.599093058234367,0.5786738423235552
825,660.6606606606607,19389772009.243034,17818.86189749079,634733295.8425199,194039806.7949299,472496688.3777778,168058237.4838495,502855424.53925264,167648146.1905735,251308667.83488393,40183499.21179462,0.008687266770124784,8.621085291522176,0.5801610530138448
826,661.4614614614615,19485338165.56094,17898.373297090246,637379057.3259597,193043532.64232525,473669822.45998406,168550565.54552215,504120249.76539093,168142710.16395125,251861341.8032433,40333005.5851056,0.008713067624708954,8.642723422126183,0.5816243101326707
827,662.2622622622623,19579181102.63956,17976.369973470053,639975109.4009523,192069099.35237893,474823540.49824595,169039208.52587268,505364348.7395048,168633648.8154467,252404831.51232815,40481447.9633055,0.008738679914535369,8.664007848280997,0.5830636409665433
828,663.063063063063,19671311785.269554,18052.86547353581,642521883.3469663,191116159.52334514,475957880.7084037,169524071.80589855,506587751.9174985,169120865.15925562,252939156.98761156,40628796.14063789,0.008764098565302416,8.684939045956243,0.5844790780769165
829,663.8638638638639,19761742523.796257,18127.87399693626,645019834.162272,190184377.30925053,477072907.81216216,170005069.72385153,507790519.0431775,169604271.17597955,253464350.63702664,40775022.62912711,0.008789318970342956,8.705517995346796,0.5858706880870289
830,664.6646646646647,19850486315.308334,18201.410315107598,647469434.2323275,189273411.0674239,478168695.0049258,170482118.82166186,508972719.06400627,170083781.03805244,253980448.81666392,40920100.59392507,0.008814336637171568,8.725745834232589,0.5872385482819439
831,665.4654654654655,19937556958.864872,18273.489736445536,649871173.3252885,188382918.79977524,479245328.1797349,170955139.7179611,510134434.87732977,170559312.99415058,254487493.80088708,41064004.42977551,0.008839147285840971,8.745623940072262,0.5885827521483971
832,666.2662662662663,20022969000.98738,18344.128080333718,652225557.6624303,187512557.65304336,480302904.8498493,171424056.80395794,511275762.16324836,171030789.06615272,254985533.28418478,41206709.66922113,0.008863746833145064,8.765153910062107,0.5899034080246276
833,667.0670670670671,20106737585.331806,18413.34188182032,654533113.9656343,186661968.85257187,481341525.0720819,171888793.31494644,512396799.30809927,171498130.07783473,255474616.26863742,41348191.45380648,0.008888131133036383,8.784337388206039,0.5912006273908066
834,667.8678678678679,20188878653.477043,18481.14775112422,656794375.2672848,185830816.01242593,482361311.68202144,172349283.34702185,513497669.97489464,171961267.7896272,255954802.19568437,41488428.2709379,0.008912296610354331,8.803176452987708,0.5924745511197292
835,668.6686686686687,20269408702.155834,18547.56280082585,659009889.7593002,185018756.01638103,483362393.5002057,172805462.46729717,514578504.43159443,172420135.4236688,256426153.34666437,41627399.038757525,0.008936239766054026,8.82167329684654,0.593725327773161
836,669.4694694694695,20348344787.633488,18612.604478149926,661180216.8048823,184225447.47005683,484344909.1706795,173257270.25170463,515639443.85928905,172874670.2296695,256888736.56590432,41765083.897467695,0.008959957311228851,8.83983030025676,0.594953118618084
837,670.2702702702703,20425704498.149815,18676.2905679435,663305926.7953957,183450549.63581795,485309006.1626748,173704649.85581326,516680639.20066166,173324813.05303723,257342622.80443552,41901464.077560656,0.0089834461445703,8.857650011715135,0.5961580962757135
838,671.0710710710711,20501506120.092426,18738.639640320023,665387612.1732404,182693705.5482708,486254834.86759365,174147543.0919222,517702243.84163624,173770503.34149596,257787884.5070408,42036520.3608051,0.009006703091468757,8.87513501854369,0.5973404360161608
839,671.8718718718719,20575768066.84905,18799.66980595286,667425855.9581628,181954585.33668935,487182561.3627283,174585902.60877553,518704429.76324123,174211691.51230565,258224601.20734575,42170236.89704615,0.009029725550282731,8.892288233238538,0.5985003350429555
840,672.6726726726727,20648509248.86805,18859.39963169538,669421254.52146,181232852.6918343,488092356.34643835,175019682.23936588,519687373.733174,174648329.1582526,258652854.64514273,42302598.184179455,0.009052510980585541,8.909112649364047,0.5996379960478336
841,673.4734734734735,20719748916.66169,18917.84784646248,671374409.9824774,180528174.3703375,488984397.4168256,175448839.57416162,520651260.2745203,175080371.6634751,259072729.7510504,42433589.876608,0.009075057039880947,8.925611394490746,0.600753630773446
842,674.2742742742743,20789506676.91498,18975.03337805767,673285931.0653261,179840218.9619039,489858868.6320501,175873335.52528724,521596281.09164673,175507777.76071212,259484314.45160922,42563198.64900392,0.00909736156046742,8.941787719918235,0.6018474593234306
843,675.0750750750751,20857802988.41005,19030.97597860397,675156449.893503,179168642.72233704,490715960.77696884,176293130.5332608,522522634.4189983,175930505.64848173,259887699.90651986,42691410.9902069,0.009119422346333998,8.957644985260828,0.6029197091675933
844,675.8758758758759,20924657752.670403,19085.69451271159,676986575.4973396,178513126.7663722,491555868.8250748,176708194.10567126,523430524.6760374,176348522.76830125,260282979.02990428,42818216.24540227,0.009141237684685867,8.973186663432612,0.6039706153577765
845,676.6766766766767,20990091363.873497,19139.20826250248,678776929.0102971,177873347.967082,492378793.0206422,177118497.14745823,524320161.72702473,176761797.95000738,260670247.22648978,42943604.1747694,0.00916280593505107,8.988416319301654,0.6050004191810143
846,677.4774774774775,21054124374.420605,19191.536534420946,680528132.8819268,177248987.1724054,493184937.92302686,177524013.9779413,525191760.3632378,177170303.48221922,261049601.88099405,43067565.59885454,0.009184125637624463,9.003337603166043,0.6060093676923506
847,678.2782782782783,21116777553.562016,19242.69872520286,682240812.772029,176639727.98184285,493974512.74621856,177924721.95476848,526045540.6055818,177574014.72541127,261421142.53198865,43190092.2773837,0.009205195493012823,9.017954255677742,0.606997714049561
848,679.0790790790791,21178072572.20093,19292.715012816177,683915617.9125257,176045245.83299083,494747737.07878983,178320598.93900484,526881733.403578,177972907.47931126,261784973.66577846,43311176.07529531,0.009226014224249996,9.032270203466574,0.6079657239929033
849,679.8798798798799,21238030079.292477,19341.604444026427,685553164.5403787,175465237.45332423,495504824.1913087,178711629.75314298,527700563.85524607,178366964.70485857,262141196.59636453,43430811.097922616,0.009246580929226691,9.046289276944359,0.6089136567271871
850,680.6806806806807,21296671185.125675,19389.38642227552,687154079.8087528,174899397.59022778,496245993.6171545,179097800.89330277,528502263.7873381,178756171.02800918,262489915.6002629,43548991.94811821,0.00926689479258121,9.060015421586149,0.6098417792374193
851,681.4814814814815,21354017016.333496,19436.08027100697,688718988.8281933,174347425.58117002,496971467.1647922,179479101.8894785,529287067.7178183,179140514.1589304,262831235.98317492,43665714.17833236,0.009286955160130854,9.073452629906866,0.610750361681279
852,682.2822822822823,21410088801.286877,19481.70531741732,690248517.119691,173809024.0582163,497681469.7316341,179855524.98621714,530055213.71221036,179519984.56011248,263165264.4617339,43780974.18513857,0.009306761521472943,9.086604956017672,0.6116396783744823
853,683.0830830830831,21464908569.89191,19526.2815443463,691743310.0248328,173283889.87042353,498376236.6296652,180227063.45688725,530806951.1646699,179894573.6730768,263492112.59972924,43894768.63739335,0.009326313416871295,9.099476648212839,0.612510016762885
854,683.883883883884,21518497150.65264,19569.827742947626,693203977.5224205,172771739.23945567,499055992.2660838,180593715.92873168,531542518.11747277,180264278.4857622,263811886.80781096,44007095.95592135,0.009345610677208155,9.112071762345236,0.613361651261244
855,684.6846846846847,21570875742.695377,19612.36297112791,694631137.7114658,172272287.63422453,499720966.7132441,180955482.7573341,532262158.87265795,180629097.71296713,264124696.11595067,44117955.07960614,0.009364653223383663,9.124394461973225,0.6141948635635623
856,685.4854854854856,21622065452.756954,19653.906130187035,696025404.1286474,171785255.4215892,500371390.7102278,181312366.92693287,532966118.6674826,180989032.751035,264430649.82881424,44227345.77618643,0.009383441116498503,9.136448927565015,0.6150099364996252
857,686.2862862862863,21672087414.628967,19694.4760751858,697387389.0870966,171310366.25530517,501007496.8066685,181664373.74972793,533654644.8757187,181344087.3624727,264729858.07172483,44335268.54127027,0.009401974541302158,9.148239376910974,0.6158071554168105
858,687.0870870870872,21720963484.51557,19734.092239136797,698717722.7022038,170847338.61529565,501629526.49152946,182011509.64715153,534327994.5506212,181694266.38006145,265022435.18028545,44441724.176829085,0.00942025373806033,9.159770193537556,0.6165868168707599
859,687.8878878878879,21768714110.886066,19772.77273631289,700016994.9548928,170395910.95231745,502237707.9589361,182353785.43514374,534986410.85484695,182039579.22146708,265308489.13864323,44546714.942205094,0.009438279187484716,9.171045525251587,0.6173492014578492
860,688.6886886886888,21815360074.497845,19810.53591847606,701285803.172544,169955820.8024149,502832274.09322375,182691213.44017148,535630142.10675275,182380036.8147797,265588130.1273041,44650243.55120486,0.00945605144903646,9.182069608461235,0.6180945957635997
861,689.4894894894895,21860921976.080986,19847.399921596516,702524738.1595913,169526810.6897584,503413457.0474491,183023808.20559368,536259436.0250707,182715652.35872027,265861467.94968703,44752313.42271447,0.009473571200957076,9.19284667011383,0.6188232857268903
862,690.2902902902904,21905420210.95791,19883.38264700952,703734383.5915018,169108628.23807794,503981487.88218254,183351586.42182684,536874539.3354691,183046441.25382814,266128611.86299315,44852928.660315,0.009490839236687754,9.20338092094911,0.6195355561838146
863,691.0910910910911,21948875973.81479,19918.502630847386,704915342.6256762,168701015.70947734,504536607.416956,183674565.78037655,537475709.1064574,183372419.8532339,266389675.7500241,44952093.6383841,0.00950785639899896,9.213676747900454,0.6202317038916086
864,691.891891891892,21991309318.050404,19952.77737370423,706068186.693393,168303729.77261165,505079045.02234685,183992766.90476382,538063190.548605,183693607.58848596,266644768.02009392,45049813.71333671,0.009524623692219488,9.223738337089673,0.6209120120101922
865,692.6926926926927,22032740071.23473,19986.22413305564,707193479.7510372,167916531.95813388,505609028.4993032,184306212.29785588,538637227.3335271,184010025.82266384,266893996.31779385,45146094.843843795,0.009541142221766498,9.233569848962382,0.6215767619573924
866,693.4934934934936,22073188001.395542,20018.860069685332,708291782.7379794,167539186.8030184,506126785.80412936,184614926.07180962,539198063.3827732,184321697.56194124,267137468.34758282,45240943.497231804,0.009557413178975379,9.243175448594107,0.6222262354608622
867,694.2942942942943,22112672622.113182,20050.702082664742,709363648.491655,167171463.70185715,506632542.8420886,184918934.0553283,539745940.5441699,184628647.58102512,267375290.8257339,45334366.69385564,0.009573437847769616,9.252559266171112,0.6228607118836142
868,695.0950950950952,22151213655.325356,20081.76719373661,710409633.4080718,166813133.22837925,507126529.1606955,185218263.55673644,540281104.6740402,184930902.14101645,267607572.14627367,45426371.90574374,0.009589217589627778,9.261725500724685,0.6234804752446079
869,695.8958958958959,22188830860.113426,20112.072408292097,711430293.1812403,166463968.36013418,507608975.7684039,185512943.33875048,540803803.2951192,185228488.9789651,267834421.36023694,45516967.058767535,0.009604753843144192,9.270678380131505,0.6240858115122612
870,696.6966966966968,22225542789.75448,20141.633691590334,712426151.6298862,166123753.99139887,508080099.64219713,185803003.95109814,541314269.0141739,185521437.75669277,268055940.92301312,45606160.70980774,0.009620048148258597,9.279421878148614,0.6246769894554846
871,697.4974974974975,22261368160.274334,20170.467100871792,713397735.1025386,165792276.25012124,508540120.6704072,186088477.19116676,541812737.6390368,185809779.39051512,268272234.6270204,45693961.79750542,0.009635102110374778,9.28796002348357,0.6252542815601997
872,698.2982982982984,22296325410.061234,20198.5884241231,714345561.4576681,165469325.80424127,508989256.1282388,186369396.16865024,542299442.2599854,186093546.15614522,268483405.01577866,45780379.68838322,0.009649917406117035,9.29629679877256,0.6258179571932226
873,699.0990990990991,22330432738.04502,20226.01321173582,715270141.0652765,165154697.57065716,509427721.18019795,186645795.26071674,542774613.7946408,186372771.63937867,268689553.62123346,45865424.16024184,0.009664495780726342,9.304436149918828,0.6263682832335546
874,699.8998998999,22363709060.482903,20252.75752808317,716172000.9467692,164848185.14650065,509855742.2555652,186917710.6472569,543238495.5847852,186647491.1896018,268890787.25631726,45949105.50730734,0.00967883907111352,9.312382236607979,0.62690554100513
875,700.7007007007007,22396171669.07322,20278.836117906158,717051625.8263772,164549594.19234383,510273524.1973841,187185178.76309216,543691307.5334179,186917740.5676886,269087202.5634463,46031434.208177775,0.009692949136779457,9.32013881676872,0.627429984671817
876,701.5015015015016,22427838076.202797,20304.263854183355,717909504.650002,164258731.75897744,510681276.08853745,187448237.39426696,544133274.2923627,187183556.8858306,269278898.16360974,46112421.14872569,0.00970682790768327,9.32770973035058,0.6279418739366738
877,702.3023023023023,22458725507.393528,20329.05534209554,718746117.8406465,163975409.13178578,511079204.1064619,187706925.28859827,544564617.4590992,187444978.2595016,269465971.29635394,46192077.53316414,0.009720477366396002,9.335098765382186,0.6284414649887488
878,703.1031031031032,22488850892.087513,20353.224913541453,719561937.106224,163699441.81200653,511467511.3614119,187961282.0809155,544985555.3966768,187702043.73220143,269648517.7446961,46270414.861161895,0.009733899544173091,9.342309654866556,0.628929010293324
879,703.9039039039039,22518231388.75027,20376.787020244978,720357438.4941391,163430646.80711484,511846405.56486744,188211349.14536786,545396311.629629,187954794.09286132,269826635.42314297,46347445.16083842,0.009747096563320536,9.349346220976937,0.6294047683371623
880,704.7047047047048,22546883529.881386,20399.75559733878,721133081.23072,163168846.8714824,512216086.4734279,188457168.0532041,545797101.0888935,188203270.387588,270000418.5042594,46423180.56084546,0.009760070559988836,9.356212138789378,0.6298689876609288
881,705.5055055055055,22574823370.519302,20422.14417553598,721889311.4392005,162913869.6933466,512576748.03837323,188698780.77166337,546188132.4631832,188447514.10790214,270169958.42485553,46497633.343012504,0.009772823693910367,9.362910976658078,0.6303219095879463
882,706.3063063063064,22602066836.549393,20443.96614235147,722626570.8112097,162665546.075551,512928583.4832336,188936230.20953482,546569613.7572747,188687567.71278036,270335346.2619567,46570816.09067646,0.00978535817544793,9.369446291672455,0.6307637746755308
883,707.1071071071071,22628629559.59151,20465.234620320934,723345292.54958,162423710.70192042,513271782.85745835,189169559.8719071,546941749.6097075,188923474.29294676,270496671.5889364,46642741.59113869,0.009797676248160097,9.37582158357464,0.6311948196006704
884,707.907907907908,22654527040.840996,20485.962587045567,724045905.2444631,162188201.28456452,513606535.2981453,189398814.23616564,547304743.7727683,189155277.93944833,270654023.52448046,46713422.9444991,0.009809780207967893,9.382040337325433,0.6316152800386666
885,708.7087087087087,22679774774.11231,20506.162965661428,724728835.7914569,161958857.90759793,513933030.7210041,189624039.02097896,547658800.9659569,189383024.0068309,270807491.51686954,46782873.64119558,0.009821672416836905,9.388106054913653,0.6320253928143704
886,709.5095095095096,22704387405.114834,20525.84801664169,725394489.6788768,161735527.0108551,514251448.0279516,189845278.9273363,548004113.9289707,189606756.88644198,270957159.87560016,46851106.90026454,0.009833355186896256,9.394022033058956,0.632425380869685
887,710.3103103103103,22728379529.284184,20545.029917441832,726043269.7510079,161518057.484891,514561966.23853385,190062579.67749172,548340875.6378112,189826522.01290616,271103112.9335043,46918136.264490865,0.009844830884835105,9.399791572935342,0.6328154674460915
888,711.1111111111112,22751765455.427277,20563.720592429137,726675570.6869626,161306301.74500105,514864761.152808,190275987.34125373,548669275.6390034,190042365.19880295,271245433.4993523,46983975.402263016,0.009856101897269392,9.40541791722166,0.6331958718279
889,711.911911911912,22774559202.819183,20581.931712049027,727291778.9613686,161100115.68130344,515160005.2802768,190485548.2746146,548989499.9689095,190254332.57246187,271384202.8250271,47048638.08850224,0.009867170627492415,9.410904248703886,0.6335668092478866
890,712.7127127127128,22796775295.30123,20599.675259707565,727892291.7239271,160899355.79020798,515447879.27066725,190691311.7815057,549301743.585106,190462473.2164539,271519505.99984777,47112138.99422501,0.009878039632895285,9.416253903508549,0.6339285052991009
891,713.5135135135135,22818426884.021408,20616.962195805252,728477472.2674452,160703885.7532034,515728544.7932762,190893323.6482873,549606180.8603126,190666832.75399533,271651419.15438557,47174491.76576051,0.009888711290895616,9.421469864943857,0.6342811617254551
892,714.3143143143144,22839527216.207176,20633.80350520054,729047684.9225273,160513571.18232337,516002165.7042495,191091631.1106742,549902988.6054384,190867458.2736226,271780019.4489589,47235710.498834275,0.009899188055437344,9.426555158421927,0.6346249831132446
893,715.1151151151151,22860089283.880695,20650.209948218668,729603286.7485328,160328280.8022887,516268902.9478824,191286281.60204488,550192340.5196779,191064397.08647156,271905382.6685159,47295809.36603137,0.009909472392252313,9.431512756242457,0.6349601704559121
894,715.915915915916,22880125796.869152,20666.192042660863,730144626.9225101,160147886.4857719,516528914.1379511,191477322.60977483,550474406.7316912,191257696.58245388,272027583.02579284,47354802.57328766,0.009919566771359634,9.436345569708545,0.6352869206212872
895,716.7167167167167,22899649181.182312,20681.760063882957,730672046.7302862,159972263.1989503,516782353.5051294,191664801.61824173,550749353.739024,191447404.17239204,272146693.1372087,47412704.342118405,0.009929473664042296,9.441056448073857,0.6356054262805323
896,717.5175175175176,22918671577.390125,20696.924044874064,731185879.5575573,159801288.94705892,517029371.8444064,191848766.05183136,551017344.3475261,191633567.23015454,272262783.99876064,47469528.8918471,0.009939195539823828,9.445648177489815,0.6359158758370899
897,718.3183183183183,22937206019.656673,20711.69459377091,731686477.9906708,159634842.6001604,517270134.9774032,192029268.1561571,551278557.9423894,191816237.95017296,272375933.6284051,47525291.89878105,0.009948735119588693,9.450123829359061,0.6362184769687321
898,719.1191191191192,22955263751.8961,20726.08103688162,732174152.2197694,159472808.65443277,517504781.6375383,192206353.72240397,551533144.2380852,191995462.12278542,272486207.3533828,47580007.123103864,0.009958094790650077,9.454485965499494,0.6365134029121321
899,719.91991991992,22972856177.97955,20740.092770127038,732649214.8468946,159315073.67335403,517733454.02577925,192380070.19405675,551781256.829468,192171287.20234886,272593672.1133152,47633688.83275307,0.009967277027176532,9.458737214720543,0.6368008314283563
900,720.7207207207208,22989994532.66206,20753.739032406625,733111973.3583037,159161526.82116908,517956292.6230206,192550465.24031004,552023047.4922951,192343760.88611123,272698394.03248173,47686351.37602315,0.009976284316128077,9.462880174863786,0.6370809381828048
901,721.5215215215215,23006689791.740177,20767.028844597397,733562728.0898937,159012059.96683526,518173434.75404686,192717586.33008522,552258664.6034453,192512930.68906364,272800437.7481455,47738009.05343504,0.009985119135093482,9.466917385642109,0.6373538949097604
902,722.3223223223224,23022952672.463146,20779.97101104056,734001772.2649866,158866567.62592408,518385014.56684023,192881480.68354166,552488253.1153575,192678843.8945421,272899866.40137625,47788676.10250878,0.009993783949708094,9.470851328188703,0.6376198693820083
903,723.1231231231232,23038793633.94402,20792.574121028123,734429392.0321133,158724946.90252313,518591163.0118876,193042195.223588,552711954.5304697,192841547.50482866,272996741.62787217,47838366.68253611,0.010002281211071651,9.474684424606062,0.6378790253804538
904,723.923923923924,23054223900.682102,20804.84722050443,734845889.7763546,158587097.0308138,518792025.1659404,193199782.434719,552929926.1216757,193001094.10639715,273091131.6133838,47887096.64486341,0.010010613661609075,9.478419369035425,0.6381315450646242
905,724.7247247247248,23069253230.2076,20816.798350922563,735251533.3665422,158452920.1906123,518987722.36000115,193354287.4227923,553142298.9055991,193157528.9128088,273183093.4849148,47934879.62109139,0.0100187836593639,9.482058403718733,0.6383775800561651
906,725.5255255255256,23083891383.5925,20828.435513757006,735646589.6346163,158322320.87404913,519178377.0807248,193505756.3547248,553349205.2714691,193310898.21401456,273272684.8894998,47981729.573432036,0.010026793618615148,9.48560379490649,0.6386172835960947
907,726.3263263263264,23098148024.9054,20839.766605856243,736031322.116872,158195205.8669736,519364111.2382479,193654235.82709384,553550777.0564431,193461248.74332434,273359963.1892461,48027660.60329457,0.01003464597685927,9.489057799693708,0.6388508083039971
908,727.1271271271272,23112032594.275246,20850.799337507255,736405988.1948678,158071484.24068388,519545043.9866196,193799772.08235922,553747143.1244795,193608626.8918084,273444984.4483491,48072686.71381429,0.01004234315383586,9.492422624304321,0.6390783033593862
909,727.927927927928,23125554310.197647,20861.54123516358,736770839.1763204,157951067.29308745,519721291.7352363,193942410.97131702,553938429.3764265,193753078.66985458,273527803.4388532,48116821.7979325,0.010049887549516799,9.495700424254263,0.6392999145128181
910,728.7287287287288,23138722171.84117,20871.999644173397,737126120.3759992,157833868.48986137,519892968.1602772,194082197.915553,554124758.7601106,193894649.66872594,273608473.64641273,48160079.62647656,0.010057281542095427,9.498893304514565,0.6395157840970039
911,729.5295295295296,23151545438.603695,20882.181994838353,737472081.4344938,157719804.5957476,520060193.1825038,194219182.98957714,554306261.3807802,194033390.1907052,273687051.42368746,48202475.410565645,0.010064527755808473,9.5020034943006,0.6397260628311418
912,730.3303303303304,23164032639.021893,20892.09525701824,737808955.0889599,157608793.138445,520223074.31519127,194353410.22665265,554483053.4872894,194169344.45222858,273763587.36279416,48244022.512728736,0.010071628497267815,9.505032983750498,0.6399308852844209
913,731.1311311311312,23176192142.558796,20901.746257079925,738136969.4704112,157500753.76990488,520381717.37472725,194484923.690337,554655249.5344905,194302556.71288848,273838131.2502558,48284734.31355763,0.010078586075429087,9.50798373246187,0.6401303839594601
914,731.931931931932,23188032210.844425,20911.14170762577,738456349.2343446,157395608.32952052,520536227.41140443,194613767.96187654,554822963.2289511,194433071.76694655,273910732.4980357,48324624.36120873,0.010085402827247864,9.510857687560007,0.6403246905126242
915,732.7327327327328,23199560913.847652,20920.288162695608,738767313.7938954,157293280.570491,520686707.10259914,194739987.17865643,554986305.7161249,194560933.97206062,273981439.40073,48363706.07534751,0.010092081066969197,9.513656752344303,0.6405139336366884
916,733.5335335335336,23210786133.13678,20929.192021021332,739070077.421204,157193696.10336104,520833256.7821348,194863625.0068912,555145385.6106355,194686187.22117674,274050299.1496218,48401992.73837647,0.010098623084656312,9.51638278680052,0.6406982390955311
917,734.3343343343344,23221715565.14008,20937.859529281508,739364849.3487806,157096782.33956116,520975974.46964526,194984724.6143149,555300309.0265613,194808874.91442105,274117357.8467353,48439497.48666285,0.010105031144719298,9.519037608113022,0.6408777297588268
918,735.1351351351352,23232356791.073063,20946.29676357869,739651833.9510142,157002470.66631448,521114957.9280801,195103332.31390876,555451181.9997324,194929043.6675462,274182661.4419369,48476234.45305658,0.010111307679742335,9.521623032977997,0.6410525284553494
919,735.935935935936,23242717149.06673,20954.509675529618,739931230.6878974,156910692.00111383,521250300.7037453,195219490.31572092,555598105.8129652,195046735.93408102,274246253.9313702,48512216.4935492,0.010117454904863302,9.524140795893894,0.6412227524635041
920,736.7367367367368,23252803798.537323,20962.50407555796,740203234.2798549,156821378.78061524,521382094.014737,195333240.06456548,555741179.2189536,195161993.40228656,274308178.21760935,48547456.233816765,0.010123474995320349,9.526592587989974,0.6413885161296633
921,737.5375375375376,23262623745.508163,20970.285628942365,740468034.8356287,156734465.64258167,521510427.4514568,195444623.4275317,555880499.2621187,195274858.20354816,274368476.42916757,48581966.4414324,0.010129370149608742,9.528980071371343,0.6415499318355928
922,738.3383383383384,23272183829.601,20977.85986438558,740725817.934087,156649888.82488284,521635388.51102996,195553681.7707993,556016160.7251492,195385371.97240338,274427189.7092921,48615759.736134805,0.010135142540349147,9.53130486943013,0.6417071093452958
923,739.1391391391392,23281490727.441055,20985.23217722186,740976764.725762,156567586.11387157,521757062.6310646,195660455.94028556,556148256.1644704,195493575.82653242,274484358.2320185,48648848.58355135,0.010140794313239611,9.53356856744836,0.6418601558458139
924,739.93993993994,23290550956.062073,20992.407832624376,741221052.0343902,156487496.79275995,521875533.22341096,195764986.24229228,556276875.9457134,195599510.3467491,274540021.21822566,48681245.288921334,0.010146327586007553,9.53577271320078,0.64200917598803
925,740.7407407407408,23299370835.720196,20999.391887704754,741458850.0901461,156409564.26592758,521990882.03433883,195867315.00703803,556402108.6979868,195703218.1930292,274594217.09782875,48712962.80671776,0.010151744585195688,9.53791882501401,0.6421542724288176
926,741.5415415415416,23307956567.814316,21006.18934361428,741690326.9787977,156333731.09495497,522103188.5790742,195967481.82777336,556524040.5805286,195804739.24539378,274646983.25755996,48744013.23658435,0.010157047392085311,9.540008378681522,0.6422955449514937
927,742.3423423423424,23316314213.946686,21012.805100107103,741915647.3228629,156259940.55188158,522212530.3713262,196065525.09050474,556642755.56935,195904112.16485485,274698356.1446695,48774408.30639124,0.010162238024313722,9.54204281253837,0.6424330908073026
928,743.1431431431432,23324449675.27823,21019.243910692334,742134970.9799588,156188138.15303645,522318983.15044576,196161483.48496738,556758335.7408407,196001375.93522435,274748371.3695651,48804159.84936752,0.010167318516491051,9.544023532481788,0.6425670050532605
929,743.943943943944,23332368708.7934,21025.510411537383,742348453.8946494,156118270.75964612,522422620.81177074,196255395.16698217,556870861.1745553,196096569.00797498,274797063.6755685,48833279.5393375,0.010172290875484718,9.545951910211802,0.6426973804341232
930,744.7447447447448,23340076930.609406,21031.609124483934,742556248.1943935,156050286.53252813,522523515.44115597,196347297.74520046,556980409.9896711,196189729.28845403,274844466.9553147,48861778.88637008,0.010177157079696814,9.547829283851678,0.6428243074243729
931,745.5455455455456,23347579819.28544,21037.54446006386,742758502.2854935,155984134.88678437,522621737.34950274,196437228.26784843,557087058.381446,196280894.12209684,274890614.26715183,48889669.23242799,0.010181919078341475,9.549656958568388,0.6429478742702032
932,746.3463463463464,23354882673.33271,21043.32062291403,742955358.4569433,155919770.20094904,522717356.3442815,196525226.40235293,557190882.1515453,196370103.53375095,274935538.40253574,48916962.74890244,0.010186578960767387,9.551436233401716,0.6430681687988667
933,747.1471471471472,23361990699.90289,21048.941796740986,743146957.6221675,155857144.77260038,522810439.45805043,196611328.46989363,557291953.959617,196457394.14941728,274979270.87526065,48943670.56454038,0.010191138638735771,9.553168353026326,0.6431852751659316
934,747.947947947948,23368908997.096355,21054.41210258237,743333438.2722303,155796210.4946399,522901051.55020225,196695568.8962272,557390344.0447564,196542800.67416105,275021842.1905148,48969803.22050323,0.01019559992367108,9.554854520390075,0.6432992747076821
935,748.7487487487488,23375642518.080257,21059.735518303907,743514934.439251,155736922.0227369,522989256.40000933,196777982.9306346,557486121.5402927,196626358.66206756,275063282.33277583,48995371.523346595,0.0101999646714489,9.556495919761655,0.6434102474954657
936,749.5495495495496,23382196094.089207,21064.915923579134,743691576.863835,155679235.11578748,523075116.2093064,196858605.25988075,557579353.8679549,196708103.10377514,275103620.54530925,49020386.10990713,0.010204234708562132,9.5580937060826,0.6435182716177986
937,750.3503503503504,23388574437.69042,21069.957102811386,743863493.0886245,155623106.59422025,523158691.63821054,196937469.9980314,557670106.775767,196788068.41581887,275142885.347098,49044857.44391583,0.010208411831561954,9.559649005612945,0.6436234232240516
938,751.1511511511512,23394782146.048912,21074.86274805587,744030807.5518488,155568494.29830217,523240041.8408409,197014610.67626965,557758444.3759427,196866288.42997423,275181104.54977244,49068795.812611304,0.01021249780649882,9.561162916576897,0.6437257765681365
939,751.951951951952,23400823704.192654,21079.63646194166,744193641.6808743,155515357.04644436,523319224.5010387,197090060.2327126,557844429.1827813,196942796.3826005,275218305.27454007,49092211.323353015,0.010216494368363435,9.562636509808515,0.6438254040521916
940,752.7527527527528,23406703488.277733,21084.281760593723,744352113.9857563,155463654.59350783,523396295.8680872,197163851.00222808,557928122.1505615,197017624.90398467,275254513.96911514,49115113.90023454,0.01022040322052774,9.564070829397364,0.6439223762702682
941,753.5535535535536,23412425644.1821,21088.80189597222,744506335.0109112,155413352.7146991,523471311.4225568,197236018.92277083,558009583.7103838,197090810.31144384,275289756.6613926,49137514.60730684,0.010224226259195415,9.565466911750661,0.6440167632866869
942,754.3543543543544,23417994267.413082,21093.20011465555,744656414.7140032,155364415.901617,523544325.019224,197306597.55096817,558088872.3926951,197162386.50083172,275324058.64094406,49159423.765566766,0.010227965254035179,9.566825760145335,0.6441086329303647
943,755.1551551551552,23423413491.130882,21097.479783532235,744802466.0552194,155316803.8359063,523615388.49439734,197375615.18531948,558166044.1860449,197232382.00995487,275357444.31499594,49180850.0476694,0.010231621694648177,9.568148332853193,0.6441980499991065
944,755.955955955956,23428687260.60703,21101.64406130344,744944595.6540469,155270480.75444573,523684552.85809344,197443102.59449866,558241154.4083266,197300827.9065108,275389937.65985084,49201802.90923946,0.010235197202963986,9.56943557758592,0.6442850785692535
945,756.7567567567568,23433819425.414146,21105.696030209518,745082907.5503777,155225411.7517163,523751867.88030577,197509089.99964684,558314257.0321509,197367754.7076821,275421562.06895393,49222291.639251284,0.0102386933721887,9.57068841900481,0.6443697811587146
946,757.5575575575576,23438813742.53931,21109.638698732197,745217503.2917998,155181562.74434704,523817382.1274919,197573607.06932276,558385404.7239578,197433192.3747203,275452340.3701113,49242325.358257264,0.010242111766519858,9.571907759388855,0.644452218772155
947,758.3583583583584,23443673879.497444,21113.475004296717,745348482.0208863,155138900.43566173,523881142.9990606,197636682.9144531,558454648.8831276,197497170.30752897,275482294.84270793,49261913.01661625,0.010245453920861373,9.573094479302839,0.6445324509461862
948,759.1591591591592,23448403417.44469,21117.207815974038,745475940.5624866,155097392.28022468,523943196.7638591,197698346.0832826,558522039.6810923,197559717.33924747,275511447.2349257,49281063.392721966,0.010248721340538478,9.574249438265431,0.6446105357945553
949,759.95995995996,23453005854.29179,21120.83993718297,745599973.511016,155057006.44838718,524003588.5966598,197758624.5563245,558587626.1004465,197620861.7308342,275539818.7809612,49299785.09123142,0.010251915501012643,9.575373475417281,0.6446865300533335
950,760.7607607607608,23457484391.4685,21124.37387670806,745720666.5088781,155017715.9734801,524062360.971773,197817548.9083626,558651454.3455156,197680634.41278502,275567429.4268897,49318087.54855809,0.010255038017471876,9.57646738297307,0.6447604872789189
951,761.5615615615616,23461842088.563164,21127.81201366851,745838101.1025409,154979495.78692403,524119554.8501683,197875150.08526596,558713569.022064,197739066.7054929,275594298.40213025,49335980.32563361,0.010258090525568584,9.577531925951138,0.6448324591869558
952,762.3623623623624,23466082407.88451,21131.15718004787,745952371.8701248,154942312.2150227,524175213.8275222,197931451.4728777,558774017.2521001,197796182.18734863,275620446.2171576,49353470.585292436,0.010261074255993817,9.578567910954119,0.6449025003204111
953,763.1631631631632,23470208481.253914,21134.41187488293,746063563.3354214,154906137.17871067,524229378.579353,197986479.6706957,558832843.1704113,197852007.74060923,275645891.9874273,49370566.51862087,0.010263990612345265,9.5795760942101,0.6449706618080534
954,763.963963963964,23474223365.538258,21137.578537277444,746171757.9992518,154870943.27810612,524282088.8142884,198040260.79174802,558890089.8637344,197906569.7574719,275670654.3738859,49387276.167985685,0.010266840972644574,9.580557213994318,0.6450369935648003
955,764.7647647647648,23478130045.41094,21140.65954872697,746277036.4156674,154836703.7638693,524333383.30787736,198092820.46270147,558945799.4072148,197959894.13994592,275694751.59890026,49403607.42690302,0.01026962668932894,9.581511991252908,0.6451015443338989
956,765.5655655655656,23481931436.1129,21143.657235443687,746379477.2681509,154803392.50856078,524383299.9364012,198144183.8239699,559000012.9008654,198012006.2997247,275718201.4621864,49419568.03990729,0.010272349089242721,9.582441130226687,0.6451643617291068
957,766.3663663663664,23485630386.213646,21146.573870681226,746479157.4458168,154770983.9779999,524431875.710685,198194375.52982247,559052770.5060259,198062931.1580577,275741021.3567389,49435165.602420144,0.010275009473629039,9.58334531907491,0.6452254922768729
958,767.1671671671672,23489229680.37225,21149.411677059514,746576152.1196125,154739453.20262307,524479146.8099092,198243419.74849212,559104111.4818211,198112693.1456223,275763228.2847601,49450407.56061933,0.010277609118121376,9.58422523049904,0.645284981458518
959,767.967967967968,23492731848.400826,21152.172651730623,746670529.3424428,154708778.05111405,524525146.3747887,198291341.43591908,559154071.8067197,198161317.5190551,275784837.8168601,49465301.62436225,0.010280149341696325,9.585081481046803,0.6453428709584308
960,768.7687687687688,23496139045.08857,21154.85845626347,746762346.6497879,154678940.66297978,524569903.1192889,198338167.14421645,559202682.6822921,198208831.19648716,275805863.4372963,49479856.029214464,0.010282631550433798,9.58591460551094,0.6453991969329477
961,769.5695695695696,23499454195.48133,21157.471463934762,746851683.436352,154649913.84003606,524613454.58072877,198383917.5092844,559249984.8138767,198255254.99114788,275826322.79298145,49494077.099929914,0.010285056830743674,9.58672530127592,0.6454540065327613
962,770.3703703703704,23502679772.661755,21160.013641666304,746938606.400501,154621675.57777864,524655832.9834023,198428615.30563402,559296013.1747426,198300611.93804297,275846231.0264556,49507971.86255716,0.010287426385481004,9.587514167627834,0.6455073402753985
963,771.1711711711712,23505818190.07244,21162.48690864974,747023180.6338799,154594204.40644062,524697069.77872115,198472282.88497615,559340801.8993657,198344924.64577812,275865602.9170948,49521547.213577904,0.0102897413952438,9.588281789479861,0.6455592377066287
964,771.971971971972,23508871803.812477,21164.893138246538,747105469.6844808,154567479.36787197,524737195.67365307,198514942.179384,559384384.3140967,198388215.2995883,275884452.8945069,49534809.92076647,0.010292003018530033,9.589028737896953,0.6456097374359459
965,772.7727727727728,23511842914.933968,21167.234159887998,747185535.619713,154541479.99241874,524776240.65916,198556614.70445585,559426792.9678292,198430505.66436732,275902795.0519256,49547766.62404924,0.01029421239189459,9.58975557062051,0.6456588771720484
966,773.5735735735736,23514733771.738533,21169.51176097523,747263439.089471,154516186.27580225,524814234.0386365,198597321.56247756,559468059.662667,198471817.08769703,275920643.15960634,49560423.83636404,0.010296370630106263,9.590462832593058,0.6457066937583206
967,774.3743743743744,23517546572.073853,21171.727688779167,747339239.3892043,154491578.65599865,524851204.4563476,198637083.4455851,559508215.4845924,198512170.50287673,275938010.6782211,49572787.94451964,0.010298478826304717,9.591151056482934,0.6457532232083124
968,775.1751751751752,23520283368.170704,21173.88357017919,747412991.7996917,154467638.9959897,524887178.7184446,198675920.87365943,559547289.5380476,198551586.6802361,275954910.20156246,49584865.28997476,0.010300538065200586,9.59182074105398,0.6457984992430654
969,775.975975975976,23522945678.659626,21175.980584545166,747484736.7445859,154444354.58869037,524922176.986235,198713855.13748166,559585303.7863789,198590087.2244241,275971351.1845869,49596662.48973834,0.010302549475464053,9.59247226296982,0.6458425473271765
970,776.7767767767768,23525535900.96189,21178.020654390602,747554539.2555157,154421703.58035251,524956230.2742472,198750904.90566963,559622291.8349586,198627690.98514426,275987348.2138639,49608185.28091052,0.010304514041167234,9.593106197868382,0.6458854063803757
971,777.5775775775776,23528055978.9266,21180.005322113528,747622451.7409899,154399668.7223608,524989363.94360507,198787089.4423807,559658281.2125882,198664417.4603033,276002913.20563996,49619439.616001666,0.010306432780560192,9.59372301748501,0.6459271082965037
972,778.3783783783784,23530507808.78891,21181.936092195763,747688525.3289173,154378233.18195078,525021602.73142123,198822427.63825113,559693298.7703513,198700285.7706898,276018057.7829451,49630431.33277738,0.010308306692205395,9.594323181939572,0.645967684184116
973,779.1791791791792,23532893241.042988,21183.814432745843,747752809.9178406,154357380.5234598,525052970.77398837,198856938.01457882,559727370.7066481,198735314.6640826,276032793.28650784,49641166.155465364,0.010310136755191367,9.594907140164858,0.646007164395453
974,779.97997997998,23535214082.314987,21185.641777041947,747815354.2281699,154337094.68957773,525083491.6299695,198890638.72750616,559760522.5922312,198769522.51935923,276047130.78566986,49651649.69596212,0.010311923929346361,9.595475330334972,0.6460455785554094
975,780.7807807807808,23537472097.236,21187.41952507481,747876205.853416,154317359.98259786,525113188.3035888,198923547.57220262,559792779.3952396,198802927.35060444,276061081.089301,49661887.45503976,0.010313669155452012,9.596028180293729,0.6460829555905044
976,781.5815815815816,23539669010.31503,21189.149045090642,747935411.3114238,154298161.04566765,525142083.2678228,198955681.98704758,559824165.506235,198835546.81121838,276074654.7567139,49671884.82355273,0.010315373355456998,9.596566107983042,0.6461193237578506
977,782.3823823823824,23541806490.424255,21190.83166061368,747993015.6056749,154279483.04924908,525170198.28676766,198987059.07502925,559854704.5488956,198867398.21703288,276087862.01402396,49681647.09001305,0.010317037433694503,9.597089518216137,0.6461547104267726
978,783.1831831831832,23543885646.980835,21192.468229688795,748049048.0277088,154261317.64053255,525197548.59823376,199017696.10863164,559884413.1713356,198898499.10322654,276100710.0150831,49691179.62701211,0.010318662306289588,9.597598696801104,0.6461891349139601
979,783.983983983984,23545908392.26583,21194.060282526414,748103560.5415133,154243646.86871508,525224158.64971966,199047609.18698755,559913317.8415219,198928865.74123368,276113210.250586,49700487.3941489,0.010320248822833864,9.598094096958055,0.6462226278657476
980,784.7847847847848,23547876251.615517,21195.609027877723,748156594.2568573,154226457.23046866,525250048.35800207,199076814.41999102,559941440.1823053,198958514.44556394,276125372.0785446,49709575.3757035,0.010321797835395326,9.598576089235872,0.6462552143345667
981,785.5855855855856,23549790712.954395,21197.11564490686,748208189.2765085,154209735.54810995,525275237.1477059,199105327.58824852,559968801.2821034,198987461.19785917,276137204.6258009,49718448.454509445,0.01032331017866148,9.599045035024616,0.6462869187536264
982,786.3863863863864,23551653228.340076,21198.58128445983,748258384.7382221,154193468.95472318,525299743.9707062,199133164.14758658,559995421.7158908,199015721.6513602,276148716.7971569,49727111.41328071,0.010324786670171952,9.599501286914968,0.6463177649612167
983,787.1871871871872,23553465215.50814,21200.007070333464,748307218.8567301,154177644.87928304,525323587.3255292,199160339.23355928,560021321.5661898,199043311.1353743,276159917.2845054,49735568.93593858,0.010326228110551079,9.599945189057642,0.6463477762250097
984,787.987987987988,23555228059.41702,21201.394100544345,748354728.9657302,154162251.03177774,525346785.2767538,199186867.66595593,560046520.4440612,199070244.65974188,276170814.5759612,49743825.60893866,0.010327635283740524,9.600377077522808,0.6463769752663628
985,788.7887887887888,23556943113.792866,21202.743448597725,748400951.5598744,154147275.3883318,525369355.47441304,199212763.95330864,560071037.5100949,199096536.91930375,276181416.96499115,49751885.922597714,0.010329008957231864,9.600797280659524,0.6464053842846208
986,789.5895895895897,23558611702.674427,21204.05616475648,748445922.3367584,154132706.1763292,525391315.1733958,199238042.2973999,560094891.4954007,199122202.29836822,276191732.5595451,49759754.272420704,0.010330349882299202,9.601206119455151,0.6464330249814187
987,790.3903903903904,23560234559.911476,21205.332793962873,748489660.7094108,154118538.50540224,525412675.00264645,199262717.34960383,560118093.9974084,199147255.6873044,276201766.33948857,49767435.22747294,0.010331658837008347,9.601603792874382,0.6464599108071138
988,791.1911911911913,23561813234.406567,21206.574584254897,748532208.632817,154104757.7546707,525433454.59428746,199286802.33770806,560140666.2968524,199171710.4587442,276211527.53752506,49774932.86476811,0.010332936519615973,9.601990665479232,0.6464860664101234
989,791.991991991992,23563348967.437626,21207.782521229605,748573599.5833342,154091352.85112727,525453670.10117936,199310310.5742618,560162625.926833,199195580.09648898,276221023.7442511,49782251.304747306,0.01033418363436523,9.602367037721177,0.6465115121036963
990,792.7927927927929,23564842929.358994,21208.957531541004,748613865.0981109,154078313.4741778,525473336.8313611,199333255.14652157,560183989.5075793,199218877.86018896,276230262.1522562,49789394.60087611,0.01033540087382094,9.602733194424284,0.6465362671444204
991,793.5935935935936,23566296263.752785,21210.100520809596,748653035.9943041,154065629.53696808,525492469.74125403,199355648.86396536,560204773.2772484,199241616.7282461,276239249.78900963,49796366.72072792,0.010336588915859476,9.603089413863863,0.6465603503461336
992,794.3943943943945,23567710088.775707,21211.21237472099,748691142.4055971,154053291.17384845,525511083.4528611,199377504.2630651,560224993.1105467,199263809.40256742,276247993.5249513,49803171.54740497,0.01033774842391643,9.603435968085376,0.6465837801014861
993,795.1951951951952,23569085498.50589,21212.293960124534,748728213.8187151,154041288.72783867,525529192.27096593,199398833.6120592,560244664.5373507,199285468.31331828,276256500.0815821,49809812.88095935,0.0103388800472343,9.603773123223315,0.6466065744035018
994,795.995995995996,23570423564.289703,21213.346126131906,748764279.1099432,154029612.7380927,525546810.20033175,199419648.91572514,560263802.7613276,199306605.62367553,276264776.03955454,49816294.43981407,0.010339984421110152,9.604101139820106,0.6466287508671398
995,796.7967967967968,23571725336.08858,21214.369705215748,748799366.5816418,154018253.9273633,525563950.9629004,199439961.92015183,560282422.6785569,199327233.23458084,276272827.8467634,49822619.86218407,0.010341062167143304,9.604420273144994,0.6466503267508565
996,797.5975975975977,23572991843.825832,21215.36551430826,748833503.9987644,154007203.18946713,525580628.0149913,199459784.11751226,560300538.8961502,199347362.7894939,276280661.82643604,49828792.70749727,0.010342113893482996,9.604730773512953,0.6466713189781672
997,798.3983983983984,23574224079.817753,21216.33433963233,748866718.0965649,153996451.78178078,525596854.34306496,199479126.77747652,560318165.51388,199367005.70788646,276288284.079765,49834816.46717821,0.010343140196589327,9.605032882551667,0.6466917438853202
998,799.1991991991993,23575422877.453102,21217.276832306277,748899031.1878227,153985992.64232248,525612641.0449252,199498001.12474677,560335314.6059153,199386173.37637803,276295699.81010854,49840694.62678508,0.010344141671294344,9.605326807244177,0.6467116154667143
999,800.0,23576589072.16245,21218.193646717762,748930465.6617717,153975818.64703512,525627999.21552813,199516418.1190203,560351998.2393348,199404876.91095644,276302914.22100186,49846430.58842322,0.010345118898279876,9.605612754440111,0.6467309477076918
