time,S,SR,C,CR,M1,M2,TH1,TH2,TC,Treg,IL10,IFNgamma,IL2,color
0.0,1.0,0.0,0.0,0.0,85000.0,15000.0,71000.0,12000.0,56000.0,8000.0,0.0085,0.12,0.0094,black
0.5012531328320802,1.0537010425234346,2.6936493432000993e-08,0.03976424211289706,2.1820253815613622e-05,51014.47963211137,14633.290215768735,41258.06964629036,5052.773871956599,4958.958336873187,4847.247851082473,7.310730817400754e-07,0.006362647449995661,0.0001760559778750355,black
1.0025062656641603,1.1106219675664037,5.678336876250189e-08,0.17334269667476004,0.00032881801173588796,30596.603947370644,14271.100587648176,20649.637648125758,2133.074754293681,404.6410755237171,2936.960460667229,1.3394310918679813e-07,0.0006960002124836344,3.0118729515164723e-05,black
1.5037593984962405,1.1706373071502294,8.97778552131817e-08,0.5774712932898641,0.002795505949907159,18349.835199903693,13917.874446297727,9353.082840459627,899.7454093724701,30.609513657487813,1779.5027011498278,5.938096263382919e-08,0.00021853349785214634,1.329218070939528e-05,black
2.0050125313283207,1.2338983257817275,1.2617269347455828e-07,1.7072528939501308,0.01843512323617082,11004.959364786224,13573.39076118564,3931.3865615532104,378.63519967234936,2.223864721186074,1078.194057509834,2.6751302496313208e-08,9.015923940254938e-05,5.6898753606629286e-06,black
2.506265664160401,1.3005789001715844,1.6623901935058178e-07,4.65405803163625,0.10319178020746364,6599.997902481308,13237.433430099776,1569.6305779865104,158.87379933151067,0.15859764793985506,653.2704285968048,1.229894473512862e-08,3.6625426049497496e-05,2.302734209606906e-06,black
3.007518796992481,1.3708633490775441,2.1026735450430933e-07,11.866631288348753,0.5084809676815453,3958.209439204139,12909.791691658598,606.3404429993248,66.45478128157201,0.011222424101167928,395.8101268453276,5.799520937363827e-09,1.435572956027175e-05,8.973709614413312e-07,black
3.508771929824561,1.4449462123714634,2.585688979327894e-07,28.505763009565392,2.2471338719305645,2373.8518006685927,12590.260199259641,229.5020809350155,27.709404974123018,0.0007916612607449544,239.81629661422673,2.817761422891647e-09,5.485827871720392e-06,3.415128069226717e-07,black
4.010025062656641,1.5230326640782232,3.1147691661201467e-07,64.82456064402434,9.010053914720023,1423.6669946339384,12278.639215034535,85.80027336794448,11.517783096522626,5.5786376125173085e-05,145.30093965271612,1.4150191551524082e-09,2.0630923991526716e-06,1.281002701915522e-07,black
4.511278195488721,1.6053390218350503,3.6934822185061104e-07,140.0904229515776,33.05143242969788,853.814075080949,11974.735139765702,31.838882649887996,4.77283771738651,3.930648158155441e-06,88.0351572849756,7.351438953515965e-10,7.683452759037713e-07,4.763100836073833e-08,black
5.012531328320802,1.6920933174418056,4.325647394143888e-07,288.6579502335366,111.66549133323342,512.0571439087171,11678.361824690479,11.762113065532725,1.9718785794836917,2.7711635837749607e-07,53.33863611501468,3.9455615078755943e-10,2.8446716208115934e-07,1.7617377018660168e-08,black
5.513784461152882,1.783535915766165,5.01535180795773e-07,568.8200810747626,349.46002617568223,307.095946236241,11389.343636430352,4.333591281989207,0.812288605927923,1.9570448726907777e-08,32.31660702712139,2.180294305418416e-10,1.049459672648265e-07,6.495590161403659e-09,black
6.015037593984962,1.879920175276824,5.766968222140961e-07,1074.9620555151291,1018.2080897173792,184.1751191812175,11107.522320253174,1.5940863543867558,0.33365553325362807,1.3876385814290536e-09,19.579777135182667,1.235055565030894e-10,3.8634285133396944e-08,2.390404818529081e-09,black
6.516290726817042,1.9815131478067172,6.585173979874095e-07,1953.2858137188653,2774.8997373696225,110.456325890843,10832.77171360491,0.5858099072816667,0.13667053282470637,9.928608120512883e-11,11.862819267007614,7.13970308227938e-11,1.4204431471910063e-08,8.786778811554824e-10,black
7.017543859649122,2.0885963175906728,7.474971153028304e-07,3420.954124540733,7103.6638887042955,66.24549495956484,10565.027786283323,0.21515442718751257,0.05583037557554414,7.2484300179520755e-12,7.187308925894528,4.1960520145358284e-11,5.218445215707256e-09,3.2276859976891084e-10,black
7.518796992481203,2.2014663808276116,8.441707978876464e-07,5787.953814754067,17149.862062691976,39.731538186365256,10304.346802102753,0.07899382798592336,0.02274656636073598,5.527455080049462e-13,4.354547025191887,2.5004326514574025e-11,1.9162766925107337e-09,1.1851544296807864e-10,black
8.020050125313283,2.3204360676030773,9.491101665811633e-07,9480.364027731282,39190.710096471375,23.83100350621819,10051.011880454855,0.0289965051774565,0.009243618794002581,4.613760206469224e-14,2.6382623449436777,1.508998441333826e-11,7.034856356314694e-10,4.3506275696855175e-11,black
8.521303258145362,2.445835008320307,1.0629262653199088e-06,15063.136011350716,85063.87472196713,14.295719672679375,9805.71772560801,0.010642507333510475,0.0037469886715384084,4.556109053066283e-15,1.5984216169728191,9.227855278320111e-12,2.5821426833617844e-10,1.5968527889790708e-11,black
9.022556390977442,2.5780106469896515,1.1862720415815725e-06,23260.05433598649,175932.12300709993,8.577896881377422,9569.874116645238,0.003905797829424015,0.0015152163593880332,6.552655032125354e-16,0.9684186342686052,5.7328732808886764e-12,9.476807350052679e-11,5.860564928253089e-12,black
9.523809523809524,2.717329203886949,1.3198450908920546e-06,34968.35281187232,347770.02619034785,5.149499670429673,9346.080125286837,0.0014333626215308815,0.0006113150668629367,4.1041224880086204e-16,0.5867234253026222,3.6362101987712313e-12,3.477907044285591e-11,2.1507556535473737e-12,black
10.025062656641603,2.864176690240373,1.4643905755897415e-06,51265.56541831985,658889.0762641927,3.094063513524789,9138.83344928722,0.0005260060123285266,0.0002461019925608378,7.404869873803104e-16,0.3554694710616278,2.372399186101246e-12,1.2763164338976633e-11,7.892759503121823e-13,black
10.526315789473683,3.0189599777541587,1.6207043286649878e-06,73406.61869660474,1199649.84240171,1.8619054965677184,8955.55764855025,0.000193027125353395,9.888072786713076e-05,1.2888440213323977e-14,0.21536241257970337,1.6078276676205688e-12,4.6837040771319274e-12,2.896399080959846e-13,black
11.027568922305765,3.1821079259313776,1.7896361541536694e-06,102809.88006716833,2104241.050487272,1.1233265466607663,8808.069757621011,7.083400301906291e-05,3.966275143020866e-05,4.877116202994453e-12,0.1304777381539131,1.1443046197863332e-12,1.7187589014132769e-12,1.0628769292955024e-13,black
11.528822055137844,3.3540725703187917,1.972093336264053e-06,141031.78328949213,3564056.679265534,0.6805792695087007,8714.707854052462,2.5993377135499272e-05,1.5889914222589125e-05,7.213065022974463e-07,0.07905004702836602,8.637542341110286e-13,6.309164040590377e-13,3.9003590145265165e-14,black
12.030075187969924,3.5353303660485462,2.1690443168955456e-06,189730.643725108,5841818.686621587,0.4150751197363601,8703.56887601225,9.538544383720298e-06,6.362390077459502e-06,1313.4058457350118,0.04789249753196541,6.960561844611372e-13,2.1968835343315135e-07,1.4312792977604728e-14,black
12.531328320802004,3.7262532186874506,2.380798876589488e-06,250594.41586896073,9284651.414827334,0.2557245602488372,8817.82198235424,3.500262349399345e-06,2.548732290717748e-06,1275495.969163551,0.029015706272347088,6.002345328314314e-13,0.0014445576976072191,5.252222628215223e-15,black
13.032581453634084,3.927199583359364,2.6075803524445857e-06,325252.08258103055,14334582.185860625,0.15993691802886992,9125.16955158639,1.2844539688576262e-06,1.0230933395794663e-06,2257096.4755894532,0.017579241707315924,5.535662595666392e-13,0.003152493815857857,1.9273528136858015e-15,black
13.533834586466165,4.138700214186608,2.8503289832583678e-06,415296.82270008494,21537481.17781615,0.10221815016666705,9736.231750436587,4.713420317799449e-07,4.125288226584008e-07,3487333.5229268926,0.010650501330084073,5.456640216842848e-13,0.005001697754832702,7.072597373215769e-16,black
14.035087719298245,4.361195266088624,3.109384946972978e-06,522142.5943250511,31543531.01187683,0.06734452511750297,10842.631566412752,1.729631612478202e-07,1.6774154319774157e-07,5192524.576084383,0.006452758855989619,5.761902612622457e-13,0.007522152837917269,2.595352988220676e-16,black
14.536340852130325,4.595079150181302,3.3847416363383497e-06,646939.0057175203,45101261.21532088,0.04625255962627805,12801.129443178037,6.3470358066379e-08,6.923455268593555e-08,7516901.877200135,0.003909584139012038,6.563335319512415e-13,0.010976178314329024,9.523877486894494e-17,black
15.037593984962406,4.840695844900343,3.676026782941226e-06,790484.4942395397,63043026.9899124,0.03358170926785459,16333.151549530352,2.3291003176308718e-08,2.9348654729025084e-08,10612888.686092226,0.002368825486605794,8.165884638911429e-13,0.015608217046070114,3.4948703224382354e-17,black
15.538847117794486,5.098322464851772,3.982466965130606e-06,953133.6219961881,86261069.40967147,0.026217875059297936,23037.161381769234,8.546836362370981e-09,1.3070305255635177e-08,14645223.19531078,0.0014353827351337918,1.1294633884694012e-12,0.021681318785271957,1.2824731214256156e-17,black
16.040100250626566,5.368151010508388,4.3028892854491205e-06,1134705.9612202265,115674168.63201389,0.022459468813160893,36821.510463449056,3.1363358129109823e-09,6.418305148319407e-09,19785951.728105813,0.0008698933783063954,1.774434904499399e-12,0.02947329186599102,4.706146539992088e-18,black
16.541353383458645,5.650270615307357,4.635774377014774e-06,1334403.3308266015,152185688.35516986,0.02161134578538671,68219.05355832387,1.1509056297463197e-09,3.898308440515047e-09,26207140.37882525,0.0005273546909677125,3.233762709496026e-12,0.039265998718708964,1.7269613007683546e-18,black
17.042606516290725,5.944652021707807,4.979360295257947e-06,1550743.747902923,196634719.13239595,0.023985519001378453,147498.68657370284,4.2233480792839125e-10,3.960700410973406e-09,34072108.07483208,0.0003199445833130017,6.890776019783646e-12,0.051331789211073016,6.337234326331312e-19,black
17.543859649122805,6.251136116714858,5.3317827216653374e-06,1781522.2827433706,249742992.00959024,0.03161532623679761,356724.5473487228,1.54979429082159e-10,1.543540462495699e-08,43525661.83698272,0.00019450128897090564,1.6547061511993845e-11,0.06591802828651196,2.3255031843104576e-19,black
18.045112781954884,6.569428319231412,5.691226156825547e-06,2023809.903118084,312061156.62008226,0.05107326305479084,855811.2393175142,5.687105591410311e-11,1.7931079204755363e-06,54683954.44046331,0.00011884520450626673,3.994722830155416e-11,0.08323066053508762,8.533636778673842e-20,black
18.546365914786968,6.899100303962945,6.056058101605881e-06,2274000.5013192343,383918764.2499749,0.10451338242175204,1803874.9264072692,2.0869337894229543e-11,0.26771186824031995,67624736.46570243,7.340140220095286e-05,9.049150833936371e-11,0.10341799622832291,3.131493249205828e-20,black
19.047619047619047,7.239599948792951,6.424924693248798e-06,2527915.137574647,465382815.8331251,0.2801982044261559,3260960.591637478,7.65819620840623e-12,760542.3204967079,82378881.50812417,4.6160668797763574e-05,2.8263654897908398e-05,0.12655610052711733,1.149129917402543e-20,black
19.548872180451127,7.590269522051597,6.7967984074570045e-06,2780992.3345483555,556231244.4457604,1.0176105502225397,5228584.5967207085,2.810256593921002e-12,2902978.481044226,98924310.79972842,2.9786923402137708e-05,0.00013595437885447305,0.15263747540396141,4.216848096588092e-21,black
20.050125313283207,7.950371141078634,7.1709809394610765e-06,3028449.574260132,655939169.2138226,5.169525019662242,7704585.787226258,1.0312734831580239e-12,5162930.098267814,117182552.06021117,1.987413870643288e-05,0.00024921901770646803,0.18156412900704935,1.5474347051253624e-21,black
20.551378446115287,8.319117911239426,7.547073391649622e-06,3265526.8028058806,763686549.5350194,37.841305501132005,10694292.892738169,3.784951187571116e-13,7758343.289571741,137018577.78528088,1.3816374321309344e-05,0.00037857198976174453,0.21314531833440994,5.679014501277049e-22,black
21.052631578947366,8.695708163521491,7.924927763958505e-06,3487753.7979050647,878386595.2787006,409.7834837022576,14206951.407753173,1.3910300883368905e-13,10800190.485425763,158244846.3428054,1.0086192361575109e-05,0.0005301199292105367,0.24710203819877344,2.0858101894229725e-22,black
21.553884711779446,9.07935994572058,8.304592543853867e-06,3691187.223482805,998731368.5843061,6710.839587969943,18251278.7129856,5.217513603531546e-14,14338545.03259621,180628740.29074407,7.793504129900143e-06,0.0007066138484796919,0.2830773877011987,7.745746647984705e-23,black
22.05513784461153,9.46934310399211,8.686261544612653e-06,3872608.807602554,1123251629.9816108,168788.97013698384,22832422.305887204,3.1206762134589985e-14,18397012.07616143,203902945.40232047,6.425430044077839e-06,0.0009093457098852217,0.32065203099381595,3.6784575519599207e-23,black
22.55639097744361,9.86500671650947,9.070230916995592e-06,4029664.4877606723,1250385548.4040277,6183395.689103437,27950162.570064425,1.7276810946999344e-07,22985932.5163309,227777884.75018203,5.698281097628875e-06,0.0011388935195847866,0.35936351682071327,1.4043307170258876e-17,black
23.05764411027569,10.26120544283985,9.452348663618248e-06,4135380.6043530726,1374256189.1450033,109289977.68619086,33594389.925618485,30797815.653656833,28106382.50622617,254294044.16789073,5.47950313023063e-06,0.001395362568632786,0.6460372185275718,0.020738612254050645,black
23.55889724310777,10.593720812947135,9.770567876081006e-06,3918035.5697094398,1434766572.6024945,333224914.38058406,39619632.75822993,166027322.07482293,33717135.72868763,289505096.7922549,5.754648355874434e-06,0.001677110823618601,2.359627678132477,0.14896758429480322,black
24.06015037593985,10.78345713180562,9.948737655758191e-06,3339727.2446930734,1375131988.331085,517339781.4689477,45527768.58366254,354474992.3889323,39579854.53471328,319171551.0107817,6.615951263530119e-06,0.0019733753354550187,5.300880730524145,0.35903478116355175,black
24.561403508771928,10.847936446216318,1.0004814103563362e-05,2702450.1782228714,1240535019.623281,618818815.528072,50815011.66357069,516937255.36244845,45262583.83061161,331227799.14916885,8.277881015959084e-06,0.002262814237508816,8.17055584539634,0.5573528719225765,black
25.062656641604008,10.840050727951418,9.99044439707852e-06,2154917.7580321906,1088440098.9815197,649218352.1267794,55275426.53113254,618499216.8751607,50395331.80695046,326858659.654116,1.1145860112603345e-05,0.0025259397099864057,10.16225666731143,0.6915331678579045,black
25.563909774436087,10.801160963418113,9.945833101995353e-06,1722903.4315607226,948090996.8179193,632573787.170252,58920600.30057018,659004446.0091038,54799520.23608977,311183250.68648076,1.594905388631067e-05,0.0027527222295243834,11.116622795729501,0.7536722367191182,black
26.065162907268167,10.757808871256188,9.896988450650092e-06,1392663.5816646924,829442379.619803,590264436.5334218,61853502.92519861,653414257.0353472,58455552.93226964,289206970.9884096,2.3975608551122607e-05,0.0029415033738537954,11.220753040873419,0.7581878356519748,black
26.56641604010025,10.726367775418153,9.860336697010325e-06,1142956.7783233705,733619944.6587919,537344055.4794408,64199595.53883343,619127777.7424968,61431981.394507594,264879618.23706454,3.749506294334484e-05,0.0030954319254782596,10.759810404844876,0.7250867993261332,black
27.06766917293233,10.71668866338108,9.846167358407631e-06,954499.3848025954,658412228.9012151,483096709.34875274,66077987.53727899,570484725.6359203,63831923.18521223,240933653.9181538,6.052184629214138e-05,0.0032196285846871485,9.991425322596452,0.6719139325922633,black
27.56892230576441,10.734328311008301,9.860637274371315e-06,811963.2767940526,600694940.2680564,432617126.7187441,67591825.08129537,517461622.07161695,65762996.583206564,219021992.1801219,0.00010020187080993193,0.0033195555502145307,9.104821496816609,0.6113383627092351,black
28.07017543859649,10.781903074539702,9.906937629616953e-06,703746.7614641602,557394718.7818952,388288791.89366484,68826788.04847446,466180278.1907842,67323559.64037983,199976071.05663684,0.00016934535319410198,0.003400253295621755,8.221354620709677,0.551381525477729,black
28.57142857142857,10.8599617915323,9.986042153084224e-06,621225.8884720185,525811102.4010895,350880733.2306214,69852597.31377944,419927634.2636122,68597982.30742317,184070404.08091873,0.00029108444661833573,0.003466066780282065,7.409563298673765,0.4965155119133212,black
29.07268170426065,10.967595758739403,1.009725682146755e-05,558013.0392568487,503673071.58590764,320276592.54819006,70725347.92976333,380125002.22420186,69656239.22726129,171238787.44893822,0.0005075010956825533,0.003520609401832018,6.701884179196924,0.44881572359290023,black
29.57393483709273,11.10289658476659,1.0238670944690537e-05,509357.2045943526,489097009.28391635,295924734.18724805,71489802.16591947,347070720.46081054,70555249.1442217,161229044.3933289,0.0008957347088809852,0.0035668252159080853,6.10830749202539,0.4088819266131994,black
30.075187969924812,11.26331447950691,1.040754548202709e-05,471694.8935509869,480517857.2567377,277098302.34949046,72181353.73348647,320447198.43776625,71340704.81344463,153703641.81182685,0.0015983033324648219,0.003607080564945114,5.62606716978153,0.376483480531003,black
30.576441102756892,11.445941223742398,1.0600645809755211e-05,442326.1190533548,476622775.9809593,263034284.31653857,72827617.50113459,299639500.63041764,72048850.09339547,148299875.34497136,0.0028806753412654353,0.003643254874661517,5.245913296048524,0.35097304766519793,black
31.07769423558897,11.64773088248867,1.0814517959460975e-05,419185.36499958055,476297820.98253083,252999915.71378943,73449693.09632823,283920819.4569956,72708015.46730067,144662867.76725435,0.005241566741721579,0.0036768197464025973,4.955870601640429,0.3315323297934603,black
31.57894736842105,11.865668346693337,1.1045708673112326e-05,400681.548630693,478589879.5514286,246318419.35362902,74063179.28879707,272551472.2961673,73339886.05719073,142461802.984281,0.009626210247352704,0.0037089044534468246,4.743315031750705,0.3173064736046017,black
32.08020050125313,12.096895225327764,1.1290933282019141e-05,385586.5711265269,482682441.39325863,242374425.5686304,74679015.81973572,264825835.30449736,73960542.20414436,141396720.12185562,0.017842632926175224,0.003740349656482001,4.596008476440091,0.3074700921444664,black
32.581453634085214,12.33880162870594,1.154719781087654e-05,372957.01042745763,487882115.6944781,240611417.8475323,75304216.46957494,260090716.75609487,74581331.57477935,141200582.69801643,0.033381981884663604,0.003771752285398931,4.502540421271374,0.301254759609134,black
33.08270676691729,12.589090403212056,1.1811882029566814e-05,362077.53735086176,493612125.5920262,240528046.82864752,75942538.92809446,257750201.25795323,75209628.296509,141639372.13012594,0.06305069733152685,0.0038035044418316707,4.45247039627859,0.2979574045444421,black
33.583959899749374,12.845818027956616,1.208278916257733e-05,352417.91266200674,499408977.52395463,241676359.02380267,76595117.42890489,257265783.24491522,75849521.13293509,142511574.13479885,0.12024940362859445,0.0038358285288678066,4.436349468801253,0.2969412872845452,black
34.08521303258145,13.10741454862081,1.2358166741265857e-05,343598.14153651026,504919023.4893042,243662457.35680237,77261066.10194446,258156204.49515912,76502455.78964157,143647529.71635696,0.23162337046930737,0.003868809965694326,4.445716129776112,0.2976357144962911,black
34.58646616541353,13.372684139567951,1.263670242500592e-05,335358.58215391473,509892604.01943576,246148637.0348032,77938047.05062142,259998450.66592544,77167840.20937328,144908616.20204115,0.4506802787868542,0.0039024280132656246,4.473105113650548,0.2995368646096687,black
35.08771929824561,13.640788150704866,1.2917498711836913e-05,327533.48598130466,514174671.24688214,248855466.73922157,78622788.92792374,262429594.8495914,77843608.9734978,146186021.41772294,0.8859377338292613,0.003936584570024282,4.512072184143207,0.30220975692175883,black
35.58897243107769,13.911213394149577,1.3200031027180087e-05,320027.54544767615,517691967.15700847,251562403.07555488,79311539.66577084,265148385.96304122,78526735.30169688,147398884.743093,1.7596442737688642,0.003971130382904054,4.557219932235221,0.3052902418539077,black
36.09022556390977,14.183729398817857,1.3484094257452903e-05,312795.5722980106,520437720.6335705,254106060.80613908,80000440.05667868,267915419.90924853,79213676.97942367,148491707.95953372,3.5314016367610535,0.004005887982443196,4.604205178282092,0.308485646193522,black
36.59147869674185,14.458338962024804,1.3769743004417328e-05,305825.54853155516,522455290.4614226,256375927.88487944,80685811.19226919,270551119.2476514,79900744.98723908,149431100.82541,7.16075199035716,0.0040406707541486625,4.649713045028467,0.3115730564952007,black
37.092731829573935,14.735226352902332,1.4057230516152849e-05,299125.1521856726,523822223.7302619,258307888.95054755,81364356.13998073,272931306.71945894,80584388.99675104,150202058.94234014,14.669834867251392,0.004075297820337644,4.691391460603133,0.31439484192919487,black
37.59398496240601,15.014707006967745,1.434695045826247e-05,292711.6252776879,524635931.2918319,259876281.70208514,82033282.84785686,274980673.4098736,81261400.34067056,150804043.2809461,30.35935825588994,0.004109604731964923,4.727748804988764,0.3168516363835921,black
38.095238095238095,15.297181675387588,1.4639384609944706e-05,286604.63641465065,525001758.27000874,261085335.27926803,82690359.98212506,276664788.50491005,81929038.95262833,151247138.2654264,63.45847638151097,0.004143450275409982,4.758024073930488,0.31889344917070334,black
38.59649122807017,15.58309697758451,1.493505841754163e-05,280821.653141376,525023786.9907849,261960774.5726937,83333919.8567571,277981438.99167454,82585095.08775043,151548523.39115155,133.94663785878453,0.004176719931396395,4.7820422776971165,0.32050979073566765,black
39.097744360902254,15.872913337239792,1.5234505284694956e-05,275375.2892722956,524798343.78757066,262542194.43383622,83962823.01959355,278952053.2566976,83227898.9971352,151729423.92450586,285.4458432853158,0.004209326662940006,4.800068012855855,0.3217197029680164,black
39.59899749373433,16.167080476055567,1.553823962505802e-05,270272.1132743113,524409929.8298719,262876585.94351742,84576397.94177833,279613812.97399306,83856292.261636,151812629.89941105,613.9886864271658,0.004241209767751605,4.812668129448882,0.32256243690660935,black
40.100250626566414,16.466020045420308,1.5846738086541366e-05,265512.4687853205,523929159.6927389,263013186.90586263,85174367.22248852,280012857.30701864,84469573.61056525,151820604.14451548,1332.6786115331975,0.0042723325445363485,4.820591242269857,0.3230892986669543,black
40.6015037593985,16.770114591807015,1.616042796459241e-05,261090.9429132115,523412247.8491649,262999660.7670189,85756769.30326176,280198783.4581413,85067430.27511343,151774147.40266842,2917.986490508248,0.004302679556418571,4.824668434896377,0.32335695061563635,black
41.10275689223057,17.0797018470849,1.6479681619952314e-05,256997.2041347178,522901603.2397545,262879492.51786128,86323882.27901103,280220479.8254968,85649863.73173948,151691554.00073844,6442.545452353833,0.004332254440987139,4.825736508830904,0.3234222511368551,black
41.60401002506266,17.395073268529426,1.6804815658926838e-05,253217.00884934526,522427148.19659156,262690423.86822912,86876154.24259178,280123206.25518805,86217116.4468736,151588173.47837886,14334.385662045346,0.004361079733896009,4.824582854145091,0.32333856320120846,black
42.10526315789473,17.71647578389638,1.7136093678312076e-05,249733.2393253021,522008049.25960225,262463723.3360955,87414142.83507545,279946760.7147711,86769604.18717538,151476288.65789765,32104.55216677119,0.0043892014838149964,4.821909532398538,0.32315336315389,black
42.606516290726816,18.04411578912152,1.747373148619932e-05,246526.88522972385,521654619.9490537,262224088.19271818,87938465.34828734,279724536.13496673,87307856.75114217,151365224.88592163,72219.55581792028,0.004416704348218975,4.818313382145539,0.3229069302372248,black
43.10776942355889,18.378164572487243,1.781790385544333e-05,243577.91766848564,521370221.5498955,261989993.72133288,88449759.85899353,279483265.08548295,87832468.6798142,151261614.994525,162406.42606542466,0.00444374818775613,4.814278724108109,0.32263188325740333,black
43.609022556390975,18.718764479501246,1.8168752027651885e-05,240866.0310189795,521153043.96997476,261774332.53817505,88948657.44887799,279243263.2787127,88344060.6449782,151169757.04903066,361508.5837418391,0.004470641972829531,4.81017938528546,0.3223533416986618,black
44.11027568922306,19.066035273609696,1.8526391347434414e-05,238371.24580605733,520997693.7299608,261585216.85372722,89435765.32492779,279019007.15348095,88843251.72609156,151092015.1024475,781259.1182349344,0.004497951829683361,4.806287127259312,0.32208951420166526,black
44.611528822055135,19.42008028050608,1.889091855963775e-05,236074.37531539227,520896549.3302737,261426845.6271985,89911659.38025129,278819909.616693,89330642.18202741,151029225.46577695,1587795.0628266416,0.004526528846849367,4.802784035881506,0.32185254975067856,black
45.11278195488722,19.780992023388936,1.9262418441007114e-05,233957.3572513519,520840864.1472659,261300363.92174962,90376880.12223995,278651186.8970163,89806804.15361205,150981081.18713546,2922568.9664866896,0.004557159825891116,4.799776922145133,0.32164952049114326,black
45.614035087719294,20.14885716164913,1.9640969560719584e-05,232003.44810370303,520821609.85166633,261204662.06553915,90831921.1923387,278514735.32221615,90272273.44368961,150946475.2927407,4756660.905093099,0.004589835322782574,4.7973122383209,0.32148343589605266,black
46.11528822055138,20.523760635949433,2.0026649070630814e-05,230197.30053613574,520830079.69811213,261137079.83003175,91277209.47200182,278409958.8605682,90727535.61082664,150923791.63914296,6863287.430431013,0.004623512076017553,4.795390405291083,0.32135421435478756,black
46.616541353383454,20.90578899577151,2.0419536510225642e-05,228524.97753704494,520858302.3533641,261093999.626736,91713093.56887318,278334508.7050819,91173010.364272,150911142.24200195,8965429.899758814,0.004656799958303123,4.793978802600632,0.32125956207458034,black
47.11779448621554,21.295032937885857,2.081971666887778e-05,226973.93989914525,520899311.1648229,261071328.4667086,92139850.97110014,278284915.68794453,91609045.47597286,150906555.3797427,10869136.892433165,0.00468867990909236,4.7930230112765635,0.3211957321435574,black
47.61904761904761,21.69158911830555,2.1227281585436834e-05,225533.00547630186,520947289.5581684,261064875.03836155,92557705.60543709,278257110.800814,92035923.56503287,150908118.0457516,12488441.900233487,0.00471868076316782,4.792456168586325,0.3211581549774606,black
48.1203007518797,22.095561321818053,2.164233179019176e-05,224192.27396036198,520997609.1219719,261070629.71169382,92966845.12057447,278246836.7132784,92453875.97621614,150914076.0248506,13813225.850818988,0.004746732659808799,4.792206451487268,0.32114194185044365,black
48.62155388471178,22.507061086133383,2.206497690943493e-05,222943.02281041877,521046783.5812578,261084957.04155514,93367433.87823536,278249957.1008602,92863097.28783868,150922896.567595,14872440.170963125,0.004772978299408393,4.792202787686382,0.32114226844997446,black
49.122807017543856,22.92620788354115,2.2495335758787283e-05,221777.585894838,521092364.26043046,261104712.6332118,93759621.83616701,278262673.53105855,93263757.29178868,150933300.02497798,15709326.59879521,0.004797641432832478,4.792378947971898,0.321154648955088,black
49.62406015037594,23.35312896261728,2.2933536049524097e-05,220689.22584954594,521132800.22134036,261127297.7725475,94143550.50830102,278281662.0630742,93656009.87765248,150944267.14928737,16368118.576277183,0.004820954948058224,4.792676217158781,0.32117511408213484,black
50.125313283208015,23.787958946797428,2.33797138238695e-05,219672.00847004796,521167282.0142996,261150665.55658203,94519356.99319945,278304143.20648766,94039999.31461869,150955028.425462,16888141.416867007,0.0048431283492266185,4.793044870286019,0.3212003085290463,black
50.6265664160401,24.230839276821754,2.3834012722375822e-05,218720.6847647638,521195583.54285896,261173291.57320857,94887176.7030907,278327899.28340596,94415864.60448486,150965041.1203273,17301940.58661149,0.0048643369743406285,4.793444692028888,0.32122752399738314,black
51.127819548872175,24.681917571309693,2.4296583170462644e-05,217830.58408442672,521217912.4232846,261194120.78525838,95247145.16989546,278351252.6618197,94783742.45294678,150973958.88868675,17635344.203500982,0.004884721774038542,4.7938447715266195,0.32125468354848635,black
51.62907268170426,25.141346966166527,2.4767581554517113e-05,216997.5201359198,521234775.76132333,261212500.54023278,95599399.1588338,278373017.0630767,95143769.23897496,150981597.88989046,17908313.36116247,0.004904393468527349,4.79422278613819,0.32128029175297357,black
52.130325814536334,25.609285479253913,2.5247169440631485e-05,216217.7104219595,521246865.2738099,261228107.70025986,95944077.24750744,278392432.43089724,95496082.23910728,150987902.46500072,18136006.48221824,0.004923437961969668,4.79456396027246,0.3213033632131131,black
52.63157894736842,26.085895433758797,2.57355128734775e-05,215487.70880761734,521254963.3962551,261240876.0260471,96281319.9918856,278409091.95643896,95840820.28571492,150992912.6043108,18329797.84028205,0.00494192158618082,4.794859853935007,0.32132333988737216,black
53.1328320802005,26.57134296181477,2.6232781778699986e-05,214804.35031214077,521259870.2375234,261250928.20709473,96611269.78172614,278422867.9373304,96178123.99455078,150996734.69666612,18498151.631139122,0.004959895620541943,4.795107103021591,0.32134000542819496,black
53.63408521303258,27.065797599906432,2.6739149480422702e-05,214164.70686130915,521262349.99967444,261258515.4112754,96934070.4749173,278433841.3516574,96508135.67110306,150999516.43276042,18647330.181881584,0.004977399957235892,4.795306202240613,0.32135340263155576,black
54.13533834586466,27.569431979395105,2.725479233591845e-05,213566.0525379359,521263094.66411453,261263965.95257407,97249866.88875856,278442238.42908776,96830998.98845986,151001426.23291734,18781948.435468536,0.004994465966606143,4.795460393443727,0.3213637581949503,black
54.63659147869674,28.08242160925153,2.777988948231164e-05,213005.83681177127,521262702.3064602,261267643.66409022,97558804.21429558,278448376.14747006,97146858.51568356,151002637.18815413,18905398.60923627,0.005011118684360107,4.795574698007404,0.3213714173505957,black
55.13784461152882,28.604944743570837,2.831462268509e-05,212481.66426828495,521261667.2456738,261269915.7991751,97861027.4076171,278452617.49032277,97455859.16308652,151003315.2287535,19020170.635632247,0.005027378453983109,4.795655112159952,0.3213767896097415,black
55.639097744360896,29.137182323527107,2.885917627500858e-05,211991.2794641066,521260379.2953749,261271129.74693233,98156680.5998282,278455336.46414816,97758145.59838863,151003611.05543748,19128091.469572604,0.005043262145717776,4.7957079687915245,0.3213803058215082,black
56.14035087719298,29.679317981844395,2.941373715835521e-05,211532.55568776696,521259129.597629,261271597.50673077,98445906.55585423,278456892.27320516,98053861.67567118,151003655.26796284,19230502.483984206,0.005058784053634484,4.795739458024021,0.3213823859947706,black
56.64160401002506,30.231538097387848,2.997849488522839e-05,211103.4865788278,521258120.82827574,261271586.68859947,98728846.20182607,278457611.6576277,98343149.90770358,151003556.0896011,19328390.24738631,0.005073956551734954,4.795755291257422,0.3213834168269208,black
57.14285714285714,30.794031887818836,3.055364176109916e-05,210702.17973801916,521257479.9178375,261271316.75209403,99005638.23184857,278457778.1777233,98626151.00199136,151003399.09572735,19422482.54207283,0.0050887905718326664,4.795760488869633,0.3213837375824985,black
57.64411027568922,31.36699152922118,3.1139372988258675e-05,210326.85163664824,521257271.80261964,261270959.23841998,99276418.79765423,278457627.14429337,98903003.47206876,151003248.39893374,19513318.640427668,0.0051032959508006855,4.7957592697462115,0.3213836328348144,black
58.1453634085213,31.950612292968387,3.1735886825522854e-05,209975.82329568523,521257513.0764874,261270640.85871926,99541321.27908061,278457344.9176882,99173843.32838324,151003148.8087809,19601300.604767893,0.0051174816827154,4.795755020769519,0.32138333058508267,black
58.64661654135338,32.54509269164415,3.234338475652002e-05,209647.51634696688,521258184.7383958,261270448.44375846,99800476.12916854,278457071.3855507,99438803.84739575,151003128.55929053,19686730.67359155,0.00513135610227134,4.7957503255676714,0.32138300435645994,black
59.14786967418546,33.150634627493254,3.2962071658948775e-05,209340.44921199867,521259243.51195765,261270434.9308668,100054010.78521454,278456904.5765974,99698015.41359475,151003202.27853838,19769838.451056052,0.005144927018622874,4.795747034150563,0.3213827780204974,black
59.64912280701754,33.767443538457265,3.359215596913327e-05,209053.23323273406,521260631.4512231,261270625.72912258,100302049.63547766,278456906.5241311,99951605.4261889,151003373.95062718,19850800.670355666,0.005158201813720368,4.795746357607838,0.3213827322878762,black
60.150375939849624,34.39572853832528,3.4233849837983476e-05,208784.56866739286,521262283.72612906,261271024.9689765,100544714.03104942,278457109.67260265,100199698.26101589,151003639.69156146,19929755.530164134,0.005171187515113847,4.795748975092881,0.32138291200269326,black
60.6516290726817,35.03570254884964,3.488736927606005e-05,208533.2405235889,521264134.63152415,261271621.28796604,100782122.33236657,278457523.28169614,100442415.2772701,151003990.22268966,20006813.102158055,0.005183890850529189,4.795755143066593,0.3213833335664125,black
61.152882205513784,35.687582422704416,3.5552934286649444e-05,208298.11424128595,521266121.9447456,261272392.92768762,101014389.98102035,278458139.4376912,100679874.85929139,151004412.97439793,20082062.86446725,0.005196318289235777,4.79576479950707,0.32138399200241874,black
61.65413533834586,36.351589057182,3.623076898696789e-05,208078.13126726507,521268189.84640926,261273312.03152934,101241629.58819376,278458938.41983134,100912192.48373932,151004893.79929516,20155579.17674692,0.005208476073976573,4.795777658196384,0.32138486733502375,black
62.15538847117794,37.02794749896073,3.692110171808322e-05,207872.30457448817,521270290.6122828,261274348.0969144,101463951.03293669,278459893.26953536,101139480.80432713,151005418.2956911,20227425.232478883,0.0052203702458602985,4.795793290033918,0.3213859300803385,black
62.65664160401002,37.716887041013685,3.762416514501858e-05,207679.71418924036,521272385.3362753,261275470.61765027,101681461.5642775,278460973.5138061,101361849.74669686,151005972.77452517,20297655.93517056,0.005232006664169658,4.795811190149877,0.32138714576978633,black
63.1578947368421,38.41864131285612,3.834019634860107e-05,207499.50278418403,521274443.9081867,261276650.98359528,101894265.90296192,278462148.0564961,101579406.60796347,151006544.91085792,20366319.983674146,0.005243391022294245,4.795830830778307,0.321388478506338,black
63.65914786967418,39.13344836543705,3.906943691071904e-05,207330.87139338962,521276444.44924843,261277863.71993035,102102466.33954042,278463387.2820804,101792256.15647222,151007124.124564,20433461.379033104,0.005254528860667733,4.795851700442175,0.3213898935931851,black
64.16040100250626,39.861550752277694,3.981213299498468e-05,207173.0752936945,521278372.409202,261279087.19255802,102306162.82669298,278464664.4833777,102000500.72841106,151007701.75014442,20499120.52888006,0.005265425577454158,4.79587333122265,0.32139135935662605,black
64.66165413533834,40.603195608105125,4.056853542433407e-05,207025.42008571958,521280219.46385765,261280303.87968597,102505453.06468709,278465956.71010566,102204240.31930216,151008271.04125467,20563335.049216297,0.005276086437400964,4.795895315702814,0.32139284827187814,black
65.16290726817043,41.358634726225226,4.1338899757075984e-05,206887.2580072901,521281982.3363234,261281500.30548736,102700432.57915369,278467245.1350523,102403572.66877292,151008827.0528489,20626140.34414916,0.005286516579195481,4.795917315194615,0.32139433750158547,black
65.6641604010025,42.128124635889975,4.212348636289475e-05,206757.9844871204,521283661.6463557,261282666.7540236,102891194.79150398,278468515.0758491,102598593.33820328,151009366.4500004,20687570.036938623,0.005296721021684444,4.795939061635153,0.3213958090088437,black
66.16541353383458,42.911926680416805,4.292256049969949e-05,206637.0349407125,521285260.83783215,261283796.83416754,103077831.08249524,278469755.75987875,102789395.78138469,151009887.27175426,20747656.286395248,0.0053067046691395925,4.795960354687034,0.3213972493486021,black
66.66666666666666,43.71030709687474,4.37363923922699e-05,206523.88182473416,521286785.2345729,261284886.9550652,103260430.84909089,278470959.9027654,102976071.4079818,151010388.67453727,20806430.014849804,0.00531647231569404,4.795981055265054,0.3213986492202999,black
67.16791979949875,44.523537097952214,4.456525731340284e-05,206418.03192905284,521288241.2478872,261285935.78340217,103439081.5558922,278472123.1992943,103158709.6408337,151010870.68152046,20863921.080665898,0.005326028649173159,4.796001077265234,0.3214000029014904,black
67.66917293233082,45.351892956359706,4.5409435667945606e-05,206319.02389635378,521289635.7388146,261286943.71718812,103613868.78195192,278473243.77823037,103337397.96782964,151011333.95011625,20920158.4074476,0.005335378254420312,4.7960203784330435,0.3214013076255131,black
68.1704260651629,46.19565609182485,4.626921307976171e-05,206226.42594298505,521290975.52009803,261287912.39685792,103784876.2639619,278474321.65848786,103512221.98938842,151011779.5635613,20975170.08192197,0.005344525616232348,4.7960389510746255,0.3214025629503683,black
68.67167919799499,47.05511316126471,4.714488048226812e-05,206139.8337989237,521292267.0119288,261288844.2786553,103952185.93595053,278475358.2389602,103683265.46156235,151012208.85630503,21028983.424815577,0.005353475121927841,4.79605681318327,0.3214037701574588,black
69.17293233082707,47.930556151925316,4.803673421226879e-05,206058.86882230797,521293516.0163225,261289742.28104448,104115877.96681371,278476355.85219,103850610.33624503,151012623.27407178,21081625.047168814,0.00536223106368887,4.796074000578307,0.3214049317199335,black
69.67418546365914,48.822282477308086,4.894507610684879e-05,205983.1762643879,521294727.583921,261290609.49990225,104276030.79631093,278477317.3857932,104014336.79925154,151013024.26502857,21133120.8956434,0.005370797640734503,4.796090560162001,0.3214060508473998,black
70.17543859649122,49.73059507604994,4.987021360348545e-05,205912.4236858246,521295905.9650823,261291448.99322397,104432721.16969328,278478245.9759592,104174523.30647495,151013413.20165607,21183496.28753802,0.005379178961340178,4.796106544384052,0.3214071311129285,black
70.67669172932331,50.65580251343518,5.081245984299089e-05,205846.2994960536,521297054.618913,261292263.62424344,104586024.1714635,278479144.76660675,104331246.6187696,151013791.3273838,21232775.93922331,0.0053873790447561435,4.7961220068304895,0.3214081761564277,black
71.17794486215539,51.598219085810534,5.177213377554783e-05,205784.51162000815,521298176.2735069,261293055.96584448,104736013.25841942,278480016.74121624,104484581.83573824,151014159.72843918,21280983.989196178,0.005395401823040302,4.7961369990741165,0.32140918947352093,black
71.67919799498746,52.5581649274489,5.274956026930766e-05,205726.78626112465,521299273.00996596,261293828.24875253,104882760.29237182,278480864.61162156,104634602.42898181,151014519.3226793,21328144.018324226,0.0054032511428479795,4.796151568534854,0.32141017427265905,black
72.18045112781954,53.53596611971931,5.3745070221372494e-05,205672.8667491299,521300346.3576424,261294582.34251487,105026335.5726112,278481690.7520564,104781380.27496701,151014870.8606116,21374279.067753933,0.005410930767189522,4.7961657571524485,0.32141113338701993,black
72.68170426065163,54.53195480271945,5.475900067130451e-05,205622.51247391783,521301397.3951533,261295319.76423684,105166807.86807427,278482497.17297614,104924985.68749687,151015214.93643528,21419411.65451872,0.0054184443771551905,4.796179600778424,0.32141206923486343,black
73.1829573934837,55.54646928872383,5.579169491648102e-05,205575.49787782153,521302426.84982204,261296041.70225784,105304244.449297,278483285.518129,105065487.4499341,151015552.00410172,21463563.786002643,0.005425795573621397,4.796193128994892,0.32141298380858024,black
73.68421052631578,56.57985417828087,5.6843502630130806e-05,205531.61152984705,521303435.19116086,261296749.05796206,105438711.1200564,278484057.09144574,105202952.84708868,151015882.39914134,21506756.97294379,0.00543298787893219,4.796206365485915,0.3214138787008348,black
74.18546365914787,57.63246047836915,5.7914779981428086e-05,205490.65525543614,521304422.7116423,261297442.49238935,105570272.24874356,278484812.89620084,105337447.69687298,151016206.3611249,21549012.241879717,0.005440024738566239,4.796219328649564,0.32141475514674106,black
74.68671679197995,58.70464572259217,5.900588975761616e-05,205452.44331687695,521305389.5931712,261298122.472761,105698990.7994027,278485553.6796697,105469036.38167642,151016524.0549503,21590350.14709609,0.005446909522787304,4.7962320323288745,0.3214156140738552,black
75.18796992481202,59.79677409342223,6.011720148817143e-05,205416.80164114904,521306335.9602353,261298789.3163077,105824928.36236213,278486279.9789323,105597781.8793846,151016835.5901343,21630790.782086536,0.005453645528274478,4.796244486581001,0.32141645615457254,black
75.6892230576441,60.909216546813745,6.124909157133244e-05,205383.56709957478,521307261.9200572,261299443.23045942,105948145.18434468,278486992.16627026,105723745.79392965,151017141.03781196,21670353.790497705,0.005460235979726298,4.796256698455769,0.3214172818589916,black
76.19047619047619,62.04235093834984,6.240194340216014e-05,205352.58681770848,521308167.59523875,261300084.34973592,106068700.19821674,278487690.4925114,105846988.38550974,151017440.44599968,21709058.37684512,0.0054666840314470805,4.796268672746384,0.32141809150581324,black
76.69172932330827,63.19656215231202,6.357614750351712e-05,205323.7175418773,521309053.14199096,261300712.76578373,106186651.05204144,278488375.1256487,105967568.60017361,151017733.8513458,21746923.31679164,0.005472992768899184,4.796280412672425,0.3214188853085028,black
77.19298245614034,64.37224223281144,6.477210165910992e-05,205296.82503908532,521309918.760471,261301328.5509572,106302054.13759142,278489046.182771,106085544.09889995,151018021.28802925,21783966.967224713,0.005479165210228915,4.796291920450823,0.32141966341381883,black
77.69423558897243,65.5697905172035,6.599021104882398e-05,205271.7835320707,521310764.69862646,261301931.77580836,106414964.61825687,278489703.7553068,106200971.28609976,151018302.79404238,21820207.27607893,0.005485204307762033,4.796303197753003,0.32142042593260367,black
78.19548872180451,66.78961377189954,6.723088838647207e-05,205248.47516857163,521311591.2512924,261302522.52127284,106525436.45632485,278490347.92808324,106313905.33750701,151018578.41527057,21855661.79190274,0.005491112949467088,4.796314246055151,0.321421172963324,black
78.69674185463658,68.03212633047656,6.84945540598612e-05,205226.78952082898,521312398.7563466,261303100.8868103,106633522.43967007,278490978.79340196,106424400.22748859,151018848.20794556,21890347.67319227,0.005496893960388268,4.796325066901134,0.32142190460970155,black
79.19799498746866,69.29775023441826,6.978163627351786e-05,205206.62311795464,521313187.5883891,261303666.9946166,106739274.20778733,278491596.46012026,106532508.75569949,151019112.23955116,21924281.697466906,0.0055025501040437816,4.796335662077356,0.3214226209923875,black
79.69924812030075,70.58691537629008,7.109257119387616e-05,205187.87900630548,521313958.15124834,261304220.9913591,106842742.27724405,278492201.059429,106638282.57315503,151019370.58878464,21957480.27011926,0.005508084083793565,4.7963460337287165,0.32142332225666204,black
80.20050125313283,71.90005964584572,7.24278030974345e-05,205170.46634079714,521314710.86960584,261304763.0471959,106943976.0664558,278492792.74684703,106741772.20761964,151019623.3445147,21989959.433018975,0.005513498544171171,4.796356184406552,0.3214240085755458,black
80.7017543859649,73.23762907862074,7.378778452143549e-05,205154.29999932522,521315446.1811202,261305293.35332707,107043023.91991308,278493371.7017833,106843027.08843486,151019870.60427696,22021734.872916266,0.005518796072186144,4.7963661170714005,0.321424680149882,black
81.203007518797,74.60007800756323,7.51729764176285e-05,205139.30022416165,521316164.5293768,261305812.11855465,107139933.13177049,278493938.1252591,106942095.57069328,151020112.47249645,22052821.929603778,0.005523979198592008,4.796375835061077,0.3214253372060934,black
81.70426065162907,75.98786921644428,7.658384830783951e-05,205125.39227752166,521316866.3574531,261306319.5656269,107234749.96908735,278494492.2370537,107039024.95905349,151020349.0586867,22083235.603947,0.005529050399135363,4.796385342047365,0.321425979993183,black
82.20551378446115,77.40147409788672,7.802087844423139e-05,205112.5061336769,521317552.1034237,261306815.9270985,107327519.69416027,278495034.2713361,107133861.53061761,151020580.47564086,22112990.565571662,0.005534012095755633,4.796394641962516,0.32142660877772766,black
82.70676691729322,78.84137281314261,7.948455397134123e-05,205100.57617999034,521318222.19652796,261307301.4421158,107418286.58660282,278495564.4734341,107226650.55754517,151020806.8379951,22142101.160449207,0.005538866657770913,4.796403738945602,0.32142722384021644,black
83.20802005012531,80.30805445501612,8.097537109131052e-05,205089.5409393928,521318877.05411905,261307776.35301775,107507093.96486665,278496083.09600693,107317436.329092,151021028.26079342,22170581.418274935,0.005543616403033545,4.796412637276957,0.32142782547059745,black
83.70927318295739,81.80201721415136,8.249383523253338e-05,205079.34281213928,521319517.079754,261308240.90246525,107593984.20722204,278496590.39556026,107406262.1730894,151021244.8583268,22198445.059641186,0.005548263599056269,4.7964213413173775,0.3214284139641599,black
84.21052631578947,83.32376854644626,8.404046121944778e-05,205069.92782349975,521320142.66154826,261308695.33077502,107678998.77256908,278497086.6291648,107493170.47724849,151021456.74306506,22225705.503146134,0.00555281046412913,4.796429855450669,0.32142898961764416,black
84.71177944862156,84.87382534809979,8.561577345007841e-05,205061.2454132063,521320754.17265683,261309139.87436363,107762178.22005919,278497572.052002,107578202.70923467,151021664.0251447,22252375.872054514,0.0055572591683716735,4.796438184038515,0.32142955272620777,black
85.21303258145363,86.45271412994708,8.722030607285462e-05,205053.24821434263,521321351.97103924,261309574.76437202,107843562.22893901,278498046.9154698,107661399.4369726,151021866.81186002,22278469.001042992,0.005561611834797277,4.79644633138649,0.321430103581133,black
85.71428571428571,88.06097119671828,8.885460316842573e-05,205045.8918558577,521321936.4000082,261310000.22579718,107923189.61768666,278498511.4657392,107742800.348222,151022065.2073945,22303997.442680728,0.0055658705403391065,4.796454301717286,0.3214306424680289,black
86.21553884711778,89.69914282730981,9.05192189325039e-05,205039.13476854778,521322507.78888744,261310416.47675678,108001098.36302422,278498965.9424667,107822444.27002609,151022259.31260592,22328973.473864324,0.0055700373168693995,4.796462099146637,0.32143116966521706,black
86.71679197994987,91.36778546317692,9.221471786694693e-05,205032.93802144585,521323066.45422876,261310823.72869444,108077325.61790618,278499410.5787013,107900369.18710703,151022449.2251831,22353409.101872806,0.005574114152163344,4.796469727680309,0.3214316854435407,black
87.21804511278195,93.06746589619435,9.394167497029964e-05,205027.26515253118,521323612.70057815,261311222.1861261,108151907.72963732,278499845.6002745,107976612.26039694,151022635.0396081,22377316.070475485,0.005578102990870149,4.796477191202233,0.3214321900655728,black
87.71929824561403,94.79876146053196,9.570067593240862e-05,205022.08201266962,521324146.8215016,261311612.04679468,108224880.25751664,278500271.22570187,108051209.8450817,151022816.84728014,22400705.86586483,0.005582005735458472,4.796484493471614,0.3214326837854322,black
88.22055137844612,96.5622602275922,9.749231733214265e-05,205017.35661928623,521324669.10063094,261311993.50198177,108296277.99012527,278500687.66631126,108124197.50827979,151022994.7366967,22423589.7224598,0.00558582424714269,4.796491638124163,0.3214331668488772,black
88.7218045112782,98.35856120936243,9.931720684364773e-05,205013.05903185444,521325179.8126168,261312366.73710725,108366134.96172453,278501095.12683463,108195610.04581013,151023168.7937275,22445978.62838855,0.005589560346761302,4.79649862868188,0.3214336394939718,black
89.22305764411027,100.18827456058195,0.0001011759634413983,205009.1612197173,521325679.22382945,261312731.93200022,108434484.46886851,278501493.80560446,108265481.49918139,151023339.10175443,22467883.331053726,0.005593215815667029,4.796505468555963,0.3214341019512888,black
89.72431077694235,102.05202178243924,0.00010306921760680147,205005.63693613504,521326167.59321314,261313089.26135284,108501359.0868136,278501883.89496374,108333845.17237234,151023505.74188772,22489314.34262181,0.00559679239660589,4.796512161053398,0.3214345544443605,black
90.22556390977444,103.9504359390677,0.0001049976115477795,205002.46161906378,521326645.172682,261313438.89518312,108566790.68470566,278502265.58185977,108400733.64736299,151023668.79314983,22510281.945079286,0.00560029179453073,4.796518709387472,0.3214349971903888,black
90.72681704260651,105.88416187075869,0.00010696179941502354,204999.61228121506,521327112.20764726,261313780.99911216,108630810.44116633,278502639.04810905,108466178.80007422,151023828.3326055,22530796.195433322,0.0056037156774362004,4.79652511668211,0.3214354304005423,black
91.22807017543859,107.8538564106961,0.0001089624475218187,204997.06740810792,521327568.93748647,261314115.73474246,108693448.85953324,278503004.4708351,108530211.8159533,151023984.43552256,22550866.930789065,0.005607065677175152,4.796531385979444,0.32143585428046806,black
91.72932330827066,109.86018860955976,0.0001110002345718487,204994.80686968035,521328015.59579766,261314443.2599246,108754735.78241593,278503362.02281606,108592863.20486003,151024137.17547798,22570503.77318627,0.005610343390238322,4.796537520245993,0.32143626903070943,black
92.23057644110276,111.90383996581448,0.00011307585189276688,204992.81183802616,521328452.4106315,261314763.72897723,108814700.40585117,278503711.8727674,108654162.81554332,151024286.62444687,22589716.13429758,0.005613550378512554,4.796543522377683,0.32143667484704386,black
92.73182957393483,113.98550465011728,0.00011519000366380225,204991.06469579812,521328879.6048099,261315077.29294878,108873371.29395029,278504054.1856577,108714139.85062066,151024432.85291138,22608513.22029959,0.005616688170065403,4.796549395205361,0.32143707192085647,black
93.23308270676691,116.10588974723258,0.00011734340716112089,204989.54897049934,521329297.3959568,261315384.09972176,108930776.39213723,278504389.12288845,108772822.88011722,151024575.929895,22626904.03625128,0.005619758259854167,4.796555141498163,0.32143746043936566,black
93.734335839599,118.26571549702965,0.00011953679300225704,204988.249262463,521329705.9966424,261315684.29411647,108986943.04059738,278504716.842431,108830239.85522006,151024715.92300498,22644897.390550077,0.005622762110446233,4.79656076396596,0.3214378405857871,black
94.23558897243107,120.46571553194777,0.00012177090538696207,204987.15117026362,521330105.6145554,261315978.01805696,109041897.98794273,278505037.4990475,108886418.12225343,151024852.89849806,22662501.89946075,0.005625701152751003,4.796566265263309,0.3214382125396003,black
94.73684210526315,122.70663713308306,0.0001240465023569388,204986.24123626685,521330496.4525104,261316265.41056013,109095667.40358418,278505351.2443005,108941384.43533234,151024986.92127398,22679725.991198245,0.005628576786682516,4.796571647989724,0.3214385764765658,black
95.23809523809523,124.98924148403628,0.00012636435605330572,204985.50688664796,521330878.7085843,261316546.60782388,109148276.89036559,278505658.2266636,108995164.96928303,151025118.0549129,22696577.91010154,0.005631390381836045,4.796576914691644,0.32143893256885747,black
95.73934837092732,127.31430392239213,0.00012872525297165903,204984.93637027618,521331252.5762022,261316821.74329528,109199751.49731499,278505958.5916228,109047785.3326838,151025246.36170158,22713065.720848065,0.005634143278171043,4.796582067864284,0.32143928098518654,black
96.2406015037594,129.68261420988088,0.00013112999423608215,204984.51871366586,521331618.2442095,261317090.94767758,109250115.73124412,278506252.4816834,109099270.57972737,151025371.90263888,22729197.31227142,0.005636836786632269,4.796587109951751,0.3214396218908095,black
96.74185463659147,132.09497680215435,0.00013357939587276476,204984.2436726028,521331975.8969661,261317354.34897822,109299393.56848295,278506540.0364312,109149645.22222139,151025494.7374567,22744980.40122758,0.005639472189778161,4.796592043348157,0.32143995544760207,black
97.24310776942356,134.55221110987466,0.00013607428907481066,204984.10167854663,521332325.714435,261317612.07255295,109347608.46706714,278506821.3925935,109198933.24205242,151025614.92463893,22760422.536615543,0.005642050742433524,4.796596870398696,0.3214402818141325,black
97.74436090225564,137.05515179237102,0.000138615520500077,204984.08380708323,521332667.87227035,261317864.24111414,109394783.37714309,278507096.684035,109247158.10182615,151025732.52142954,22775531.102788426,0.005644573672246602,4.796601593399553,0.32144060114565476,black
98.24561403508771,139.60464903530936,0.0001412039525527994,204984.1817328666,521333002.5419222,261318110.97478145,109440940.75235924,278507366.0418181,109294342.75651677,151025847.5838557,22790313.32330358,0.005647042180299051,4.796606214598945,0.3214409135941789,black
98.74686716791979,142.2015688309048,0.00014384046366779533,204984.38768852787,521333329.8907251,261318352.39110932,109486102.56102674,278507629.5942319,109340509.66488032,151025960.1667417,22804776.26459227,0.005649457441703542,4.796610736197631,0.3214412193085054,black
99.24812030075188,144.84679328840605,0.00014652594862537104,204984.6944378535,521333650.0820162,261318588.60513192,109530290.29588857,278507887.4668311,109385680.79944423,151026070.3237326,22818926.839157276,0.0056518206061267244,4.796615160349515,0.32144151843426644,black
99.74937343358395,147.54122092074928,0.0001492613188420581,204985.09523606813,521333963.27522737,261318819.7294024,109573524.98506302,278508139.78248054,109429877.65769851,151026178.10731256,22832771.809169814,0.005654132798375204,4.796619489162444,0.3214418111139793,black
100.25062656641603,150.28576695229316,0.0001520475026827315,204985.58380089825,521334269.62599474,261319045.87403813,109615827.20198086,278508386.66139805,109473121.27225724,151026283.5688276,22846317.789724585,0.005656395118927522,4.796623724698905,0.32144209748709374,black
100.75187969924812,153.08136363832207,0.00015488544578466328,204986.15428668333,521334569.28625834,261319267.14677063,109657217.0749136,278508628.2212068,109515432.22060184,151026386.75850958,22859571.251957405,0.005658608644444229,4.796627868976918,0.32144237769005257,black
101.2531328320802,155.9289605663794,0.00015777611136314748,204986.80125145242,521334862.4043631,261319483.65298644,109697714.29725495,278508864.57697624,109556830.63559496,151026487.72549626,22872538.526417725,0.005660774428318343,4.7966319239707245,0.32144265185633825,black
101.75438596491227,158.82952499107958,0.00016072048055108056,204987.51963644926,521335149.12515706,261319695.49578083,109737338.13644445,278509095.8412783,109597336.21460517,151026586.51785666,22885225.805982172,0.005662893501153008,4.796635891611732,0.3214429201165371,black
102.25563909774435,161.78404216384573,0.00016371955273339464,204988.30474181494,521335429.5900853,261319902.7760049,109776107.44320771,278509322.1242371,109636968.22895561,151026683.18261367,22897639.148876622,0.005664966871256153,4.796639773789363,0.32144318259839627,black
102.75689223057644,164.7935156510437,0.00016677434586972255,204989.15219987527,521335703.93728954,261320105.59231323,109814040.66116098,278509543.5335777,109675745.53374541,151026777.76576677,22909784.481819868,0.005666995525154641,4.796643572351881,0.32144343942688014,black
103.25814536340852,167.858967696652,0.00016988589686223182,204990.0579602987,521335972.30169106,261320304.04121625,109851155.83487743,278509760.17468333,109713686.57609738,151026870.31231642,22921667.60265082,0.005668980428026006,4.796647289107385,0.3214436907242372,black
103.75939849624059,170.98143955734935,0.00017305526189548452,204991.0182667806,521336234.81508106,261320498.21712643,109887470.61898077,278509972.15064496,109750809.40445681,151026960.8662856,22933294.183301378,0.005670922524185223,4.796650925824623,0.3214439366100552,black
104.26065162907267,174.16199185156256,0.00017628351679045527,204992.0296381753,521336491.6062084,261320688.21240795,109923002.28670847,278510179.56231374,109787131.67734759,151027049.4707431,22944669.772590745,0.0056728227375430805,4.79665448423391,0.32144417720132396,black
104.76190476190476,177.40170493683314,0.00017957175738727131,204993.08885462864,521336742.80085003,261320874.1174216,109957767.73767503,278510382.5083521,109822670.67131008,151027136.1678243,22955799.798752695,0.0056746819720216715,4.796657966027999,0.3214444126124934,black
105.26315789473684,180.70167925719736,0.00018292109989753925,204994.1929374463,521336988.5218988,261321056.0205722,109991783.50655265,278510581.08528346,109857443.28977762,151027220.99875337,22966689.572269935,0.005676501112019054,4.796661372862933,0.32144464295553155,black
105.76441102756891,184.06303572853915,0.00018633268129518465,204995.33913646202,521337228.8894314,261321234.00835174,110025065.7706249,278510775.38754076,109891466.07079993,151027304.00386333,22977344.288331527,0.005678281022813511,4.796664706358887,0.321444868339981,black
106.265664160401,187.4869161238379,0.00018980765970718526,204996.52491611618,521337464.0207784,261321408.16538143,110057630.35744414,278510965.50751215,109924755.19487287,151027385.2226151,22987769.02932608,0.005680022550973387,4.796667968100939,0.32144508887301176,black
106.76691729323308,190.97448344032992,0.00019334721478596055,204997.74793922986,521337694.0306021,261321578.57445723,110089492.75292717,278511151.53559095,109957326.4932164,151027464.69361913,22997968.76748042,0.005681726524790402,4.796671159639936,0.3214453046594793,black
107.26817042606515,194.52692231932895,0.00019695254813516892,204999.00605820678,521337919.03095263,261321745.31658632,110120668.10812515,278511333.56021595,109989195.45469658,151027542.4546519,23007948.367057234,0.0056833937546419255,4.796674282493182,0.32144551580197145,black
107.76942355889723,198.14543943684797,0.0002006248837058915,205000.29730139827,521338139.13133764,261321908.4710288,110151171.24679473,278511511.6679173,110020377.23356706,151027618.54267552,23017712.586819805,0.0056850250333962,4.79667733814523,0.3214457224008617,black
108.27067669172932,201.83126390456937,0.00020436546820331108,205001.61986147938,521338354.4387863,261322068.1153375,110181016.67265816,278511685.9433601,110050886.65689246,151027692.99385607,23027266.08239288,0.005686621136800888,4.796680328048629,0.32144592455435994,black
108.7719298245614,205.5856477104941,0.0002081755715336345,205002.97208761552,521338565.0579032,261322224.32539168,110210218.57583657,278511856.4693818,110080738.23112611,151027765.84357962,23036613.408349715,0.0056881828238273275,4.7966832536245745,0.3214461223585558,black
109.27318295739347,209.40986611964243,0.00021205648721049823,205004.3524732672,521338771.09093314,261322377.17543742,110238790.84017082,278512023.3270362,110109946.14959556,151027837.1264704,23045759.020593528,0.005689710837062343,4.796686116263655,0.32144631590746975,black
109.77443609022556,213.30521812127216,0.0002160095328085534,205005.75964877964,521338972.637814,261322526.73812062,110266747.04954153,278512186.5956298,110138524.29896447,151027906.8764065,23054707.27840719,0.005691205903046437,4.79668891732648,0.32144650529309504,black
110.27568922305764,217.27302687526867,0.00022003605041621068,205007.19237312314,521339169.79623103,261322673.08452135,110294100.49429235,278512346.3527594,110166486.26580012,151027975.12653583,23063462.446537767,0.005692668732617518,4.796691658144325,0.321446690605442,black
110.77694235588972,221.3146401374935,0.0002241374070670443,205008.64952424687,521339362.66167545,261322816.28419042,110320864.17802049,278512502.67435235,110193845.3435167,151028041.90929314,23072028.697402198,0.005694100021274313,4.79669434001982,0.32144687193258425,black
111.27819548872179,225.43143074633062,0.0002283149952332643,205010.13009390672,521339551.32749027,261322956.40517887,110347050.82325476,278512655.6346985,110220614.53818053,151028107.25641382,23080410.112925567,0.005695500449480167,4.796696964227507,0.32144704936069607,black
111.77944862155388,229.62479707533697,0.00023257023328481102,205011.6331795858,521339735.8849241,261323093.5140724,110372672.87780464,278512805.3064879,110246806.57500182,151028171.1989498,23088610.686601363,0.005696870683002816,4.796699532014477,0.3214472229740959,black
112.28070175438596,233.89616349791626,0.00023690456596064358,205013.15797762308,521339916.4231822,261323227.67602313,110397742.52084902,278512951.76084596,110272433.90456,151028233.76728466,23096634.325465485,0.005698211373240196,4.79670204460098,0.3214473928552871,black
112.78195488721803,238.2469808982365,0.00024131946488693026,205014.70377863312,521340093.0294695,261323358.95477867,110422271.6683281,278513095.0673644,110297508.7083166,151028294.9911468,23104484.851841006,0.005699523157508941,4.79670450318095,0.3214475590849941,black
113.28320802005013,242.6787271349266,0.00024581642904734577,205016.2699602559,521340265.78904265,261323487.41271463,110446271.97909325,278513235.2941373,110322042.90490302,151028354.8996249,23112166.00533259,0.005700806659373478,4.79670690892263,0.32144772174220415,black
113.7844611528822,247.19290756026894,0.0002503969853096542,205017.8559828612,521340434.78525245,261323613.11086285,110469754.86019428,278513372.5077915,110346048.15552658,151028413.52118105,23119681.44453697,0.005702062488928919,4.796709262969093,0.32144788090420273,black
114.28571428571428,251.7910555368171,0.0002550626889496805,205019.4613846597,521340600.0995879,261323736.1089401,110492731.47227825,278513506.77351844,110369535.8694901,151028470.88366392,23127034.74879048,0.005703291243089942,4.796711566438778,0.3214480366466097,black
114.78696741854635,256.4747329303654,0.0002598151241512971,205021.08577602694,521340761.81172305,261323856.4653784,110515212.73528323,278513638.1551067,110392517.21001355,151028527.01432326,23134229.420013316,0.0057044935058954555,4.796713820426061,0.3214481890434182,black
115.28822055137844,261.2455306745127,0.00026465590457902343,205022.7288365269,521340919.9995546,261323974.2373505,110537209.33319356,278513766.7149702,110415003.09909585,151028581.93982142,23141268.884245776,0.005705669848763011,4.7967160260017305,0.32144833816702634,black
115.78947368421052,266.10506929363044,0.00026958667390843794,205024.39031011713,521341074.7392455,261324089.4807983,110558731.71938495,278513892.514179,110437004.22297968,151028635.68624708,23148156.49337828,0.005706820830774811,4.796718184213523,0.32144848408827353,black
116.2907268170426,271.0549994434847,0.00027460910637449486,205026.07000119967,521341226.10526574,261324202.25046015,110579790.12170635,278514015.61248887,110458531.03734735,151028688.27912757,23154895.52679485,0.005707946998949602,4.796720296086626,0.3214486268764752,black
116.79197994987469,276.0970025017895,0.0002797249073704833,205027.76777192866,521341374.1704281,261324312.59989512,110600394.54702277,278514136.0683684,110479593.77196528,151028739.74344024,23161489.19284024,0.005709048888485736,4.796722362624137,0.3214487665994523,black
117.29323308270676,281.23279110541637,0.00028493581399288275,205029.48353796732,521341519.0059298,261324420.58151054,110620554.78637454,278514253.93902826,110500202.43595892,151028790.1036255,23167940.63048893,0.005710127023037206,4.796724384807576,0.3214489033235678,black
117.79448621553884,286.46410975357554,0.0002902435956531295,205031.21726605433,521341660.6813874,261324526.24658576,110640280.41939774,278514369.2804477,110520366.82233214,151028839.3835977,23174252.91077224,0.005711181914950151,4.7967263635973385,0.3214490371137558,black
118.29573934837092,291.79273540513515,0.0002956500546834371,205032.9689711418,521341799.264872,261324629.64529645,110659580.81886876,278514482.147401,110540096.51261356,151028887.60675657,23180429.03824634,0.0057122140655059975,4.796728299933139,0.3214491680335523,black
118.796992481203,297.22047805003746,0.00030115702691634554,205034.73871310416,521341934.822948,261324730.82674006,110678465.15547857,278514592.593485,110559400.88173778,151028934.79599917,23186471.952535193,0.005713223965176898,4.796730194734495,0.3214492961451279,black
119.29824561403508,302.7491813648034,0.00030676638234955483,205036.52659508173,521342067.420703,261324829.83895725,110696942.40181239,278514700.6711429,110578289.10211405,151028980.97372985,23192384.529613934,0.005714212093838631,4.796732048901133,0.3214494215093149,black
119.79949874686716,308.38072331603934,0.00031248002575802144,205038.3327606686,521342197.121784,261324926.7289561,110715021.33685674,278514806.43169016,110596770.14823422,151029026.16187128,23198169.58326469,0.0057151789210117395,4.7967338633134275,0.32144954418563715,black
120.30075187969925,314.11701679033223,0.00031829989733281805,205040.15739170858,521342323.9884297,261325021.54273465,110732710.55023363,278514909.9253396,110614852.80100177,151029070.38187525,23203829.866443157,0.005716124906088061,4.796735638832833,0.32144966423233945,black
120.80200501253132,319.9600102760567,0.00032422797337264346,205042.00070674674,521342448.0815006,261325114.32530147,110750018.44603598,278515011.2012235,110632545.65165289,151029113.65473223,23209368.07251523,0.005717050498535913,4.796737376302272,0.3214497817064135,black
121.3032581453634,325.91168848601734,0.0003302662669153269,205043.86295859917,521342569.4605123,261325205.1206989,110766953.24715401,278515110.3074192,110649857.10617985,151029156.00098208,23214786.83665383,0.005717956138131554,4.796739076546563,0.32144989666362694,black
121.80451127819548,331.97407305836305,0.00033641682844871726,205045.7444330278,521342688.1836639,261325293.97202283,110783522.99897078,278515207.29097074,110666795.38910913,151029197.44072342,23220088.737029973,0.005718842255156879,4.796740740372793,0.32145000915854877,black
122.30576441102757,338.1492232469233,0.0003426817466108436,205047.64544711134,521342804.30786747,261325380.92144313,110799735.57319036,278515302.1979109,110683368.54741521,151029237.99362293,23225276.2960473,0.0057197092706042325,4.796742368570706,0.32145011924457506,black
122.80701754385964,344.43923658377906,0.0003490631488619155,205049.56634738808,521342917.8887789,261325466.01022527,110815598.67184046,278515395.0732851,110699584.45461276,151029277.6789257,23230351.981633246,0.005720557596390528,4.796743961913098,0.32145022697395637,black
123.30827067669172,350.8462496402694,0.00035556320225615945,205051.50750898937,521343028.9808231,261325549.27874792,110831119.830604,278515485.9611703,110715450.81416266,151029316.51546332,23235318.20831193,0.005721387635535484,4.796745521156158,0.32145033239782006,black
123.8095238095238,357.37243872327633,0.00036218411414801275,205053.46933403765,521343137.63722295,261325630.76652348,110846306.42262119,278515574.9046977,110730975.16335906,151029354.52166346,23240177.338430166,0.005722199782365006,4.796747047039842,0.32145043556619624,black
124.31077694235589,364.0200206094795,0.00036892813293682716,205055.45225047614,521343243.9100264,261325710.51221684,110861165.66201569,278515661.9460733,110746164.87693453,151029391.71555853,23244931.68329368,0.0057229944226998355,4.796748540288232,0.3214505365280415,black
124.81203007518796,370.79125333217206,0.00037579754886488137,205057.45671122798,521343347.85013056,261325788.55366296,110875704.60713515,278515747.12659645,110761027.17037281,151029428.114794,23249583.504210576,0.005723771934028899,4.796750001609861,0.3214506353312613,black
125.31328320802004,377.68843690306204,0.00038279469474945474,205059.48319285756,521343449.50730973,261325864.927886,110889930.1641791,278515830.4866817,110775569.10361801,151029463.73663726,23254135.01366069,0.005724532685703388,4.796751431698073,0.32145073202273405,black
125.81453634085213,384.7139141267784,0.00038992194680892347,205061.53219490914,521343548.9302383,261325939.67111617,110903849.09028892,278515912.0658763,110789797.58423343,151029498.59798557,23258588.376290165,0.005725277039102043,4.796752831231338,0.32145082664833274,black
126.3157894736842,391.8700713985868,0.0003971817254718282,205063.60423903295,521343646.1665151,261326012.81880677,110917467.99677348,278515991.9028795,110803719.3706995,151029532.71537384,23262945.709950227,0.0057260053478037165,4.796754200873572,0.3214509192529461,black
126.81704260651628,399.1593394727846,0.00040457649615620393,205065.69986799292,521343741.2626888,261326084.4056523,110930793.3524648,278516070.03556186,110817341.07584421,151029566.10498315,23267209.086778063,0.005726717957766883,4.796755541274479,0.32145100988050185,black
127.31829573934836,406.58419434608004,0.00041210877016552896,205067.81964527775,521343834.2642786,261326154.46560344,110943831.48650812,278516146.5009817,110830669.16969568,151029598.78264782,23271380.53409425,0.005727415207478875,4.796756853069822,0.32145109857398557,black
127.81954887218045,414.14715806098866,0.0004197811055035542,205069.96415424312,521343925.21579844,261326223.0318841,110956588.59156913,278516221.33540386,110843709.98276089,151029630.76386335,23275462.035435565,0.005728097428127462,4.796758136881753,0.32145118537546225,black
128.32080200501252,421.8507995616356,0.0004275961077422831,205072.13399755472,521344014.16077876,261326290.13700736,110969070.72677134,278516294.574317,110856469.70902877,151029662.06379363,23279455.53150015,0.005728764943757967,4.796759393319103,0.321451270326096,black
128.82205513784461,429.6977356017645,0.00043555643094290146,205074.3297967927,521344101.1417871,261326355.81278986,110981283.82043394,278516366.25244933,110868954.40876915,151029692.69727796,23283362.921028238,0.005729418071419733,4.796760622977663,0.32145135346616976,black
129.32330827067668,437.6906315815287,0.0004436647785044753,205076.55219177392,521344186.20045066,261326420.09036836,110993233.6731144,278516436.4037868,110881170.01164337,151029722.6788386,23287186.061781485,0.0057300571213288725,4.796761826440483,0.32145143483510497,black
129.82456140350877,445.83220249394265,0.0004519239041238706,205078.80184029246,521344269.3774754,261326483.00021356,111004925.96019255,278516505.0615878,110893122.31934595,151029752.02268726,23290926.771373816,0.005730682397006482,4.796763004278134,0.321451514471479,black
130.32581453634086,454.12521384666417,0.00046033661273065115,205081.0794177147,521344350.7126663,261326544.5721446,111016366.23458895,278516572.2583994,110904817.00838383,151029780.74273172,23294586.828145854,0.005731294195424073,4.796764157048979,0.3214515924130441,black
130.82706766917292,462.5724825532027,0.0004689057613909687,205083.38561651262,521344430.24494827,261326604.83534417,111027559.92957826,278516638.0260739,110916259.63295232,151029808.8525832,23298167.972069994,0.005731892807154043,4.796765285299456,0.3214516686967462,black
131.328320802005,471.1768779581981,0.00047763426034743003,205085.7211461699,521344508.0123833,261326663.81837106,111038512.36112659,278516702.3957819,110927455.62732485,151029836.3655618,23301671.90550151,0.005732478516494712,4.796766389564321,0.3214517433587412,black
131.82957393483707,479.9413227645532,0.00048652507395942227,205088.0867327867,521344584.0521905,261326721.5491747,111049228.73059677,278516765.3980289,110938410.30861843,151029863.29470375,23305100.2940487,0.005733051601615025,4.796767470366911,0.3214518164344131,black
132.33082706766916,488.8687940307301,0.0004955812217145994,205090.4831188924,521344658.40076405,261326778.05510828,111059714.12719569,278516827.0626692,110949128.87929586,151029889.65276715,23308454.767359603,0.00573361233468547,4.7967685282193875,0.32145188795839064,black
132.83208020050125,497.9623242186551,0.0005048057792916976,205092.91106333604,521344731.0936904,261326833.36294112,111069973.53028776,278516887.41891974,110959616.42953055,151029915.4522378,23311736.91986542,0.005734160982001799,4.796769563622978,0.32145195796456255,black
133.33333333333331,507.22500216389227,0.0005142018795445132,205095.3713410136,521344802.16576684,261326887.49887234,111080011.81194651,278516946.4953746,110969877.93981525,151029940.70533577,23314948.31160097,0.005734697804121537,4.796770577068224,0.3214520264860956,black
133.8345864661654,516.6599741752603,0.0005237727136171665,205097.8647428597,521344871.6510174,261326940.48854265,111089833.73911639,278517004.32001805,110979918.28317198,151029965.42402074,23318090.468899112,0.005735223055979611,4.796771569035207,0.3214520935554494,black
134.3358395989975,526.2704451000584,0.0005335215320244823,205100.3920757388,521344939.5827098,261326992.35704646,111099443.9759036,278517060.9202379,110989742.22749406,151029989.61999756,23321164.885126967,0.005735736987010869,4.79677253999377,0.32145215920439096,black
134.83709273182956,536.0596793577733,0.0005434516457004078,205102.9541623046,521345005.9933724,261327043.12894464,111108847.08593489,278517116.3228392,110999354.43795751,151030013.30472246,23324173.02144398,0.005736239841276264,4.796773490403764,0.3214522234640117,black
135.33834586466165,546.0310021298668,0.0005535664272047261,205105.55184109564,521345070.91480875,261327092.828275,111118047.53431644,278517170.5540561,111008759.47902356,151030036.48940775,23327116.307430904,0.005736731857567625,4.7967744207152325,0.3214522863647405,black
135.83959899749374,556.1878004299413,0.0005638693118084507,205108.18596643326,521345134.37811416,261327141.4785646,111127049.68991508,278517223.6395647,111017961.8167709,151030059.18502766,23329996.141822882,0.005737213269529675,4.7967753313686545,0.321452347936359,black
136.3408521303258,566.5335242656053,0.0005743637986722207,205110.85740846503,521345196.41369075,261327189.10284063,111135857.82739852,278517275.6044953,111026965.82098123,151030081.40232328,23332813.893164683,0.005737684305769164,4.796776222795146,0.32145240820801607,black
136.8421052631579,577.0716878479719,0.0005850534520730094,205113.56705324503,521345257.0512611,261327235.72364104,111144476.12918948,278517326.47344387,111035775.76713715,151030103.15180767,23335570.900438216,0.00573814518995938,4.79677709541665,0.32145246720824017,black
137.34335839598998,587.8058707165504,0.0005959419025450201,205116.31580271662,521345316.31988454,261327281.36302587,111152908.68760592,278517376.27048457,111044395.8386101,151030124.44377106,23338268.473750062,0.005738596140954633,4.796777949646158,0.3214525249649545,black
137.84461152882204,598.7397190165677,0.0006070328481751814,205119.10457486866,521345374.2479698,261327326.0425872,111161159.50667009,278517425.01918036,111052830.12850963,151030145.28828543,23340907.894912165,0.005739037372887016,4.796778785887887,0.3214525815054894,black
138.34586466165413,609.8769467301363,0.0006183300558518327,205121.93430382133,521345430.8632892,261327369.78345934,111169232.50403889,278517472.74259454,111061082.64165692,151030165.69520944,23343490.418061707,0.0057394690952696495,4.796779604537483,0.32145263685659536,black
138.8471177944862,621.2213368752488,0.0006298373624807769,205124.8059398947,521345486.19299275,261327412.60632956,111177131.51298177,278517519.46330196,111069157.2966067,151030185.6741933,23346017.270296246,0.005739891513102472,4.796780405982211,0.3214526910444567,black
139.34837092731829,632.7767428862797,0.0006415586763854252,205127.72044983503,521345540.2636205,261327454.53144693,111184860.28402285,278517565.2033989,111077057.92732608,151030205.23468295,23348489.652200628,0.0057403048269600776,4.79678119060113,0.3214527440947021,black
139.84962406015038,644.5470898495564,0.0006534979785599454,205130.67881690533,521345593.10111576,261327495.57863265,111192422.4868642,278517609.9845143,111084788.28516063,151030224.38592482,23350908.738464586,0.005740709233094576,4.796781958765277,0.32145279603241855,black
140.35087719298244,656.536375856536,0.0006656593240416925,205133.68204108163,521345644.73083806,261327535.76728922,111199821.71208723,278517653.82782006,111092352.04057379,151030243.13697013,23353275.678428777,0.005741104923526604,4.796782710837844,0.3214528468821622,black
140.85213032581453,668.7486734000198,0.0006780468433272881,205136.73113926707,521345695.17757434,261327575.11640936,111207061.4728033,278517696.75404036,111099752.78483418,151030261.49667913,23355591.596614417,0.005741492086133601,4.796783447174342,0.32145289666797,black
141.35338345864662,681.1881306785214,0.0006906647436955452,205139.82714544365,521345744.46555245,261327613.64458564,111214145.20644869,278517738.7834623,111106994.03185064,151030279.4737255,23357857.593299534,0.005741870904745819,4.796784168122781,0.32145294541337205,black
141.85463659147868,693.8589730797025,0.0007035173107120108,205142.97111094528,521345792.61845183,261327651.37001866,111221076.27629918,278517779.9359449,111114079.21972056,151030297.0766001,23360074.745004825,0.0057422415592273245,4.796784874023834,0.321452993141402,black
142.35588972431077,706.7655046035461,0.0007166089096723859,205146.16410468,521345839.65941507,261327688.31052586,111227857.97309633,278517820.2309287,111121011.71239235,151030314.31361532,23362244.10501553,0.005742604225562988,4.796785565210987,0.3214530398746079,black
142.85714285714286,719.912109253117,0.0007299439870130739,205149.40721334104,521345885.61105996,261327724.4835504,111234493.51670611,278517859.68744534,111127794.80136111,151030331.192909,23364366.703913704,0.005742959075947189,4.796786242010713,0.32145308563506325,black
143.35839598997492,733.3032526360496,0.0007435270719354517,205152.70154173244,521345930.4954892,261327759.9061686,111240986.05749597,278517898.3241259,111134431.70707639,151030347.72244787,23366443.550019827,0.005743306278857474,4.796786904742604,0.3214531304443766,black
143.859649122807,746.9434833915135,0.000757362777853139,205156.0482129944,521345974.3343021,261327794.5950988,111247338.67795588,278517936.15921026,111140925.58059932,151030363.91003197,23368475.62991303,0.0057436459991412545,4.796787553719549,0.32145317432370313,black
144.36090225563908,760.837434765661,0.0007714558039898572,205159.44836891067,521346017.1486048,261327828.5667088,111253554.394118,278517973.21055573,111147279.50505394,151030379.76329792,23370463.908886384,0.005743978398091736,4.796788189247871,0.32145321729375437,black
144.86215538847117,774.9898262236898,0.0007858109370144293,205162.90317022533,521346058.9590198,261327861.83702365,111259636.15695015,278518009.4956449,111153496.49705172,151030395.2897225,23372409.331393894,0.005744303633522454,4.796788811627459,0.3214532593748067,black
145.36340852130326,789.4054649623932,0.000800433052574848,205166.41379691515,521346099.7856972,261327894.42173365,111265586.85386167,278518045.0315948,111159579.50823088,151030410.49662644,23374312.821533542,0.005744621859847803,4.796789421151932,0.32145330058671245,black
145.86466165413532,804.0892476332696,0.0008153271170458997,205169.98144855624,521346139.64832336,261327926.33620125,111271409.30997102,278518079.83516407,111165531.42655246,151030425.3911775,23376175.28345377,0.005744933228150837,4.796790018108762,0.3214533409489083,black
146.3659147869674,819.0461619845698,0.0008304981891945732,205173.60734464863,521346178.5661309,261327957.5954684,111277106.28947918,278518113.9227616,111171355.07770406,151030439.98039442,23377997.601793926,0.005745237886256728,4.796790602779416,0.32145338048042504,black
146.8671679197995,834.2812884812155,0.0008459514218230243,205177.29272493682,521346216.55790824,261327988.21426415,111282680.49705376,278518147.3104543,111177053.22651494,151030454.27114984,23379780.64212821,0.005745535978806791,4.796791175439494,0.3214534191998967,black
147.36842105263156,849.7998021556164,0.0008616920636457241,205181.0388498177,521346253.64200807,261328018.20701084,111288134.57899098,278518180.013974,111182628.57814385,151030468.27017352,23381525.251338158,0.005745827647320631,4.796791736358845,0.3214534571255689,black
147.86967418546365,865.6069742596305,0.0008777254609649215,205184.84700066995,521346289.8363569,261328047.5878316,111293471.12457818,278518212.0487257,111188083.77947187,151030481.98405573,23383232.258049596,0.005746113030269009,4.796792285801709,0.3214534942753078,black
148.37092731829574,881.7081740972623,0.0008940570595294133,205188.71848025278,521346325.1584633,261328076.37055665,111298692.66727966,278518243.4297944,111193421.42031474,151030495.41925025,23384902.473012857,0.005746392263137274,4.7967928240268405,0.32145353066660814,black
148.8721804511278,898.1088708865084,0.0009106924064228791,205192.65461310954,521346359.6254265,261328104.5687299,111303801.68591288,278518274.1719519,111198644.03462513,151030508.58207738,23386536.689479787,0.005746665478488261,4.796793351287618,0.3214535663166018,black
149.3734335839599,914.8146355133089,0.0009276371518427843,205196.65674593652,521346393.2539448,261328132.19561553,111308800.6059115,278518304.28966475,111203754.10178398,151030521.4787272,23388135.683608815,0.005746932806029855,4.79679386783218,0.3214536012420661,black
149.87468671679198,931.8311425329958,0.0009448970511303018,205200.72624803294,521346426.06032366,261328159.26420394,111313691.80038677,278518333.7971003,111208754.04768533,151030534.11526185,23389700.21480506,0.005747194372671736,4.796794373903524,0.3214536354594311,black
150.37593984962405,949.1641720634301,0.0009624779666903826,205204.86451171234,521346458.06048316,261328185.78721797,111318477.5912881,278518362.7081334,111213646.24592292,151030546.49761912,23391231.026092432,0.005747450302587472,4.796794869739641,0.321453668984788,black
150.87719298245614,966.8196116753077,0.0009803858699089529,205209.07295271594,521346489.2699666,261328211.77711928,111323160.25055575,278518391.03635365,111218433.01896843,151030558.63161495,23392728.84448313,0.005747700717276151,4.7967953555736225,0.32145370183389677,black
151.3784461152882,984.8034585272085,0.0009986268433183373,205213.3530106983,521346519.7039471,261328237.24611348,111327742.00110418,278518418.7950708,111223116.63917685,151030570.522946,23394194.38129276,0.005747945735614984,4.796795831633753,0.32145373402219285,black
151.8796992481203,1003.1218212804662,0.0010172070825393707,205217.7061496459,521346549.3772358,261328262.20615667,111332225.01796538,278518445.997322,111227699.32995512,151030582.17719266,23395628.332506858,0.005748185473920446,4.796796298143642,0.32145376556479494,black
152.38095238095238,1021.7809222299098,0.0010361328984424512,205222.13385836018,521346578.3042883,261328286.66896063,111336611.42928046,278518472.6558772,111232183.26677598,151030593.59982142,23397031.37909866,0.005748420046001312,4.7967967553223145,0.32145379647651223,black
152.88220551378444,1040.7870994547793,0.001055410719329055,205226.6376509433,521346606.49921227,261328310.64599827,111340903.31729189,278518498.7832452,111236570.57819209,151030604.7961875,23398404.18734705,0.005748649563211722,4.796797203384316,0.3214538267718508,black
153.38345864661653,1060.1468088525316,0.0010750470929944763,205231.2190672523,521346633.9757742,261328334.1485095,111345102.71940325,278518524.3916803,111240863.34691954,151030615.77153754,23399747.409176257,0.005748874134507861,4.796797642539824,0.32145385646502117,black
153.88471177944862,1079.8666264630444,0.0010950486890850945,205235.87967343238,521346660.7474057,261328357.187506,111349211.62906796,278518549.4931875,111245063.61074632,151030626.53101188,23401061.682440575,0.005749093866495483,4.796798072994729,0.3214538855699449,black
154.38596491228068,1099.9532506522837,0.0011154223013131073,205240.62106240992,521346686.8272105,261328379.77377653,111353231.99676973,278518574.09952796,111249173.36353461,151030637.07964697,23402347.63123856,0.005749308863482356,4.79679849495075,0.3214539141002607,black
154.88721804511277,1120.413504316628,0.0011361748496922129,205245.4448543931,521346712.2279707,261328401.91789246,111357165.73098299,278518598.22222507,111253194.5562026,151030647.42237794,23403605.866220806,0.005749519227529622,4.796798908605519,0.3214539420693312,black
155.38847117794487,1141.254337346691,0.0011573133830364826,205250.35269743818,521346736.96215296,261328423.63021195,111361014.69900465,278518621.8725695,111257129.09757476,151030657.5640407,23404836.98485639,0.0057497250584962875,4.796799314152669,0.32145396949024874,black
155.88972431077693,1162.482828847101,0.0011788450812117194,205255.34626795255,521346761.0419145,261328444.92088553,111364780.72791362,278518645.06162447,111260978.85536264,151030667.50937426,23406041.571740348,0.00574992645409053,4.79679971178194,0.32145399637584227,black
156.39097744360902,1184.1061896127412,0.001200777257646924,205260.42727126376,521346784.47910947,261328465.7998605,111368465.60540034,278518667.8002314,111264745.657013,151030677.26302314,23407220.198859416,0.005750123509914069,4.796800101679256,0.32145402273868307,black
156.8922305764411,1206.1317646143796,0.001223117361855285,205265.59744218885,521346807.2852938,261328486.27688554,111372071.08060345,278518690.0990142,111268431.29056303,151030686.82953924,23408373.425860077,0.0057503163195069045,4.796800484026818,0.3214540485910902,black
157.39348370927317,1228.567035357167,0.0012458729818262276,205270.8585455732,521346829.4717321,261328506.36151567,111375598.864999,278518711.9683854,111272037.5055494,151030696.2133843,23409501.80033345,0.005750504974394882,4.796800859003188,0.3214540739451371,black
157.89473684210526,1251.419622578519,0.0012690518467616755,205276.2123769117,521346851.04940224,261328526.06311634,111379050.63314514,278518733.41854984,111275566.01376948,151030705.41893172,23410605.858053826,0.0057506895641295215,4.796801226783373,0.3214540988126568,black
158.39598997493732,1274.6972887685,0.001292661829632288,205281.6607629262,521346872.02900106,261328545.39086792,111382428.02350959,278518754.45951015,111279018.49012727,151030714.45046872,23411686.12324374,0.00575087017633226,4.796801587538904,0.3214541232052472,black
158.8972431077694,1298.4079407383488,0.001316710949782526,205287.20556215526,521346892.42094976,261328564.35377023,111385732.63927083,278518775.1010715,111282396.57345235,151030723.31219843,23412743.10883063,0.005751046896737301,4.796801941437923,0.32145414713427695,black
159.3984962406015,1322.5596324649732,0.001341207375815609,205292.8486656082,521346912.2353987,261328582.96064636,111388966.04902095,278518795.35284567,111285701.86721848,151030732.0082417,23413777.31667194,0.005751219809229217,4.796802288645253,0.3214541706108908,black
159.89974937343356,1347.1605676643092,0.0013661594282034823,205298.59199735583,521346931.4822328,261328601.22014716,111392129.78757088,278518815.2242562,111288935.9403667,151030740.54263917,23414789.23781308,0.0057513889958859974,4.796802629322488,0.32145419364601474,black
160.40100250626566,1372.2191026678427,0.0013915755822042587,205304.43751519168,521346950.1710759,261328619.14075515,111395225.35664494,278518834.7245422,111292100.3280153,151030748.91935304,23415779.35270984,0.005751554537016207,4.796802963628058,0.3214542162503607,black
160.90225563909775,1397.743749296049,0.0014174644707765336,205310.387211292,521346968.3112959,261328636.73078826,111398254.22558594,278518853.8627629,111295196.53218068,151030757.14226893,23416748.131454237,0.005751716511196679,4.7968032917173,0.321454238434432,black
161.4035087719298,1423.7431775933865,0.0014438348873532856,205316.4431128441,521346985.9120096,261328653.99840426,111401217.83210126,278518872.6478023,111298226.02254002,151030765.2151979,23417696.03401349,0.005751874995312431,4.7968036137425445,0.32145426020852835,black
161.9047619047619,1450.2262189588726,0.0014706957890169836,205322.6072827655,521347002.98208636,261328670.95160398,111404117.58288728,278518891.0883725,111301190.23706955,151030773.14187786,23418623.510429956,0.005752030064590056,4.796803929853174,0.32145428158275047,black
162.406015037594,1477.2018690573661,0.0014980562994522854,205328.88182037201,521347019.53015333,261328687.59823534,111406954.85432707,278518909.1930185,111304090.58275783,151030780.9259757,23419531.001044594,0.005752181792635027,4.7968042401957,0.3214543025670046,black
162.90726817042605,1504.6792908090497,0.0015259257119780443,205335.26886206464,521347035.56459963,261328703.9459971,111409730.9931596,278518926.9701219,111306928.43628983,151030788.5710888,23420418.93671128,0.005752330251467495,4.79680454491383,0.32145432317100764,black
163.40852130325814,1532.6678176759476,0.0015543134928805789,205341.7705820826,521347051.0935801,261328720.00244212,111412447.31707303,278518944.42790455,111309705.14465347,151030796.08074653,23421287.73898678,0.0057524755115540135,4.796804844148532,0.3214543434042909,black
163.9097744360902,1561.1769566448809,0.0015832292844390613,205348.38919318846,521347066.12501967,261328735.7749813,111415105.11538057,278518961.5744329,111312422.02583042,151030803.45841235,23422137.820347194,0.0057526176418436865,4.796805138038102,0.3214543632762054,black
164.4110275689223,1590.2163915676178,0.0016126829083131804,205355.12694743322,521347080.66661733,261328751.27088654,111417705.64960228,278518978.4176214,111315080.3693909,151030810.70748496,23422969.58437424,0.005752756709799281,4.796805426718223,0.32145438279592586,black
164.91228070175438,1619.795986483862,0.0016426843689134004,205361.9861369174,521347094.7258498,261328766.49729455,111420250.15405904,278518994.96523607,111317681.4371009,151030817.83130014,23423783.42594547,0.005752892781428994,4.796805710322043,0.3214544019724546,black
165.41353383458645,1649.925788792845,0.0016732438566176692,205368.96909451825,521347108.3099757,261328781.46120995,111422739.83649863,278519011.22489864,111320226.46356219,151030824.83313224,23424579.73143472,0.005753025921319935,4.79680598898022,0.32145442081462666,black
165.91478696741854,1680.6160328845604,0.001704371751454306,205376.07819471945,521347121.42603856,261328796.16950858,111425175.87861958,278519027.2040897,111322716.65674771,151030831.71619576,23425358.87887985,0.005753156192666139,4.796806262820992,0.3214544393311127,black
166.41604010025063,1711.877143505108,0.0017360786265152171,205383.3158543813,521347134.080871,261328810.62894058,111427559.43665892,278519042.91015214,111325153.19860256,151030838.4836466,23426121.238170918,0.0057532836572999945,4.796806531970232,0.32145445753042384,black
166.9172932330827,1743.7197392330152,0.0017683752514816675,205390.6845335359,521347146.2810978,261328824.8461337,111429891.64195175,278519058.3502946,111327537.24561593,151030845.13858375,23426867.171229377,0.005753408375722186,4.796806796551514,0.3214544754209156,black
167.41854636591478,1776.1546362784807,0.0018012725964775683,205398.1867362532,521347158.0331395,261328838.82759613,111432173.60143171,278519073.5315948,111329869.92933266,151030851.6840507,23427597.032168254,0.005753530407128442,4.7968070566861565,0.32145449301079143,black
167.91979949874687,1809.192851941158,0.0018347818355764457,205405.82501143188,521347169.3432156,261328852.57971975,111434406.39819819,278519088.46100307,111332152.35693322,151030858.1230368,23428311.167473808,0.0057536498094398775,4.796807312493295,0.32145451030810673,black
168.42105263157893,1842.845608486884,0.0018689143507333152,205413.60195368264,521347180.2173475,261328866.10878295,111436591.09200408,278519103.14534515,111334385.61173214,151030864.45847863,23429009.91616163,0.00575376663932907,4.796807564089924,0.32145452732077223,black
168.92230576441102,1877.124336992313,0.001903681735684004,205421.52020420379,521347190.661362,261328879.42095342,111438728.71975578,278519117.5913256,111336570.75368927,151030870.6932613,23429693.609936755,0.005753880952246814,4.796807811590957,0.32145454405655793,black
169.4235588972431,1912.0406810226232,0.0019390957996751712,205429.58245162084,521347200.680894,261328892.52229136,111440820.29603869,278519131.8055309,111338708.8199469,151030876.83021995,23430362.573361866,0.005753992802450207,4.796808055109279,0.32145456052309684,black
169.92481203007517,1947.6065008417934,0.001975168571734474,205437.79143294223,521347210.2813897,261328905.41875187,111442866.81355685,278519145.79443246,111340800.82527919,151030882.87214088,23431017.123998057,0.005754102243026175,4.796808294755797,0.3214545767278884,black
170.42606516290726,1983.8338773062278,0.0020119123046195776,205446.149934446,521347219.468109,261328918.1161878,111444869.24362761,278519159.56438935,111342847.76259793,151030888.82176292,23431657.57256318,0.005754209325917921,4.796808530639493,0.3214545926783017,black
170.92731829573933,2020.7351159025134,0.0020493394789133463,205454.66079259772,521347228.2461287,261328930.6203526,111446828.53665039,278519173.12165165,111344850.60343155,151030894.6817786,23432284.223081887,0.005754314101949992,4.796808762867475,0.321454608381579,black
171.42857142857142,2058.322751142626,0.0020874628074815708,205463.32689504657,521347236.6203447,261328942.93690267,111448745.62252803,278519186.472363,111346810.29835595,151030900.45483556,23432897.373020533,0.005754416620850815,4.796808991545022,0.3214546238448391,black
171.9298245614035,2096.609550573049,0.00212629523953911,205472.15118153705,521347244.5954752,261328955.07140025,111450621.41114303,278519199.6225635,111348727.77748138,151030906.14353755,23433497.313439615,0.005754516931278167,4.796809216775633,0.32145463907508043,black
172.43107769423557,2135.6085192698565,0.0021658499652089202,205481.1366449265,521347252.1760625,261328967.02931577,111452456.79276693,278519212.57819235,111350603.95087078,151030911.75044572,23434084.329124793,0.005754615080841062,4.79680943866108,0.32145465407918467,black
172.93233082706766,2175.3329042908026,0.0022061404200374654,205490.28633219335,521347259.366476,261328978.81603032,111454252.63848066,278519225.3450909,111352439.7089697,151030917.27807978,23434658.698721487,0.00575471111612224,4.796809657301444,0.32145466886391916,black
173.43358395989975,2215.796198938885,0.002247180289318929,205499.60334540412,521347266.17091423,261328990.43683827,111456009.80061583,278519237.9290052,111354235.92305718,151030922.72891912,23435220.694876075,0.005754805082701759,4.796809872795173,0.3214546834359408,black
173.9348370927318,2257.012147642349,0.002288983513044636,205509.09084281436,521347272.59340715,261329001.8969496,111457729.11312388,278519250.33558816,111355993.44562326,151030928.105404,23435770.584354077,0.00575489702517674,4.79681008523912,0.32145469780179886,black
174.4360902255639,2298.99475046374,0.0023315642904762324,205518.75203988905,521347278.6378185,261329013.2014921,111459411.39199199,278519262.57040274,111357713.11079405,151030933.40993664,23436308.62817327,0.005754986987183613,4.796810294728585,0.3214547119679374,black
174.937343358396,2341.7582677837804,0.002374937084896198,205528.59021036074,521347284.30784774,261329024.3555141,111461057.43563625,278519274.63892424,111359395.73473376,151030938.64488226,23436835.081729554,0.005755075011419131,4.796810501357369,0.32145472594069885,black
175.43859649122805,2385.317225390301,0.002419116628769154,205538.60868737553,521347289.6070321,261329035.36398628,111462668.0252562,278519286.54654276,111361042.11600691,151030943.81257015,23437350.194910374,0.005755161139659341,4.796810705217797,0.3214547397263267,black
175.93984962406014,2429.6864191267723,0.002464117928456519,205548.81086454343,521347294.5387489,261329046.23180422,111464243.92523456,278519298.2985656,111362653.03598718,151030948.91529477,23437854.212222688,0.005755245412780958,4.796810906400779,0.3214547533309683,black
176.44110275689223,2474.8809201008767,0.0025099562694991646,205559.20019710992,521347299.1062169,261329056.96379057,111465785.88348104,278519309.9002198,111364229.25920881,151030953.9553168,23438347.372903045,0.005755327870779759,4.796811104995847,0.3214547667606777,black
176.9423558897243,2520.916079843625,0.002556647221849917,205569.7802031167,521347303.31249857,261329067.56469703,111467294.63178575,278519321.3566543,111365771.53372778,151030958.934864,23438829.9110306,0.005755408552789462,4.796811301091184,0.3214547800214179,black
177.4436090225564,2567.807535250508,0.0026042066448849883,205580.5544645154,521347307.1605018,261329078.0392068,111468770.8861896,278519332.67294234,111367280.59150052,151030963.85613248,23439302.05564574,0.005755487497101552,4.796811494773679,0.3214547931190643,black
177.94486215538845,2615.571214236045,0.0026526506931389563,205591.52662843475,521347310.6529812,261329088.39193642,111470215.34729457,278519343.85408384,111368757.14870107,151030968.72128737,23439764.030849338,0.005755564741181874,4.796811686128955,0.32145480605940696,black
178.44611528822054,2664.2233409612586,0.0027019958216065896,205602.7004083561,521347313.79254043,261329098.62743798,111471628.70061292,278519354.9050076,111370201.90607804,151030973.53246403,23440216.05591451,0.0057556403216893,4.796811875241413,0.3214548188481533,black
178.94736842105263,2713.7804412589308,0.0027522587912452755,205614.0795853311,521347316.5816332,261329108.7502011,111473011.61689767,278519365.83057356,111371615.54929243,151030978.29176897,23440658.34539241,0.005755714274493405,4.796812062194267,0.32145483149093046,black
179.4486215538847,2764.259348531761,0.0028034566749570635,205625.66800930112,521347319.0225649,261329118.7646549,111474364.75244029,278519376.6355747,111372998.749222,151030983.0012806,23441091.10920746,0.005755786634690387,4.7968122470695835,0.3214548439932879,black
179.94987468671678,2815.6772091426674,0.0028556068630556436,205637.4696003074,521347321.1174943,261329128.67517006,111475688.74940632,278519387.3247395,111374352.16230427,151030987.6630505,23441514.55276478,0.0057558574366210185,4.79681242994832,0.3214548563606999,black
180.45112781954887,2868.051488444367,0.0029087270693816834,205649.48834983844,521347322.8684345,261329138.48606065,111476984.23612472,278519397.9027338,111375676.43083239,151030992.279104,23441928.87704277,0.005755926713886113,4.796812610910355,0.3214548685985685,black
180.95238095238093,2921.3999767627165,0.002962835337371273,205661.72832216718,521347324.27725464,261329148.20158607,111478251.82738419,278519408.3741631,111376972.18325795,151030996.8514411,23442334.278687946,0.005755994499362381,4.796812790034526,0.3214548807122247,black
181.45363408521303,2975.7407951242417,0.003017950045864919,205674.19365563354,521347325.345681,261329157.8259531,111479492.12474447,278519418.74357426,111378240.0345093,151031001.3820375,23442730.950114544,0.005756060825219069,4.796812967398666,0.32145489270693206,black
181.95488721804512,3031.0924018010724,0.0030740899157455696,205686.8885641017,521347326.0752981,261329167.36331746,111480705.71679737,278519429.0154581,111379480.5862583,151031005.87284553,23443119.07958805,0.005756125722931929,4.7968131430796355,0.32145490458788806,black
182.45614035087718,3087.473598381878,0.0031312740160959,205699.81733831568,521347326.4675498,261329176.81778583,111481893.1794593,278519439.19425076,111380694.42721951,151031010.32579476,23443498.85131882,0.005756189223298848,4.796813317153359,0.32145491636022705,black
182.95739348370927,3144.903536043424,0.003189521770559068,205712.98434729816,521347326.52374077,261329186.19341767,111483055.07624994,278519449.2843359,111381882.13343474,151031014.7427931,23443870.445551246,0.005756251356454757,4.796813489694858,0.3214549280290225,black
183.45864661654133,3203.401722396007,0.003248852964281512,205726.39403987126,521347326.245037,261329195.49422684,111484191.95854156,278519459.29004675,111383044.26852827,151031019.12572744,23444234.03864352,0.0057563121518849755,4.796813660778286,0.32145493959928884,black
183.95989974937342,3262.9880277338566,0.003309287750252257,205740.0509460504,521347325.63246715,261329204.72418353,111485304.36584088,278519469.2156676,111384181.38399474,151031023.47646448,23444589.80315786,0.00575637163844027,4.796813830476953,0.3214549510759838,black
184.4611528822055,3323.682692007616,0.003370846656374559,205753.95967859201,521347324.6869231,261329213.8872158,111486392.82603286,278519479.0654363,111385294.01944853,151031027.7968517,23444937.907938484,0.005756429844349894,4.796813998863362,0.3214549624640105,black
184.96240601503757,3385.5063317704294,0.0034335505925107888,205768.12493453527,521347323.40916103,261329222.98721147,111487457.85562907,278519488.8435455,111386382.70287748,151031032.08871797,23445278.518191095,0.005756486797234874,4.796814166009245,0.3214549737682199,black
185.46365914786966,3448.4799468162078,0.0034974208572151116,205782.55149667847,521347321.7998022,261329232.0280197,111488499.96002916,278519498.55414486,111387447.95091024,151031036.35387456,23445611.795566536,0.005756542524121988,4.796814331985589,0.32145498499341263,black
185.96491228070175,3512.624927748472,0.003562479145409982,205797.24423525273,521347319.8593335,261329241.01345268,111489519.63374074,278519508.20134264,111388490.26904112,151031040.59411559,23445937.898231167,0.005756597051455531,4.796814496862668,0.32145499614434114,black
186.46616541353382,3577.963063047653,0.0036287475555539573,205812.20810948903,521347317.58810836,261329249.9472872,111490517.36062396,278519517.7892075,111389510.15188003,151031044.81121916,23446256.980945095,0.005756650405110388,4.796814660710074,0.32145500722571174,black
186.9674185463659,3644.5165462952064,0.0036962485969685597,205827.4481692186,521347314.98634726,261329258.83326644,111491493.61412731,278519527.32177037,111390508.08339341,151031049.006948,23446569.195137616,0.0057567026104046425,4.796814823596748,0.3214550182421868,black
187.468671679198,3712.307984138953,0.0037650051979169056,205842.96955662992,521347312.0541382,261329267.67510125,111492448.85749568,278519536.803026,111391484.5371172,151031053.18304998,23446874.688973833,0.005756753692110711,4.796814985591,0.32145502919838614,black
187.96992481203006,3781.360403537642,0.003835040712951302,205858.77750787287,521347308.79143727,261329276.47647205,111493383.54400732,278519546.23693484,111392439.9763988,151031057.34125912,23447173.607430406,0.005756803674468007,4.796815146760555,0.32145504009888964,black
188.47117794486215,3851.6972598142456,0.00390637893108108,205874.87735483405,521347305.1980693,261329285.24103025,111494298.11717947,278519555.6274246,111393374.85460742,151031061.4832963,23447466.092361398,0.005756852581193945,4.796815307172568,0.32145505094823934,black
188.97243107769424,3923.342444728996,0.003979044083960449,205891.27452691534,521347301.27372795,261329293.97239986,111495193.01097624,278519564.978392,111394289.61534648,151031065.6108699,23447752.28256475,0.005756900435495048,4.796815466893658,0.3214550617509407,black
189.4736842105263,3996.3202941730997,0.004053060853691633,205907.97455273304,521347297.01797634,261329302.674179,111496068.65002821,278519574.2937042,111395184.69267821,151031069.72567657,23448032.31385257,0.005756947260078697,4.79681562598994,0.32145507251146477,black
189.9749373433584,4070.6555969106976,0.0041284543816911615,205924.98306203686,521347292.4302472,261329311.34994128,111496925.44981822,278519583.5772009,111396060.51131344,151031073.82940176,23448306.319110535,0.005756993077163073,4.796815784527045,0.3214550832342503,black
190.47619047619045,4146.373602826307,0.0042052502770546065,205942.30578752476,521347287.50984293,261329320.00323746,111497763.81688492,278519592.8326955,111396917.48681974,151031077.9237208,23448574.428363048,0.005757037908488023,4.7968159425701495,0.32145509392370525,black
190.97744360902254,4223.500031221332,0.004283474624971086,205959.94856666843,521347282.2559364,261329328.63759694,111498584.14902315,278519602.0639768,111397756.02582628,151031082.01029932,23448836.76883734,0.005757081775325793,4.7968161001840075,0.3214551045842092,black
191.47869674185463,4302.061080098633,0.0043631539961398805,205977.91734374472,521347276.6675703,261329337.2565291,111499386.83545724,278519611.2748109,111398576.52620094,151031086.090794,23449093.465018906,0.005757124698490292,4.7968162574329725,0.32145511522011466,black
191.9799498746867,4382.083434560885,0.004444315455288229,205996.21817168192,521347270.743658,261329345.86352476,111500172.25703996,278519620.4689423,111399379.37725368,151031090.16685322,23449344.638715148,0.005757166698347727,4.79681641438103,0.32145512583574903,black
192.4812030075188,4463.594276096065,0.004526986570588877,206014.85721409126,521347264.48298293,261329354.46205786,111500940.78642659,278519629.6500956,111400164.9599145,151031094.24011782,23449590.40911107,0.005757207794825912,4.796816571091819,0.32145513643541623,black
192.98245614035088,4546.621291975649,0.004611195423191925,206033.8407473208,521347257.8841991,261329363.05558652,111501692.78824836,278519638.8219773,111400933.6469107,151031098.3122217,23449830.89282478,0.005757248007423547,4.796816727628656,0.3214551470233987,black
193.48370927318294,4631.192684170768,0.004696970616267796,206053.17516240978,521347250.9458306,261329371.64755473,111502428.61929706,278519647.9882772,111401685.80295563,151031102.3847925,23450066.20396653,0.0057572873552200875,4.796816884054568,0.3214551576039593,black
193.98496240601503,4717.337179433518,0.004784341285231911,206072.86696728412,521347243.66627187,261329380.2413936,111503148.62868224,278519657.1526694,111402421.78490935,151031106.4594524,23450296.454188995,0.005757325856884153,4.796817040432315,0.3214551681813429,black
194.48621553884712,4805.084038950984,0.004873337107536007,206092.9227888629,521347236.04378736,261329388.84052294,111503853.158,278519666.31881475,111403141.94195122,151031110.53781843,23450521.752741333,0.005757363530682549,4.796817196824417,0.3214551787597779,black
194.98746867167918,4894.463067833796,0.00496398831229164,206113.34937513113,521347228.07651126,261329397.44835243,111504542.54150431,278519675.49036133,111403846.61575489,151031114.62150356,23450742.206523903,0.00575740039448943,4.796817353293177,0.32145518934347833,black
195.48872180451127,4985.504625963544,0.005056325691271859,206134.15359749214,521347219.7624475,261329406.0682831,111505217.10625039,278519684.67094684,111404536.14063509,151031118.71211705,23450957.920134198,0.005757436465793971,4.796817509900704,0.32145519993664495,black
195.98997493734333,5078.239637740681,0.005150380608797734,206155.34245289335,521347211.09946895,261329414.7037088,111505877.1722619,278519693.86419934,111405210.84371834,151031122.8112652,23451168.995920293,0.005757471761709303,4.796817666708947,0.3214552105434677,black
196.49122807017542,5172.699602747826,0.005246185012553309,206176.92306614018,521347202.0853178,261329423.35801724,111506523.05267885,278519703.0737393,111405871.04509425,151031126.92055193,23451375.534028202,0.0057575062989804315,4.79681782377971,0.32145522116812714,black
196.99248120300751,5268.916606726944,0.005343771444718886,206198.90269227387,521347192.7176044,261329432.03459173,111507155.05390185,278519712.3031806,111406517.05796291,151031131.0415795,23451577.63244796,0.005757540093991937,4.796817981174685,0.3214552318147957,black
197.49373433583958,5366.923331905998,0.00544317305244453,206221.28871881592,521347182.9938074,261329440.7368122,111507773.47574727,278519721.55613196,111407149.18879355,151031135.1759491,23451775.387063324,0.0057575731627762805,4.796818138955472,0.32145524248763996,black
197.99498746867167,5466.753068622059,0.005544423599638476,206244.0886682777,521347172.91127264,261329449.4680568,111508378.61158036,278519730.8361989,111407767.73746057,151031139.32526144,23451968.891694307,0.0057576055210209155,4.796818297183602,0.321455253190822,black
198.49624060150376,5568.439726569463,0.00564755747837523,206267.3102005921,521347162.4672134,261329458.231703,111508970.74845606,278519740.14698464,111408372.99738748,151031143.49111748,23452158.238142256,0.0057576371840758365,4.796818455920565,0.32145526392850077,black
198.99749373433582,5672.017845784645,0.005752609720036631,206290.96111549274,521347151.658709,261329467.03112906,111509550.1672631,278519749.49209166,111408965.25569424,151031147.67511892,23452343.516235918,0.0057576681669612665,4.7968186152278305,0.3214552747048342,black
199.4987468671679,5777.522609163354,0.0058596160080070505,206315.04935520337,521347140.48270464,261329475.86971527,111510117.14284536,278519758.87512314,111409544.79332133,151031151.87886897,23452524.813870285,0.00575769848437414,4.796818775166878,0.32145528552398067,black
200.0,5884.9898535259,0.005968612688896009,206339.5830068326,521347128.9360106,261329484.75084528,111510671.94414523,278519768.2996844,111410111.88517615,151031156.10397288,23452702.21705243,0.005757728150695793,4.796818935799217,0.32145529639010084,green
200.2809364548495,-6.152527045767289e-16,0.005946811240132554,-2.1361819425489586e-14,475995686.5803079,258230132.21673763,111446194.79554704,277992992.05645233,111399675.23690198,146796632.7249029,23451565.697103918,0.005757396992453533,4.791024053370693,0.3212032676115987,green
200.561872909699,-6.152330859026065e-16,0.005926688385134551,-2.1361480221232288e-14,436150546.45852596,250299437.97540584,111264844.36062394,275114698.6006558,111337986.80342901,139442782.3566345,23443862.78203428,0.005754810346508645,4.755457749349166,0.31904075411373556,green
200.8428093645485,-6.15233086978436e-16,0.005909639834768523,-2.1361479945278557e-14,401236657.0019404,239185589.40656495,110982493.75958192,269144245.12033176,111200649.26535782,131708759.99953401,23424950.215847183,0.005748501661841998,4.6739252246258225,0.3135983029087119,green
201.12374581939798,-6.152330868885203e-16,0.005896479870093937,-2.136147994259778e-14,370773196.7685653,226159999.8929582,110613355.223215,260272274.02019536,110980163.66488765,124123553.45336781,23391825.14731013,0.00573794964003581,4.543712539301923,0.30470271745110816,green
201.40468227424748,-6.152330868889258e-16,0.005887948380809513,-2.1361479942642597e-14,344321925.8770178,212178258.69894394,110170193.63377401,249089339.39277208,110678012.88315502,116809337.67366104,23342752.30500342,0.0057231537989061885,4.370999953242023,0.2928583152598798,green
201.685618729097,-6.152330868888088e-16,0.005884678771041597,-2.1361479942637694e-14,321467544.9632941,197938418.05313718,109664433.7808311,236298276.92764136,110300208.74301028,109830677.87756458,23276964.182717044,0.005704381560269451,4.166087411328444,0.2788279718171598,green
201.9665551839465,-6.152330868888056e-16,0.005887168756676021,-2.1361479942637564e-14,301816373.5308957,183933267.7246732,109106238.69327019,222568425.09748986,109854789.37486379,103244202.96775211,23194417.922383554,0.005682025588205467,3.9401392791624934,0.26340198755779315,green
202.247491638796,-6.152330868888054e-16,0.005895772706731287,-2.1361479942637558e-14,285000761.1619374,170495622.19545004,108504592.07761635,208470723.17112583,109350425.6909873,97096827.04053757,23095598.705718968,0.0056565238235889576,3.7033983468381964,0.2472863192899626,green
202.5284280936455,-6.152330868888054e-16,0.005910708919045564,-2.1361479942637558e-14,270683301.7439646,157836426.45210886,107867391.73076996,194457453.4611533,108795664.4979347,91420887.69911648,22981362.32607334,0.005628315511711735,3.46439890439315,0.23105880871978174,green
202.80936454849498,-6.152330868888054e-16,0.005932074613328252,-2.1361479942637558e-14,258559040.07329795,146075971.38998917,107201550.42953032,180865265.63568875,108198538.8377617,86232821.12164488,22852810.888586804,0.005597818033937025,3.2297662348806315,0.21516207407372287,green
203.09030100334448,-6.152330868888054e-16,0.00595986405170314,-2.1361479942637558e-14,248355637.66943586,135268846.45433214,106513098.5548318,167929079.93751,107566389.66941963,81534529.2441925,22711196.282751758,0.005565415769537961,3.004324488060397,0.19991464271722914,green
203.37123745819397,-6.152330868888054e-16,0.005993987205974122,-2.1361479942637558e-14,239832023.03124276,125423443.31386854,105807283.56229346,155799868.52478254,106905807.64691794,77316010.83351189,22557846.621155903,0.005531455854146127,2.7913439229434704,0.18552976231995996,green
203.65217391304347,-6.152330868888054e-16,0.006034287571322948,-2.1361479942637558e-14,232776104.62033176,116516882.35470532,105088663.01884377,144562553.96827862,106222641.21994518,73558307.77530386,22394111.381599624,0.005496247805048156,2.592831254049974,0.17213606174415091,green
203.93311036789297,-6.152330868888054e-16,0.006080558383752147,-2.1361479942637558e-14,227002012.56169122,108506202.99298267,104361189.40146239,134252179.96394363,105522039.33062658,70236262.86066137,22221321.545195743,0.005460065219215774,2.4098119813455607,0.15979705338295053,green
204.2140468227425,-6.152330868888054e-16,0.006132556875395383,-2.1361479942637558e-14,222347195.9342394,101336576.45136116,103628285.95696034,124867613.95766419,104808510.10843755,67320868.22962871,22040761.57291132,0.005423148485327285,2.2425804788264685,0.14852811688385978,green
204.49498327759198,-6.152330868888054e-16,0.006190016432609113,-2.1361479942637558e-14,218669583.98788577,94947194.18882371,102892913.65504627,116382651.16821781,104085984.83788271,64781142.63399144,21853650.583285533,0.005385707892479117,2.090909028683828,0.13831053523444647,green
204.77591973244148,-6.152330868888054e-16,0.006252656672643741,-2.1361479942637558e-14,215844931.86172232,89275375.50763246,102157629.70952272,108754702.07582586,103357881.20707195,62585557.534650594,21661130.56631505,0.005347926784479152,1.9542153705508478,0.12910265139624288,green
205.05685618729098,-6.152330868888054e-16,0.006320191555778928,-2.1361479942637558e-14,213764411.3466931,84259334.63877001,101424638.37876241,101931383.42663851,102627162.68505798,60703069.08947178,21464259.884085912,0.00530996456914479,1.831692507431869,0.12084845296614155,green
205.33779264214047,-6.152330868888054e-16,0.006392335715018871,-2.1361479942637558e-14,212332468.5850663,79839956.19655277,100695834.85600558,95855371.81005608,101896392.56269687,59103825.216086395,21264010.665106997,0.005271959488189753,1.7224062269872555,0.11348398255156206,green
205.61872909698997,-6.152330868888054e-16,0.006468809222656596,-2.1361479942637558e-14,211464947.13409093,75961850.3273456,99972843.0744137,90467865.26641776,101167782.17514576,57759615.97550923,21061268.998130076,0.005234031110064955,1.625366145637704,0.10694197980646007,green
205.89966555183946,-6.152330868888054e-16,0.006549341027998014,-2.1361479942637558e-14,211087461.59607598,72573895.02677181,99257048.21669866,85710959.76049577,100443233.37859042,56644128.35867637,20856837.077518333,0.005196282540793045,1.5395757204637706,0.10115512779231578,green
206.18060200668896,-6.152330868888054e-16,0.006633671298540588,-2.1361479942637558e-14,211134000.4213611,69629421.80334075,98549624.65792812,81529199.69098657,99724375.64813815,55733057.03609465,20651436.65214188,0.005158802365790998,1.4640659894401415,0.0960582252905145,green
206.46153846153845,-6.152330868888054e-16,0.006721552882920372,-2.1361479942637558e-14,211545734.00782245,67086160.50002959,97851559.99778594,77870513.730751,99012598.3024649,55004112.851666875,20445713.289880965,0.005121666344731601,1.3979170174592777,0.09158955139957355,green
206.74247491638795,-6.152330868888054e-16,0.006812752092364312,-2.1361479942637558e-14,212270004.180018,64906027.877586156,97163675.76393098,74686703.6180775,98309078.40794365,54436961.85114021,20240241.096550502,0.005084938885244325,1.3402702634583898,0.08769163628853481,green
207.02341137123744,-6.152330868888054e-16,0.006907048971941519,-2.1361479942637558e-14,213259472.4302339,63054820.850319214,96486645.2964422,71933615.95154643,97614804.91044988,54013119.88777057,20035527.627213176,0.005048674321938406,1.290334402019592,0.08431160573036302,green
207.30434782608697,-6.152330868888054e-16,0.007004237206382211,-2.1361479942637558e-14,214471406.254481,61501857.5327085,95821009.25719549,69571095.96834522,96930599.51090573,53715821.449047,19832018.804614797,0.005012918026212157,1.24738655311984,0.08140122811833565,green
207.58528428093646,-6.152330868888054e-16,0.007104123779588851,-2.1361479942637558e-14,215867085.096833,60219596.21699094,95167189.14841032,67562797.34910682,96257134.7553112,53529876.233244464,19630103.718225867,0.004977707370419944,1.2107703987017713,0.07891676101216226,green
207.86622073578596,-6.152330868888054e-16,0.007206528483419219,-2.1361479942637558e-14,217411309.58420613,59183252.985238165,94525499.17160521,65875902.57021613,95594949.75990464,53441523.02512649,19430119.221748356,0.004943072567692192,1.1798922864709631,0.07681866920049246,green
208.14715719063545,-6.152330868888054e-16,0.007311283350517564,-2.1361479942637558e-14,219071999.65070656,58370431.96261531,93896156.71276057,64480793.38750803,94944463.94393362,53438287.38609108,19232354.280309238,0.0049090374064352845,1.1542161277919145,0.07507126691410303,green
208.42809364548495,-6.152330868888054e-16,0.007418232067930291,-2.1361479942637558e-14,220819868.9931905,57760777.57358574,93279291.6972065,63350699.722707644,94305989.09337796,53508847.41957676,19037054.04264141,0.004875619896147023,1.133257670887533,0.07364232201833558,green
208.70903010033445,-6.152330868888054e-16,0.007527229413159464,-2.1361479942637558e-14,222628164.74535838,57335654.98740309,92674955.02303241,62461346.994916975,93679740.03731339,53642910.23537196,18844423.631080966,0.0048428328391348675,1.1165785646368407,0.0725026491685618,green
208.98996655518394,-6.152330868888054e-16,0.007638140741544381,-2.1361479942637558e-14,224472462.4148762,57077862.73743357,92083126.2507998,61790615.84933718,93065844.18059844,53831100.53606189,18654631.65478718,0.004810684340832444,1.103780504191065,0.07162571083082253,green
209.27090301003344,-6.152330868888054e-16,0.007750841543315174,-2.1361479942637558e-14,226330507.18966585,56971380.03148448,91503720.69826631,61318223.88656431,92464350.10026464,54064861.92465879,18467813.459545404,0.004779178269578449,1.0944996600020447,0.07098723925431098,green
209.55183946488293,-6.152330868888054e-16,0.007865217080080889,-2.1361479942637558e-14,228182093.51939815,57001150.24760206,90936596.0634225,61025435.94501572,91875235.38146043,54336370.96701516,18284074.132441357,0.0047483146751214934,1.0884015287013828,0.07056488839256864,green
209.83277591973246,-6.152330868888054e-16,0.007981162103167136,-2.1361479942637558e-14,230008975.42259187,57152901.20870113,90381558.67708081,60894807.20647987,91298413.842218,54638463.616037816,18103491.28299271,0.004718090173763751,1.0851762976642771,0.07033792174405058,green
210.11371237458195,-6.152330868888054e-16,0.008098580650354873,-2.1361479942637558e-14,231794800.529491,57413002.09052786,89838369.46440674,60909961.716375805,90733742.26983263,54964573.326678865,17926117.623227235,0.004688498306697756,1.0845347811920274,0.07028693987474972,green
210.39464882943145,-6.152330868888054e-16,0.008217385912945314,-2.1361479942637558e-14,233525061.36421195,57768356.16143849,89306749.67483753,61055407.69576104,90181026.76772363,55308680.01236798,17751983.368581343,0.004659529876856752,1.0862049623966252,0.07039364981994067,green
210.67558528428094,-6.152330868888054e-16,0.008337500161105772,-2.1361479942637558e-14,235187057.75240713,58206327.71282054,88786386.422384,61316389.85129179,89640028.79145297,55665268.81590351,17581098.480758913,0.0046311732685598555,1.0899291533368545,0.07064067711994305,green
210.95652173913044,-6.152330868888054e-16,0.008458854712720506,-2.1361479942637558e-14,236769864.75039598,58714700.76457382,88276938.06141552,61678777.90413194,89110470.93249872,56029297.557373725,17413454.771676388,0.004603414753190853,1.0954617684175032,0.07101142005451527,green
211.23745819397993,-6.152330868888054e-16,0.008581389929184094,-2.1361479942637558e-14,238264301.0457317,59281666.40291764,87778039.40780921,62128989.69595509,88592042.49008809,56396171.64727269,17249027.885038458,0.004576238783195022,1.1025676911901419,0.07148994461745868,green
211.51839464882943,-6.152330868888054e-16,0.008705055220572688,-2.1361479942637558e-14,239662893.40069357,59895834.82876878,87289306.8024305,62653946.29560119,88084404.85557066,56761725.175003044,17087779.1696722,0.004549628275850853,1.1110211987719356,0.07206091767028279,green
211.79933110367892,-6.152330868888054e-16,0.008829809042677888,-2.1361479942637558e-14,240959833.44694644,60546267.61061231,86810343.00258471,63241055.7552391,87587196.71906349,57122206.856230594,16929657.455817822,0.004523564887494928,1.120605394750518,0.07270957478737262,green
212.08026755852842,-6.152330868888054e-16,0.008955618869279803,-2.1361479942637558e-14,242150923.964079,61222525.170765646,86340741.87836103,63878221.43270837,87100039.09573992,57474269.515696906,16774600.742870638,0.0044980292782206,1.131112088474895,0.07342171840917797,green
212.36120401337791,-6.152330868888054e-16,0.009082461124719145,-2.1361479942637558e-14,243233512.65300667,61914724.31423074,85880092.88423002,64553870.25481738,86622540.15859516,57814961.82020683,16622537.804317817,0.0044730013665035045,1.1423420485037392,0.0741837412260991,green
212.6421404682274,-6.152330868888054e-16,0.009210321064218529,-2.1361479942637558e-14,244206412.33882558,62613600.59788441,85427985.27249788,65256995.89660012,86154299.85652164,58141721.047595404,16473389.713216377,0.0044484605727682265,1.1541055497945205,0.07498266916454654,green
212.92307692307693,-6.152330868888054e-16,0.009339192592469448,-2.1361479942637558e-14,245069807.47126347,63310570.60398712,84984012.01459423,65977211.686749205,85694914.29139344,58452365.79542758,16327071.289547954,0.004424386050617089,1.1662231295644425,0.0758062180484867,green
213.20401337792643,-6.152330868888054e-16,0.009469078013937053,-2.1361479942637558e-14,245825147.57353267,63997789.64263866,84547773.39580226,66704808.15775223,85243979.82340209,58745087.6822806,16183492.46861579,0.004400756904184105,1.178526466859083,0.07664285804018993,green
213.48494983277592,-6.152330868888054e-16,0.009599987712171515,-2.1361479942637558e-14,246475029.13575643,64668201.08155205,84118880.25427814,67430810.37771729,84801096.87460802,59018441.273164995,16042559.588789733,0.004377552390085649,1.1908593021552991,0.07748188008894925,green
213.76588628762542,-6.152330868888054e-16,0.009731939758614774,-2.1361479942637558e-14,247023068.0226544,65315574.31528948,83696956.8395598,68147030.77126524,84365873.40140195,59271331.669164024,15904176.595690146,0.004354752102450815,1.2030783212493068,0.0783134591921025,green
214.04682274247492,-6.152330868888054e-16,0.009864959454573075,-2.1361479942637558e-14,247473764.93867162,65934529.262365066,83281643.27257246,68846113.77154824,83937928.01011159,59502999.40785432,15768246.159479648,0.004332336139673808,1.2150539367058346,0.07912870992384553,green
214.3277591973244,-6.152330868888054e-16,0.009999078812859335,-2.1361479942637558e-14,247832366.7857008,66520546.19415685,82872597.59698361,69521569.44795828,83516892.6952426,59713002.53317348,15634670.701879794,0.004310285251782231,1.2266709124141548,0.0799197305585674,green
214.6086956521739,-6.152330868888054e-16,0.010134335987908394,-2.1361479942637558e-14,248104726.86677223,67069960.56321564,82469497.42011805,70167794.11254144,83102415.18641521,59901195.89007439,15503353.32990128,0.004288580967639308,1.2378287905185221,0.08067963307898339,green
214.8896321070234,-6.152330868888054e-16,0.010270774664803839,-2.1361479942637558e-14,248297166.83783373,67579943.25453345,82072041.14899233,70780076.74410169,82694160.89642707,60067707.86668797,15374198.673709951,0.00426720570151677,1.2484420938350582,0.08140255732283302,green
215.1705685618729,-6.152330868888054e-16,0.010408443418893541,-2.1361479942637558e-14,248416343.12676898,68048467.36933923,81679948.83574192,71354590.92397007,82291814.47132614,60212914.95553009,15247113.627164727,0.004246142839006322,1.258440291418955,0.0820836685288154,green
215.45150501672242,-6.152330868888054e-16,0.010547395058117274,-2.1361479942637558e-14,248469120.2391716,68474263.133607,81292962.65280768,71888372.68435462,81895080.94995685,60337414.60700889,15122007.99041826,0.004225376802576718,1.2677675274745133,0.0827191384003734,green
215.73244147157192,-6.152330868888054e-16,0.010687685960183785,-2.1361479942637558e-14,248462452.9779234,68856762.8998485,80910847.02474809,72379285.31553409,81503686.54804449,60441996.92147599,14998795.015294531,0.004204893097479943,1.276382125562112,0.08330611060656405,green
216.0133779264214,-6.152330868888054e-16,0.01082937541622051,-2.1361479942637558e-14,248403279.18334398,69196038.40162398,80533388.44766402,72825972.64344049,81117379.08750167,60527615.757541806,14877391.855204811,0.004184678339006978,1.284255888979716,0.08384265223944581,green
216.2943143812709,-6.152330868888054e-16,0.010972524991606962,-2.1361479942637558e-14,248298424.12501207,69492732.50690429,80160395.03127939,73227802.65851995,80735928.09765737,60595359.83599251,14757719.922745459,0.004164720262415,1.2913732256305173,0.0843276932425148,green
216.5752508361204,-6.152330868888054e-16,0.011117197913568626,-2.1361479942637558e-14,248154517.27265593,69747987.64965506,79791695.79982078,73584803.54804102,80359124.61807941,60646424.39064088,14639705.158886312,0.004145007717011575,1.2977301297198627,0.08476095608467028,green
216.8561872909699,-6.152330868888054e-16,0.011263458493570088,-2.1361479942637558e-14,247977921.68852094,69963372.99968527,79427139.79014716,73897594.30721268,79986780.7373794,60682083.864400625,14523278.219141424,0.0041255306461402165,1.3033330559010485,0.08514287816179143,green
217.1371237458194,-6.152330868888054e-16,0.011411371591303109,-2.1361479942637558e-14,247774676.01842824,70140812.20252004,79066594.98349296,74167312.01795241,79618728.9018324,60703666.08866643,14408374.582209788,0.004106280054791989,1.3081977208809175,0.08547452935112461,green
217.4180602006689,-6.152330868888054e-16,0.011561002125094167,-2.1361479942637558e-14,247550448.60113356,70282513.27215154,78709947.10823128,74395537.81551023,79254821.03126189,60712528.29324602,14294934.588148156,0.0040872479667725635,1.3123478673461264,0.0857575271180723,green
217.69899665551839,-6.152330868888054e-16,0.01171241463256197,-2.1361479942637558e-14,247310503.1175094,70390901.94312222,78357098.34690073,74584223.32319559,78894927.47634237,60710035.228324465,14182903.412615841,0.00406842737318921,1.3158140214408824,0.0859939513159165,green
217.97993311036788,-6.152330868888054e-16,0.011865672883504107,-2.1361479942637558e-14,247059674.8843646,70468559.49647775,78007965.97996555,74735619.13655536,78538935.85271522,60697539.583805,14072230.984793263,0.004049812174101368,1.3186322722950725,0.08618626062140945,green
218.26086956521738,-6.152330868888054e-16,0.012020839545951394,-2.1361479942637558e-14,246802356.82986355,70518165.80589293,77662480.99493845,74852206.65792255,78186749.78423145,60676364.82078213,13962871.856271459,0.00403139711502518,1.3208430975502778,0.08633721223111505,green
218.5418060200669,-6.152330868888054e-16,0.012177975904896797,-2.1361479942637558e-14,246542494.0531407,70542448.067728,77320586.68657087,74936634.29765294,77838287.58583751,60647790.445578136,13854785.028447352,0.004013177719898678,1.322490254201641,0.08644978612178429,green
218.8227424749164,-6.152330868888054e-16,0.012337141632615586,-2.1361479942637558e-14,246283585.90573487,70544135.48951061,76982237.27023712,74991658.81718503,77493480.91318846,60613039.71116074,13747933.745418275,0.003995150221939138,1.323619749919891,0.0865271148920803,green
219.1036789297659,-6.152330868888054e-16,0.012498394608422253,-2.1361479942637558e-14,246028694.48117858,70525919.99294081,76647396.52770497,75020092.33217171,77152273.40376206,60573269.66623996,13642285.259365207,0.003977311493710413,1.3242789056465083,0.08657241990255683,green
219.3846153846154,-6.152330868888054e-16,0.012661790785102142,-2.1361479942637558e-14,245780458.44754496,70490422.82432953,76316036.50101592,75024755.26154856,76814619.33080772,60529563.430236146,13537810.574927172,0.003959658977542122,1.3245155161243056,0.08658895414911717,green
219.66555183946488,-6.152330868888054e-16,0.012827384098785677,-2.1361479942637558e-14,245541111.2152936,70440166.83933459,75988136.24720377,75008435.31652759,76480482.28839354,60482924.54034208,13434484.178606238,0.003942190617284586,1.3243771115612304,0.08657995207003044,green
219.94648829431438,-6.152330868888054e-16,0.012995226418672704,-2.1361479942637558e-14,245312502.50734633,70377554.12550765,75663680.66358773,74973852.45089583,76149833.9226131,60434273.19194397,13332283.75870424,0.0039249047922175345,1.323910320449872,0.08654858627191096,green
220.22742474916387,-6.152330868888054e-16,0.013165367532885004,-2.1361479942637558e-14,245096122.49082962,70304848.57058915,75342659.39098214,74923629.576811,75822652.72124545,60384444.1838249,13231189.920718417,0.003907800253786097,1.3231603313332103,0.08649793101019208,green
220.50836120401337,-6.152330868888054e-16,0.013337855166684275,-2.1361479942637558e-14,244893127.7162129,70224162.94963364,75025065.80017003,74860268.76093072,75498922.8717848,60334186.374815166,13131185.902606469,0.0038908760657124556,1.32217044956389,0.08643093214312833,green
220.78929765886286,-6.152330868888054e-16,0.013512735028958032,-2.1361479942637558e-14,244704368.18297058,70137450.03492633,74710896.06410739,74786132.48471059,75178633.19458735,60284163.44236675,13032257.29376425,0.0038741315478670753,1.3209817426314705,0.08635038311240227,green
221.0702341137124,-6.152330868888054e-16,0.013690050883314698,-2.1361479942637558e-14,244530414.96741575,70046497.27689683,74400148.31731813,74703429.56034943,74861776.15621564,60234955.75517423,12934391.760947267,0.003857566224192425,1.3196327675667567,0.08625890650149498,green
221.35117056856188,-6.152330868888054e-16,0.013869844640108197,-2.1361479942637558e-14,244371587.9199349,69952924.59269525,74092821.902223,74614205.24390815,74548346.96597764,60187063.17329006,12837578.78387953,0.0038411797748623263,1.3181593729095678,0.08615894065535287,green
221.63210702341138,-6.152330868888054e-16,0.014052156465891717,-2.1361479942637558e-14,244227983.0206079,69858184.81807554,73788916.70086274,74520335.0758759,74238342.75691149,60140908.60077601,12741809.402776003,0.0038249719927667056,1.316594567381089,0.08605273082332567,green
221.91304347826087,-6.152330868888054e-16,0.014237024907048163,-2.1361479942637558e-14,244099499.05482322,69763566.40959118,73488432.54962385,74423521.99057288,73931761.85118102,60096842.130889915,12647075.979558896,0.0038089427443417766,1.3149684474753653,0.08594232429393832,green
222.19397993311037,-6.152330868888054e-16,0.014424487024516992,-2.1361479942637558e-14,243985863.34075648,69670198.00484715,73191368.73335707,74325296.23562731,73628603.10821436,60055145.63596009,12553371.974045489,0.003793091934678469,1.313308176070521,0.08582956898369319,green
222.47491638795987,-6.152330868888054e-16,0.014614578536899943,-2.1361479942637558e-14,243886656.2885219,69579054.50266102,72897723.55551197,74227017.69614534,73328865.35382107,60016037.67408632,12460691.736161485,0.003777419476834002,1.3116380050314014,0.08571611500219915,green
222.75585284280936,-6.152330868888054e-16,0.014807333969314268,-2.1361479942637558e-14,243801334.642054,69490964.33013982,72607493.97904919,74129880.20114051,73032546.88625154,59979678.593579434,12369030.31460392,0.003761925265151186,1.3099793343785573,0.08560341868999495,green
223.03678929765886,-6.152330868888054e-16,0.015002786805807824,-2.1361479942637558e-14,243729253.2704372,69406617.63469279,72320675.33439972,74034917.47935842,72739645.05649997,59946175.73834698,12278383.282464154,0.0037466091524573047,1.308350802165284,0.0854927487321144,green
223.31772575250835,-6.152330868888054e-16,0.015200969643212384,-2.1361479942637558e-14,243669685.44228786,69326575.13846995,72037261.08874245,73943010.41086343,72450155.917772,59915588.66474838,12188746.579671735,0.0037314709308884962,1.3067683987600052,0.08538519392092381,green
223.59866220735785,-6.152330868888054e-16,0.015401914344680077,-2.1361479942637558e-14,243621841.53695527,69251277.44647323,71757242.67175435,73854895.28936994,72164073.93974479,59887934.29901894,12100116.37208151,0.0037165103161203366,1.3052456004365154,0.08528167222363085,green
223.87959866220734,-6.152330868888054e-16,0.015605652191300326,-2.1361479942637558e-14,243584886.1562706,69181054.6246789,71480609.35328993,73771172.84123743,71881391.78346045,59863191.972954825,12012488.926987963,0.0037017269347952397,1.3037935177140803,0.08518294084653917,green
224.16053511705687,-6.152330868888054e-16,0.015812214030433223,-2.1361479942637558e-14,243557953.6644233,69116135.88182962,71207348.16708122,73692317.75631517,71602100.13094625,59841308.28897919,11925860.504263205,0.003687120314843977,1.302421054005573,0.08508960699615917,green
224.44147157190636,-6.152330868888054e-16,0.016021630419613464,-2.1361479942637558e-14,243540162.16809905,69056659.22741467,70937443.87602879,73618688.54459257,71326187.5651785,59822201.77587882,11840227.262564028,0.0036726898784771073,1.3011350712017535,0.0850021391095908,green
224.72240802675586,-6.152330868888054e-16,0.016233931764962444,-2.1361479942637558e-14,243530625.95416284,69002680.98954692,70670878.97473258,73550537.54726034,71053640.49603862,59805767.30068891,11755585.180017976,0.0036584349376232233,1.2999405590788191,0.08492087834412071,green
225.00334448160535,-6.152330868888054e-16,0.016449148453363892,-2.1361479942637558e-14,243528466.46823773,68954185.09735228,70407633.72368759,73488020.94652255,70784443.1262937,59791880.21750788,11671929.988204341,0.0036443546915041532,1.298840805658437,0.08484605013227135,green
225.28428093645485,-6.152330868888054e-16,0.01666731097771191,-2.1361479942637558e-14,243532821.87320146,68911092.0551936,70147686.21143794,73431208.66183491,70518577.4537291,59780400.23565103,11589257.118735535,0.0036304482261468114,1.2978375664660058,0.08477777566360237,green
225.56521739130434,-6.152330868888054e-16,0.016888450054693114,-2.1361479942637558e-14,243542855.25624633,68873267.54399246,69891012.44038372,73380094.02550852,70256023.30478391,59771174.99606789,11507561.661473304,0.0036167145155898074,1.2969312307101104,0.08471608315971453,green
225.84615384615384,-6.152330868888054e-16,0.01711259673473888,-2.1361479942637558e-14,243557761.563525,68840530.60224383,69637586.43220757,73334603.15412019,69996758.39524135,59764043.35197944,11426838.333365805,0.0036031524245525148,1.2961209828285392,0.08466091883733212,green
226.12709030100334,-6.152330868888054e-16,0.017339782503805926,-2.1361479942637558e-14,243576773.32698885,68812661.34592508,69387380.34948671,73294603.94564602,69740758.41419837,59758838.35011608,11347081.457050027,0.0035897607123693896,1.2954049581029075,0.08461215747158796,green
226.40802675585283,-6.152330868888054e-16,0.017570039376937248,-2.1361479942637558e-14,243599165.28323573,68789408.2055732,69140364.6297772,73259914.65192102,69487997.12704943,59755389.919597305,11268284.948098196,0.0035765380379652084,1.2947803913785156,0.08456961249414284,green
226.68896321070235,-6.152330868888054e-16,0.017803399983406343,-2.1361479942637558e-14,243624257.94677213,68770494.65496211,68896508.12934533,73230311.97966874,69238446.49431969,59753527.269581534,11190442.31013234,0.003563482965705352,1.2942437580196087,0.08453304556705217,green
226.96989966555185,-6.152330868888054e-16,0.018039897643547485,-2.1361479942637558e-14,243651420.23248675,68755625.42392167,68655778.27352117,73205538.69202903,68992076.80278979,59753081.00675034,11113546.636800582,0.0035505939719332265,1.2937909065473228,0.08450217559464379,green
227.25083612040135,-6.152330868888054e-16,0.018279566437313637,-2.1361479942637558e-14,243680071.20430124,68744492.18691097,68418141.21112734,73185310.68541388,68748856.80593501,59753884.98112301,11037590.619781375,0.003537869452037658,1.29341718247341,0.0844766871400905,green
227.53177257525084,-6.152330868888054e-16,0.0185224412647127,-2.1361479942637558e-14,243709681.03066275,68736778.72637366,68183561.97063912,73169323.526159,68508753.8708784,59755777.87148774,10962566.561986929,0.003525307727901987,1.2931175430143187,0.08445623822492661,green
227.81270903010034,-6.152330868888054e-16,0.018768557898505206,-2.1361479942637558e-14,243739771.2434744,68732165.58630182,67952004.61596307,73157258.4504551,68271734.12919286,59758604.528696075,10888466.39507036,0.0035129070555924933,1.2928866626998754,0.08444046751206524,green
228.09364548494983,-6.152330868888054e-16,0.019017953029202467,-2.1361479942637558e-14,243769914.35602584,68730334.21040243,67723432.40006208,73148787.8110341,68037762.62946992,59762217.08340256,10815281.700644596,0.0035006656331762137,1.2927190295608295,0.08442900085053996,green
228.37458193979933,-6.152330868888054e-16,0.019270664302870888,-2.1361479942637558e-14,243799732.93266192,68730970.58873677,67497807.91479018,73143579.98597339,67806803.48948345,59766475.838377595,10743003.734412013,0.0034885816085512998,1.2926090321224295,0.08442145719696831,green
228.65551839464882,-6.152330868888054e-16,0.01952673035208938,-2.1361479942637558e-14,243828898.1831567,68733768.42822503,67275093.23556194,73141303.7576681,67578820.04615673,59771249.96037377,10671623.452564811,0.0034766530871938517,1.2925510373142477,0.0844174539208423,green
228.93645484949832,-6.152330868888054e-16,0.019786190820367533,-2.1361479942637558e-14,243857128.1443956,68738431.86009738,67055250.059679605,73141632.1683773,67353775.00179781,59776417.984344095,10601131.539909855,0.003464878139738858,1.2925394593814226,0.08441661149907552,green
229.2173913043478,-6.152330868888054e-16,0.020049086380672473,-2.1361479942637558e-14,243884185.5316953,68744677.72087128,66838239.83752371,73144245.8857268,67131630.56532732,59781868.15211966,10531518.439104173,0.003453254809324983,1.2925688203465127,0.08441855763677317,green
229.4983277591973,-6.152330868888054e-16,0.0203154587482765,-2.1361479942637558e-14,243909875.30713078,68752237.41428097,66624023.895668656,73148836.0798665,66912348.58729306,59787498.594532244,10462774.380587509,0.00344178111863875,1.2926338020314034,0.08442293081459472,green
229.7792642140468,-6.152330868888054e-16,0.02058535068854171,-2.1361479942637558e-14,243934042.03409553,68760858.3892887,66412563.55145093,73155106.84562667,66695890.687792376,59793217.37672098,10394889.41272783,0.003430455076608914,1.292729290192908,0.08442938330004655,green
230.06020066889633,-6.152330868888054e-16,0.020858806020104554,-2.1361479942637558e-14,243956567.07226375,68770305.26001242,66203820.21857615,73162777.19348884,66482218.37657188,59798942.42157763,10327853.431797698,0.0034192746847105187,1.2928504111648786,0.08443758364918746,green
230.34113712374582,-6.152330868888054e-16,0.021135869613907385,-2.1361479942637558e-14,243977365.66196755,68780360.59238817,65997755.503453955,73171582.63260128,66271293.164706536,59804601.32521864,10261656.211446809,0.003408237942845114,1.2929925613910127,0.08444721872467376,green
230.62207357859532,-6.152330868888054e-16,0.021416587388630656,-2.1361479942637558e-14,243996383.9474347,68790825.39092273,65794331.292252794,73181276.37981316,66063076.66755485,59810131.080755435,10196287.431373432,0.003397342854778687,1.2931514304202645,0.08445799526887508,green
230.90301003344482,-6.152330868888054e-16,0.021701006302946024,-2.1361479942637558e-14,244013595.97890332,68801519.30946466,65593509.828565046,73191630.21811263,65857530.69864412,59815477.72264399,10131736.704943223,0.0033865874331172824,1.2933230177548483,0.08446964105845531,green
231.1839464882943,-6.152330868888054e-16,0.021989174345090557,-2.1361479942637558e-14,244029000.7325364,68812280.61638646,65395253.781833954,73202435.03622892,65654617.35440208,59820595.90549428,10067993.60554423,0.0033759697038137078,1.2935036440877612,0.08448190567683943,green
231.4648829431438,-6.152330868888054e-16,0.02228114052025073,-2.1361479942637558e-14,244042619.18102545,68822965.94518216,65199526.30686353,73213501.08296183,65454299.089853354,59825448.43051528,10005047.69152483,0.003365487710209486,1.293689957501166,0.08449456094336565,green
231.7458193979933,-6.152330868888054e-16,0.022576954836144723,-2.1361479942637558e-14,244054491.4438956,68833449.85325645,65006291.094531454,73224657.95986721,65256538.78522578,59830005.72992524,9942888.529559828,0.0033551395166074947,1.2938789350240516,0.08450740102616938,green
232.0267558528428,-6.152330868888054e-16,0.02287666828725687,-2.1361479942637558e-14,244064674.04287976,68843624.2180296,64815512.41413902,73235754.38468936,65061299.80374019,59834245.32088595,9881505.716350561,0.003344923211387843,1.294067880103162,0.08452024227646003,green
232.30769230769232,-6.152330868888054e-16,0.023180332838139472,-2.1361479942637558e-14,244073237.2818149,68853397.49789436,64627155.147915706,73246657.75698817,64868546.040974714,59838151.23924663,9820888.89860995,0.0033348369096857897,1.2942544165276688,0.08453292282095722,green
232.58862876254182,-6.152330868888054e-16,0.02348800140613305,-2.1361479942637558e-14,244080262.7691472,68862693.87986715,64441184.81802431,73257253.55034712,64678241.966034286,59841713.46161188,9761027.79127005,0.003324878755642469,1.2944364792246488,0.08454530194085534,green
232.8695652173913,-6.152330868888054e-16,0.02379972784386261,-2.1361479942637558e-14,244085841.0943646,68871452.3384788,64257567.60666899,73267444.5603094,64490352.65504776,59844927.32405608,9701912.193921056,0.0033150469242544155,1.294612302429958,0.08455725927166605,green
233.1505016722408,-6.152330868888054e-16,0.024115566921826148,-2.1361479942637558e-14,244090069.6728158,68879625.6251062,64076270.36963986,73277150.02969557,64304843.817232296,59847792.9447557,9643532.005437173,0.003305339622833327,1.2947804056054493,0.08456869384918153,green
233.4314381270903,-6.152330868888054e-16,0.02443557431139776,-2.1361479942637558e-14,244093050.76187137,68887179.2118961,63897260.64408046,73286304.68160224,64121681.814277396,59850314.657599896,9585877.236868996,0.0032957550921142963,1.294939577632136,0.08457952303763742,green
233.7123745819398,-6.152330868888054e-16,0.024759806568449227,-2.1361479942637558e-14,244094889.64647993,68894090.20643988,63720506.651097484,73294857.68113247,63940833.67366596,59852500.46096502,9528938.02269008,0.003286291607044198,1.2950888596497399,0.0845896813653174,green
233.9933110367893,-6.152330868888054e-16,0.025088321117869142,-2.1361479942637558e-14,244095693.00810713,68900346.25151172,63545977.29337778,73302771.54136427,63762267.09601006,59854361.48751622,9472704.630333565,0.003276947477253343,1.295227526806004,0.08459911928551686,green
234.2742474916388,-6.152330868888054e-16,0.025421176239207453,-2.1361479942637558e-14,244095567.47442186,68905944.42757519,63373642.1484997,73310020.99673775,63585950.45708916,59855911.499557585,9417167.468115993,0.0032677210472456964,1.29535506932397,0.08460780189068362,green
234.55518394648828,-6.152330868888054e-16,0.02575843105352166,-2.1361479942637558e-14,244094618.3301053,68910890.17130543,63203471.45888182,73316591.86476061,63411852.80563114,59857166.41089939,9362317.091779254,0.003258610696361956,1.2954711732659083,0.08461570760557295,green
234.83612040133778,-6.152330868888054e-16,0.02610014551166826,-2.1361479942637558e-14,244092948.4033153,68915196.22001037,63035436.11836056,73322479.9058176,63239943.85674014,59858143.83997151,9308144.209560161,0.0032496148385097188,1.295575701156835,0.08462282687048651,green
235.11705685618728,-6.152330868888054e-16,0.026446380384114995,-2.1361479942637558e-14,244090657.11298183,68918881.59212822,62869507.65611333,73327689.6971141,63070193.98176124,59858862.69497036,9254639.68596123,0.0032407319217019497,1.2956686727580682,0.08462916083440955,green
235.39799331103677,-6.152330868888054e-16,0.026797197252336834,-2.1361479942637558e-14,244087839.66761774,68921970.6111733,62705658.21841131,73332233.53210422,62902574.19511113,59859342.79180893,9201794.544333829,0.0032319604274313463,1.295750246195845,0.084634720072028,green
235.6789297658863,-6.152330868888054e-16,0.02715265850195821,-2.1361479942637558e-14,244084586.41572222,68924491.98269786,62543860.54853372,73336130.35771877,62737056.13839879,59859604.50754121,9149599.968309259,0.0032232988698970887,1.2958206996613435,0.08463952333935855,green
235.9598662207358,-6.152330868888054e-16,0.02751282731757764,-2.1361479942637558e-14,244080982.32737184,68926477.9265235,62384087.96541879,73339404.75642125,62573612.06252129,59859668.46710191,9098047.30226821,0.0032147457951202203,1.295880413818201,0.08464359637729746,green
236.2408026755853,-6.152330868888054e-16,0.027877767679354366,-2.1361479942637558e-14,244077106.60427633,68927963.36913712,62226314.3412888,73342085.97997297,62412214.80798299,59859555.26435727,9047128.05089027,0.0032062997799604544,1.2959298550402296,0.08464697077144524,green
236.52173913043478,-6.152330868888054e-16,0.028247544361344128,-2.1361479942637558e-14,244073032.40595683,68928985.19907203,62070514.07864878,73344207.04106127,62252837.78390341,59859285.21657216,8996833.87790252,0.0031979594310589245,1.29596955959518,0.0846496828761179,green
236.80267558528428,-6.152330868888054e-16,0.028622222931577734,-2.1361479942637558e-14,244068826.68120146,68929581.58716178,61916662.08698998,73345803.86744305,62095454.94610227,59858878.15134477,8947156.604130087,0.0031897233837273062,1.2960001188631365,0.0846517728085944,green
237.08361204013377,-6.152330868888054e-16,0.02900186975381358,-2.1361479942637558e-14,244064550.09354195,68929791.37042896,61764733.75943022,73346914.51931547,61940040.774556935,59858353.224135235,8898088.204943098,0.0031815903007991436,1.296022165609141,0.08465328351495151,green
237.36454849498327,-6.152330868888054e-16,0.029386551991023416,-2.1361479942637558e-14,244060257.03564543,68929653.50370859,61614704.94956114,73347578.47626902,61786570.250526816,59857728.76684234,8849620.80715876,0.003173558871458619,1.2960363614250845,0.0846542599153258,green
237.64548494983276,-6.152330868888054e-16,0.02977633761042409,-2.1361479942637558e-14,244055995.7143126,68929206.5730391,61466551.94874176,73347835.98984824,61635018.8336891,59857022.163271576,8801746.68553849,0.003165627810065515,1.2960433852823732,0.08465474812465137,green
237.9264214046823,-6.152330868888054e-16,0.03017129539005478,-2.1361479942637558e-14,244051808.3010729,68928488.37139879,61320251.46398357,73347727.50350654,61485362.43945819,59856249.750978604,8754458.258925883,0.0031577958549854376,1.296043923230003,0.08465479475123873,green
238.20735785953178,-6.152330868888054e-16,0.030571494926866453,-2.1361479942637558e-14,244047731.13993025,68927535.53645237,61175780.59662468,73347293.14125799,61337577.416732885,59855426.74824891,8707748.086098006,0.003150061767438291,1.2960386592663038,0.08465444627513051,green
238.48829431438128,-6.152330868888054e-16,0.030977006646147307,-2.1361479942637558e-14,244043794.9988277,68926383.24383587,61033116.82189665,73346572.25939293,61191640.52625365,59854567.202577665,8661608.86142509,0.00314242433037508,1.2960282672936176,0.08465374850008112,green
238.76923076923077,-6.152330868888054e-16,0.0313879018122164,-2.1361479942637558e-14,244040025.35823205,68925064.95347704,60892237.96946043,73345603.05936998,61047528.91968456,59853683.95905302,8616033.410387881,0.003134882347389346,1.2960134041268299,0.08465274607719252,green
239.05016722408027,-6.152330868888054e-16,0.03180425254038929,-2.1361479942637558e-14,244036442.73154432,68923612.209585,60753122.20506711,73344422.26379451,60905220.11960424,59852788.64810259,8571014.68500096,0.0031274346416729306,1.2959947035927306,0.08465148210272955,green
239.33110367892976,-6.152330868888054e-16,0.032226131810024636,-2.1361479942637558e-14,244033063.00638506,68922054.4867544,60615748.01334875,73343064.84793204,60764692.00047701,59851891.68899879,8526545.75921195,0.003120080055020367,1.2959727715941072,0.08464999778155233,green
239.61204013377926,-6.152330868888054e-16,0.03265361347854243,-2.1361479942637558e-14,244029897.80053222,68920419.07770576,60480094.18173636,73341563.82222058,60625922.770638935,59851002.30702226,8482619.824315753,0.003112817446884085,1.2959481820626069,0.08464833215100641,green
239.89297658862876,-6.152330868888054e-16,0.033086772296414706,-2.1361479942637558e-14,244026954.82824534,68918731.0228839,60346139.78562185,73339950.06694241,60488890.95543897,59850128.56376543,8439230.18442227,0.003105645693487817,1.2959214738234477,0.08464652186684855,green
240.17391304347825,-6.152330868888054e-16,0.03352568392296074,-2.1361479942637558e-14,244024238.26974338,68917013.07489511,60213864.17469611,73338252.21142717,60353575.38151229,59849277.39762517,8396370.252017021,0.0030985636869975035,1.2958931482421967,0.08464460104238836,green
240.45484949832775,-6.152330868888054e-16,0.0339704249428733,-2.1361479942637558e-14,244021749.13961065,68915285.69474065,60083246.96046201,73336496.55470112,60219955.16221051,59848454.67305659,8354033.54364159,0.0030915703347511986,1.2958636676019022,0.08464260113733471,green
240.73578595317724,-6.152330868888054e-16,0.03442107288339448,-2.1361479942637558e-14,244019485.64967272,68913567.07642186,59954268.004913956,73334707.02404603,60088009.68420721,59847665.237020575,8312213.675721699,0.0030846645585492463,1.2958334541510779,0.08464055089230532,green
241.01672240802674,-6.152330868888054e-16,0.034877706232057146,-2.1361479942637558e-14,244017443.5622758,68911873.19627817,59826907.41035809,73332905.16757376,59957718.59527833,59846912.98105078,8270904.360566709,0.0030778452940048826,1.2958028897564837,0.08463847630451185,green
241.29765886287626,-6.152330868888054e-16,0.035340404454883956,-2.1361479942637558e-14,244015616.53160903,68910217.88232982,59701145.51026429,73331110.17516099,59829061.79316488,59846200.907292984,8230099.402545401,0.0030711114899507697,1.2957723160625756,0.08463640063794763,green
241.57859531772576,-6.152330868888054e-16,0.035809248015008115,-2.1361479942637558e-14,244013996.42978376,68908612.90206432,59576962.861179344,73329338.92638631,59702019.415567055,59845531.19763092,8189792.694462337,0.003064462107904141,1.2957420351357367,0.08463434446659436,green
241.85953177257525,-6.152330868888054e-16,0.0362843183916236,-2.1361479942637558e-14,244012573.65593317,68907068.06459069,59454340.23560034,73327606.0605316,59576571.83118093,59844905.28451901,8149978.214136647,0.003057896121586139,1.2957123105074115,0.08463232574480756,green
242.14046822742475,-6.152330868888054e-16,0.036765698099209765,-2.1361479942637558e-14,244011337.4256934,68905591.33466463,59333258.6157876,73325924.06593826,59452699.63177397,59844323.92246075,8110650.02119892,0.0030514125164953286,1.2956833685700258,0.08463035990174743,green
242.42140468227424,-6.152330868888054e-16,0.03725347070694422,-2.1361479942637558e-14,244010276.04100162,68904188.95465061,59213699.1883785,73324303.38363253,59330383.62516374,59843787.25902197,8071802.254093798,0.0030450102895284814,1.2956554002361906,0.0846284599537648,green
242.70234113712374,-6.152330868888054e-16,0.037747720858274866,-2.1361479942637558e-14,244009377.13920957,68902865.57300039,59095643.339777924,73322752.52357744,59209604.829082504,59843294.90484396,8033429.127292985,0.003038688448647832,1.2956285628328832,0.0846266366328185,green
242.98327759197323,-6.152330868888054e-16,0.03824853429060145,-2.1361479942637558e-14,244008627.92051688,68901624.37693515,58979072.65226967,73321278.19075046,59090344.465878844,59842846.00187188,7995524.928720417,0.0030324460125923528,1.295602982181886,0.08462489852760974,green
243.26421404682273,-6.152330868888054e-16,0.03875599785502073,-2.1361479942637558e-14,244008015.3531432,68900467.22706875,58863968.900783546,73319885.41822818,58972583.95799639,59842439.289084315,7958084.017387984,0.003026282010630053,1.2955787548172009,0.08462325223408194,green
243.54515050167225,-6.152330868888054e-16,0.03927019953609118,-2.1361479942637558e-14,244007526.35720113,68899394.79180914,58750314.05021702,73318577.70427907,58856304.92412462,59842073.16524979,7921100.821226606,0.0030201954823459013,1.2955559502860405,0.08462170251165058,green
243.82608695652175,-6.152330868888054e-16,0.03979122847159185,-2.1361479942637558e-14,244007147.96766812,68898406.68014908,58638090.2532523,73317357.15158282,58741489.175961666,59841745.748375006,7884569.83510515,0.003014185477462268,1.2955346135000243,0.08462025244289066,green
244.10702341137124,-6.152330868888054e-16,0.04031917497225285,-2.1361479942637558e-14,244006867.47556484,68897501.57143106,58527279.84864343,73316224.60692029,58628118.71556954,59841454.9313269,7848485.619041629,0.003008251055690975,1.2955147671079728,0.08461890359473731,green
244.38795986622074,-6.152330868888054e-16,0.04085413054143709,-2.1361479942637558e-14,244006672.55248445,68896677.34138381,58417865.35981345,73315179.79938538,58516175.7331342,59841198.43413423,7812842.796557435,0.0030023912866070446,1.2954964138528389,0.08461765617864024,green
244.66889632107024,-6.152330868888054e-16,0.041396187894752544,-2.1361479942637558e-14,244006551.35277507,68895931.18263805,58309829.49385018,73314221.47594364,58405642.60525172,59840973.8516879,7777636.053222501,0.002996605249550723,1.2954795388955667,0.08461650920851171,green
244.94983277591973,-6.152330868888054e-16,0.04194544097958579,-2.1361479942637558e-14,244006492.59767243,68895259.71909827,58203155.14076651,73313347.53266428,58296501.8935833,59840778.69725318,7742860.135350904,0.0029908920335494707,1.2954641120737906,0.0846154606542767,green
245.23076923076923,-6.152330868888054e-16,0.042501984994553536,-2.1361479942637558e-14,244006485.6431499,68894659.1136677,58097825.37296211,73312555.14061756,58188736.343806684,59840610.44189453,7708509.848829852,0.0029852507372561425,1.2954500900765562,0.08461450758974005,green
245.51170568561872,-6.152330868888054e-16,0.043065916408864736,-2.1361479942637558e-14,244006520.532082,68894125.16837741,57993823.44483948,73311840.86508739,58082328.884814255,59840466.54962888,7674580.058074836,0.002979680468900778,1.2954374185109256,0.08461364633312773,green
245.79264214046822,-6.152330868888054e-16,0.0436373329816094,-2.1361479942637558e-14,244006588.03382358,68893653.4178444,57891132.79252525,73311200.77867347,57977262.62809126,59840344.508990616,7641065.685085127,0.002974180346252405,1.2954260338686925,0.0846128725808553,green
246.0735785953177,-6.152330868888054e-16,0.044216333780953875,-2.1361479942637558e-14,244006679.66723084,68893239.21368465,57789737.033722006,73310630.56600715,57873520.867322825,59840241.8598003,7607961.70863113,0.0029687494965936357,1.2954158653555656,0.08461218153196966,green
246.3545150501672,-6.152330868888054e-16,0.04480301920327846,-2.1361479942637558e-14,244006787.7136366,68892877.80198528,57689619.96759184,73310125.62149712,57771087.07809365,59840156.21661697,7575263.163519637,0.002963387056700649,1.295406836603775,0.08461156800467748,green
246.6354515050167,-6.152330868888054e-16,0.0453974909922558,-2.1361479942637558e-14,244006905.21935132,68892564.3929076,57590765.574652806,73309681.13898852,57669944.91766473,59840085.28855565,7542965.139939466,0.0029580921728278374,1.2953988672487233,0.08461102654364189,green
246.91638795986623,-6.152330868888054e-16,0.045999852257879975,-2.1361479942637558e-14,244007025.98840374,68892294.22232457,57493158.016668014,73309292.19306651,57570078.224802725,59840026.89554069,7511062.782881382,0.0029528640006958153,1.2953918743645059,0.08461055151769431,green
247.19732441471572,-6.152330868888054e-16,0.04661020749546202,-2.1361479942637558e-14,244007144.56659788,68892062.60566448,57396781.6365062,73308953.81200883,57471471.019635275,59839978.98119016,7479551.291623661,0.0029477017054813644,1.2953857737577161,0.08461013720791906,green
247.47826086956522,-6.152330868888054e-16,0.04722866260461346,-2.1361479942637558e-14,244007256.21834716,68891864.98422672,57301620.957946934,73308661.04244569,57374107.50349663,59839939.62260654,7448425.919271546,0.002942604461807411,1.2953804811196938,0.08460977788611858,green
247.7591973244147,-6.152330868888054e-16,0.047855324908237906,-2.1361479942637558e-14,244007356.89834923,68891696.96516848,57207660.68541697,73308409.00685711,57277972.05873817,59839907.03769062,7417681.972334631,0.002937571453731601,1.295375913055852,0.08460946788492323,green
248.0401337792642,-6.152330868888054e-16,0.04849030317154574,-2.1361479942637558e-14,244007443.21798033,68891554.35438092,57114885.703637384,73308192.95292158,57183049.24848473,59839879.58974381,7387314.810342813,0.002932601874732526,1.2953719879747794,0.08460920165836851,green
248.3210702341137,-6.152330868888054e-16,0.0491337076211133,-2.1361479942637558e-14,244007512.40757763,68891433.18291849,57023281.07717467,73308008.29534182,57089323.8163228,59839855.789703876,7357319.845492118,0.002927694927692802,1.2953686268474354,0.08460897383363962,green
248.6020066889632,-6.152330868888054e-16,0.04978564996400919,-2.1361479942637558e-14,244007562.27577668,68891329.72763084,56932832.04988839,73307850.65075539,56996780.68590652,59839834.296356075,7327692.542311765,0.0029228498248782125,1.295365753846422,0.08460877925466004,green
248.8829431438127,-6.152330868888054e-16,0.05044624340701017,-2.1361479942637558e-14,244007591.16682586,68891240.5265085,56843524.044269904,73307715.86620568,56905404.96047039,59839813.914788924,7298428.417345724,0.0029180657879122967,1.2953632968731459,0.08460861301805458,green
249.16387959866222,-6.152330868888054e-16,0.05111560267592763,-2.1361479942637558e-14,244007597.916556,68891162.38907301,56755342.66066722,73307600.04146504,56815181.92223972,59839793.59327969,7269523.038843929,0.002913342047745879,1.2953611879775955,0.08460847050180643,green
249.44481605351172,-6.152330868888054e-16,0.05179384403506562,-2.1361479942637558e-14,244007581.80762336,68891092.40222488,56668273.67639482,73307499.5456206,56726097.031734146,59839772.418809675,7240972.026458873,0.0029086778446212607,1.2953593636775722,0.08460834738707268,green
249.7257525083612,-6.152330868888054e-16,0.0524810853068251,-2.1361479942637558e-14,244007542.52468562,68891027.93224873,56582303.04473516,73307411.02869682,56638135.92696657,59839749.61149518,7212771.050943054,0.0029040724280311493,1.2953577651906008,0.08460823967405741,green
250.0066889632107,-6.152330868888054e-16,0.053177445891480817,-2.1361479942637558e-14,244007480.10994986,68890966.62308265,56497416.89382616,73307331.42836536,56551284.422529384,59839724.51802449,7184915.833844388,0.0028995250566718873,1.2953563385791502,0.08460814369198402,green
250.2876254180602,-6.152330868888054e-16,0.05388304678715397,-2.1361479942637558e-14,244007394.91959932,68890906.39124754,56413601.525435776,73307257.97215101,56465528.50856618,59839696.604280405,7157402.147196229,0.002895034998390852,1.295355034816039,0.08460805610363376,green
250.5685618729097,-6.152330868888054e-16,0.0545980106100153,-2.1361479942637558e-14,244007287.58182383,68890845.41799515,56330843.41362592,73307188.17571291,56380854.34962652,59839665.447404206,7130225.813197298,0.00289060153012786,1.2953538097797885,0.0846079739051133,green
250.8494983277592,-6.152330868888054e-16,0.05532246161469842,-2.1361479942637558e-14,244007158.95654827,68890782.13970727,56249129.20333404,73307119.83852,56297248.2834309,59839630.72760283,7103382.703881098,0.002886223937851935,1.2953526242030755,0.08460789442242699,green
251.1304347826087,-6.152330868888054e-16,0.056056525714971786,-2.1361479942637558e-14,244007010.09711444,68890715.23612766,56168445.70885635,73307051.0363259,56214696.81952886,59839592.2196167,7076868.740773457,0.002881901516492571,1.2953514435636582,0.08460781530412996,green
251.41137123745818,-6.152330868888054e-16,0.05680033050467028,-2.1361479942637558e-14,244006842.21410236,68890643.61706206,56088779.91224806,73306980.11122796,56133186.63786395,59839549.78405154,7050679.894537197,0.0028776335698661648,1.2953502379314792,0.08460773451099493,green
251.69230769230768,-6.152330868888054e-16,0.05755400527891074,-2.1361479942637558e-14,244006656.64155373,68890566.40786748,56010118.96164558,73306905.65967491,56052704.58724892,59839503.3587,7024812.184602515,0.0028734194105977688,1.295348981778195,0.08460765030311632,green
251.97324414715717,-6.152330868888054e-16,0.0583176810556205,-2.1361479942637558e-14,244006454.8058508,68890482.93400514,55932450.16951506,73306826.51872739,55973237.68375395,59839452.949964486,6999261.678781828,0.002869258360038306,1.2953476537543307,0.08460756122480609,green
252.25418060200667,-6.152330868888054e-16,0.05909149059733782,-2.1361479942637558e-14,244006238.19686466,68890392.70513365,55855761.01084865,73306741.75126554,55894773.10903089,59839398.62446172,6974024.492871635,0.0028651497481784116,1.2953462364465222,0.08460746608812984,green
252.5351170568562,-6.152330868888054e-16,0.059875568433385755,-2.1361479942637558e-14,244006008.34217706,68890295.39871137,55780039.121294565,73306650.62994257,55817298.20855532,59839340.50091034,6949096.790236952,0.0028610929135579515,1.2953447161108071,0.08460736395480678,green
252.8160535117057,-6.152330868888054e-16,0.06067005088236884,-2.1361479942637558e-14,244005766.78381065,68890190.8436897,55705272.29524934,73306552.6207502,55740800.489817545,59839278.742386945,6924474.781382208,0.0028570872031728196,1.2953430823975578,0.08460725411753549,green
253.09698996655518,-6.152330868888054e-16,0.06147507607504502,-2.1361479942637558e-14,244005515.05772027,68890079.0043212,55631448.48391018,73306447.36617704,55665267.62045882,59839213.54899167,6900154.7235075375,0.0028531319723788104,1.2953413280675596,0.08460713608071194,green
253.37792642140468,-6.152330868888054e-16,0.062290783977466596,-2.1361479942637558e-14,244005254.67519745,68889959.96418734,55558555.79330446,73306334.6682656,55590687.42637445,59839145.15083688,6876132.920055198,0.0028492265847937055,1.2953394487051417,0.08460700954094287,green
253.65886287625418,-6.152330868888054e-16,0.06311731641457997,-2.1361479942637558e-14,244004987.10734406,68889833.91079514,55486582.48229076,73306214.47178917,55517047.88977177,59839073.80161483,6852405.720240824,0.0028453704121969253,1.2953374424315407,0.08460687436756899,green
253.93979933110367,-6.152330868888054e-16,0.06395481709378396,-2.1361479942637558e-14,244004713.76922607,68889701.12014338,55415516.96056415,73306086.84745218,55444337.147233985,59838999.77211287,6828969.518586332,0.0028415628344294888,1.2953353096188753,0.08460673058323044,green
254.22073578595317,-6.152330868888054e-16,0.06480343162986862,-2.1361479942637558e-14,244004436.0131207,68889561.94310616,55345347.78658247,73305951.97561315,55372543.48765557,59838923.34548053,6805820.754408184,0.002837803239286981,1.2953330526077687,0.08460657834466229,green
254.50167224080266,-6.152330868888054e-16,0.06566330756947784,-2.1361479942637558e-14,244004155.11751887,68889416.79204279,55276063.665572196,73305810.13115658,55301655.350279585,59838844.81197963,6782955.911329863,0.00283409102241793,1.2953306754477825,0.084606417925051,green
254.7826086956522,-6.152330868888054e-16,0.06653459441577073,-2.1361479942637558e-14,244003872.27799577,68889266.12712616,55207653.44749298,73305661.66762297,55231661.32268397,59838764.46391087,6760371.516783391,0.002830425587219484,1.295328183623654,0.0846062496954211,green
255.06354515050168,-6.152330868888054e-16,0.06741744365465392,-2.1361479942637558e-14,244003588.60608494,68889110.44631457,55140106.12501583,73305507.00444645,55162550.13873648,59838682.592654295,6738064.14147852,0.002826806344731116,1.295325583831349,0.08460607410939598,green
255.34448160535118,-6.152330868888054e-16,0.06831200878035835,-2.1361479942637558e-14,244003305.12349856,68888950.27410986,55073410.83153514,73305346.61355714,55094310.67660917,59838599.48473377,6716030.398895411,0.002823232713531572,1.2953228837457675,0.08460589168740029,green
255.62541806020067,-6.152330868888054e-16,0.06921844532141046,-2.1361479942637558e-14,244003022.75887784,68888786.15098308,55007556.83916437,73305181.00633925,55026931.956762664,59838515.418414176,6694266.944765118,0.0028197041196341764,1.2953200917931702,0.08460570300117819,green
255.90635451505017,-6.152330868888054e-16,0.07013691086780108,-2.1361479942637558e-14,244002742.34916213,68888618.62567174,54942533.5567788,73305010.72337721,54960403.13995106,59838430.66173354,6672770.4765365245,0.0028162199963829614,1.2953172169698604,0.08460550866145058,green
256.18729096989966,-6.152330868888054e-16,0.07106756509798053,-2.1361479942637558e-14,244002464.6391247,68888448.24699068,54878330.52807496,73304836.32394202,54894713.52525379,59838345.470148355,6651537.732853673,0.0028127797843502753,1.2953142686574077,0.08460530930534076,green
256.46822742474916,-6.152330868888054e-16,0.07201056980557169,-2.1361479942637558e-14,244002190.28077343,68888275.55505174,54814937.42960064,73304658.37473857,54829852.54807905,59838260.08399515,6630565.493029411,0.0028093829312329354,1.2953112564249505,0.08460510558292075,green
256.74916387959865,-6.152330868888054e-16,0.07296608892927192,-2.1361479942637558e-14,244001919.84168223,68888101.07970636,54752344.06897101,73304477.44620976,54765809.77830187,59838174.72919383,6609850.576506933,0.0028060288917548487,1.2953081899590553,0.08460489815242114,green
257.03010033444815,-6.152330868888054e-16,0.0739342885785898,-2.1361479942637558e-14,244001653.80077392,68887925.32945488,54690540.382858045,73304294.09902012,54702574.91824757,59838089.61356819,6589389.842343433,0.00280271712756232,1.2953050788283818,0.08460468766422324,green
257.31103678929765,-6.152330868888054e-16,0.07491533706534936,-2.1361479942637558e-14,244001392.5595631,68887748.79332717,54629516.435328946,73304108.88422674,54640137.800935075,59838004.928909265,6569180.188676708,0.0027994471071319392,1.295301932479826,0.08460447476057419,green
257.59197324414714,-6.152330868888054e-16,0.07590940493092088,-2.1361479942637558e-14,244001136.44127727,68887571.93285511,54569262.415930726,73303922.33305798,54578488.38813625,59837920.84860932,6549218.552208887,0.002796218305669621,1.295298760059149,0.08460426006338115,green
257.87290969899664,-6.152330868888054e-16,0.07691666497656892,-2.1361479942637558e-14,244000885.6980066,68887395.1811523,54509768.63797408,73303734.954281,54517616.76858818,59837837.52838194,6529501.907683406,0.002793030205017095,1.295295570360272,0.08460404417074632,green
258.15384615384613,-6.152330868888054e-16,0.07793729229425787,-2.1361479942637558e-14,244000640.51570123,68887218.94178228,54451025.536877744,73303547.23172866,54457513.15627802,59837755.10662864,6510027.26738357,0.0027898822935622544,1.2952923717786984,0.08460382765378695,green
258.4347826086956,-6.152330868888054e-16,0.07897146429500684,-2.1361479942637558e-14,244000401.01778618,68887043.58375652,54393023.668304875,73303359.61709222,54398167.888528466,59837673.70353375,6490791.680602785,0.002786774066139304,1.2952891721824442,0.08460361104784404,green
258.7157190635451,-6.152330868888054e-16,0.0800193607425925,-2.1361479942637558e-14,244000167.27293187,68886869.44520344,54335753.70673471,73303172.53310809,54339571.424493626,59837593.42315332,6471792.233168391,0.0027837050239498218,1.295285978963385,0.08460339485596141,green
258.9966555183946,-6.152330868888054e-16,0.08108116378230304,-2.1361479942637558e-14,243999939.29849896,68886696.82879998,54279206.44363451,73302986.36694632,54281714.34328093,59837514.35260812,6453026.046918954,0.0027806746744647956,1.2952827989187825,0.08460317954081584,green
259.27759197324417,-6.152330868888054e-16,0.08215705797453118,-2.1361479942637558e-14,243999717.06746432,68886526.00474425,54223372.78602041,73302801.47266555,54224587.34244129,59837436.56386237,6434490.279231553,0.0027776825313454425,1.2952796382902647,0.08460296552735623,green
259.5585284280936,-6.152330868888054e-16,0.08324723032652369,-2.1361479942637558e-14,243999500.51283243,68886357.21013482,54168243.754870266,73302618.1695203,54168181.23632614,59837360.11415318,6416182.122537137,0.002774728114357299,1.295276502731338,0.08460275320058373,green
259.83946488294316,-6.152330868888054e-16,0.08435187032394849,-2.1361479942637558e-14,243999289.53347096,68886190.6489971,54113810.483521044,73302436.7408192,54112486.95442064,59837285.04679594,6398098.803824632,0.0027718109492830168,1.2952733972837283,0.08460254290393004,green
260.12040133779266,-6.152330868888054e-16,0.08547116996635441,-2.1361479942637558e-14,243999083.9983556,68886026.49548465,54060064.21637111,73302257.43721649,54057495.53999116,59837211.39266041,6380237.584211192,0.002768930567851435,1.2952703264327239,0.08460233494301536,green
260.40133779264215,-6.152330868888054e-16,0.0866053237977085,-2.1361479942637558e-14,243998883.7522742,68885864.89266165,54006996.307194285,73302080.47398566,54003198.14833599,59837139.17061002,6362595.758431914,0.0027660865076461275,1.2952672940557053,0.08460212958213416,green
260.68227424749165,-6.152330868888054e-16,0.08775452894333957,-2.1361479942637558e-14,243998688.61918712,68885705.95638974,53954598.21794405,73301906.03537698,53949586.04554028,59837068.389048845,6345170.654436059,0.002763278312040078,1.295264303496792,0.08460192704932874,green
260.96321070234114,-6.152330868888054e-16,0.08891898514211992,-2.1361479942637558e-14,243998498.4073724,68885549.7753321,53902861.51718842,73301734.27358606,53896650.60685092,59836999.046626285,6327959.632903384,0.0027605055301106623,1.295261357545546,0.0846017275349297,green
261.24414715719064,-6.152330868888054e-16,0.09009889478239722,-2.1361479942637558e-14,243998312.91293842,68885396.41367748,53851777.878827624,73301565.31157464,53844383.31534418,59836931.13347957,6310960.086824183,0.0027577677165698186,1.2952584584844773,0.08460153119478193,green
261.52508361204013,-6.152330868888054e-16,0.09129446293881247,-2.1361479942637558e-14,243998131.92238542,68885245.91316581,53801339.08083596,73301399.245178,53792775.76062377,59836864.63215064,6294169.441094206,0.0027550644316958646,1.2952556081245732,0.08460133815265765,green
261.80602006688963,-6.152330868888054e-16,0.0925058974030901,-2.1361479942637558e-14,243997955.21913594,68885098.29382342,53751537.00364535,73301236.1427417,53741819.63713542,59836799.51868492,6277585.152007052,0.0027523952412452615,1.2952528077949168,0.08460114849953676,green
262.0869565217391,-6.152330868888054e-16,0.09373340872795372,-2.1361479942637558e-14,243997782.58155033,68884953.55773608,53702363.629314534,73301076.05040838,53691506.74332109,59836735.76341552,6261204.706969124,0.002749759716408274,1.2952500584369544,0.08460096230002662,green
262.3678929765886,-6.152330868888054e-16,0.09497721025474112,-2.1361479942637558e-14,243997613.79160812,68884811.6893402,53653811.03973354,73300918.99074586,53641828.979740694,59836673.33223184,6245025.623938861,0.0027471574337106317,1.2952473605750467,0.08460077959034033,green
262.6488294314381,-6.152330868888054e-16,0.09623751816077283,-2.1361479942637558e-14,243997448.63044572,68884672.65875566,53605871.41594922,73300764.96796289,53592778.34839898,59836612.186901815,6229045.451196498,0.0027445879749782892,1.2952447144109989,0.08460060038473914,green
262.9297658862876,-6.152330868888054e-16,0.09751455148663565,-2.1361479942637558e-14,243997286.88739532,68884536.42291827,53558537.03638814,73300613.96755517,53544346.95088295,59836552.286624804,6213261.766780717,0.0027420509272398537,1.295242119812308,0.08460042467471476,green
263.2107023411371,-6.152330868888054e-16,0.0988085321848672,-2.1361479942637558e-14,243997128.35469717,68884402.9275286,53511800.27618127,73300465.95989433,53496526.987694025,59836493.58785373,6197672.178272281,0.0027395458826917247,1.2952395763785665,0.08460025243351893,green
263.4916387959866,-6.152330868888054e-16,0.10011968514847984,-2.1361479942637558e-14,243996972.83559644,68884272.10934705,53465653.60550626,73300320.90156981,53449310.756510355,59836436.046044394,6182274.32225727,0.002737072438606995,1.295237083460133,0.0846000836174182,green
263.7725752508361,-6.152330868888054e-16,0.10144823826001169,-2.1361479942637558e-14,243996820.13934293,68884143.89672826,53420089.588846326,73300178.73708792,53402690.6514525,59836379.61512126,6167065.864104045,0.002734630197297191,1.295234640191093,0.08459991816794704,green
264.0535117056856,-6.152330868888054e-16,0.10279442242157488,-2.1361479942637558e-14,243996670.08785295,68884018.21267636,53375100.88345794,73300039.40148722,53356659.16147971,59836324.249243185,6152044.497459099,0.0027322187660281695,1.2952322455312255,0.0845997560147507,green
264.3344481605351,-6.152330868888054e-16,0.10415847160464374,-2.1361479942637558e-14,243996522.5111655,68883894.97454324,53330680.2385934,73299902.82086281,53311208.86961762,59836269.9020977,6137207.944020914,0.0027298377569799025,1.2952298982780022,0.08459959707641092,green
264.61538461538464,-6.152330868888054e-16,0.10554062288116121,-2.1361479942637558e-14,243996377.25285217,68883774.0972382,53286820.494048305,73299768.91543378,53266332.45144186,59836216.528538756,6122553.95305995,0.002727486787166962,1.2952275971172782,0.0845994412638851,green
264.8963210702341,-6.152330868888054e-16,0.10694111647570935,-2.1361479942637558e-14,243996234.165313,68883655.4923147,53243514.57942003,73299637.59930772,53222022.67434416,59836164.083687976,6108080.30121037,0.002725165478400356,1.2952253406220164,0.08459928848042882,green
265.17725752508363,-6.152330868888054e-16,0.1083601957946341,-2.1361479942637558e-14,243996093.1153509,68883539.07160126,53200755.512620516,73299508.78406066,53178272.395979196,59836112.524712764,6093784.791974541,0.0027228734572060545,1.2952231273118975,0.08459913862564158,green
265.45819397993307,-6.152330868888054e-16,0.10979810747970183,-2.1361479942637558e-14,243995953.97961077,68883424.7459547,53158536.3991483,73299382.37804076,53135074.563544214,59836061.809853815,6079665.255522469,0.002720610354787553,1.2952209556438457,0.08459899159483132,green
265.7391304347826,-6.152330868888054e-16,0.1112551014446826,-2.1361479942637558e-14,243995816.64671984,68883312.42743392,53116850.43084781,73299258.28875259,53092422.21249684,59836011.899326004,6065719.548290832,0.002718375806958724,1.2952188240526878,0.0845988472817771,green
266.0200668896321,-6.152330868888054e-16,0.11273143091889722,-2.1361479942637558e-14,243995681.01717505,68883202.0300341,53075690.88485543,73299136.4238307,53050308.465476885,59835962.755508356,6051945.552656946,0.0027161694540874613,1.2952167309683598,0.08459870557990049,green
266.3010033444816,-6.152330868888054e-16,0.11422735249755243,-2.1361479942637558e-14,243995547.00068647,68883093.46905178,53035051.12274374,73299016.69075224,53008726.531445205,59835914.34240324,6038341.176690748,0.002713990941050811,1.2952146748124658,0.08459856638203667,green
266.5819397993311,-6.152330868888054e-16,0.11574312617477504,-2.1361479942637558e-14,243995414.51929855,68882986.66404633,52994924.58919518,73298899.00004375,52967669.704307936,59835866.62689163,6024904.353718077,0.002711839917162861,1.2952126540528195,0.08459842958414016,green
266.8628762541806,-6.152330868888054e-16,0.1172790154044489,-2.1361479942637558e-14,243995283.5028182,68882881.53605473,52955304.81136401,73298783.26259454,52927131.362290576,59835819.57732875,6011633.042164981,0.0027097160361423366,1.295210667158943,0.08459829508226537,green
267.1438127090301,-6.152330868888054e-16,0.11883528712757005,-2.1361479942637558e-14,243995153.8921167,68882778.01165363,52916185.39746704,73298669.39425278,52887104.9664748,59835773.165132076,5998525.225082884,0.002707618956035847,1.2952087126809504,0.08459816277792853,green
267.4247491638796,-6.152330868888054e-16,0.12041221183889748,-2.1361479942637558e-14,243995025.63524103,68882676.0194071,52877560.0362054,73298557.31200758,52847584.06023149,59835727.36325575,5985578.910020008,0.0027055483391886068,1.2952067891847172,0.08459803257370338,green
267.7056856187291,-6.152330868888054e-16,0.1220100636131678,-2.1361479942637558e-14,243994898.6893532,68882575.4937095,52839422.495383896,73298446.93857574,52808562.2677939,59835682.14753091,5972792.128558143,0.002703503852169613,1.2952048953314323,0.08459790437863128,green
267.9866220735786,-6.152330868888054e-16,0.12362912017126924,-2.1361479942637558e-14,243994773.01832116,68882476.37195161,52801766.62128228,73298338.19921616,52770033.293630645,59835637.49554345,5960162.9361601,0.002701485165739154,1.295203029822994,0.08459777810450994,green
268.2675585284281,-6.152330868888054e-16,0.125269662914946,-2.1361479942637558e-14,243994648.59301117,68882378.59653062,52764586.33745312,73298231.02427436,52731990.92121213,59835593.38723632,5947689.411783019,0.002699491954784245,1.2952011914466195,0.08459765366892882,green
268.5484949832776,-6.152330868888054e-16,0.1269319769825093,-2.1361479942637558e-14,243994525.39031103,68882282.1140284,52727875.64388944,73298125.34831472,52694429.01216545,59835549.80454609,5935369.657639412,0.002697523898274575,1.2951993790601655,0.08459753099427204,green
268.8294314381271,-6.152330868888054e-16,0.12861635129885213,-2.1361479942637558e-14,243994403.3923479,68882186.87503028,52691628.616095796,73298021.11004308,52657341.50532856,59835506.73124529,5923201.798920706,0.002695580679213144,1.2951975915912437,0.0845974100076598,green
269.11036789297657,-6.152330868888054e-16,0.13032307861844672,-2.1361479942637558e-14,243994282.58616504,68882092.83491512,52655839.40403363,73297918.25339513,52620722.41567234,59835464.15311926,5911183.983470494,0.002693661984579927,1.295195828056573,0.08459729064226598,green
269.39130434782606,-6.152330868888054e-16,0.1320524555890116,-2.1361479942637558e-14,243994162.9627814,68881999.95238447,52620502.23141394,73297816.72582054,52584565.83358399,59835422.057426095,5899314.381592,0.0026917675052945808,1.2951940875323529,0.08459717283530377,green
269.67224080267556,-6.152330868888054e-16,0.1338047827857306,-2.1361479942637558e-14,243994044.51672068,68881908.19088958,52585611.39450861,73297716.48022598,52548865.923651874,59835380.43323141,5887591.185672206,0.00268989693615289,1.2951923691887486,0.08459705653037365,green
269.9531772575251,-6.152330868888054e-16,0.13558036478424404,-2.1361479942637558e-14,243993927.24563894,68881817.51680446,52551161.261569835,73297617.4726838,52513616.924076214,59835339.27084643,5876012.610032945,0.002688049975796146,1.295190672249787,0.08459694167473474,green
270.23411371237455,-6.152330868888054e-16,0.13737951019036282,-2.1361479942637558e-14,243993811.14925113,68881727.90076676,52517146.27159251,73297519.66438471,52478813.14540695,59835298.562056206,5864576.890540738,0.0026862263266451557,1.2951889960283824,0.08459682822169065,green
270.5150501672241,-6.152330868888054e-16,0.13920253171804237,-2.1361479942637558e-14,243993696.22970015,68881639.31612256,52483560.9337845,73297423.01954897,52444448.97000235,59835258.299735054,5853282.284470618,0.002684425694872086,1.2951873398893443,0.08459671612807122,green
270.79598662207354,-6.152330868888054e-16,0.14104974622039554,-2.1361479942637558e-14,243993582.49009493,68881551.7397228,52450399.826364204,73297327.5067524,52410518.85080568,59835218.4778695,5842127.070133224,0.002682647790336548,1.295185703273607,0.08459660535588448,green
271.0769230769231,-6.152330868888054e-16,0.1429214747627649,-2.1361479942637558e-14,243993469.93496376,68881465.15104802,52417657.59594878,73297233.0977011,52377017.31071832,59835179.09137534,5831109.54670516,0.0026808923265529343,1.2951840856763874,0.08459649587082912,green
271.3578595317726,-6.152330868888054e-16,0.14481804266925735,-2.1361479942637558e-14,243993358.56940925,68881379.53219517,52385328.95657412,73297139.76738457,52343938.94160202,59835140.135978475,5820228.033934747,0.0026791590206383252,1.2951824866503958,0.08459638764251474,green
271.6387959866221,-6.152330868888054e-16,0.14673977957943266,-2.1361479942637558e-14,243993248.3987807,68881294.86768383,52353408.688852355,73297047.49389052,52311278.4034191,59835101.608115815,5809480.87189263,0.002677447593267624,1.2951809058027732,0.08459628064425416,green
271.9197324414716,-6.152330868888054e-16,0.14868701951311591,-2.1361479942637558e-14,243993139.4287683,68881211.14405064,52321891.63924088,73296956.2578605,52279030.42348507,59835063.50483478,5798866.420759562,0.0026757577686345626,1.295179342785452,0.08459617485240714,green
272.2006688963211,-6.152330868888054e-16,0.15066010091453358,-2.1361479942637558e-14,243993031.66441533,68881128.34978318,52290772.71903151,73296866.04260294,52247189.79543992,59835025.82363967,5788383.060523177,0.002674089274398008,1.2951777972977512,0.08459607024655896,green
272.4816053511706,-6.152330868888054e-16,0.15265936673044003,-2.1361479942637558e-14,243992925.11088023,68881046.47497848,52260046.90379002,73296776.8334975,52215751.378671564,59834988.562500395,5778029.1908179335,0.002672441841651883,1.2951762690754214,0.08459596680877345,green
272.76254180602007,-6.152330868888054e-16,0.1546851644452202,-2.1361479942637558e-14,243992819.77201766,68880965.5111365,52229709.23223419,73296688.61801293,52184710.09717598,59834951.71960064,5767803.23058913,0.0026708152048656782,1.2951747578918296,0.0845958645236763,green
273.04347826086956,-6.152330868888054e-16,0.15673784617012032,-2.1361479942637558e-14,243992715.65162694,68880885.45105273,52199754.80580383,73296601.38531667,52154060.93911124,59834915.293478526,5757703.617970374,0.00266920910186117,1.2951732635503201,0.08459576337793284,green
273.32441471571906,-6.152330868888054e-16,0.15881776867403938,-2.1361479942637558e-14,243992612.7518865,68880806.2884156,52170178.78749516,73296515.12606843,52123798.95561396,59834879.28269994,5747728.8099365495,0.0026676232737506723,1.2951717858815397,0.084595663360069,green
273.60535117056855,-6.152330868888054e-16,0.16092529347136553,-2.1361479942637558e-14,243992511.07443166,68880728.01785892,52140976.40140124,73296429.83227096,52093919.26032379,59834843.68602057,5737877.282170004,0.002666057464912198,1.295170324740152,0.08459556446024567,green
273.88628762541805,-6.152330868888054e-16,0.16306078686927009,-2.1361479942637558e-14,243992410.61962026,68880650.63460861,52112142.9317571,73296345.4969603,52064417.02841103,59834808.50218662,5728147.528778315,0.0026645114229387292,1.2951688799998315,0.0845954666699194,green
274.16722408026754,-6.152330868888054e-16,0.1652246200348136,-2.1361479942637558e-14,243992311.38659984,68880574.134385,52083673.72222092,73296262.1140655,52035287.49584137,59834773.72991676,5718538.062081917,0.0026629848985998327,1.2951674515507554,0.08459536998167162,green
274.44816053511704,-6.152330868888054e-16,0.16741716906733753,-2.1361479942637558e-14,243992213.37361073,68880498.51336499,52055564.17521955,73296179.6782986,52006525.95870496,59834739.36793291,5709047.412420916,0.0026614776458066436,1.295166039297478,0.08459527438906335,green
274.72909698996654,-6.152330868888054e-16,0.16963881504638864,-2.1361479942637558e-14,243992116.5773441,68880423.76778628,52027809.75100571,73296098.18477109,51978127.77225613,59834705.41476178,5699674.127877187,0.0026599894215617553,1.2951646431525752,0.08459517988620394,green
275.01003344481603,-6.152330868888054e-16,0.17188994412272757,-2.1361479942637558e-14,243992020.9937444,68880349.8942387,52000405.967209734,73296017.62920952,51950088.35045034,59834671.86892607,5690416.774140576,0.0026585199859350313,1.2951632630399466,0.0845950864679742,green
275.2909698996655,-6.152330868888054e-16,0.17417094755516319,-2.1361479942637558e-14,243991926.61718532,68880276.889058,51973348.39778062,73295938.00733618,51922403.16486631,59834638.72866222,5681273.934198045,0.0026570691020073754,1.2951618988844176,0.08459499412932048,green
275.571906354515,-6.152330868888054e-16,0.17648222181266146,-2.1361479942637558e-14,243991833.44133627,68880204.74880421,51946632.67264569,73295859.31531416,51895067.74435275,59834605.992172725,5672244.208230327,0.0026556365358522548,1.2951605506190436,0.08459490286575001,green
275.8528428093646,-6.152330868888054e-16,0.1788241686087529,-2.1361479942637558e-14,243991741.45847616,68880133.46962795,51920254.47663833,73295781.5490645,51868077.67393624,59834573.65735501,5663326.213297713,0.002654222056478734,1.2951592181735099,0.08459481267254278,green
276.133779264214,-6.152330868888054e-16,0.18119719499887407,-2.1361479942637558e-14,243991650.66006944,68880063.04764026,51894209.549092494,73295704.70462924,51841428.59440289,59834541.7219837,5654518.583217664,0.0026528254358096095,1.295157901480169,0.08459472354516132,green
276.41471571906357,-6.152330868888054e-16,0.18360171343706239,-2.1361479942637558e-14,243991561.036608,68879993.47865236,51868493.68301308,73295628.77786599,51815116.20145113,59834510.183616154,5645819.968320486,0.0026514464486372008,1.2951566004687605,0.08459463547889158,green
276.695652173913,-6.152330868888054e-16,0.18603814184741163,-2.1361479942637558e-14,243991472.57765663,68879924.75812443,51843102.72439451,73295553.7643724,51789136.24499462,59834479.03958437,5637229.035247605,0.0026500848725869598,1.2951553150650543,0.08459454846875065,green
276.97658862876256,-6.152330868888054e-16,0.18850690370914328,-2.1361479942637558e-14,243991385.27209982,68879856.88131398,51818032.57167758,73295479.6596285,51763484.52860515,59834448.28707029,5628744.466789551,0.002648740488088382,1.2951540451932044,0.08459446250964638,green
277.25752508361205,-6.152330868888054e-16,0.19100842810788152,-2.1361479942637558e-14,243991299.10798132,68879789.84295951,51793279.1748719,73295406.45861906,51738156.90861652,59834417.922995284,5620364.961627892,0.002647413078328245,1.2951527907691993,0.08459437759593191,green
277.53846153846155,-6.152330868888054e-16,0.19354314984019616,-2.1361479942637558e-14,243991214.07282498,68879723.63763192,51768838.53518836,73295334.15622431,51713149.293746345,59834387.94416243,5612089.234223775,0.002646102429230846,1.2951515517075427,0.08459429372185986,green
277.81939799331104,-6.152330868888054e-16,0.19611150945386951,-2.1361479942637558e-14,243991130.1535066,68879658.25933689,51744706.704070725,73295262.74673033,51688457.6441069,59834358.34712769,5603916.014533606,0.0026448083294063887,1.2951503279127132,0.08459421088100125,green
278.10033444816054,-6.152330868888054e-16,0.1987139533626089,-2.1361479942637558e-14,243991047.33648065,68879593.70189774,51720879.78290261,73295192.2242794,51664077.97090364,59834329.128338024,5595844.047919307,0.0026435305701352197,1.2951491192869546,0.08459412906677521,green
278.38127090301003,-6.152330868888054e-16,0.20135093388703987,-2.1361479942637558e-14,243990965.60777158,68879529.95863286,51697353.922061,73295122.58245373,51640006.33546772,59834300.28404,5587872.094870075,0.0026422689453173454,1.2951479257229492,0.08459404827195054,green
278.66220735785953,-6.152330868888054e-16,0.2040229093605585,-2.1361479942637558e-14,243990884.95307806,68879467.02258752,51674125.32053003,73295053.81455477,51616238.84886001,59834271.81035889,5579998.93088601,0.002641023251451748,1.2951467471086742,0.08459396848897578,green
278.943143812709,-6.152330868888054e-16,0.20673034419756237,-2.1361479942637558e-14,243990805.35784674,68879404.88647175,51651190.225195825,73294985.91350757,51592771.6711496,59834243.70329139,5572223.346269485,0.0026397932875987227,1.295145583325671,0.08459388970986154,green
279.2240802675585,-6.152330868888054e-16,0.20947370896970788,-2.1361479942637558e-14,243990726.8073342,68879343.54264116,51628544.930204794,73294918.87182355,51569601.010757186,59834215.95870869,5564544.145934956,0.002638578855345603,1.2951444342483525,0.08459381192613298,green
279.505016722408,-6.152330868888054e-16,0.21225348050516257,-2.1361479942637558e-14,243990649.2866509,68879282.98322472,51606185.77650949,73294852.68175706,51546723.12399004,59834188.572398275,5556960.149273178,0.0026373797587824744,1.2951432997467303,0.0845937351290156,green
279.7859531772575,-6.152330868888054e-16,0.21507014194371937,-2.1361479942637558e-14,243990572.78087786,68879223.2000125,51584109.15106419,73294787.33513631,51524134.31421893,59834161.54004852,5549470.189913618,0.00263619580445922,1.295142179683368,0.08459365930922742,green
280.066889632107,-6.152330868888054e-16,0.21792418285638493,-2.1361479942637558e-14,243990497.2750237,68879164.18462376,51562311.48651386,73294722.82358965,51501830.931559816,59834134.8572897,5542073.115630612,0.002635026801368896,1.2951410739173896,0.08459358445725206,green
280.3478260869565,-6.152330868888054e-16,0.22081609929000393,-2.1361479942637558e-14,243990422.75420624,68879105.92840485,51540789.260324664,73294659.13837674,51479809.371983826,59834108.51969044,5534767.788086522,0.002633872560901267,1.295139982301397,0.08459351056312846,green
280.628762541806,-6.152330868888054e-16,0.22374639389476517,-2.1361479942637558e-14,243990349.20354876,68879048.42255987,51519538.99451217,73294596.27057855,51458066.07703943,59834082.52277995,5527553.082749667,0.0026327328968283026,1.295138904684876,0.08459343761668305,green
280.9096989966555,-6.152330868888054e-16,0.22671557597494668,-2.1361479942637558e-14,243990276.60836235,68878991.6581104,51498557.254829966,73294534.2110084,51436597.5330218,59834056.862061776,5520427.888654271,0.0026316076252608177,1.2951378409125207,0.08459336560741518,green
281.19063545150505,-6.152330868888054e-16,0.22972416160219997,-2.1361479942637558e-14,243990204.95408225,68878935.62595618,51477840.65038468,73294472.95030327,51415400.27057917,59834031.53302205,5513391.108285423,0.0026304965646279164,1.295136790825877,0.08459329452460924,green
281.4715719063545,-6.152330868888054e-16,0.232772673697608,-2.1361479942637558e-14,243990134.22633043,68878880.31689866,51457385.83304297,73294412.47894168,51394470.864105836,59834006.53114464,5506441.657402972,0.0026293995356453086,1.29513575426362,0.08459322435735338,green
281.75250836120404,-6.152330868888054e-16,0.23586164211353536,-2.1361479942637558e-14,243990064.41098008,68878825.72165743,51437189.496833794,73294352.7872518,51373805.93113055,59833981.851924546,5499578.464864093,0.0026283163612833777,1.2951347310616572,0.08459315509454632,green
282.0334448160535,-6.152330868888054e-16,0.2389916037483305,-2.1361479942637558e-14,243989995.49408555,68878771.83090425,51417248.37756107,73294293.86546966,51353402.13192044,59833957.490867905,5492800.4725076575,0.002627246866746505,1.2951337210541944,0.08459308672497025,green
282.314381270903,-6.152330868888054e-16,0.24216310260633986,-2.1361479942637558e-14,243989927.46203387,68878718.63528964,51397559.25207604,73294235.70374289,51333256.16873607,59833933.4435201,5486106.634938524,0.00262619087943418,1.29513272407371,0.08459301923728854,green
282.5953177257525,-6.152330868888054e-16,0.24537668993387524,-2.1361479942637558e-14,243989860.3014015,68878666.12544891,51378118.938005045,73294178.29216745,51313364.78555353,59833909.705447875,5479495.919445878,0.0026251482289264883,1.2951317399516875,0.08459295262009603,green
282.876254180602,-6.152330868888054e-16,0.24863292426902037,-2.1361479942637558e-14,243989793.99913228,68878614.29205436,51358924.29297465,73294121.62081914,51293724.76727096,59833886.272278264,5472967.30577354,0.002624118746942694,1.2951307685190605,0.08459288686194898,green
283.1571906354515,-6.152330868888054e-16,0.25193237158378445,-2.1361479942637558e-14,243989728.54239202,68878563.12579605,51339972.21435842,73294065.67975813,51274332.939450175,59833863.1396734,5466519.786043947,0.002623102267327745,1.2951298096063821,0.08459282195137684,green
283.438127090301,-6.152330868888054e-16,0.2552756053450177,-2.1361479942637558e-14,243989663.91869196,68878512.6174383,51321259.63857631,73294010.45907693,51255186.16759938,59833840.30336308,5460152.364550331,0.002622098626014831,1.2951288630445938,0.08459275787693434,green
283.7190635451505,-6.152330868888054e-16,0.25866320663141323,-2.1361479942637558e-14,243989600.1158386,68878462.7578169,51302783.540695034,73293955.94890706,51236281.35676459,59833817.75913724,5453864.057637522,0.0026211076610040507,1.2951279286651711,0.0845926946272115,green
284.0,-6.152330868888054e-16,0.2620957642414462,-2.1361479942637558e-14,243989537.12191206,68878413.53784584,51284540.9339793,73293902.1394319,51217615.45107064,59833795.502844855,5447653.893568277,0.0026201292123384516,1.2951270063003653,0.08459263219085023,red
284.20100502512565,-6.152330868888054e-16,0.2645796188470069,-2.1361479942637558e-14,243989492.54085416,68878378.70939244,51271630.32720686,73293864.06431389,51204405.2660065,59833779.75329918,5443258.054181766,0.0026194367431873807,1.2951263536455802,0.08459258801163791,red
284.40201005025125,-6.152330868888054e-16,0.2670870134245257,-2.1361479942637558e-14,243989448.36378688,68878344.20053066,51258836.669853784,73293826.33936702,51191314.742169894,59833764.14758879,5438901.37788576,0.00261875054325989,1.2951257069954452,0.08459254423892393,red
284.6030150753769,-6.152330868888054e-16,0.2696181711847756,-2.1361479942637558e-14,243989404.5866211,68878310.0080338,51246158.902178,73293788.96107614,51178342.79528363,59833748.68425921,5434583.51943903,0.0026180705557981875,1.2951250662897906,0.08459250086863383,red
284.8040201005025,-6.152330868888054e-16,0.27217331728475536,-2.1361479942637558e-14,243989361.2053476,68878276.12871154,51233595.97517431,73293751.92595899,51165488.352055095,59833733.361876994,5430304.1369685,0.0026173967246188178,1.2951244314689838,0.08459245789672924,red
285.00502512562815,-6.152330868888054e-16,0.2747526790526095,-2.1361479942637558e-14,243989318.21602896,68878242.55940713,51221146.84905489,73293715.23056354,51152750.34862162,59833718.17902784,5426062.891481243,0.0026167289940313256,1.2951238024738878,0.08459241531920546,red
285.20603015075375,-6.152330868888054e-16,0.27735648601751084,-2.1361479942637558e-14,243989275.61480045,68878209.29699996,51208810.4935806,73293678.87147142,51140127.73088943,59833703.13431745,5421859.446972151,0.0026160673088559926,1.295123179245923,0.08459237313209528,red
285.4070351758794,-6.152330868888054e-16,0.27998496986041965,-2.1361479942637558e-14,243989233.39786658,68878176.33840606,51196585.8877829,73293642.84529915,51127619.4542492,59833688.22637115,5417693.4703390235,0.002615411614408976,1.2951225617270856,0.08459233133147048,red
285.60804020100505,-6.152330868888054e-16,0.2826383644584315,-2.1361479942637558e-14,243989191.5614986,68878143.68057911,51184472.0198706,73293607.14869997,51115224.483480714,59833673.453833885,5413564.631354644,0.0026147618564973346,1.295121949859986,0.08459228991344445,red
285.80904522613065,-6.152330868888054e-16,0.2853169058814942,-2.1361479942637558e-14,243989150.10203496,68878111.32051057,51172467.88723656,73293571.77836385,51102941.79275961,59833658.815370254,5409472.602668803,0.0026141179814193802,1.295121343587846,0.084592248874172,red
286.0100502512563,-6.152330868888054e-16,0.28802083247356186,-2.1361479942637558e-14,243989109.01587585,68878079.25523132,51160572.49626947,73293536.73102087,51090770.36546498,59833644.30966433,5405417.059752598,0.002613479935954628,1.2951207428545626,0.0845922082098536,red
286.2110552763819,-6.152330868888054e-16,0.29075038477739384,-2.1361479942637558e-14,243989068.29948753,68878047.48181017,51148784.86250083,73293502.00343809,51078709.194329605,59833629.93541971,5401397.680941836,0.002612847667371649,1.2951201476046512,0.08459216791673158,red
286.41206030150755,-6.152330868888054e-16,0.2935058056819752,-2.1361479942637558e-14,243989027.9493915,68878015.99735676,51137104.01019944,73293467.59242582,51066757.28102525,59833615.69135895,5397414.147316741,0.002612221123406413,1.2951195577833605,0.0845921279910979,red
286.61306532663315,-6.152330868888054e-16,0.29628734032820436,-2.1361479942637558e-14,243988987.96217108,68877984.79901929,51125528.97261377,73293433.49483317,51054913.63641056,59833601.57622375,5393466.142773721,0.0026116002522752328,1.2951189733365909,0.08459208842928871,red
286.8140703517588,-6.152330868888054e-16,0.2990952362125051,-2.1361479942637558e-14,243988948.3344622,68877953.88398634,51114058.791628934,73293399.70755216,51043177.28018018,59833587.58877427,5389553.353923397,0.002610985002656445,1.2951183942109732,0.08459204922768966,red
287.0150753768844,-6.152330868888054e-16,0.30192974316740284,-2.1361479942637558e-14,243988909.062955,68877923.24948539,51102692.51782326,73293366.22751568,51031547.2409226,59833573.72778888,5385675.470107188,0.002610375323693431,1.2951178203538303,0.08459201038273331,red
287.21608040201005,-6.152330868888054e-16,0.30479111339688875,-2.1361479942637558e-14,243988870.1443903,68877892.89278337,51091429.21034016,73293333.05169876,51020022.55598916,59833559.99206387,5381832.183359203,0.0026097711649877764,1.2951172517132021,0.08459197189090079,red
287.4170854271357,-6.152330868888054e-16,0.30767960148507334,-2.1361479942637558e-14,243988831.57555977,68877862.8111852,51080267.936895534,73293300.17711669,51008602.27150155,59833546.38041304,5378023.188408355,0.0026091724765996615,1.2951166882378138,0.08459193374871964,red
287.6180904522613,-6.152330868888054e-16,0.3105954644291744,-2.1361479942637558e-14,243988793.35330096,68877833.0020356,51069207.77358675,73293267.60082832,50997285.44215646,59833532.89166755,5374248.1826214185,0.002608579209037666,1.2951161298771339,0.08459189595276788,red
287.81909547738695,-6.152330868888054e-16,0.31353896167047646,-2.1361479942637558e-14,243988755.47449675,68877803.46271588,51058247.80487715,73293235.31993204,50986071.13120972,59833519.524674945,5370506.865998272,0.0026079913132579353,1.2951155765813072,0.08459185849966928,red
288.02010050251255,-6.152330868888054e-16,0.31651035510831116,-2.1361479942637558e-14,243988717.93607292,68877774.19064511,51047387.123503484,73293203.33156773,50974958.41038168,59833506.27829912,5366798.941144314,0.002607408740659242,1.2951150283011867,0.08459182138609575,red
288.2211055276382,-6.152330868888054e-16,0.31950990911870863,-2.1361479942637558e-14,243988680.73499638,68877745.18327984,51036624.83040392,73293171.63291676,50963946.35978345,59833493.15142006,5363124.113248934,0.0026068314430791385,1.2951144849883394,0.08459178460876747,red
288.4221105527638,-6.152330868888054e-16,0.32253789059016963,-2.1361479942637558e-14,243988643.86827454,68877716.43811059,51025960.03468059,73293140.22119758,50953034.06787872,59833480.1429327,5359482.090074184,0.0026062593727919597,1.2951139465949635,0.08459174816444752,red
288.62311557788945,-6.152330868888054e-16,0.3255945689352651,-2.1361479942637558e-14,243988607.33295092,68877687.95266536,51015391.853460625,73293109.0936711,50942220.63134152,59833467.251747355,5355872.581913457,0.0026056924825013975,1.2951134130739905,0.08459171204994863,red
288.8241206030151,-6.152330868888054e-16,0.32868021612314113,-2.1361479942637558e-14,243988571.12610656,68877659.72450493,51004919.41188436,73293078.24763434,50931505.155044205,59833454.47678858,5352295.30158768,0.002605130725339872,1.2951128843789703,0.0845916762621255,red
289.0251256281407,-6.152330868888054e-16,0.3317951066983171,-2.1361479942637558e-14,243988535.24485606,68877631.75122438,50994541.843001574,73293047.68042317,50920886.75195133,59833441.81699507,5348749.964414464,0.002604574054862992,1.2951123604641215,0.08459164079787818,red
289.22613065326635,-6.152330868888054e-16,0.3349395178065013,-2.1361479942637558e-14,243988499.6863467,68877604.03045185,50984258.28770344,73293017.38941091,50910364.54305,59833429.271319166,5345236.288187674,0.0026040224250459174,1.2951118412843075,0.08459160565415041,red
289.42713567839195,-6.152330868888054e-16,0.33811372922351546,-2.1361479942637558e-14,243988464.44775832,68877576.5598467,50974067.894660525,73292987.3720059,50899937.65728647,59833416.83872637,5341753.9931587335,0.0026034757902800502,1.2951113267949954,0.08459157082792691,red
289.6281407035176,-6.152330868888054e-16,0.3413180233700486,-2.1361479942637558e-14,243988429.526299,68877549.33710031,50963969.82023824,73292957.62565345,50889605.231479675,59833404.51819492,5338302.8020115625,0.0026029341053685168,1.29511081695229,0.08459153631623566,red
289.8291457286432,-6.152330868888054e-16,0.34455268535087946,-2.1361479942637558e-14,243988394.9192073,68877522.35993375,50953963.22844359,73292928.14783226,50879366.41026673,59833392.308715485,5334882.439846233,0.0026023973255233242,1.295110311712872,0.08459150211614364,red
290.03015075376885,-6.152330868888054e-16,0.3478180029670073,-2.1361479942637558e-14,243988360.6237478,68877495.62609786,50944047.29083734,73292898.93605559,50869220.34601313,59833380.20929058,5331492.634153015,0.0026018654063606705,1.2951098110340198,0.08459146822475838,red
290.23115577889445,-6.152330868888054e-16,0.35111426674957213,-2.1361479942637558e-14,243988326.63721204,68877469.13337202,50934221.18648178,73292869.98786925,50859166.198759265,59833368.21893431,5328133.114796415,0.0026013383038981496,1.2951093148735744,0.08459143463922561,red
290.4321608040201,-6.152330868888054e-16,0.3544417699870427,-2.1361479942637558e-14,243988292.95691788,68877442.87956321,50924484.101876415,73292841.30085069,50849203.136154644,59833356.33667208,5324803.613995841,0.0026008159745513223,1.2951088231899217,0.08459140135672792,red
290.63316582914575,-6.152330868888054e-16,0.35780080873797937,-2.1361479942637558e-14,243988259.58020437,68877416.8625056,50914835.23085315,73292812.87260936,50839330.33335074,59833344.56153974,5321503.8662946215,0.002600298375128114,1.295108335942005,0.0845913683744858,red
290.83417085427135,-6.152330868888054e-16,0.36119168187216083,-2.1361479942637558e-14,243988226.50443554,68877391.08005928,50905273.77455459,73292784.70078443,50829546.97297869,59833332.89258375,5318233.60855289,0.002599785462827656,1.2951078530892806,0.0845913356897544,red
291.035175879397,-6.152330868888054e-16,0.36461469109834777,-2.1361479942637558e-14,243988193.7270002,68877365.53010955,50895798.9413737,73292756.78304376,50819852.24508765,59833321.32886096,5314992.579929385,0.0025992771952370597,1.2951073745916988,0.08459130329982249,red
291.2361809045226,-6.152330868888054e-16,0.3680701409703887,-2.1361479942637558e-14,243988161.2453039,68877340.2105662,50886409.94682131,73292729.11708458,50810245.34700924,59833309.869437315,5311780.521842496,0.002598773530324345,1.2951069004097246,0.08459127120201367,red
291.43718592964825,-6.152330868888054e-16,0.371558338935441,-2.1361479942637558e-14,243988129.0567754,68877315.1193627,50877106.01352847,73292701.70063132,50800725.48335993,59833298.51338852,5308597.17797006,0.0025982744264385614,1.2951064305042903,0.08459123939368321,red
291.63819095477385,-6.152330868888054e-16,0.3750795953637813,-2.1361479942637558e-14,243988097.15886703,68877290.25445579,50867886.37118778,73292674.53143471,50791291.86598102,59833287.25979995,5305442.294231619,0.0025977798423066495,1.2951059648367833,0.0845912078722173,red
291.8391959798995,-6.152330868888054e-16,0.3786342235497115,-2.1361479942637558e-14,243988065.54904526,68877265.61382368,50858750.256416045,73292647.6072716,50781943.71379819,59833276.107764855,5302315.618748131,0.0025972897370261164,1.2951055033690473,0.08459117663503296,red
292.04020100502515,-6.152330868888054e-16,0.3822225397642652,-2.1361479942637558e-14,243988034.22479823,68877241.19546647,50849696.91275786,73292620.92594384,50772680.25282513,59833265.056385554,5299216.901842069,0.002596804070065216,1.2951050460633573,0.08459114567957658,red
292.24120603015075,-6.152330868888054e-16,0.38584486328671086,-2.1361479942637558e-14,243988003.18363583,68877216.99740599,50840725.590628035,73292594.48527801,50763500.7161046,59833254.104773365,5296145.896019972,0.0025963228012598726,1.295104592882416,0.08459111500332343,red
292.4422110552764,-6.152330868888054e-16,0.3895015164038345,-2.1361479942637558e-14,243987972.42308152,68877193.01768273,50831835.547184885,73292568.28312324,50754404.34357889,59833243.25204662,5293102.35593527,0.002595845890806922,1.29510414378932,0.08459108460377551,red
292.643216080402,-6.152330868888054e-16,0.3931928244640224,-2.1361479942637558e-14,243987941.94067854,68877169.25435747,50823026.04632455,73292542.3173519,50745390.38208399,59833232.497332,5290086.038385672,0.0025953732992637984,1.295103698747567,0.08459105447846202,red
292.84422110552765,-6.152330868888054e-16,0.39691911591067275,-2.1361479942637558e-14,243987911.73399055,68877145.70551133,50814296.35862785,73292516.5858596,50736458.085295126,59833221.83976462,5287096.702296987,0.0025949049875456927,1.2951032577210577,0.08459102462493943,red
293.04522613065325,-6.152330868888054e-16,0.40068072228124413,-2.1361479942637558e-14,243987881.80059466,68877122.36924191,50805645.76123949,73292491.08656162,50727606.71360336,59833211.27848598,5284134.108687678,0.002594440916919112,1.2951028206740345,0.0845909950407874,red
293.2462311557789,-6.152330868888054e-16,0.4044779782618853,-2.1361479942637558e-14,243987852.1380865,68877099.24366555,50797073.53785893,73292465.81739472,50718835.53410607,59833200.81264535,5281198.020665213,0.002593981049001379,1.2951023875711125,0.08459096572361081,red
293.4472361809045,-6.152330868888054e-16,0.408311221723351,-2.1361479942637558e-14,243987822.7440811,68877076.32691757,50788578.978693984,73292440.77631731,50710143.820559576,59833190.44139988,5278288.203411834,0.0025935253457581514,1.2951019583772798,0.08459093667103984,red
293.64824120603015,-6.152330868888054e-16,0.41218079371884175,-2.1361479942637558e-14,243987793.6162069,68877053.61714819,50780161.380336285,73292415.96130541,50701530.85325178,59833180.1639127,5275404.42414805,0.002593073769496783,1.2951015330578315,0.08459090788072547,red
293.8492462311558,-6.152330868888054e-16,0.41608703854046314,-2.1361479942637558e-14,243987764.75211024,68877031.11252503,50771820.045756854,73292391.37035485,50692995.918997504,59833169.97935418,5272546.45213032,0.002592626282866072,1.2951011115784057,0.08459087935034187,red
294.0502512562814,-6.152330868888054e-16,0.42003030375828104,-2.1361479942637558e-14,243987736.14945635,68877008.81123345,50763554.28426592,73292367.00148167,50684538.31109748,59833159.886902235,5269714.058638602,0.0025921828488541156,1.2951006939049887,0.08459085107758683,red
294.25125628140705,-6.152330868888054e-16,0.4240109402133298,-2.1361479942637558e-14,243987707.80592367,68876986.71147238,50755363.41137847,73292342.8527177,50676157.3292008,59833149.88574032,5266907.016936997,0.0025917434307811357,1.295100280003842,0.08459082306017678,red
294.45226130653265,-6.152330868888054e-16,0.42802930207622863,-2.1361479942637558e-14,243987679.71920794,68876964.81145674,50747246.74881391,73292318.92211294,50667852.279304504,59833139.975058675,5264125.102272631,0.0025913079922994507,1.2950998698415404,0.08459079529584933,red
294.6532663316583,-6.152330868888054e-16,0.4320857468972676,-2.1361479942637558e-14,243987651.88702416,68876943.10941885,50739203.62447503,73292295.20773698,50659622.47373212,59833130.15405501,5261368.091868647,0.002590876497392351,1.2950994633849968,0.084590767782365,red
294.8542713567839,-6.152330868888054e-16,0.4361806355860846,-2.1361479942637558e-14,243987624.3071005,68876921.60360315,50731233.37229269,73292271.70767339,50651467.230974756,59833120.42193217,5258635.764878891,0.002590448910365807,1.295099060601366,0.08459074051750072,red
295.05527638190955,-6.152330868888054e-16,0.4403143324766872,-2.1361479942637558e-14,243987596.9771822,68876900.29226907,50723335.33223427,73292248.42002258,50643385.87569975,59833110.7778995,5255927.902389325,0.002590025195848919,1.2950986614580944,0.08459071349905312,red
295.2562814070352,-6.152330868888054e-16,0.44448720538249903,-2.1361479942637558e-14,243987569.89503327,68876879.17369284,50715508.85028789,73292225.34290387,50635377.738734476,59833101.2211736,5253244.287412499,0.002589605318793061,1.2950982659229537,0.08459068672484085,red
295.4572864321608,-6.152330868888054e-16,0.44869962557394194,-2.1361479942637558e-14,243987543.058432,68876858.24616227,50707753.27831142,73292202.47444956,50627442.15691193,59833091.750976145,5250584.704843481,0.0025891892444638315,1.2950978739639396,0.08459066019269776,red
295.65829145728645,-6.152330868888054e-16,0.45295196784260616,-2.1361479942637558e-14,243987516.46517357,68876837.5079793,50700067.974034004,73292179.8128078,50619578.473072305,59833082.366535105,5247948.941459282,0.002588776938441123,1.2950974855493214,0.08459063390047618,red
295.85929648241205,-6.152330868888054e-16,0.45724461055203236,-2.1361479942637558e-14,243987490.1130708,68876816.95746133,50692452.301030874,73292157.35614397,50611786.036037125,59833073.0670851,5245336.785910671,0.0025883683666177736,1.2950971006476646,0.08459060784604848,red
296.0603015075377,-6.152330868888054e-16,0.46157793563739963,-2.1361479942637558e-14,243987463.99995252,68876796.59293813,50684905.6286152,73292135.1026372,50604064.20049869,59833063.851866394,5242748.028690302,0.002587963495193793,1.2950967192277718,0.08459058202730312,red
296.2613065326633,-6.152330868888054e-16,0.46595232864606007,-2.1361479942637558e-14,243987438.1236641,68876776.4127524,50677427.33179687,73292113.0504809,50596412.32697789,59833054.72012506,5240182.462119953,0.002587562290674161,1.2950963412586904,0.08459055644214505,red
296.46231155778895,-6.152330868888054e-16,0.47036817879557463,-2.1361479942637558e-14,243987412.48206803,68876756.41526121,50670016.79126836,73292091.19788443,50588829.78180973,59833045.67111349,5237639.880345504,0.0025871647198680656,1.295095966709743,0.08459053108849794,red
296.66331658291455,-6.152330868888054e-16,0.47482587899025464,-2.1361479942637558e-14,243987387.07304358,68876736.59883466,50662673.39332531,73292069.54307154,50581315.93706205,59833036.70409002,5235120.079313251,0.0025867707498846604,1.2950955955504997,0.0845905059643021,red
296.8643216080402,-6.152330868888054e-16,0.47932582584219546,-2.1361479942637558e-14,243987361.89448664,68876716.96185492,50655396.52979425,73292048.0842791,50573870.17046164,59833027.81831855,5232622.856748295,0.0025863803481292083,1.2950952277507544,0.0845904810675131,red
297.06532663316585,-6.152330868888054e-16,0.48386841973542893,-2.1361479942637558e-14,243987336.94431004,68876697.50271781,50648185.598026626,73292026.81975906,50566491.86538809,59833019.01306912,5230148.012151822,0.00258599348230275,1.2950948632805612,0.08459045639610399,red
297.26633165829145,-6.152330868888054e-16,0.48845406485707327,-2.1361479942637558e-14,243987312.2204437,68876678.2198324,50641040.000842005,73292005.7477779,50559180.410815686,59833010.287617736,5227695.346783926,0.0025856101203990747,1.2950945021102236,0.08459043194806481,red
297.4673366834171,-6.152330868888054e-16,0.49308316920174766,-2.1361479942637558e-14,243987287.72083437,68876659.11161944,50633959.14643206,73291984.86661465,50551935.2012152,59833001.64124595,5225264.663635162,0.0025852302306995922,1.2950941442102595,0.08459040772140004,red
297.6683417085427,-6.152330868888054e-16,0.49775614464101164,-2.1361479942637558e-14,243987263.44344574,68876640.1765128,50626942.44836048,73291964.17456275,50544755.636553764,59832993.073241256,5222855.767425556,0.0025848537817733204,1.2950937895514338,0.08459038371413088,red
297.86934673366835,-6.152330868888054e-16,0.5024734069676644,-2.1361479942637558e-14,243987239.38625854,68876621.41295958,50619989.32552484,73291943.66993015,50537641.12225589,59832984.582897164,5220468.464592733,0.0025844807424748495,1.295093438104761,0.08459035992429538,red
298.07035175879395,-6.152330868888054e-16,0.5072353758860042,-2.1361479942637558e-14,243987215.54727063,68876602.81941842,50613099.20204296,73291923.35103703,50530591.06908719,59832976.1695127,5218102.563258449,0.0025841110819382713,1.2950930898414639,0.08459033634994574,red
298.2713567839196,-6.152330868888054e-16,0.5120424750857638,-2.1361479942637558e-14,243987191.92449683,68876584.39436068,50606271.507256694,73291903.21621746,50523604.89315826,59832967.832392745,5215757.873228696,0.002583744769577377,1.2950927447330038,0.08459031298915028,red
298.47236180904525,-6.152330868888054e-16,0.5168951322972194,-2.1361479942637558e-14,243987168.51596883,68876566.13627088,50599505.675707094,73291883.26381995,50516682.01589923,59832959.5708481,5213434.205985666,0.0025833817750843275,1.2950924027510888,0.08459028983999399,red
298.67336683417085,-6.152330868888054e-16,0.5217937792709747,-2.1361479942637558e-14,243987145.31973562,68876548.04364504,50592801.14701092,73291863.49220513,50509821.86393351,59832951.384195164,5211131.374651414,0.00258302206842306,1.2950920638676344,0.0845902669005759,red
298.8743718592965,-6.152330868888054e-16,0.5267388518547887,-2.1361479942637558e-14,243987122.33386332,68876530.11499166,50586157.365865156,73291843.89974716,50503023.869082324,59832943.27175608,5208849.193988219,0.0025826656198295254,1.2950917280547878,0.0845902441690107,red
299.0753768844221,-6.152330868888054e-16,0.5317307900580923,-2.1361479942637558e-14,243987099.55643436,68876512.34883212,50579573.782032326,73291824.48483431,50496287.46834972,59832935.23285884,5206587.480393445,0.002582312399810896,1.2950913952849377,0.0845902216434295,red
299.27638190954775,-6.152330868888054e-16,0.536770038023849,-2.1361479942637558e-14,243987076.9855489,68876494.74369942,50573049.85021177,73291805.24586713,50489612.103790894,59832927.26683704,5204346.051861693,0.0025819623791386984,1.2950910655306818,0.08459019932197746,red
299.47738693467335,-6.152330868888054e-16,0.5418570441095782,-2.1361479942637558e-14,243987054.61932394,68876477.29813889,50566585.0300462,73291786.18125947,50482997.22251885,59832919.373030014,5202124.727985746,0.0025816155288491526,1.295090738764846,0.08459017720281521,red
299.678391959799,-6.152330868888054e-16,0.5469922609487718,-2.1361479942637558e-14,243987032.45589268,68876460.01070832,50560178.78610155,73291767.28943875,50476442.276683815,59832911.55078276,5199923.32994989,0.002581271820242096,1.2950904149604887,0.0845901552841191,red
299.8793969849246,-6.152330868888054e-16,0.5521761454394295,-2.1361479942637558e-14,243987010.49340585,68876442.87997739,50553830.587762326,73291748.56884506,50469946.72336619,59832903.799445964,5197741.680498945,0.0025809312248753946,1.295090094090884,0.08459013356408009,red
300.08040201005025,-6.152330868888054e-16,0.5574091588064359,-2.1361479942637558e-14,243986988.7300309,68876425.9045279,50547539.90921335,73291730.01793149,50463510.02455784,59832896.118375935,5195579.603932097,0.0025805937145639613,1.2950897761295281,0.08459011204090412,red
300.2814070351759,-6.152330868888054e-16,0.5626917666678819,-2.1361479942637558e-14,243986967.16395155,68876409.0829538,50541306.22942437,73291711.63516428,50457131.64714632,59832888.506934606,5193436.9260976035,0.002580259261378934,1.2950894610501427,0.08459009071281247,red
300.4824120603015,-6.152330868888054e-16,0.568024439044237,-2.1361479942637558e-14,243986945.7933683,68876392.413861,50535129.03207126,73291693.41902256,50450811.06283436,59832880.9644895,5191313.474369226,0.0025799278376434625,1.2950891488266691,0.08459006957804122,red
300.68341708542715,-6.152330868888054e-16,0.5734076503966672,-2.1361479942637558e-14,243986924.61649856,68876375.8958674,50529007.80548964,73291675.36799824,50444547.748092294,59832873.49041376,5189209.077631997,0.0025795994159302322,1.2950888394332674,0.08459004863484122,red
300.88442211055275,-6.152330868888054e-16,0.5788418797013273,-2.1361479942637558e-14,243986903.63157573,68876359.52760284,50522942.04266702,73291657.48059617,50438341.18415009,59832866.08408606,5187123.56627909,0.002579273969061039,1.2950885328443185,0.08459002788147835,red
301.0854271356784,-6.152330868888054e-16,0.5843276104765558,-2.1361479942637558e-14,243986882.83684957,68876343.30770902,50516931.2411846,73291639.755334,50432190.8569378,59832858.74489058,5185056.772194177,0.0025789514701036803,1.2950882290344223,0.08459000731623326,red
301.286432160804,-6.152330868888054e-16,0.5898653308002009,-2.1361479942637558e-14,243986862.23058653,68876327.23483954,50510974.90314898,73291622.19074212,50426096.25701568,59832851.47221705,5183008.528730888,0.002578631892368304,1.295087927978396,0.0845899869374013,red
301.48743718592965,-6.152330868888054e-16,0.5954555333905962,-2.1361479942637558e-14,243986841.81106886,68876311.30765978,50505072.53518963,73291604.7853636,50420056.8795716,59832844.26546067,5180978.670711217,0.00257831520940727,1.295087629651274,0.08458996674329251,red
301.6884422110553,-6.152330868888054e-16,0.6010987156500747,-2.1361479942637558e-14,243986821.57659462,68876295.5248468,50499223.64841742,73291587.53775416,50414072.2243786,59832837.124022014,5178967.034412713,0.002578001395012935,1.2950873340283078,0.08458994673223166,red
301.8894472361809,-6.152330868888054e-16,0.6067953796645303,-2.1361479942637558e-14,243986801.52547833,68876279.88508947,50493427.7583403,73291570.44648221,50408141.79570868,59832830.04730719,5176973.457543298,0.0025776904232131448,1.295087041084964,0.08458992690255807,red
302.09045226130655,-6.152330868888054e-16,0.6125460322899835,-2.1361479942637558e-14,243986781.65605003,68876264.38708827,50487684.3848642,73291553.51012866,50402265.10233365,59832823.03472765,5174997.779240675,0.002577382268271281,1.2950867507969244,0.08458990725262557,red
302.29145728643215,-6.152330868888054e-16,0.6183511852097896,-2.1361479942637558e-14,243986761.96665514,68876249.02955513,50481993.05226413,73291536.72728686,50396441.65749561,59832816.085700095,5173039.840063159,0.002577076904684711,1.2950864631400822,0.08458988778080237,red
302.4924623115578,-6.152330868888054e-16,0.624211354920406,-2.1361479942637558e-14,243986742.4556551,68876233.81121369,50476353.289089486,73291520.09656273,50390670.978810064,59832809.19964669,5171099.481961475,0.0025767743071797348,1.2950861780905467,0.08458986848547123,red
302.6934673366834,-6.152330868888054e-16,0.6301270628219664,-2.1361479942637558e-14,243986723.12142655,68876218.730799,50470764.62816644,73291503.61657453,50384952.58826834,59832802.375994846,5169176.548278615,0.0025764744507117037,1.2950858956246376,0.08458984936502922,red
302.89447236180905,-6.152330868888054e-16,0.6360988352878085,-2.1361479942637558e-14,243986703.9623612,68876203.78705736,50465226.60657909,73291487.28595272,50379286.012218304,59832795.61417711,5167270.8837435795,0.0025761773104640154,1.2950856157188835,0.08458983041788751,red
303.0954773869347,-6.152330868888054e-16,0.6421272036388188,-2.1361479942637558e-14,243986684.97686613,68876188.97874658,50459738.76556779,73291471.10334018,50373670.78126039,59832788.913631365,5165382.334441139,0.002575882861842678,1.2950853383500254,0.08458981164247162,red
303.2964824120603,-6.152330868888054e-16,0.6482127042372509,-2.1361479942637558e-14,243986666.16336346,68876174.30463573,50454300.65053215,73291455.06739199,50368106.43025062,59832782.27380065,5163510.747811879,0.00257559108047647,1.2950850634950126,0.08458979303722122,red
303.49748743718595,-6.152330868888054e-16,0.6543558785672229,-2.1361479942637558e-14,243986647.52028972,68876159.76350482,50448911.811020024,73291439.17677511,50362592.49828934,59832775.69413302,5161655.972648228,0.002575301942216345,1.2950847911309982,0.08458977460058975,red
303.69849246231155,-6.152330868888054e-16,0.6605572731998048,-2.1361479942637558e-14,243986629.0460966,68876145.35414524,50443571.80062166,73291423.43016881,50357128.528612934,59832769.17408174,5159817.859062971,0.002575015423129782,1.2950845212353455,0.08458975633104489,red
303.8994974874372,-6.152330868888054e-16,0.666817439892528,-2.1361479942637558e-14,243986610.73925015,68876131.07535936,50438280.17697498,73291407.82626426,50351714.06859927,59832762.71310512,5157996.258489993,0.0025747314995010605,1.2950842537856218,0.08458973822706813,red
304.1005025125628,-6.152330868888054e-16,0.6731369356637038,-2.1361479942637558e-14,243986592.59823075,68876116.92596036,50433036.50174826,73291392.36376438,50346348.66974986,59832756.310666375,5156191.023678465,0.002574450147830332,1.2950839887595953,0.08458972028715453,red
304.30150753768845,-6.152330868888054e-16,0.6795163227820397,-2.1361479942637558e-14,243986574.6215331,68876102.90477243,50427840.340557046,73291377.04138404,50341031.887605056,59832749.96623375,5154402.008667962,0.002574171344829185,1.295083726135239,0.08458970250981304,red
304.50251256281405,-6.152330868888054e-16,0.6859561688395202,-2.1361479942637558e-14,243986556.8076661,68876089.01063056,50422691.26294635,73291361.85784988,50335763.28172559,59832743.67928045,5152629.068782492,0.0025738950674196845,1.295083465890727,0.08458968489356623,red
304.7035175879397,-6.152330868888054e-16,0.6924570468340625,-2.1361479942637558e-14,243986539.1551524,68876075.24238035,50417588.8423788,73291346.81190002,50330542.41568065,59832737.44928447,5150872.060626318,0.0025736212927337425,1.2950832080044306,0.08458966743695,red
304.90452261306535,-6.152330868888054e-16,0.699019535182455,-2.1361479942637558e-14,243986521.66252863,68876061.59887807,50412532.65617139,73291331.90228425,50325368.85698303,59832731.27572868,5149130.842064775,0.0025733499981097324,1.2950829524549197,0.08458965013851365,red
305.10552763819095,-6.152330868888054e-16,0.7056442177657367,-2.1361479942637558e-14,243986504.32834497,68876048.07899058,50407522.28545605,73291317.12776385,50320242.17704892,59832725.158100754,5147405.272212076,0.0025730811610903855,1.295082699220962,0.08458963299681996,red
305.3065326633166,-6.152330868888054e-16,0.7123316840209489,-2.1361479942637558e-14,243986487.15116525,68876034.68159513,50402557.315173574,73291302.48711145,50315161.951191574,59832719.0958931,5145695.211428768,0.0025728147594224564,1.2950824482815193,0.08458961601044476,red
305.5075376884422,-6.152330868888054e-16,0.7190825289750213,-2.1361479942637558e-14,243986470.12956646,68876021.4055793,50397637.334026136,73291287.97911088,50310127.75857279,59832713.0886028,5144000.521307181,0.002572550771054191,1.2950821996157456,0.08458959917797698,red
305.70854271356785,-6.152330868888054e-16,0.7258973532661057,-2.1361479942637558e-14,243986453.262139,68876008.24984102,50392761.93442147,73291273.60255733,50305139.18214579,59832707.13573164,5142321.064654406,0.0025722891741323385,1.295081953202989,0.08458958249801866,red
305.90954773869345,-6.152330868888054e-16,0.7327767632431322,-2.1361479942637558e-14,243986436.54748628,68875995.21328838,50387930.71247064,73291259.35625704,50300195.80865293,59832701.236785986,5140656.70549093,0.002572029947002032,1.2950817090227866,0.0845895659691846,red
306.1105527638191,-6.152330868888054e-16,0.7397213710185037,-2.1361479942637558e-14,243986419.98422465,68875982.29483949,50383143.26795353,73291245.23902713,50295297.2285904,59832695.39127675,5139007.309039835,0.0025717730682049394,1.2950814670548634,0.08458954959010231,red
306.3115577889447,-6.152330868888054e-16,0.7467317944689359,-2.1361479942637558e-14,243986403.57098323,68875969.49342255,50378399.20425069,73291231.24969584,50290443.036138505,59832689.5987194,5137372.741706191,0.0025715185164756245,1.295081227279133,0.08458953335941213,red
306.51256281407035,-6.152330868888054e-16,0.7538086573414613,-2.1361479942637558e-14,243986387.30640385,68875956.80797562,50373698.12834374,73291217.38710211,50285632.82916204,59832683.858633876,5135752.871076443,0.0025712662707415624,1.295080989675694,0.08458951727576688,red
306.713567839196,-6.152330868888054e-16,0.7609525893231028,-2.1361479942637558e-14,243986371.18914086,68875944.23744655,50369039.65079123,73291203.6500956,50280866.20918564,59832678.170544535,5134147.56591068,0.0025710163101218494,1.2950807542248273,0.08458950133783172,red
306.9145728643216,-6.152330868888054e-16,0.7681642260243503,-2.1361479942637558e-14,243986355.2178609,68875931.78079292,50364423.38565166,73291190.03753665,50276142.781315014,59832672.53398013,5132556.696119403,0.0025707686139230888,1.295080520906997,0.08458948554428426,red
307.11557788944725,-6.152330868888054e-16,0.7754442090904633,-2.1361479942637558e-14,243986339.39124292,68875919.436982,50359848.950485416,73291176.54829612,50271462.15423885,59832666.948473744,5130980.132763379,0.0025705231616394873,1.2950802897028488,0.08458946989381433,red
307.31658291457285,-6.152330868888054e-16,0.7827931862863392,-2.1361479942637558e-14,243986323.70797813,68875907.20499049,50355315.96633886,73291163.18125519,50266823.94021266,59832661.413562804,5129417.748048343,0.00257027993295201,1.2950800605932047,0.08458945438512375,red
307.5175879396985,-6.152330868888054e-16,0.7902118114656492,-2.1361479942637558e-14,243986308.1667695,68875895.08380458,50350824.05766147,73291149.93530552,50262227.75497391,59832655.928788945,5127869.4152999995,0.0025700389077239452,1.2950798335590654,0.08458943901692643,red
307.7185929648241,-6.152330868888054e-16,0.7977007446863346,-2.1361479942637558e-14,243986292.7663319,68875883.07241984,50346372.85230831,73291136.80934891,50257673.2177446,59832650.49369803,5126335.008964079,0.0025698000660010385,1.295079608581607,0.08458942378794815,red
307.91959798994975,-6.152330868888054e-16,0.8052606523089123,-2.1361479942637558e-14,243986277.50539216,68875871.16984104,50341961.981530674,73291123.80229731,50253159.95122161,59832645.10784012,5124814.404602936,0.002569563388010983,1.2950793856421783,0.08458940869692635,red
308.1206030150754,-6.152330868888054e-16,0.8128922069542441,-2.1361479942637558e-14,243986262.38268843,68875859.37508214,50337591.079889655,73291110.91307269,50248687.58148841,59832639.77076936,5123307.478869504,0.002569328854158809,1.2950791647223008,0.08458939374261022,red
308.321608040201,-6.152330868888054e-16,0.8205960876256848,-2.1361479942637558e-14,243986247.39697048,68875847.68716615,50333259.785260424,73291098.140607,50244255.73801929,59832634.482044,5121814.109507891,0.002569096445027104,1.2950789458036662,0.08458937892376046,red
308.52261306532665,-6.152330868888054e-16,0.8283729798014164,-2.1361479942637558e-14,243986232.5469995,68875836.10512514,50328967.73881841,73291085.48384197,50239864.053665325,59832629.241226345,5120334.17534868,0.002568866141375274,1.2950787288681354,0.08458936423914913,red
308.72361809045225,-6.152330868888054e-16,0.8362235754191271,-2.1361479942637558e-14,243986217.8315479,68875824.62799998,50324714.584969975,73291072.94172911,50235512.16458342,59832624.0478827,5118867.556287894,0.002568637924135838,1.295078513897735,0.08458934968755963,red
308.9246231155779,-6.152330868888054e-16,0.8441485729686763,-2.1361479942637558e-14,243986203.2493991,68875813.25484037,50320499.971339375,73291060.51322955,50231199.71022291,59832618.90158331,5117414.133282494,0.0025684117744137263,1.295078300874658,0.08458933526778654,red
309.1256281407035,-6.152330868888054e-16,0.852148677593052,-2.1361479942637558e-14,243986188.7993477,68875801.98470475,50316323.54875863,73291048.19731401,50226926.3333153,59832613.801902376,5115973.788346798,0.0025681876734857403,1.295078089781261,0.0845893209786356,red
309.32663316582915,-6.152330868888054e-16,0.8602246011020914,-2.1361479942637558e-14,243986174.48019925,68875790.8166602,50312184.97121463,73291035.99296261,50222691.67982004,59832608.748417966,5114546.404536243,0.0025679656027977195,1.2950778806000627,0.08458930681892343,red
309.5276381909548,-6.152330868888054e-16,0.8683770620312457,-2.1361479942637558e-14,243986160.29076988,68875779.74978226,50308083.89581831,73291023.89916487,50218495.39889308,59832603.74071199,5113131.865937683,0.002567745543962899,1.2950776733137415,0.08458929278747758,red
309.7286432160804,-6.152330868888054e-16,0.8766067857538652,-2.1361479942637558e-14,243986146.22988662,68875768.78315502,50304019.982799314,73291011.91491954,50214337.14288135,59832598.778370164,5111730.057667197,0.002567527478761616,1.2950774679051358,0.0845892788831363,red
309.92964824120605,-6.152330868888054e-16,0.8849145045205334,-2.1361479942637558e-14,243986132.29638708,68875757.91587092,50299992.89546604,73291000.0392346,50210216.56728192,59832593.86098201,5110340.865857689,0.0025673113891391754,1.295077264357241,0.08458926510474853,red
310.13065326633165,-6.152330868888054e-16,0.8933009574882852,-2.1361479942637558e-14,243986118.4891192,68875747.1470306,50296002.300161265,73290988.271127,50206133.33069654,59832588.98814073,5108964.177645157,0.0025670972572034764,1.2950770626532078,0.08458925145117371,red
310.3316582914573,-6.152330868888054e-16,0.9017668908425169,-2.1361479942637558e-14,243986104.80694145,68875736.47574304,50292047.866260044,73290976.60962279,50202087.09482955,59832584.15944325,5107599.881167493,0.002566885065224898,1.2950768627763414,0.08458923792128176,red
310.5326633165829,-6.152330868888054e-16,0.9103130578596386,-2.1361479942637558e-14,243986091.24872264,68875725.90112525,50288129.26614051,73290965.0537569,50198077.524458,59832579.37449016,5106247.865555242,0.002566674795634734,1.2950766647100997,0.08458922451395293,red
310.73366834170855,-6.152330868888054e-16,0.9189402189107264,-2.1361479942637558e-14,243986077.81334156,68875715.4223023,50284246.175129145,73290953.60257299,50194104.287375614,59832574.63288563,5104908.020914814,0.0025664664310222716,1.2950764684380909,0.08458921122807765,red
310.93467336683415,-6.152330868888054e-16,0.9276491415915521,-2.1361479942637558e-14,243986064.4996872,68875705.03840724,50280398.271500945,73290942.25512353,50190167.054392986,59832569.934237435,5103580.238327952,0.002566259954134792,1.2950762739440733,0.08458919806255652,red
311.1356783919598,-6.152330868888054e-16,0.9364406008063114,-2.1361479942637558e-14,243986051.30665863,68875694.74858099,50276585.23645884,73290931.0104696,50186265.49931652,59832565.27815696,5102264.409845068,0.0025660553478764735,1.295076081211954,0.08458918501630014,red
311.33668341708545,-6.152330868888054e-16,0.9453153787495534,-2.1361479942637558e-14,243986038.2331647,68875684.55197228,50272806.75407155,73290919.86768082,50182399.29888485,59832560.66425902,5100960.42846622,0.0025658525953050656,1.2950758902257853,0.08458917208822904,red
311.53768844221105,-6.152330868888054e-16,0.9542742650428884,-2.1361479942637558e-14,243986025.27812406,68875674.44773753,50269062.51127502,73290908.82583523,50178568.13277032,59832556.09216193,5099668.188140986,0.0025656516796319657,1.295075700969765,0.08458915927727353,red
311.7386934673367,-6.152330868888054e-16,0.9633180568376055,-2.1361479942637558e-14,243986012.44046527,68875664.43504094,50265352.197858796,73290897.88401939,50174771.683565,59832551.56148755,5098387.583763863,0.0025654525842214834,1.2950755134282363,0.08458914658237378,red
311.9396984924623,-6.152330868888054e-16,0.972447558778619,-2.1361479942637558e-14,243985999.7191263,68875654.51305413,50261675.50639877,73290887.04132803,50171009.636711925,59832547.071861036,5097118.511153719,0.0025652552925872537,1.2950753275856823,0.08458913400247946,red
312.14070351758795,-6.152330868888054e-16,0.9816635831464707,-2.1361479942637558e-14,243985987.11305472,68875644.68095627,50258032.13225925,73290876.29686409,50167281.6805072,59832542.62291099,5095860.867053851,0.002565059788392337,1.295075143426728,0.0845891215365498,red
312.34170854271355,-6.152330868888054e-16,0.9909669499766984,-2.1361479942637558e-14,243985974.62120768,68875634.93793409,50254421.77358465,73290865.64973879,50163587.50609147,59832538.21426937,5094614.549129002,0.0025648660554487782,1.2950749609361392,0.08458910918355357,red
312.5427135678392,-6.152330868888054e-16,1.0003584870094295,-2.1361479942637558e-14,243985962.24255157,68875625.28318152,50250844.131229304,73290855.09907128,50159926.80737815,59832533.84557142,5093379.455943887,0.0025646740777138513,1.2950747800988178,0.0845890969424688,red
312.7437185929648,-6.152330868888054e-16,1.0098390298390516,-2.1361479942637558e-14,243985949.97606206,68875615.71589981,50247298.908760734,73290844.64398868,50156299.28105673,59832529.516455695,5092155.486963644,0.002564483839290232,1.295074600899803,0.08458908481228278,red
312.94472361809045,-6.152330868888054e-16,1.0194094220297707,-2.1361479942637558e-14,243985937.8207241,68875606.23529753,50243785.812448986,73290834.28362614,50152704.62658191,59832525.22656404,5090942.542550159,0.0025642953244254265,1.2950744233242715,0.08458907279199207,red
313.1457286432161,-6.152330868888054e-16,1.0290705150913317,-2.1361479942637558e-14,243985925.77553183,68875596.84059031,50240304.55120804,73290824.01712653,50149142.54611358,59832520.9755415,5089740.5239440175,0.0025641085175086378,1.295074247357532,0.08458906088060227,red
313.3467336683417,-6.152330868888054e-16,1.038823168599255,-2.1361479942637558e-14,243985913.8394882,68875587.53100088,50236854.83658716,73290813.84364048,50145612.744508065,59832516.76303631,5088549.33326143,0.0025639234030703016,1.2950740729850267,0.08458904907712789,red
313.54773869346735,-6.152330868888054e-16,1.0486682503176286,-2.1361479942637558e-14,243985902.01160538,68875578.30575904,50233436.382762186,73290803.76232636,50142114.92930915,59832512.5886999,5087368.873491129,0.0025637399657816194,1.29507390019233,0.08458903738059248,red
313.74874371859295,-6.152330868888054e-16,1.0586066362113191,-2.1361479942637558e-14,243985890.29090425,68875569.1641015,50230048.90649064,73290793.77235012,50138648.810702145,59832508.452186845,5086199.048480419,0.0025635581904521546,1.2950737289651464,0.08458902579002835,red
313.9497487437186,-6.152330868888054e-16,1.068639210524278,-2.1361479942637558e-14,243985878.67641458,68875560.10527186,50226692.127088435,73290783.8728852,50135214.1014901,59832504.35315481,5085039.76292772,0.0025633780620285904,1.2950735592893092,0.08458901430447653,red
314.1507537688442,-6.152330868888054e-16,1.0787668659163743,-2.1361479942637558e-14,243985867.1671748,68875551.12852055,50223365.76642508,73290774.06311257,50131810.517088845,59832500.29126456,5083890.922380638,0.002563199565594466,1.2950733911507801,0.08458900292298678,red
314.35175879396985,-6.152330868888054e-16,1.0889905035074365,-2.1361479942637558e-14,243985855.76223207,68875542.23310481,50220069.5488896,73290764.34222059,50128437.77549216,59832496.26617992,5082752.433225265,0.002563022686368357,1.295073224535648,0.08458899164461743,red
314.5527638190955,-6.152330868888054e-16,1.099311032918634,-2.1361479942637558e-14,243985844.4606421,68875533.41828851,50216803.20135582,73290754.70940489,50125095.597236276,59832492.277567744,5081624.202675285,0.002562847409702017,1.2950730594301265,0.08458898046843526,red
314.7537688442211,-6.152330868888054e-16,1.1097293724214274,-2.1361479942637558e-14,243985833.26146907,68875524.68334219,50213566.4531804,73290745.16386838,50121783.705397755,59832488.325097874,5080506.138770896,0.00256267372108027,1.295072895820554,0.08458896939351551,red
314.95477386934675,-6.152330868888054e-16,1.1202464490106436,-2.1361479942637558e-14,243985822.16378564,68875516.02754298,50210359.03617765,73290735.70482126,50118501.82556788,59832484.40844316,5079398.150370809,0.0025625016061196636,1.2950727336933925,0.0845889584189418,red
315.15577889447235,-6.152330868888054e-16,1.1308631984137616,-2.1361479942637558e-14,243985811.1666728,68875507.4501745,50207180.68457617,73290726.33148071,50115249.68580816,59832480.527279355,5078300.147138707,0.0025623310505661478,1.2950725730352257,0.08458894754380597,red
315.356783919598,-6.152330868888054e-16,1.1415805652501383,-2.1361479942637558e-14,243985800.2692198,68875498.95052683,50204031.1350187,73290717.04307103,50112027.016650245,59832476.68128516,5077212.0395427635,0.0025621620402950665,1.2950724138327583,0.08458893676720805,red
315.5577889447236,-6.152330868888054e-16,1.1523995031303893,-2.1361479942637558e-14,243985789.47052416,68875490.52789654,50200910.12654433,73290707.83882359,50108833.55107767,59832472.87014219,5076133.7388498355,0.002561994561310203,1.295072256072816,0.08458892608825624,red
315.75879396984925,-6.152330868888054e-16,1.1633209746382873,-2.1361479942637558e-14,243985778.7696915,68875482.18158641,50197817.40053864,73290698.71797657,50105669.02447494,59832469.09353492,5075065.157109985,0.002561828599741115,1.2950720997423417,0.08458891550606672,red
315.9597989949749,-6.152330868888054e-16,1.1743459514984818,-2.1361479942637558e-14,243985768.1658355,68875473.91090557,50194752.70073481,73290689.67977507,50102533.174628556,59832465.35115063,5074006.207156365,0.002561664141843192,1.2950719448283972,0.08458890501976365,red
316.1608040201005,-6.152330868888054e-16,1.185475414699512,-2.1361479942637558e-14,243985757.65807784,68875465.71516941,50191715.77320159,73290680.72347106,50099425.74171474,59832461.64267951,5072956.802601172,0.0025615011739970072,1.2950717913181606,0.08458889462847917,red
316.36180904522615,-6.152330868888054e-16,1.1967103544529107,-2.1361479942637558e-14,243985747.2455482,68875457.59369944,50188706.36628913,73290671.84832315,50096346.46824404,59832457.96781447,5071916.857818829,0.002561339682705423,1.2950716391989259,0.08458888433135311,red
316.56281407035175,-6.152330868888054e-16,1.2080517703677063,-2.1361479942637558e-14,243985736.927384,68875449.5458233,50185724.230630554,73290663.05359668,50093295.09906293,59832454.3262512,5070886.28794605,0.002561179654593674,1.295071488458101,0.08458887412753312,red
316.7638190954774,-6.152330868888054e-16,1.219500671594436,-2.1361479942637558e-14,243985726.70273054,68875441.57087475,50182769.11913453,73290654.33856364,50090271.38134618,59832450.717688166,5069865.008879184,0.002561021076408966,1.2950713390832083,0.08458886401617462,red
316.964824120603,-6.152330868888054e-16,1.2310580767659711,-2.1361479942637558e-14,243985716.57074082,68875433.66819349,50179840.78692842,73290645.70250255,50087275.06453875,59832447.14182654,5068852.9372565625,0.0025608639350174363,1.295071191061882,0.08458885399644053,red
317.16582914572865,-6.152330868888054e-16,1.2427250141804924,-2.1361479942637558e-14,243985706.53057545,68875425.8371252,50176938.99136071,73290637.14469844,50084305.90035817,59832443.598370165,5067849.990458828,0.00256070821740428,1.2950710443818676,0.08458884406750136,red
317.3668341708543,-6.152330868888054e-16,1.2545025219472437,-2.1361479942637558e-14,243985696.58140275,68875418.07702148,50174063.4919931,73290628.66444285,50081363.64278658,59832440.08702562,5066856.0866061635,0.0025605539106733277,1.2950708990310225,0.08458883422853514,red
317.5678391959799,-6.152330868888054e-16,1.2663916479466917,-2.1361479942637558e-14,243985686.7223984,68875410.38723977,50171214.05055019,73290620.26103365,50078448.048019126,59832436.60750207,5065871.144542586,0.0025604010020443537,1.2950707549973122,0.08458882447872725,red
317.76884422110555,-6.152330868888054e-16,1.2783934499898586,-2.1361479942637558e-14,243985676.95274568,68875402.76714331,50168390.43091506,73290611.93377504,50075558.87445952,59832433.15951136,5064895.083834221,0.002560249478852836,1.2950706122688111,0.08458881481727044,red
317.96984924623115,-6.152330868888054e-16,1.2905089959666431,-2.1361479942637558e-14,243985667.27163517,68875395.21610108,50165592.399121426,73290603.68197753,50072695.88271201,59832429.742767885,5063927.824766552,0.0025600993285495384,1.2950704708337017,0.0845888052433648,red
318.1708542713568,-6.152330868888054e-16,1.302739363852807,-2.1361479942637558e-14,243985657.67826483,68875387.7334878,50162819.72331519,73290595.50495785,50069858.835541956,59832426.35698868,5062969.288332304,0.002559950538698448,1.2950703306802733,0.08458879575621757,red
318.3718592964824,-6.152330868888054e-16,1.3150856418166446,-2.1361479942637558e-14,243985648.1718398,68875380.31868376,50160072.17373754,73290587.40203889,50067047.49785868,59832423.00189329,5062019.396225945,0.0025598030969758777,1.29507019179692,0.08458878635504315,red
318.57286432160805,-6.152330868888054e-16,1.3275489283850723,-2.1361479942637558e-14,243985638.75157258,68875372.97107492,50157349.52272056,73290579.37254964,50064261.636710845,59832419.67720382,5061078.070841965,0.002559656991170222,1.2950700541721418,0.08458877703906306,red
318.77386934673365,-6.152330868888054e-16,1.3401303324904117,-2.1361479942637558e-14,243985629.4166826,68875365.69005275,50154651.54465778,73290571.4158252,50061501.02125636,59832416.382644884,5060145.23526553,0.0025595122091803847,1.2950699177945417,0.08458876780750589,red
318.9748743718593,-6.152330868888054e-16,1.352830973530487,-2.1361479942637558e-14,243985620.16639653,68875358.47501421,50151978.015977636,73290563.53120661,50058765.42273528,59832413.11794358,5059220.813264014,0.0025593687390143604,1.2950697826528255,0.0845887586596071,red
319.1758793969849,-6.152330868888054e-16,1.365651981550103,-2.1361479942637558e-14,243985610.9999479,68875351.32536174,50149328.715141445,73290555.7180409,50056054.614467666,59832409.88282948,5058304.729286026,0.0025592265687891186,1.295069648735802,0.08458874959460913,red
319.37688442211055,-6.152330868888054e-16,1.3785944973242423,-2.1361479942637558e-14,243985601.91657734,68875344.24050319,50146703.42262153,73290547.975681,50053368.37183123,59832406.67703461,5057396.9084543735,0.002559085686729439,1.2950695160323802,0.08458874061176122,red
319.5778894472362,-6.152330868888054e-16,1.391659672377502,-2.1361479942637558e-14,243985592.9155322,68875337.21985173,50144101.92086722,73290540.30348566,50050706.47222655,59832403.50029342,5056497.2765553,0.002558946081166087,1.2950693845315693,0.08458873171031943,red
319.7788944723618,-6.152330868888054e-16,1.4048486691786843,-2.1361479942637558e-14,243985583.9960668,68875330.26282583,50141523.99430446,73290532.70081943,50048068.695076674,59832400.35234275,5055605.7600380285,0.0025588077405357948,1.2950692542224784,0.08458872288954648,red
319.97989949748745,-6.152330868888054e-16,1.4181626612570593,-2.1361479942637558e-14,243985575.15744212,68875323.36884926,50138969.429320164,73290525.16705266,50045454.82181107,59832397.232921824,5054722.286009632,0.0025586706533804186,1.295069125094315,0.08458871414871186,red
320.18090452261305,-6.152330868888054e-16,1.431602833186945,-2.1361479942637558e-14,243985566.3989259,68875316.53735098,50136438.01422262,73290517.70156132,50042864.6358252,59832394.14177223,5053846.7822225485,0.002558534808344826,1.2950689971363833,0.08458870548709155,red
320.3819095477387,-6.152330868888054e-16,1.4451703807931928,-2.1361479942637558e-14,243985557.71979246,68875309.7677651,50133929.539242215,73290510.30372705,50040297.92248116,59832391.0786379,5052979.177074471,0.0025584001941769273,1.295068870338085,0.08458869690396811,red
320.5829145728643,-6.152330868888054e-16,1.4588665112972437,-2.1361479942637558e-14,243985549.11932278,68875303.0595309,50131443.796520665,73290502.9729371,50037754.46909674,59832388.0432651,5052119.399604734,0.002558266799727105,1.295068744688918,0.08458868839863068,red
320.78391959798995,-6.152330868888054e-16,1.472692443272528,-2.1361479942637558e-14,243985540.59680426,68875296.41209267,50128980.580067664,73290495.70858426,50035234.06490104,59832385.03540235,5051267.37948064,0.0025581346139458864,1.2950686201784742,0.08458867997037471,red
320.9849246231156,-6.152330868888054e-16,1.486649406858765,-2.1361479942637558e-14,243985532.15153083,68875289.82489976,50126539.685762085,73290488.51006679,50032736.50103566,59832382.05480048,5050423.04699752,0.002558003625884012,1.2950684967964403,0.08458867161850206,red
321.1859296482412,-6.152330868888054e-16,1.5007386439344579,-2.1361479942637558e-14,243985523.78280285,68875283.29740654,50124120.9113451,73290481.37678841,50030261.57054775,59832379.1012126,5049586.333076325,0.0025578738246920633,1.2950683745325964,0.08458866334232097,red
321.38693467336685,-6.152330868888054e-16,1.5149614080487257,-2.1361479942637558e-14,243985515.48992693,68875276.82907225,50121724.05637443,73290474.30815825,50027809.0683431,59832376.174394,5048757.169249186,0.0025577451996180163,1.2950682533768145,0.08458865514114584,red
321.58793969849245,-6.152330868888054e-16,1.5293189646445284,-2.1361479942637558e-14,243985507.27221608,68875270.41936108,50119348.92222596,73290467.30359073,50025378.79118787,59832373.27410222,5047935.48765963,0.0025576177400073257,1.2950681333190588,0.08458864701429736,red
321.7889447236181,-6.152330868888054e-16,1.5438125912436762,-2.1361479942637558e-14,243985499.12898946,68875264.06774206,50116995.31208821,73290460.36250566,50022970.537702866,59832370.400097005,5047121.221060579,0.0025574914353026263,1.295068014349384,0.0845886389611023,red
321.9899497487437,-6.152330868888054e-16,1.5584435773820386,-2.1361479942637558e-14,243985491.05957246,68875257.77368902,50114663.03091863,73290453.48432805,50020584.108318925,59832367.55214026,5046314.302800545,0.0025573662750413974,1.2950678964579352,0.08458863098089357,red
322.19095477386935,-6.152330868888054e-16,1.573213224823541,-2.1361479942637558e-14,243985483.0632965,68875251.53668055,50112351.8854428,73290446.66848807,50018219.305275984,59832364.72999605,5045514.666823088,0.0025572422488559163,1.295067779634946,0.08458862307301009,red
322.391959798995,-6.152330868888054e-16,1.5881228477382894,-2.1361479942637558e-14,243985475.13949922,68875245.35619998,50110061.68414731,73290439.91442117,50015875.93261582,59832361.93343059,5044722.247664343,0.0025571193464728782,1.2950676638707392,0.08458861523679678,red
322.5929648241206,-6.152330868888054e-16,1.6031737726986182,-2.1361479942637558e-14,243985467.28752407,68875239.23173533,50107792.23724637,73290433.22156781,50013553.796147935,59832359.1622122,5043936.980442388,0.0025569975577116066,1.2950675491557255,0.08458860747160452,red
322.79396984924625,-6.152330868888054e-16,1.6183673388264412,-2.1361479942637558e-14,243985459.50672066,68875233.16277921,50105543.356670424,73290426.58937357,50011252.70343788,59832356.416111305,5043158.800853442,0.0025568768724834453,1.2950674354804013,0.08458859977678998,red
322.99497487437185,-6.152330868888054e-16,1.6337048979939934,-2.1361479942637558e-14,243985451.79644433,68875227.1488289,50103314.85606189,73290420.01728903,50008972.463802904,59832353.694900416,5042387.645170275,0.002556757280791528,1.29506732283535,0.0845885921517158,red
323.1959798994975,-6.152330868888054e-16,1.649187814869975,-2.1361479942637558e-14,243985444.15605637,68875221.18938616,50101106.55074958,73290413.50476976,50006712.888285734,59832350.9983541,5041623.450233989,0.0025566387727294078,1.29506721121124,0.08458858459575028,red
323.3969849246231,-6.152330868888054e-16,1.6648174670077158,-2.1361479942637558e-14,243985436.5849238,68875215.28395733,50098918.25772886,73290407.05127625,50004473.789634354,59832348.326248966,5040866.153447602,0.002556521338479998,1.2950671005988244,0.0845885771082675,red
323.59798994974875,-6.152330868888054e-16,1.6805952450511374,-2.1361479942637558e-14,243985429.08241946,68875209.43205318,50096749.795657724,73290400.6562739,50002254.98229794,59832345.678363666,5040115.692774556,0.0025564049683153576,1.2950669909889398,0.08458856968864721,red
323.7989949748744,-6.152330868888054e-16,1.696522552848445,-2.1361479942637558e-14,243985421.64792177,68875203.63318893,50094600.98484043,73290394.31923293,50000056.28241009,59832343.05447883,5039372.006733365,0.002556289652595814,1.2950668823725062,0.08458856233627471,red
324.0,-6.152330868888054e-16,1.7126008075050672,-2.1361479942637558e-14,243985414.2808149,68875197.88688421,50092471.64720326,73290388.03962837,49997877.50776409,59832340.45437711,5038635.034389833,0.00255617538176867,1.2950667747405256,0.08458855505054093,black
324.1515151515151,-6.152330868888054e-16,1.7247944700674673,-2.1361479942637558e-14,256369844.5778063,69136554.71644166,50100010.58633103,73315028.94545342,49997101.58822218,60559621.492291994,5038129.596535244,0.002556109868461609,1.295457160336216,0.08459597837947506,black
324.3030303030303,-6.152330868888054e-16,1.736943949912575,-2.1361479942637558e-14,269117370.23848826,69913044.77962342,50126098.41745644,73473709.5104636,50001029.00607388,62206193.12788215,5037899.50441889,0.0025562157263391803,1.2978161343578936,0.08467934244575191,black
324.45454545454544,-6.152330868888054e-16,1.7489727056795654,-2.1361479942637558e-14,282212775.0304533,71197948.34832105,50171132.2557791,73867968.03875788,50013328.07819761,64322696.35194157,5038209.526432388,0.0025566887203388035,1.3035024889442148,0.08495024735025364,black
324.6060606060606,-6.152330868888054e-16,1.7608318152335605,-2.1361479942637558e-14,295634447.4095838,72989613.28576748,50235480.524286136,74573221.9137877,50036809.69866638,66714357.009496406,5039317.146514596,0.0025576857823131193,1.3136181977794237,0.08551041105971667,black
324.75757575757575,-6.152330868888054e-16,1.7724825731556095,-2.1361479942637558e-14,309353671.9013897,75289988.02642177,50319472.98107866,75646358.94535294,50073642.28021551,69297755.4428445,5041472.644304477,0.0025593283020905184,1.3291117271203317,0.0864409166745351,black
324.90909090909093,-6.152330868888054e-16,1.783889124138056,-2.1361479942637558e-14,323334218.44746,78103100.24593262,50423390.003439814,77131057.05278423,50125507.88507381,72037109.70925845,5044919.08796873,0.0025617105336592266,1.3507893099604358,0.08780451846738517,black
325.06060606060606,-6.152330868888054e-16,1.7950157180742676,-2.1361479942637558e-14,337532249.8998067,81433481.22703318,50547451.60942172,79061379.80354725,50193714.76536706,74916088.28455347,5049892.226953276,0.002564905971026796,1.37932131381402,0.08964983599061298,black
325.2121212121212,-6.152330868888054e-16,1.805825983433754,-2.1361479942637558e-14,351896490.3620196,85284558.34215917,50691806.63600242,81464062.35657564,50279277.679864705,77925452.77479576,5056620.278286279,0.0025689719302886315,1.4152547110358296,0.09201482130632234,black
325.3636363636364,-6.152330868888054e-16,1.8162830381922537,-2.1361479942637558e-14,366368615.1323939,89657060.4593537,50856522.41664385,84359808.79515097,50382974.48584151,81057717.11336319,5065323.604669849,0.0025739527942189697,1.4590269739996868,0.09492909529980821,black
325.5151515151515,-6.152330868888054e-16,1.8263499269931898,-2.1361479942637558e-14,380883851.0584115,94547501.79730071,51041575.26453416,87763857.28388837,50505385.37047307,84304892.41049382,5076214.285920462,0.0025798822749176675,1.5109767128989913,0.09841528045753602,black
325.6666666666667,-6.152330868888054e-16,1.835990174660675,-2.1361479942637558e-14,395371792.6594104,99946824.7082583,51246842.06512023,91686025.65568718,50646919.50402449,87657576.13936858,5089495.588124356,0.0025867849620108616,1.5713489766987077,0.10248955713499462,black
325.8181818181818,-6.152330868888054e-16,1.84516837548006,-2.1361479942637558e-14,409757442.11286485,105839287.10694155,51472093.29268336,96130419.7235049,50807832.72995265,91104624.77777739,5105361.337700856,0.0025946773582084925,1.6402952144508711,0.10716166757566131,black
325.969696969697,-6.152330868888054e-16,1.853850788420773,-2.1361479942637558e-14,423962472.752517,112201673.45072864,51716987.77195989,101094963.50195524,50988239.04673279,94633086.26492918,5123995.21063374,0.0026035685555509916,1.7178690864753479,0.11243456968420573,black
326.1212121212121,-6.152330868888054e-16,1.8620059244680605,-2.1361479942637558e-14,437906699.64439064,119002889.39764528,51981069.493359365,106570889.64119539,51188117.99988074,98228261.35721463,5145569.950423835,0.0026134606698973695,1.8040198516473167,0.1183039185089967,black
326.27272727272725,-6.152330868888054e-16,1.8696051138911347,-2.1361479942637558e-14,451509720.75131285,126203972.04384051,52263766.75036899,112542306.28746437,51407319.62561678,101873845.34313235,5170246.531659248,0.002624349124539553,1.8985851788785533,0.12475752885077085,black
326.42424242424244,-6.152330868888054e-16,1.8766230382178333,-2.1361479942637558e-14,464692671.8953899,133758514.60177605,52564393.798067786,118985931.74310914,51645568.22026746,105552133.98126477,5198173.289200288,0.002636222853499877,2.0012850955847865,0.1317749458161881,black
326.57575757575756,-6.152330868888054e-16,1.8830382084872175,-2.1361479942637558e-14,477380021.6195523,141613471.54717883,52882155.133460715,125871060.75833564,51902465.91627928,109244287.35259172,5229485.035559035,0.002649064479080751,2.111718488705366,0.13932722057291755,black
326.72727272727275,-6.152330868888054e-16,1.8888333700598867,-2.1361479942637558e-14,489501321.17357856,149710282.6319801,53216152.38015261,133159797.5444276,52177496.7999541,112930645.35271434,5264302.190812048,0.002662850505044897,2.2293631792884008,0.1473769566278175,black
326.8787878787879,-6.152330868888054e-16,1.8939958155709495,-2.1361479942637558e-14,500992822.06723094,157986234.8187291,53565393.63186437,140807562.79047552,52470032.09239148,116591084.93749774,5302729.950161441,0.002677551555496128,2.353580153301428,0.1558786594570626,black
327.030303030303,-6.152330868888054e-16,1.8985175914147774,-2.1361479942637558e-14,511798879.659024,166375971.50768942,53928804.98387771,148763857.21686047,52779336.72363456,120205405.10688709,5344857.513941113,0.002693132679472912,2.4836220944947853,0.16477939150576404,black
327.1818181818182,-6.152330868888054e-16,1.9023955888189168,-2.1361479942637558e-14,521873075.3351873,174813058.08823842,54305243.87197713,156973244.36418808,53104577.45768921,123753722.5792325,5390757.403482022,0.0027095537322158456,2.6186459714388715,0.1740197078369262,black
327.3333333333333,-6.152330868888054e-16,1.9056315172219591,-2.1361479942637558e-14,531179010.0076362,183231520.14642602,54693513.75509607,165376501.40994337,53444832.57358753,127216859.87364647,5440484.8839409435,0.00272676983600075,2.7577291105752675,0.18353482677781124,black
327.4848484848485,-6.152330868888054e-16,1.9082317643852704,-2.1361479942637558e-14,539690745.1564959,191567283.29424167,55092379.62761404,173911879.0648204,53799102.97778295,130576708.19912452,5494077.512186076,0.002744731916452505,2.89988795836976,0.1932559757218234,black
327.6363636363636,-6.152330868888054e-16,1.9102071537014047,-2.1361479942637558e-14,547392891.7231992,199759459.27775338,55500583.83242269,182516409.54374558,54166324.5183825,133816549.90253711,5551554.82430337,0.0027633873044909645,3.0440986025654064,0.20311184481049702,black
327.7878787878788,-6.152330868888054e-16,1.9115726138232758,-2.1361479942637558e-14,554280368.8306696,207751439.6433287,55916861.66568909,191127204.41710615,54545381.19584529,136921328.74405572,5612918.17359025,0.0027826803897209643,3.189318082089165,0.21303008010001817,black
327.93939393939394,-6.152330868888054e-16,1.91234677884349,-2.1361479942637558e-14,560357871.9465655,215491774.30470288,56339956.31318567,199682690.58820128,54935118.917519175,139877860.41210046,5678150.726133335,0.0028025533081739726,3.334505551956923,0.22293875180170808,black
328.09090909090907,-6.152330868888054e-16,1.9125515386399286,-2.1361479942637558e-14,565639102.2046994,222934826.62183613,56768632.72839338,208123741.45961544,55334359.42457509,142674979.86134294,5747217.617537562,0.0028229466458703414,3.4786424661815056,0.23276774097652145,black
328.24242424242425,-6.152330868888054e-16,1.9122115589242612,-2.1361479942637558e-14,570145815.2703315,230041208.73962307,57201690.14751249,216394670.55620572,55741914.02647308,145303625.9166678,5820066.270986014,0.0028438001395638735,3.620751080416564,0.24244999842803672,black
328.3939393939394,-6.152330868888054e-16,1.911353789171611,-2.1361479942637558e-14,573906749.3186425,236778010.2578125,57637973.02551974,224444065.2584553,56156596.80593247,147756866.71637756,5896626.8738900665,0.002865053357083507,3.7599107360246635,0.2519226410312691,black
328.54545454545456,-6.152330868888054e-16,1.9100069744306567,-2.1361479942637558e-14,576956488.7882884,243118840.21939257,58076380.265299775,232225448.30352262,56577237.00094534,150029871.94357818,5976813.007686065,0.002886646341620308,3.8952715544592817,0.2611278624639885,black
328.6969696969697,-6.152330868888054e-16,1.9082011842908373,-2.1361479942637558e-14,579334314.3934175,249043706.87336594,58515872.69244858,239697763.72050506,57002690.32485697,152119839.33269003,6060522.42295698,0.002908520206889142,4.026065332512833,0.2700136464321875,black
328.8484848484849,-6.152330868888054e-16,1.9059673693624744,-2.1361479942637558e-14,581083081.7301291,254538762.011455,58955478.79762541,246825691.51159322,57431849.04533857,154025883.7144195,6147637.949968665,0.0029306176730339514,4.151613575284702,0.27853428038638395,black
329.0,-6.152330868888054e-16,1.903336952767414,-2.1361479942637558e-14,582248161.8037292,259595937.26226687,59394298.8241854,253579801.49102697,57863650.70332296,155748897.00796083,6238028.53286832,0.0029528835361845446,4.2713327284684155,0.28665067603895744,black
329.1515151515151,-6.152330868888054e-16,1.9003414615121252,-2.1361479942637558e-14,582876467.8035743,264212498.95627555,59831507.32112714,259936561.26099515,58297085.4102614,157291387.23945126,6331550.37415976,0.0029752650675227243,4.384736772447354,0.29433050960165846,black
329.3030303030303,-6.152330868888054e-16,1.8970122002939356,-2.1361479942637558e-14,583015583.9740976,268390546.39665568,60266354.31150762,265878216.47391084,58731201.71483549,158657304.0024989,6428048.174577782,0.0029977123404825697,4.491437418375114,0.3015481996429501,black
329.45454545454544,-6.152330868888054e-16,1.8933799684699246,-2.1361479942637558e-14,582713005.2662671,272136475.7908568,60698165.24156089,271392563.07033724,59165111.07206788,159851856.8830992,6527356.452434656,0.0030201784869505898,4.591142194530785,0.30828474341852286,black
329.6060606060606,-6.152330868888054e-16,1.889474819338177,-2.1361479942637558e-14,582015490.1380054,275460429.29225624,61126339.885817885,276472632.0290714,59597990.9865735,160881332.42233536,6629300.925357617,0.0030426198854330085,4.683650746263997,0.31452743459090754,black
329.75757575757575,-6.152330868888054e-16,1.8853258598702547,-2.1361479942637558e-14,580968524.3352674,278375745.434568,61550350.379912965,281116306.57111394,60029086.92578228,161752914.18341723,6733699.936826163,0.003064996285517203,4.768849679358,0.3202694854042505,black
329.90909090909093,-6.152330868888054e-16,1.8809610881769887,-2.1361479942637558e-14,579615889.7257651,280898424.2171516,61969738.547865294,285325890.86045355,60457713.12057862,162474509.546749,6840365.90940102,0.0030872708741840425,4.846706275988376,0.3255095760654944,black
330.06060606060606,-6.152330868888054e-16,1.8764072656129673,-2.1361479942637558e-14,577999330.12337,283046617.1913449,62384112.67718177,289107647.4942279,60883252.37935144,163054585.9974167,6949106.806559267,0.0031094102900783545,4.91726139279093,0.330251352528227,black
330.2121212121212,-6.152330868888054e-16,1.8716898200589032,-2.1361479942637558e-14,576158304.2540249,284840150.187536,62793143.8829891,292471319.274334,61305155.04985659,163502018.87705365,7059727.585239389,0.0031313845923816963,4.980621828711819,0.3345028921924187,black
330.3636363636364,-6.152330868888054e-16,1.8668327769326714,-2.1361479942637558e-14,574129815.537731,286300083.963863,63196562.18502839,295429648.5059908,61722937.26069357,163825951.91460457,7172031.621894619,0.003153167190885189,5.03695241660725,0.338276154604507,black
330.5151515151515,-6.152330868888054e-16,1.8618587144807877,-2.1361479942637558e-14,571948308.0819707,287448315.94122946,63594152.40568614,297997904.8924346,62136178.5713038,164035671.2630511,7285822.095857902,0.0031747347437896677,5.086468058830067,0.3415864318355957,black
330.6666666666667,-6.152330868888054e-16,1.8567887402080223,-2.1361479942637558e-14,569645619.0081707,288307224.7544634,63985749.98063514,300193431.07640034,62544519.14879196,164140493.39946508,7400903.314740627,0.003196067029263822,5.12942589249095,0.3444518108164954,black
330.8181818181818,-6.152330868888054e-16,1.8516424852712237,-2.1361479942637558e-14,567250977.1779519,288899357.5287202,64371236.76005386,302035212.7494737,62947656.586129665,164149666.73550043,7517081.968530011,0.0032171467966666313,5.166117735314848,0.34689265746740344,black
330.969696969697,-6.152330868888054e-16,1.84643811409112,-2.1361479942637558e-14,564791039.689934,289247158.91395307,64750536.8622279,303543478.3544929,63345342.46053969,164072286.56894132,7634168.300729035,0.0032379596025571256,5.196862927451369,0.34893113005204324,black
331.1212121212121,-6.152330868888054e-16,1.8411923466980558,-2.1361479942637558e-14,562289958.3956491,289372740.1654544,65123612.629718274,304739331.9159933,63737378.720156215,163917222.81445843,7751977.186500687,0.0032584936360883538,5.222001656929917,0.3505907273096083,black
331.27272727272725,-6.152330868888054e-16,1.8359204915426997,-2.1361479942637558e-14,559769469.4884602,289297685.83507425,65490460.72720778,305644421.05436116,64123613.97665639,163693059.7547408,7870329.109944002,0.0032787395378731585,5.241888828775783,0.35189587504672165,black
331.42424242424244,-6.152330868888054e-16,1.8306364867696663,-2.1361479942637558e-14,557249000.183764,289042895.20578974,65851108.40981991,306280640.97174793,64503939.76965606,163408046.93611416,7989051.034841128,0.00329869021581185,5.256888512860748,0.3528715532073228,black
331.57575757575756,-6.152330868888054e-16,1.8253529482221993,-2.1361479942637558e-14,554745787.4517623,288628455.44505435,66205609.98257585,306669874.28199,64878286.85760588,163070060.2925219,8107977.165056177,0.003318340660807936,5.267368986544606,0.3535429641865238,black
331.72727272727275,-6.152330868888054e-16,1.8200812226581535,-2.1361479942637558e-14,552275004.5563201,288073543.297973,66554043.46448804,306833765.7302991,65246621.58020054,162686572.53472492,8226949.59287843,0.0033376877648045034,5.273698371011889,0.3539352420268151,black
331.8787878787879,-6.152330868888054e-16,1.814831444876047,-2.1361479942637558e-14,549849891.9169347,287396352.1988759,66896507.46531754,306793530.3094237,65608942.32836276,162264631.85647205,8345818.835231379,0.0033567301431118223,5.276240848013129,0.35407320134926806,black
332.030303030303,-6.152330868888054e-16,1.8096125976200583,-2.1361479942637558e-14,547481889.4500052,286614041.682923,67233118.27775592,306569792.7439344,65965276.149697,161810848.0019676,8464444.25967701,0.003375467962579271,5.27535343189584,0.35398112410799903,black
332.1818181818182,-6.152330868888054e-16,1.8044325733102704,-2.1361479942637558e-14,545180768.1491778,285742706.1647509,67564007.18415514,306182456.05455834,66315675.510139585,161331384.78778815,8582694.40353909,0.0033939027767910077,5.271383264891215,0.35368258182651124,black
332.3333333333333,-6.152330868888054e-16,1.79929823678721,-2.1361479942637558e-14,542954759.1436507,284797360.36976683,67889317.97459914,305650596.8006743,66660215.227085955,160831958.23151672,8700447.190501831,0.0034120373691784583,5.264665399709956,0.35320029074272774,black
332.4848484848485,-6.152330868888054e-16,1.7942154883814847,-2.1361479942637558e-14,540810678.9174774,283791938.79634756,68209204.66934508,304992384.3242805,66998989.58286441,160317839.4555447,8817590.050855136,0.0034298756046141333,5.255521026774922,0.3525559968660845,black
332.6363636363636,-6.152330868888054e-16,1.7891893267381807,-2.1361479942637558e-14,538754049.7018133,282739306.965966,68523829.43900716,304225021.561892,67332109.62476297,159793861.64731225,8934019.951475063,0.0034474222899002174,5.24425610638704,0.3517703881775488,black
332.7878787878788,-6.152330868888054e-16,1.784223910915703,-2.1361479942637558e-14,536789214.38148487,281651282.2910803,68833360.71250664,303364704.78387153,67659700.65238614,159264430.3677435,9049643.343327524,0.003464683043288868,5.231160361011098,0.3508630308829727,black
332.93939393939394,-6.152330868888054e-16,1.7793226213647086,-2.1361479942637558e-14,534919445.45882225,280538662.7500524,69137971.46405613,302426599.9533299,67981899.89204216,158733536.6097244,9164376.033803057,0.0034816641731018638,5.216506587935437,0.3498523269914217,black
333.09090909090907,-6.152330868888054e-16,1.7744881194629327,-2.1361479942637558e-14,533147047.8449753,279411261.6808696,69437837.6683977,301424833.35357577,68298854.3540901,158204772.03801465,9278142.9922086,0.0034983725653228268,5.200550250788342,0.34875549038894904,black
333.24242424242425,-6.152330868888054e-16,1.7697224053471454,-2.1361479942637558e-14,531473455.39108074,278277947.2636868,69733136.91410388,300372494.3826751,68610718.86809239,157681345.92200762,9390878.096465753,0.0035148155799701697,5.183529312247518,0.34758853885207913,black
333.3939393939394,-6.152330868888054e-16,1.765026873825928,-2.1361479942637558e-14,529899321.1654273,277146685.45939386,70024047.16516785,299281648.6026003,68917654.28981465,157166103.33197844,9502523.82890607,0.0035310009560109855,5.165664273221393,0.34636629965365645,black
333.54545454545456,-6.152330868888054e-16,1.7604023682180654,-2.1361479942637558e-14,528424601.6300619,276024585.30803466,70310745.65989335,298163359.20243186,69219825.87159236,156661544.20994398,9613030.929390455,0.003546936724443477,5.147158384463859,0.3451024264718119,black
333.6969696969697,-6.152330868888054e-16,1.7558492319844108,-2.1361479942637558e-14,527048634.8753706,274917945.70635486,70593407.93801944,297027715.34396166,69517401.78875713,156169842.9967583,9722358.013073104,0.0035626311292260983,5.1281980020796984,0.3438094256869567,black
333.8484848484849,-6.152330868888054e-16,1.7513673580617866,-2.1361479942637558e-14,525770213.1550976,273832302.8917288,70872206.98634507,295883865.94286746,69810551.81329617,155692868.53025243,9830471.160185046,0.003578092555650652,5.10895305955978,0.3424986902383887,black
334.0,-6.152330868888054e-16,1.7469562358621236,-2.1361479942637558e-14,524587650.0422767,272772478.01496947,71147312.49282093,294740057.61378086,70099446.12469569,155232203.98134187,9937343.484749397,0.0035933294656874436,5.089577631886583,0.34118053941350407,black
334.1515151515151,-6.152330868888054e-16,1.7426149958475339,-2.1361479942637558e-14,523498842.374516,271742624.29036,71418890.20289971,293603675.779081,70384254.25221047,154789166.63081318,10042954.688069204,0.003608350340044403,5.07021057261569,0.33986426329777053,black
334.3030303030303,-6.152330868888054e-16,1.73834245169704,-2.1361479942637558e-14,522501327.36456513,270746273.3025788,71687101.36825344,292481287.91730803,70665144.13767572,154364827.31923953,10147290.603165273,0.0036231636264172215,5.050976203725277,0.33855817055046017,black
334.45454545454544,-6.152330868888054e-16,1.7341371400804924,-2.1361479942637558e-14,521592335.19649446,269786380.1602187,71952102.27992386,291378688.15665936,70942281.30994862,153960029.44321972,10250342.735339012,0.003637777693501899,5.0319850424254575,0.33726963846444846,black
334.6060606060606,-6.152330868888054e-16,1.729997358014614,-2.1361479942637558e-14,520768837.31059295,268865367.240224,72214043.88048215,290300942.5839891,71215828.1650094,153575407.39005545,10352107.803287352,0.0036522007904883375,5.013334552461404,0.3360051644881477,black
334.75757575757575,-6.152330868888054e-16,1.7259211978569033,-2.1361479942637558e-14,520027590.7183756,267985166.33959207,72473071.44727111,289252434.65333855,71485943.34228627,153211404.32883194,10452587.285117872,0.0036664410115729343,4.995109907287913,0.33477041838395477,black
334.90909090909093,-6.152330868888054e-16,1.7219065799850435,-2.1361479942637558e-14,519365178.62093866,267147259.1188318,72729324.34056582,288236910.251711,71752781.1897418,152868289.30290216,10551786.972682422,0.003680506265124116,4.977384755932756,0.3335702944248915,black
335.06060606060606,-6.152330868888054e-16,1.7179512831824657,-2.1361479942637558e-14,518778047.53810656,266352715.73120895,72982935.81169556,287257522.03840125,72016491.31176607,152546173.57166946,10649716.537393812,0.0036944042472112086,4.9602219836154795,0.3324089631122547,black
335.2121212121212,-6.152330868888054e-16,1.7140529728008722,-2.1361479942637558e-14,518262541.2112781,265602231.59608695,73234032.86526215,286316872.746605,72277218.19255015,152245026.1750531,10746389.110121464,0.0037081424191324017,4.943674460400562,0.33128992198044827,black
335.3636363636364,-6.152330868888054e-16,1.710209226779387,-2.1361479942637558e-14,517814931.52524513,264896162.3121671,73482736.17010511,285417057.22148013,72535100.88815159,151964688.70999053,10841820.877195543,0.0037217279886017952,4.927785772839436,0.3302160451659683,black
335.5151515151515,-6.152330868888054e-16,1.7064175595533881,-2.1361479942637558e-14,517431446.601786,264234556.68670613,73729160.01527354,284559703.001137,72790272.78260805,151704889.30046862,10936030.69444538,0.0037351678943662353,4.912590934395582,0.3291896314699188,black
335.6666666666667,-6.152330868888054e-16,1.702675443965778,-2.1361479942637558e-14,517108296.31181335,263617187.93696305,73973412.30573043,283746009.327689,73042861.40124013,151465255.7766334,11029039.720341075,0.0037484687939026776,4.8981170717606375,0.3282124507340877,black
335.8181818181818,-6.152330868888054e-16,1.6989803312228162,-2.1361479942637558e-14,516841695.33383095,263043583.07151797,74215594.59454714,282976784.4774238,73292988.27707072,151245328.05879796,11120871.069497494,0.0037616370539925205,4.884384084504933,0.32728578836842415,black
335.969696969697,-6.152330868888054e-16,1.6953296690120687,-2.1361479942637558e-14,516627883.96830285,262513050.53459927,74455802.14711808,282252481.385105,73540768.8644753,151044569.77564636,11211549.486822668,0.0037746787438695997,4.871405276973973,0.3264104879676568,black
336.1212121212121,-6.152330868888054e-16,1.6917209178113266,-2.1361479942637558e-14,516463146.7916423,262024706.11925554,74694124.03484242,281573231.48563284,73786312.49692355,150862379.11293086,11301101.043283328,0.0037875996307852417,4.859187960649184,0.3255869919044281,black
336.27272727272725,-6.152330868888054e-16,1.688151565507919,-2.1361479942637558e-14,516343829.3319024,261577497.2431635,74930643.25431953,280938876.7979369,74029722.38358887,150698098.92866257,11389552.853049202,0.003800405177718578,4.84773402693637,0.32481537990486525,black
336.42424242424244,-6.152330868888054e-16,1.6846191404139976,-2.1361479942637558e-14,516266352.89345855,261170225.65242192,75165436.8690229,280349000.2669004,74271095.6408863,150551026.15954936,11476932.81190593,0.0038131005430277567,4.837040490320111,0.3240954056085141,black
336.57575757575756,-6.152330868888054e-16,1.6811212227344972,-2.1361479942637558e-14,516227227.6141244,260801568.59093353,75398576.17105715,279802954.3619203,74510523.35593154,150420420.53219688,11563269.357001912,0.0038256905818872815,4.8271000016031325,0.3234265310983414,black
336.72727272727275,-6.152330868888054e-16,1.677655454608829,-2.1361479942637558e-14,516223063.9063768,260470098.53533077,75630126.85976818,279299888.0062719,74748090.6776186,150305512.6213585,11648591.247057047,0.0038381798492839103,4.817901332273912,0.322807959475903,black
336.8787878787879,-6.152330868888054e-16,1.6742195487649965,-2.1361479942637558e-14,516250582.33098334,260174301.51472276,75860149.23536478,278838771.83329046,74983876.93310279,150205511.26231185,11732927.36307573,0.0038505726044575986,4.809429829779652,0.32223866546946683,black
337.030303030303,-6.152330868888054e-16,1.6708112959103416,-2.1361479942637558e-14,516306622.04518104,259912594.11721075,76088698.40466589,278418421.8645828,75217955.76581044,150119610.3628713,11816306.528344402,0.0038628728165799524,4.801667845213009,0.3217174241798399,black
337.1818181818182,-6.152330868888054e-16,1.6674285709058336,-2.1361479942637558e-14,516388147.8748645,259683339.20782232,76315824.49721552,278037521.62319785,75450395.29285225,150046995.1262397,11898757.34746836,0.003875084171559746,4.794595133543968,0.32124283797451636,black
337.3333333333333,-6.152330868888054e-16,1.6640693378173503,-2.1361479942637558e-14,516492256.1097225,259484860.42734393,76541572.88955688,277694642.751554,75681258.27894719,149986847.71722487,11980308.063448103,0.0038872100798205537,4.788189227537262,0.3208133616085825,black
337.4848484848485,-6.152330868888054e-16,1.6607316539352464,-2.1361479942637558e-14,516616179.1160476,259315455.53993306,76765984.43565124,277388264.2062893,75910602.3241978,149938352.40424398,12060986.431736859,0.0038992536849071996,4.7824257865641595,0.320427325654899,black
337.6363636363636,-6.152330868888054e-16,1.6574136728280922,-2.1361479942637558e-14,516757288.8321579,259173408.67237547,76989095.7018722,277116790.0759878,76138480.06370988,149900700.19855767,12140819.610515434,0.003911217872813412,4.77727892108125,0.32008295829618094,black
337.7878787878788,-6.152330868888054e-16,1.6541136464845574,-2.1361479942637558e-14,516913099.19629276,259057001.4690827,77210939.20495164,276878566.0447894,76364939.37710194,149873093.00436553,12219834.066629915,0.003923105281927263,4.772721493145807,0.31977840550438436,black
337.93939393939394,-6.152330868888054e-16,1.6508299266527258,-2.1361479942637558e-14,517081267.62108284,258964523.25150967,77431543.65114586,276671894.60733,76590023.60543542,149854747.32309443,12298055.495642552,0.003934918313457737,4.76872539480911,0.3195117497315651,black
338.09090909090907,-6.152330868888054e-16,1.6475609654355095,-2.1361479942637558e-14,517259595.5724587,258894280.21869266,77650934.1754177,276495049.077738,76813771.77399808,149844897.53143746,12375508.755208984,0.003946659142257189,4.765261805132007,0.3192810271622884,black
338.24242424242425,-6.152330868888054e-16,1.6443053151798446,-2.1361479942637558e-14,517446028.2834842,258844603.69146967,77869132.57925187,276346286.3917641,77036218.81937884,149842798.73816648,12452217.811406873,0.003958329727957924,4.762301425791913,0.31908424352547826,black
338.3939393939394,-6.152330868888054e-16,1.6410616277761287,-2.1361479942637558e-14,517638653.73184055,258813857.51005536,78086157.56595208,276223858.8369412,77257395.81887259,149847729.27220944,12528205.696162235,0.003969931826309884,4.759814697663959,0.3189193886258823,black
338.54545454545456,-6.152330868888054e-16,1.6378286533858193,-2.1361479942637558e-14,517835700.89150655,258800444.56604227,78302024.97226824,276126024.6836208,77477330.2210314,149858992.7976417,12603494.475677669,0.003981467000658944,4.757771997887799,0.3187844495620504,black
338.6969696969697,-6.152330868888054e-16,1.6346052386916445,-2.1361479942637558e-14,518035537.36485547,258802812.55868408,78516747.99552439,276051057.8268236,77696046.07587323,149875920.09870332,12678105.228328977,0.0039929366334791805,4.756143819363269,0.3186774227613587,black
338.8484848484849,-6.152330868888054e-16,1.6313903247000343,-2.1361479942637558e-14,518236666.4220742,258819458.97381645,78730337.41521111,275997256.4328105,77913564.26357976,149897870.53804913,12752058.031699473,0.004004341937897661,4.754900932557937,0.3185963248239675,black
339.0,-6.152330868888054e-16,1.6281829441707498,-2.1361479942637558e-14,518437723.5348262,258848935.35496116,78942801.80838454,275962950.6744072,78129902.72050098,149924233.22207657,12825371.95752439,0.004015683969142823,4.754014531109238,0.31853920227527205,green
339.2809364548495,-6.152330868888054e-16,1.6223736589157465,-2.1361479942637558e-14,473675499.32714814,255882836.03400475,79270140.07533431,275429052.89699525,78517442.95814337,145800202.0422646,12958697.756624376,0.004036210979529663,4.747533870846647,0.31824389636971784,green
339.561872909699,-6.152330868888054e-16,1.6171191093972315,-2.1361479942637558e-14,434322248.0497839,248139529.36647,79477694.51987128,272618755.29957205,78850429.6155156,138554457.2156847,13084629.919203581,0.004054307216083302,4.712547519989565,0.3161250871019887,green
339.8428093645485,-6.152330868888054e-16,1.6126948858398935,-2.1361479942637558e-14,399814732.526507,237240135.6139416,79581075.0483612,266777524.1350784,79104575.22915813,130924587.57815343,13199216.769911148,0.004068518277869779,4.632713596901503,0.3108036299821487,green
340.123745819398,-6.152330868888054e-16,1.609320521861712,-2.1361479942637558e-14,369683945.0498427,224437112.39014047,79594277.41604798,258077993.46367648,79272337.31758025,123438541.93460551,13299707.030092932,0.0040783233667616384,4.505062077441479,0.30208736478742376,green
340.4046822742475,-6.152330868888054e-16,1.607196054669089,-2.1361479942637558e-14,343502957.5596226,210673353.08809847,79529890.30944099,247093350.04068312,79355088.22937669,116217338.2825466,13384336.316110246,0.004083716914863006,4.335486517814805,0.29046020181584387,green
340.685618729097,-6.152330868888054e-16,1.6064932193063592,-2.1361479942637558e-14,320866803.83382326,196638950.93466622,79399198.52322689,234511805.07566217,79358708.68238054,109324545.73806886,13452141.799796026,0.0040849589405494375,4.134023344199276,0.2766668273546999,green
340.96655518394647,-6.152330868888054e-16,1.6073473246150947,-2.1361479942637558e-14,301390884.8388306,182822197.40491977,79212256.81839156,220991448.89047417,79291109.15276684,102816133.35281141,13502799.51043525,0.004082434206870877,3.9116212240608523,0.26148297394163544,green
341.24749163879596,-6.152330868888054e-16,1.609855021380427,-2.1361479942637558e-14,284715307.0912178,169553845.95196512,78977967.77586554,207095225.82751238,79160847.76060249,96738728.08887206,13536482.389156543,0.004076573226512095,3.6783610633523325,0.24560385366244986,green
341.52842809364546,-6.152330868888054e-16,1.6140761764290643,-2.1361479942637558e-14,270509157.4203909,157044427.4922052,78704170.8384617,193270213.13753507,78976377.78386,91124711.26514222,13553738.320217922,0.00406780875977062,3.442665251338683,0.22960000503076397,green
341.80936454849495,-6.152330868888054e-16,1.6200378777166142,-2.1361479942637558e-14,258472839.82075584,145414875.5937549,78397739.25438648,179850075.32410634,78745658.63172264,85990820.61886904,13555387.288318755,0.004056552825870865,3.2110890813061097,0.21390957321384493,green
342.0903010033445,-6.152330868888054e-16,1.6277393101801303,-2.1361479942637558e-14,248338397.34429958,134721051.80646965,78064679.27307859,167068413.0557145,78475976.26104033,81339439.89438769,13542436.384615751,0.004043185580598814,2.9884194784998184,0.19884879375986422,green
342.371237458194,-6.152330868888054e-16,1.637156792648983,-2.1361479942637558e-14,239868318.53379548,124972949.39677246,77710226.71562473,155076062.03970388,78173882.85973318,77161160.5039146,13516010.987009898,0.00402805100354098,2.7779136521511862,0.1846302124873414,green
342.6521739130435,-6.152330868888054e-16,1.6482485906414195,-2.1361479942637558e-14,232853393.6098678,116149416.42154402,77338937.60360065,143958599.58344373,77845202.61175962,73437671.47589701,13477300.19709881,0.004011456411162194,2.581582117398252,0.17138285138372533,green
342.933110367893,-6.152330868888054e-16,1.6609593009400978,-2.1361479942637558e-14,227110081.04577732,108209213.67211625,76954770.98474665,133752212.73356682,77495072.12730207,70144474.69756252,13427514.536617475,0.0039936740286384866,2.4004651647208397,0.1591713199476452,green
343.2140468227425,-6.152330868888054e-16,1.6752237075293444,-2.1361479942637558e-14,222477710.40744483,101099146.14480928,76561163.19076093,124457177.19407013,77127997.08575504,67253203.30559492,13367853.95653957,0.003974943576844735,2.2348784821875416,0.1480125039847597,green
343.494983277592,-6.152330868888054e-16,1.6909700717638971,-2.1361479942637558e-14,218815730.9849973,94759905.88537212,76161093.49798667,116048802.70483844,76747914.42078947,64733479.27937351,13299484.351337051,0.003955475265166014,2.084618929047602,0.13788938836473832,green
343.7759197324415,-6.152330868888054e-16,1.7081228608119619,-2.1361479942637558e-14,216001128.92966723,89130158.31932537,75757141.61073983,108486013.08560733,76358254.06059827,62554327.999712154,13223520.959659368,0.003935452842635641,1.9491298056994508,0.1287620659189118,green
344.056856187291,-6.152330868888054e-16,1.7266049458369084,-2.1361479942637558e-14,213926075.84085983,84149304.01346421,75351537.63083217,101717868.54447633,75961997.05153064,60685204.74748633,13141017.243024709,0.003915036517895138,1.8276291433202452,0.12057622488206955,green
344.33779264214047,-6.152330868888054e-16,1.7463393190035685,-2.1361479942637558e-14,212495833.00495875,79759258.81019634,74946205.28398758,95688378.92139295,75561728.5697176,59096700.567643136,13052958.045488654,0.0038943656532090917,1.7192062807900188,0.11326949961375501,green
344.61872909698997,-6.152330868888054e-16,1.767250388415392,-2.1361479942637558e-14,211626911.77024052,75905519.50618304,74542799.19528775,90339945.04302017,75159685.30607755,57760994.336627096,12960256.03679781,0.003873561193821797,1.6228923789679686,0.1067760800054216,green
344.89966555183946,-6.152330868888054e-16,1.7892649140999581,-2.1361479942637558e-14,211245477.0216168,72537719.71311018,74142736.9766366,85615728.62863052,74757797.26581687,56652111.03193795,12863750.622169664,0.0038527278262911755,1.53771019258075,0.10102994396265988,green
345.18060200668896,-6.152330868888054e-16,1.8123126476258917,-2.1361479942637558e-14,211285973.81841868,69609830.22133733,73747226.83328448,81461205.17128989,74357724.32126012,55746036.97005912,12764208.660161428,0.0038319558773187894,1.4627077656782879,0.0959670283605273,green
345.46153846153845,-6.152330868888054e-16,1.8363267341621032,-2.1361479942637558e-14,211689954.51493266,67080118.492453136,73357291.32817093,77825107.61832964,73960887.99914274,55020733.2255463,12662326.465723272,0.0038113229736946403,1.3969799575548334,0.09152660018990805,green
345.74247491638795,-6.152330868888054e-16,1.8612439300051882,-2.1361479942637558e-14,212405083.40055713,64910951.19049863,72973787.87183803,74659926.0535126,73568499.03471246,54456079.639942445,12558732.68930034,0.0037908954878580602,1.3396809642709548,0.0876520385052338,green
346.02341137123744,-6.152330868888054e-16,1.8870046817523083,-2.1361479942637558e-14,213384297.01463145,63068500.26125974,72597426.4365343,71922091.75549021,73181581.2236596,54033774.212781526,12453991.756896473,0.003770729794391902,1.2900303335608256,0.08429119249991895,green
346.30434782608694,-6.152330868888054e-16,1.91355310617913,-2.1361479942637558e-14,214585100.07836244,61522395.56032233,72228784.92930347,69571943.52852847,72800992.07394065,53737206.37257015,12348607.632490681,0.003750873361908283,1.247314403156915,0.08139644289831456,green
346.58528428093643,-6.152330868888054e-16,1.940836902989736,-2.1361479942637558e-14,215968979.03080434,60245354.12319941,71868322.60112458,67573549.67549339,72427440.71700996,53551317.58002852,12243027.725726822,0.003731365703047891,1.210884625997465,0.07892456274651555,green
346.86622073578593,-6.152330868888054e-16,1.9688072262621008,-2.1361479942637558e-14,217500917.2424273,59212806.83071422,71516391.81726065,65894439.72873833,72061503.48956801,53462458.783503264,12137646.81661523,0.003712239203149325,1.1801538730889019,0.07683644898564798,green
347.1471571906354,-6.152330868888054e-16,1.9974185348218654,-2.1361479942637558e-14,219148997.79182804,58402536.56821392,71173248.4700142,64505285.33312736,71703637.55104324,53458251.24443672,12032810.90737815,0.0036935198460204374,1.1545915158876088,0.07509677713640353,green
347.428093645485,-6.152330868888054e-16,2.0266284369083873,-2.1361479942637558e-14,220884081.51531935,57794337.3546822,70839061.27308019,63379558.47208014,71354192.85340536,53527455.01846353,11928820.941135664,0.003675227852907965,1.1337178667413077,0.07367361676812505,green
347.7090301003345,-6.152330868888054e-16,2.0563975404331667,-2.1361479942637558e-14,222679549.35831386,57369700.7203742,70513920.14378844,62493187.09353236,71013422.74102761,53659847.74251956,11825936.349858608,0.0036573782488850508,1.1170983923419264,0.07253803472573986,green
347.98996655518397,-6.152330868888054e-16,2.086689316677316,-2.1361479942637558e-14,224511099.2693607,57111533.42311226,70197843.84775488,61824222.12016666,70681493.41927423,53846115.19108828,11724378.411176745,0.0036399813689545323,1.1043379913896425,0.07166370502702381,green
348.27090301003346,-6.152330868888054e-16,2.117469982437238,-2.1361479942637558e-14,226356588.86102945,57003909.10782899,69890787.05269654,61352525.53034306,70358492.49611637,54077754.24013521,11624333.406096326,0.0036230433144584877,1.095075539341651,0.07102653860737264,green
348.55183946488296,-6.152330868888054e-16,2.1487084032835,-2.1361479942637558e-14,228195915.83159375,57031855.44940834,69592646.91321485,61059486.11556118,70044436.77030617,54346988.30027909,11525955.57860154,0.0036065663688447315,1.0889788395627045,0.07060434196961338,green
348.83277591973246,-6.152330868888054e-16,2.180376018632406,-2.1361479942637558e-14,230010928.71460307,57181177.44212076,69303269.28612757,60927767.263722084,69739279.41273282,54646694.86533349,11429369.90446556,0.003590549380488783,1.085740074053053,0.07037651080089681,green
349.11371237458195,-6.152330868888054e-16,2.2124467877277696,-2.1361479942637558e-14,231785361.04170233,57438316.72298188,69022454.65481953,60941089.41317571,69442916.66220658,54970344.53142605,11334674.68064668,0.0035749881189853314,1.0850718126890928,0.07032376238536937,green
349.39464882943145,-6.152330868888054e-16,2.2448971543808627,-2.1361479942637558e-14,233504782.5046521,57790246.16442738,68749963.8212701,61084048.60717989,69155194.1331213,55311950.66457613,11241943.948482094,0.0035598756101084613,1.0867036160345063,0.07042790907387196,green
349.67558528428094,-6.152330868888054e-16,2.2777060272435024,-2.1361479942637558e-14,235156561.0785204,58224398.132560484,68485523.4072523,61341971.40364949,68875912.81261075,55666028.714705735,11151229.7652383,0.0035452024536300514,1.0903792451671486,0.07067167362446797,green
349.95652173913044,-6.152330868888054e-16,2.3108547716469614,-2.1361479942637558e-14,236729830.57320887,58728624.027973615,68228831.18959755,61700805.39797429,68604834.80509815,56027564.05981493,11062564.338440211,0.003530957127171817,1.095854474198544,0.07103854602203478,green
350.23745819397993,-6.152330868888054e-16,2.34432720855924,-2.1361479942637558e-14,238215458.6325213,59291182.01573936,67979561.2793824,62147043.76561911,68341688.86404043,56391987.19135769,10975962.036291903,0.0035171262783297657,1.1028954864543632,0.07151268037419443,green
350.5183946488294,-6.152330868888054e-16,2.3781096159399717,-2.1361479942637558e-14,239606010.81425205,59900749.073254615,67737369.14224343,62667681.29191067,68086175.73516926,56755154.9712315,10891421.286384888,0.0035036950065057927,1.1112778192485795,0.07207882937110065,green
350.7993311036789,-6.152330868888054e-16,2.4121907277856476,-2.1361479942637558e-14,240895707.11440971,60546452.91363783,67501896.44585772,63250198.592868514,67837973.3209747,57113336.66482671,10808926.372983662,0.0034906471351178435,1.1207858089977671,0.07272231288208557,green
351.0802675585284,-6.152330868888054e-16,2.4465617263949357,-2.1361479942637558e-14,242080368.11140695,61217918.883512676,67272775.71203144,63882570.50576407,67596741.66400313,57463203.4469827,10728449.141311377,0.00347796547421662,1.131212475562388,0.07342901637418729,green
351.3612040133779,-6.152330868888054e-16,2.481216223847613,-2.1361479942637558e-14,243157348.78384513,61905326.71537871,67049634.744578764,64553294.08126782,67362127.73632559,57801820.11437744,10649950.61521462,0.0034656320729894367,1.1423597744531635,0.07418541413629512,green
351.6421404682274,-6.152330868888054e-16,2.516150229309776,-2.1361479942637558e-14,244125458.94190845,62599472.017353415,66832100.800033875,65251431.24539315,67133770.01428954,58126637.810595416,10573382.532518648,0.003453628461183284,1.154039138045582,0.07497861178817625,green
351.9230769230769,-6.152330868888054e-16,2.5513620996494195,-2.1361479942637558e-14,244984870.17478958,63291827.63299224,66619804.468473926,65966660.9943441,66911302.813334435,58435486.683843166,10498688.800957732,0.0034419358782292,1.166072221501898,0.07579640220286873,green
352.2040133779264,-6.152330868888054e-16,2.5868524715602286,-2.1361479942637558e-14,245737009.92368528,63974600.46519765,66412383.23001999,66689336.14151866,66694360.35214276,58726567.54491831,10425806.875190558,0.0034305354885394708,1.1782917702368192,0.07662732906891578,green
352.4849498327759,-6.152330868888054e-16,2.622624174519134,-2.1361479942637558e-14,246384444.19916564,64640780.02170608,66209484.65935645,67410539.80251168,66482580.51745344,58998441.770281956,10354669.055047505,0.0034194085815267465,1.1905425259653746,0.07746075237256812,green
352.7658862876254,-6.152330868888054e-16,2.6586821246927186,-2.1361479942637558e-14,246930750.9626325,65284175.749478705,66010769.25375352,68122137.41521887,66275608.30067466,59250018.90146176,10285203.703553125,0.003408536754858641,1.2026820972211134,0.07828691071556683,green
353.0468227424749,-6.152330868888054e-16,2.695033200770021,-2.1361479942637558e-14,247380386.67968217,65899441.057700634,65815912.86666294,68816820.67194307,66073098.88076351,59480541.58908429,10217336.382728808,0.0033979020796097658,1.2145817282959834,0.07909697596931617,green
353.32775919732444,-6.152330868888054e-16,2.7316861035145603,-2.1361479942637558e-14,247738548.85613185,66482082.87773421,65624608.73781695,69488140.56873593,65874720.33404291,59689567.748819806,10150990.905116603,0.00338748724627216,1.2261269132022292,0.0798830966648665,green
353.60869565217394,-6.152330868888054e-16,2.768651201380193,-2.1361479942637558e-14,248011037.45632395,67028456.41048263,65436569.11755931,70130527.59305754,65680155.95682829,59876949.980246745,10086090.298765367,0.0033772756908383135,1.2372178144038717,0.0806384274392489,green
353.88963210702343,-6.152330868888054e-16,2.8059403650264096,-2.1361479942637558e-14,248204118.07126498,67535745.49310754,65251526.49144195,70739297.91643398,65489106.19396849,60042812.471534945,10022557.68378108,0.0033672517005323005,1.247769459972772,0.08135714282831871,green
354.1705685618729,-6.152330868888054e-16,2.8435667938720384,-2.1361479942637558e-14,248324389.517926,68001929.66453536,65069234.4188827,71310645.27964757,65301290.17396214,60187525.75437243,9960317.059145112,0.0033574004991482206,1.257711706858286,0.08203443466624381,green
354.4515050167224,-6.152330868888054e-16,2.881544837967166,-2.1361479942637558e-14,248378658.25546575,68425739.50797395,64889468.00630171,71841618.97484452,65116446.85838915,60311679.77767201,9899293.999194473,0.0033477083123183917,1.2669889706109718,0.08266649321903019,green
354.7324414715719,-6.152330868888054e-16,2.919889818455389,-2.1361479942637558e-14,248373821.62017593,68806602.20373958,64712024.041086,72330088.94878238,64934335.82041402,60416055.83774794,9839416.260070514,0.003338162413398567,1.2755597332337503,0.08325047295030326,green
355.0133779264214,-6.152330868888054e-16,2.9586178497658664,-2.1361479942637558e-14,248316761.46465313,69144579.42260075,64536720.81701737,72774699.51868695,64754737.67287534,60501597.93503232,9780614.297294112,0.003328751150960188,1.2833958497657976,0.08378444441881304,green
355.2943143812709,-6.152330868888054e-16,2.9977456664305917,-2.1361479942637558e-14,248214249.32266483,69440299.77304512,64363397.68565064,73174813.55177775,64577454.17223325,60569384.12886251,9722821.696733989,0.003319463959186289,1.2904816814495164,0.08426733428951212,green
355.5752508361204,-6.152330868888054e-16,3.0372904571150934,-2.1361479942637558e-14,248072863.81733677,69694887.9540571,64191914.369359106,73530449.1344118,64402308.02773609,60620598.43451125,9665975.521896726,0.0033102913526367483,1.2968130874113861,0.08469885570365657,green
355.8561872909699,-6.152330868888054e-16,3.077269708036225,-2.1361479942637558e-14,247898920.55417296,69909892.6458429,64022150.07394967,73842210.87521887,64229142.44971475,60656503.75401764,9610016.5817833,0.003301224907097605,1.3023963099620948,0.08507943145426479,green
356.1371237458194,-6.152330868888054e-16,3.117701057611995,-2.1361479942637558e-14,247698414.48550734,70087214.94741675,63854002.43663145,74111217.9014018,64057820.470261976,60678416.27417145,9554889.62358595,0.003292257228204003,1.3072467880132264,0.08541011235677315,green
356.4180602006689,-6.152330868888054e-16,3.1586021636515893,-2.1361479942637558e-14,247476974.27009386,70229038.92850776,63687386.34635159,74339030.5468423,63888224.07336709,60687681.6749434,9500543.456089148,0.0032833819097408856,1.3113879330939515,0.08569249318859282,green
356.6989966555184,-6.152330868888054e-16,3.1999905841103593,-2.1361479942637558e-14,247239828.0509145,70337765.58075535,63522232.66928496,74527577.48469427,63720253.16823216,60685653.42406709,9446931.009184642,0.003274593483358866,1.3148498987168844,0.08592862830517038,green
356.9799331103679,-6.152330868888054e-16,3.2418836720000543,-2.1361479942637558e-14,246991779.80326375,70415951.1908642,63358486.91139183,74679084.87792987,63553824.440361395,60673673.34961012,9394009.3357897,0.003265887361500159,1.3176683713894333,0.08612094886227856,green
357.2608695652174,-6.152330868888054e-16,3.2842984846283345,-2.1361479942637558e-14,246737195.24372372,70466250.8466396,63196107.8465769,74796008.81748605,63388870.11291978,60653054.59033027,9341739.56275722,0.0032572597752319986,1.3198834067218959,0.08627218323514252,green
357.5418060200669,-6.152330868888054e-16,3.327251707147095,-2.1361479942637558e-14,246479996.2889898,70491367.57576291,63035066.135582455,74880972.0789751,63225336.64781213,60625066.97236428,9290086.797026964,0.0032487077085311643,1.3215383300863428,0.0863852819482285,green
357.82274247491637,-6.152330868888054e-16,3.3707595900240723,-2.1361479942637558e-14,246223662.9521962,70494007.35585937,62875342.95766627,74936705.94191281,63063183.41378136,60590924.781560004,9239019.993559198,0.00324022883046102,1.3226787165000908,0.08646334809910779,green
358.10367892976586,-6.152330868888054e-16,3.414837899935447,-2.1361479942637558e-14,245971241.62098524,70476840.08422637,62716928.67400032,74965997.60949527,62902381.34569179,60551776.86601071,9188511.791160611,0.0032318214265218007,1.3233514607882868,0.08650957401207458,green
358.38461538461536,-6.152330868888054e-16,3.4595018832858093,-2.1361479942637558e-14,245725358.63563463,70442466.38350005,62559821.53833219,74971643.4971518,62742911.61624096,60508698.94026398,9138538.322353141,0.0032234843303099257,1.3236039443917793,0.08652718453653191,green
358.6655518394649,-6.152330868888054e-16,3.504766241513178,-2.1361479942637558e-14,245488238.1852482,70393390.02748473,62404026.46754013,74956408.4961588,62584764.33809478,60462687.944494344,9089079.0028844,0.003215216856453386,1.3234833021927266,0.08651938720261974,green
358.9464882943144,-6.152330868888054e-16,3.550645117204806,-2.1361479942637558e-14,245261723.59418023,70331995.65474114,62249553.88175268,74922991.13624412,62427937.3113937,60414658.2813516,9040116.30617862,0.0032070187356341598,1.323035789413367,0.08648932922192511,green
359.2274247491639,-6.152330868888054e-16,3.597152090018231,-2.1361479942637558e-14,245047301.16473943,70260531.3841092,62096418.62134466,74873994.4565716,62272434.82883586,60365439.74416672,8991635.52754683,0.0031988900523656203,1.3223062464574469,0.08644006117435714,green
359.5083612040134,-6.152330868888054e-16,3.6443001813855576,-2.1361479942637558e-14,244846125.82836995,70181095.90838164,61944638.94604361,74811902.30108581,62118266.54808645,60315776.944539346,8943624.542537903,0.0031908311860644532,1.3213376577491267,0.08637450710091252,green
359.7892976588629,-6.152330868888054e-16,3.6921018669078314,-2.1361479942637558e-14,244659047.9315038,70095629.58428454,61794235.61878632,74739060.63841611,61965446.4383662,60266330.034583986,8896073.563400002,0.003182842755806449,1.320170798423076,0.08629544057451827,green
360.0702341137124,-6.152330868888054e-16,3.7405690954305024,-2.1361479942637558e-14,244486640.59339058,70005909.06250586,61645231.07557401,74657663.49097547,61813991.80606998,60217676.53474781,8848974.897038022,0.0031749255690481292,1.3188439622495218,0.08620546629166159,green
360.3511705685619,-6.152330868888054e-16,3.789713313825226,-2.1361479942637558e-14,244329227.14824295,69913545.01108621,61497648.68136797,74569743.03554428,61663922.40265435,60170314.086079165,8802322.707452089,0.0031670805745104137,1.3173927636427,0.08610700669299828,green
360.6321070234114,-6.152330868888054e-16,3.8395454965149565,-2.1361479942637558e-14,244186908.26071355,69819982.48478915,61351512.0703644,74477163.40158662,61515259.61591587,60124663.95112155,8756112.78517969,0.0031593088193089497,1.3158500058221732,0.08600229307005582,green
360.9130434782609,-6.152330868888054e-16,3.8900761788628784,-2.1361479942637558e-14,244059588.37998927,69726503.53224607,61206844.56826521,74381617.71418591,61368025.74459929,60081075.10528937,8710342.325827712,0.0031516114103512316,1.3142456074355722,0.08589336063300461,green
361.19397993311037,-6.152330868888054e-16,3.94131549360007,-2.1361479942637558e-14,243947001.26183176,69634231.65847616,61063668.6932642,74284627.93725331,61222243.35499274,60039828.773584835,8665009.719381364,0.0031439894799516932,1.312606580003584,0.08578204701931351,green
361.47491638795987,-6.152330868888054e-16,3.993273209539523,-2.1361479942637558e-14,243848734.34336635,69544137.79837525,60922005.732037306,74187547.10189891,61077934.717383385,60001143.283570096,8620114.351634497,0.003136444155572702,1.3109570489815032,0.08566999375356904,green
361.75585284280936,-6.152330868888054e-16,4.045958771875952,-2.1361479942637558e-14,243764251.8162743,69457047.47942814,60781875.38596272,74091563.51478921,60935121.31881425,59965179.11832451,8575656.418645697,0.003128976533522696,1.3093183113265874,0.0855586501760824,green
362.03678929765886,-6.152330868888054e-16,4.099381343468932,-2.1361479942637558e-14,243692916.26773548,69373648.90826018,60643295.483660705,73997706.60842825,60793823.44924838,59932044.07194225,8531636.755028682,0.003121587656474792,1.3077089236187316,0.08544927943693595,green
362.31772575250835,-6.152330868888054e-16,4.153549846535011,-2.1361479942637558e-14,243634008.82401434,69294501.72101983,60506281.754164696,73906854.08327219,60654059.85608827,59901798.41910618,8488056.676333658,0.0031142784945551727,1.3061448144955978,0.08534296613329895,green
362.59866220735785,-6.152330868888054e-16,4.208473004272905,-2.1361479942637558e-14,243586747.74381304,69220046.1925681,60370847.65617319,73819740.06371444,60515847.46300457,59874460.02820666,8444917.83574605,0.0031070499298006073,1.3046394164376154,0.0852406252543679,green
362.87959866220734,-6.152330868888054e-16,4.264159381982278,-2.1361479942637558e-14,243550305.42838517,69150612.71883388,60237004.2586966,73736964.0105004,60379201.14875352,59850009.35555268,8402222.095171604,0.0030999027437689395,1.3032038122828566,0.08514301212179795,green
363.16053511705684,-6.152330868888054e-16,4.320617427309628,-2.1361479942637558e-14,243523823.87845266,69086431.40794131,60104760.1671973,73659000.14724253,60244133.58006721,59828394.27278977,8359971.410235975,0.003092837608001012,1.301846892074337,0.08505073302870804,green
363.44147157190633,-6.152330868888054e-16,4.377855509300964,-2.1361479942637558e-14,243506428.59650776,69027641.65346438,59974121.491198294,73586207.21943264,60110655.09471222,59809534.687363,8318167.729037622,0.0030858550771363483,1.3005755169578956,0.08496425635574681,green
363.72240802675583,-6.152330868888054e-16,4.435881955978366,-2.1361479942637558e-14,243497240.96525058,68974301.57220149,59845091.848613985,73518838.40972805,59978773.62989439,59793326.92286695,8276812.904204086,0.0030789555844361436,1.2993946869221131,0.0848839239476804,green
364.0033444816053,-6.152330868888054e-16,4.494705090239587,-2.1361479942637558e-14,243495389.18022633,68926397.21371266,59717672.401479095,73457051.25899626,59848494.69032204,59779647.84024609,8235908.617398993,0.003072139439419602,1.2983077096068474,0.08480996256329885,green
364.2842809364548,-6.152330868888054e-16,4.554333263881387,-2.1361479942637558e-14,243500017.76737618,68883851.46684515,59591861.9195387,73400917.47973306,59719821.352271385,59768358.68053399,8195456.31585589,0.0030654068274259517,1.29731636811274,0.08474249525903649,green
364.5652173913044,-6.152330868888054e-16,4.6147748896053535,-2.1361479942637558e-14,243510295.76035205,68846532.59888254,59467656.8672541,73350432.55398914,59592754.29883166,59759308.61899401,8155457.160127791,0.0030587578108521186,1.2964210858163736,0.0846815525715094,green
364.84615384615387,-6.152330868888054e-16,4.676038470906597,-2.1361479942637558e-14,243525423.61467257,68814262.38026497,59345051.510273516,73305525.03324865,59467291.88197475,59752338.026491195,8115911.982237871,0.003052192331839474,1.2956210866561677,0.08462708339517239,green
365.12709030100336,-6.152330868888054e-16,4.738132629752309,-2.1361479942637558e-14,243544638.92251498,68786823.75416046,59224038.03797407,73266065.47046585,59343430.20772027,59747281.43439409,8076821.253537677,0.0030457102162157594,1.2949145495968624,0.0845789654676082,green
365.40802675585286,-6.152330868888054e-16,4.801066132032731,-2.1361479942637558e-14,243567221.0256605,68763968.02826317,59104606.69840885,73231874.93311082,59221163.24019191,59743970.20946738,8038185.061310129,0.0030393111784717667,1.294298756297233,0.08453701539627373,green
365.68896321070235,-6.152330868888054e-16,4.864847910730466,-2.1361479942637558e-14,243592494.58820677,68745421.56310026,58986745.94286216,73202733.0504415,59100482.92143437,59742234.939735726,8000003.093463846,0.00303299482760934,1.2937702311112316,0.08450099816761769,green
365.96989966555185,-6.152330868888054e-16,4.929487086838897,-2.1361479942637558e-14,243619832.2254234,68730891.9499141,58870442.57697757,73178385.5672733,58981379.303414896,59741907.54274198,7962274.630398634,0.0030267606736722416,1.2933248728749194,0.08447063610117655,green
366.25083612040135,-6.152330868888054e-16,4.994992988030347,-2.1361479942637558e-14,243648656.26043567,68720073.66737466,58755681.91597854,73158551.37696293,58863840.68932998,59742823.10328349,7924998.543334101,0.0030206081348085347,1.2929580779577596,0.08444561721300291,green
366.53177257525084,-6.152330868888054e-16,5.061375165131468,-2.1361479942637558e-14,243678439.69603875,68712653.21977825,58642447.94160696,73142929.02162752,58747853.78134939,59744821.45387247,7888173.298291495,0.0030145365447126525,1.2926648543220585,0.08442560297067991,green
366.81270903010034,-6.152330868888054e-16,5.128643406496943,-2.1361479942637558e-14,243708706.49180356,68708313.7693444,58530723.45873746,73131202.66036335,58633403.83224051,59747748.514440745,7851796.964924874,0.0030085451603109868,1.2924399265597857,0.08441023543744336,green
367.09364548494983,-6.152330868888054e-16,5.196807750280928,-2.1361479942637558e-14,243739031.19916737,68706739.25393176,58420490.24987116,73123047.48567061,58520474.79878665,59751457.39659876,7815867.229682465,0.003002633169581288,1.292277831534766,0.08439914377982885,green
367.3745819397993,-6.152330868888054e-16,5.26587849476546,-2.1361479942637558e-14,243769038.05446336,68707618.01910782,58311729.225873,73118134.60860908,58409049.49478591,59755809.29503701,7780381.412462988,0.002996799699386561,1.2921730049451066,0.08439195015976865,green
367.6555183946488,-6.152330868888054e-16,5.3358662068357114,-2.1361479942637558e-14,243798399.59931076,68710645.97926469,58204420.57164904,73116135.42033686,58299109.74193125,59760674.18031085,7745336.486175279,0.0029910438232324064,1.2921198589100236,0.0843882750178553,green
367.9364548494983,-6.152330868888054e-16,5.4067817286645,-2.1361479942637558e-14,243826834.8857327,68715529.31511086,58098543.88551795,73116725.43004692,58190636.51700244,59765931.30346278,7710729.0987014035,0.0029853645688641406,1.2921128505565314,0.08438774174576529,green
368.2173913043478,-6.152330868888054e-16,5.478636182805077,-2.1361479942637558e-14,243854107.3543967,68721986.74979235,57994078.31153569,73119587.61885415,58083610.09411058,59771469.53704079,7676555.596590095,0.002979760925633798,1.2921465422608307,0.08438998079196569,green
368.4983277591973,-6.152330868888054e-16,5.551440975735684,-2.1361479942637558e-14,243880022.42897388,68729751.40745069,57891002.66381793,73124415.30743198,57978010.18080013,59777187.5598502,7642812.050110296,0.002974231851573417,1.2922156534870664,0.08439463319655481,green
368.7792642140468,-6.152330868888054e-16,5.625207800031253,-2.1361479942637558e-14,243904424.8977218,68738572.29110321,57789295.54240595,73130914.57267588,57873816.04713711,59782993.90594032,7609494.279141396,0.002968776280125643,1.2923151048102999,0.08440135359482678,green
369.0602006688963,-6.152330868888054e-16,5.699948635278607,-2.1361479942637558e-14,243927196.13430765,68748215.40310027,57688935.44022444,73138806.23424992,57771006.64702948,59788806.89175296,7576597.879511154,0.0029633931264898905,1.2924400544654457,0.08440981271257424,green
369.3411371237458,-6.152330868888054e-16,5.775675747868472,-2.1361479942637558e-14,243948251.20841733,68758464.53606735,57589900.84089431,73147827.43794847,57669560.731246345,59794554.4363931,7544118.24942139,0.002958081293553704,1.2925859278705962,0.08441969938342762,green
369.6220735785953,-6.152330868888054e-16,5.852401689802566,-2.1361479942637558e-14,243967535.93368,68769121.76411024,57492170.307311416,73157732.86559169,57569456.9517651,59800173.790032215,7512050.615634803,0.002952839677387367,1.2927484406228968,0.08443072212194526,green
369.90301003344484,-6.152330868888054e-16,5.930139296634118,-2.1361479942637558e-14,243985023.8936531,68780007.6591257,57395722.560896985,73168295.59588219,57470673.957111984,59805611.1830797,7480390.059143922,0.0029476671722821223,1.2929236153748405,0.08444261028006592,green
370.1839464882943,-6.152330868888054e-16,6.008901684681754,-2.1361479942637558e-14,244000713.48464024,68790961.26371199,57300536.55171422,73179307.64942688,57373190.47865596,59810821.41028764,7449131.540078535,0.002942562675327508,1.293107793153381,0.08445511482507927,green
370.46488294314383,-6.152330868888054e-16,6.088702247643114,-2.1361479942637558e-14,244014625.0078941,68801839.84949382,57206591.51970134,73190580.24873656,57276985.407907575,59815767.36231084,7418269.921654491,0.0029375250905283347,1.2932976396450455,0.08446800877463427,green
370.74581939799333,-6.152330868888054e-16,6.169554652719286,-2.1361479942637558e-14,244026797.8395245,68812518.48551433,57113867.04722475,73201943.8193789,57182037.86485408,59820419.51547575,7387799.992992492,0.0029325533324610826,1.2934901468906077,0.08448108731891008,green
371.0267558528428,-6.152330868888054e-16,6.251472836366049,-2.1361479942637558e-14,244037287.70474973,68822889.44271496,57022343.10324334,73213247.76044627,57088327.25745757,59824755.39063454,7357716.490652915,0.0029276463294744762,1.293682630868341,0.08449416766249912,green
371.3076923076923,-6.152330868888054e-16,6.334470999792802,-2.1361479942637558e-14,244046164.07513234,68832861.46477395,56932000.07971862,73224360.01945688,56995833.33282659,59828758.992034614,7328014.118809993,0.002922803026459017,1.2938727255712017,0.08450708862719072,green
371.5886287625418,-6.152330868888054e-16,6.41856360430067,-2.1361479942637558e-14,244053507.70482206,68842358.9266281,56842818.82064649,73235166.49581937,56904536.22033436,59832420.23429117,7298687.567987568,0.0029180223871982714,1.294058373991815,0.0845197100438108,green
371.8695652173913,-6.152330868888054e-16,6.503765366554488,-2.1361479942637558e-14,244059408.323796,68851320.9013332,56754780.64401194,73245570.29570276,56814416.466870904,59835734.365628265,7269731.532259959,0.002913303396310374,1.2942378164051418,0.08453191195963848,green
372.1505016722408,-6.152330868888054e-16,6.590091253880415,-2.1361479942637558e-14,244063962.49119312,68859700.16126843,56667867.35751704,73255490.8709394,56725455.06504332,59838701.3949775,7241140.724957367,0.002908645060820861,1.2944095765192356,0.08454359370025503,green
372.4314381270903,-6.152330868888054e-16,6.677556479672931,-2.1361479942637558e-14,244067271.62556908,68867462.13017744,56582061.26825795,73264863.0596962,56637633.47439568,59841325.529786415,7212909.892776807,0.0029040464113694146,1.2945724457948486,0.08455467280628368,green
372.7123745819398,-6.152330868888054e-16,6.766176498965255,-2.1361479942637558e-14,244069440.1962156,68874583.80810072,56497345.18751737,73273636.06028157,56550933.63688481,59843614.62843934,7185033.828484817,0.0028995065031143527,1.2947254664937695,0.08456508388319811,green
372.9933110367893,-6.152330868888054e-16,6.855967004248518,-2.1361479942637558e-14,244070574.10431275,68881052.67938459,56413702.43032935,73281772.34536481,56465337.98610394,59845579.67404331,7157507.381996167,0.002895024416307203,1.2948679135658927,0.08457477737163759,green
373.2742474916388,-6.152330868888054e-16,6.946943921583385,-2.1361479942637558e-14,244070779.23410603,68886865.62409219,56331116.81101405,73289246.54656985,56380829.45154432,59847234.27246812,7130325.470040573,0.0028905992566041535,1.2949992759126807,0.08458371827490004,green
373.5551839464883,-6.152330868888054e-16,7.039123407048356,-2.1361479942637558e-14,244070160.17220712,68892027.84449032,56249572.63513677,73296044.32479006,56297391.45835083,59848594.17760498,7103483.084459416,0.002886230155137684,1.2951192372974434,0.08459188486204043,green
373.8361204013378,-6.152330868888054e-16,7.132521843575308,-2.1361479942637558e-14,244068819.09818205,68896551.81717585,56169054.688182674,73302161.23915084,56215007.92283696,59849676.847202025,7076975.299129039,0.002881916268361637,1.2952276571274346,0.08459926736189478,green
374.1170568561873,-6.152330868888054e-16,7.227155838184087,-2.1361479942637558e-14,244066854.83027476,68900456.2794948,56089548.22164207,73307601.62895837,56133663.24453602,59850501.02945953,7050797.275663385,0.002877656777710215,1.2953245513693254,0.08460586666587767,green
374.39799331103677,-6.152330868888054e-16,7.323042219671676,-2.1361479942637558e-14,244064362.03184596,68903765.2609577,56011038.93674254,73312377.52128185,56053342.294985645,59851086.38411832,7024944.267870537,0.0028734508890805636,1.2954100738167478,0.08461169305443832,green
374.67892976588627,-6.152330868888054e-16,7.420198036755013,-2.1361479942637558e-14,244061430.56005827,68906507.16559745,55933512.966484256,73316507.57554607,55974030.40399839,59851453.137167946,6999411.625127765,0.0028692978321783235,1.2954844979210993,0.08461676496159283,green
374.95986622073576,-6.152330868888054e-16,7.518640556673299,-2.1361479942637558e-14,244058144.94710678,68908713.90894091,55856956.856342144,73320016.07183605,55895713.34383189,59851621.76887427,6974194.794762067,0.002865196859747801,1.2955481993094142,0.0846211077859808,green
375.24080267558526,-6.152330868888054e-16,7.618387264270937,-2.1361479942637558e-14,244054584.01002255,68910420.1148947,55781357.54391544,73322931.95056602,55818377.31155697,59851612.73606312,6949289.323477973,0.002861147246702146,1.2956016391263152,0.08462475275778143,green
375.52173913043475,-6.152330868888054e-16,7.719455861561581,-2.1361479942637558e-14,244050820.57716095,68911662.37595773,55706702.337933436,73325287.91033939,55742008.91009455,59851446.22799216,6924690.857935901,0.002857148289178185,1.2956453483274177,0.08462773587018323,green
375.8026755852843,-6.152330868888054e-16,7.821864267747371,-2.1361479942637558e-14,244046921.31533027,68912478.57530387,55632978.89695795,73327119.5653837,55666595.128350765,59851141.953220084,6900395.14461003,0.0028531993035388063,1.2956799129585366,0.08463009687777322,green
376.0836120401338,-6.152330868888054e-16,7.925630619714974,-2.1361479942637558e-14,244042946.6556556,68912907.274974,55560175.20797738,73328464.66845079,55592123.32065221,59850718.95840234,6876398.028947664,0.002849299625333194,1.2957059605255516,0.08463187836898667,green
376.3645484949833,-6.152330868888054e-16,8.030773272991066,-2.1361479942637558e-14,244038950.80498037,68912987.16980925,55488279.56520255,73329362.40141383,55518581.185864,59850195.47711865,6852695.4539364455,0.002845448608235257,1.2957241475024739,0.08463312491587377,green
376.6454849498328,-6.152330868888054e-16,8.137310803105812,-2.1361479942637558e-14,244034981.82595158,68912756.600825,55417280.5492575,73329852.72884223,55445956.74648092,59849588.804677874,6829283.458206239,0.002841645622976037,1.2957351479051888,0.08463388229627702,green
376.9264214046823,-6.152330868888054e-16,8.245262007405765,-2.1361479942637558e-14,244031081.78754795,68912253.13476127,55347167.00695875,73329975.82294169,55374238.32787016,59848915.201028675,6806158.173661421,0.0028378900562790756,1.2957396430774677,0.08463419679839171,green
377.2073578595318,-6.152330868888054e-16,8.354645907256723,-2.1361479942637558e-14,244027286.96858305,68911513.20218919,55277928.031846344,73329771.55357003,55303414.53793065,59848189.8172715,6783315.822772791,0.002834181309813307,1.2957383125895057,0.0846341146009494,green
377.4882943143813,-6.152330868888054e-16,8.465481750604933,-2.1361479942637558e-14,244023628.10479796,68910571.78994146,55209552.945550136,73329279.03976512,55233474.2473071,59847426.643312156,6760752.715598326,0.00283051879917111,1.2957318261921498,0.08463368122517181,green
377.7692307692308,-6.152330868888054e-16,8.577789014906461,-2.1361479942637558e-14,244020130.67588434,68909462.1897531,55142031.28014914,73328536.26598611,55164406.57033498,59846638.47668921,6738465.246564843,0.0028269019528807185,1.2957208368854802,0.08463294106249326,green
378.05016722408027,-6.152330868888054e-16,8.691587410386173,-2.1361479942637558e-14,244016815.2220251,68908215.79777057,55075352.761594616,73327579.7582803,55096200.846848406,59845836.9096654,6716449.89108623,0.002823330211460348,1.295705975023993,0.08463193697277678,green
378.33110367892976,-6.152330868888054e-16,8.806896883587825,-2.1361479942637558e-14,244013697.68148667,68906861.95938165,55009507.2942122,73326444.31491627,55028846.624917135,59845032.33187871,6694703.2020780975,0.0028198030265179706,1.295687843367587,0.08463070994685913,green
378.61204013377926,-6.152330868888054e-16,8.923737621204063,-2.1361479942637558e-14,244010789.7440978,68905427.85782562,54944484.946358494,73325162.79054148,54962333.644617066,59844233.94741946,6673221.806408029,0.002816319859902387,1.295667013065,0.08462929883252392,green
378.89297658862876,-6.152330868888054e-16,9.042130054159388,-2.1361479942637558e-14,244008099.21425673,68903938.4425823,54880275.93724985,73323765.92997523,54896651.82289043,59843449.80434722,6652002.4013266945,0.002812880182908865,1.2956440205051751,0.08462774011952359,green
379.17391304347825,-6.152330868888054e-16,9.162094861917492,-2.1361479942637558e-14,244005630.3775648,68902416.39322287,54816870.62495929,73322282.24724236,54831791.23952709,59842686.834635235,6631041.750921001,0.0028094834755413136,1.295619364962876,0.08462606777864601,green
379.45484949832775,-6.152330868888054e-16,9.283652976983209,-2.1361479942637558e-14,244003384.36651665,68900882.11415935,54754259.495535076,73320737.9448602,54767742.12424899,59841950.902641244,6610336.6826194525,0.0028061292258304304,1.2955935069535696,0.0846243131490502,green
379.73578595317724,-6.152330868888054e-16,9.406825589590596,-2.1361479942637558e-14,244001359.52082893,68899353.75904886,54692433.15330874,73319156.87266265,54704494.84499095,59841246.861153714,6589884.083783613,0.0028028169292128023,1.295566867287693,0.08462250487320713,green
380.01672240802674,-6.152330868888054e-16,9.531634152537626,-2.1361479942637558e-14,243999551.73829687,68897847.27858905,54631382.31227476,73317560.51887253,54642039.89728707,59840578.61269823,6569680.898409888,0.002799546087966676,1.295539826698515,0.08462066887089294,green
380.29765886287623,-6.152330868888054e-16,9.658100386150075,-2.1361479942637558e-14,243997954.81381708,68896376.48890719,54571097.78850265,73315968.03027183,54580367.89473905,59839949.17499749,6549724.1239568405,0.0027963162107033303,1.2955127259895727,0.08461882834856262,green
380.5785953177257,-6.152330868888054e-16,9.78624628335552,-2.1361479942637558e-14,243996560.76402307,68894953.15749882,54511570.49353861,73314396.25803708,54519469.56053942,59839360.74938318,6530010.808314425,0.0027931268119128737,1.2954858666428095,0.08461700384010275,green
380.8595317725752,-6.152330868888054e-16,9.916094114858552,-2.1361479942637558e-14,243995360.13381222,68893587.10524993,54452791.428839974,73312859.82809432,54459335.72011483,59838814.79124135,6510538.046943488,0.0027899774115680135,1.2954595118695214,0.08461521327775325,green
381.1404682274248,-6.152330868888054e-16,10.047666434380218,-2.1361479942637558e-14,243994342.2846814,68892286.31854522,54394751.68103174,73311371.22822401,54399957.29468374,59838312.08079805,6491302.980177941,0.002786867534775389,1.2954338879673644,0.08461347208389193,green
381.4214046822742,-6.152330868888054e-16,10.180986083955025,-2.1361479942637558e-14,243993495.66298616,68891057.07022473,54337442.417990096,73309940.9106924,54341325.29574439,59837852.79364064,6472302.790703488,0.0027837967114753993,1.2954091859630064,0.08461179328229698,green
381.70234113712377,-6.152330868888054e-16,10.31607619927086,-2.1361479942637558e-14,243992808.0479074,68889904.04690987,54280854.885670856,73308577.40724042,54283430.82041452,59837436.57025105,6453534.701211459,0.0027807644761865687,1.2953855634847662,0.08461018762510052,green
381.98327759197326,-6.152330868888054e-16,10.452960215039907,-2.1361479942637558e-14,243992266.7775525,68888830.48063251,54224980.40565048,73307287.45406455,54226265.047600314,59837062.58375682,6434995.972238105,0.002777770367793408,1.2953631468245594,0.08460866373266705,green
382.26421404682276,-6.152330868888054e-16,10.591661870386572,-2.1361479942637558e-14,243991858.9535084,68887838.28230308,54169810.37328445,73306076.1235272,54169819.2348998,59836729.605252266,6416683.900183745,0.0027748139293729654,1.2953420331314915,0.08460722824247383,green
382.54515050167225,-6.152330868888054e-16,10.7322052142423,-2.1361479942637558e-14,243991571.62429386,68886928.17516604,54115336.25640687,73304946.96010602,54114084.71616336,59836436.06623161,6398595.8155060625,0.0027718947080561163,1.2953222926929622,0.08460588596398795,green
382.82608695652175,-6.152330868888054e-16,10.874614610739405,-2.1361479942637558e-14,243991391.94668525,68886099.82660855,54061549.59454027,73303902.11866857,54059052.89968734,59836180.11753649,6380729.081094288,0.0027690122549224355,1.2953039712702312,0.08460464003729382,green
383.10702341137124,-6.152330868888054e-16,11.01891474459767,-2.1361479942637558e-14,243991307.3277935,68885351.97713432,54008441.99850062,73302942.50295343,54004715.266910724,59835959.684878275,6363081.090799455,0.002766166124921897,1.2952870924493634,0.08460349209280539,green
383.38795986622074,-6.152330868888054e-16,11.165130626498222,-2.1361479942637558e-14,243991305.5485634,68884682.56554265,53956005.15034678,73302067.90287471,53951063.37156137,59835772.5207577,6345649.268114172,0.0027633558768206156,1.2952716599828051,0.08460244241037786,green
383.66889632107024,-6.152330868888054e-16,11.313287598439297,-2.1361479942637558e-14,243991374.86572292,68884088.84872817,53904230.80369574,73301277.12919644,53898088.83929054,59835616.251931906,6328431.065025169,0.002760581073172833,1.2952576600978025,0.0846014900762058,green
383.94983277591973,-6.152330868888054e-16,11.46341133907096,-2.1361479942637558e-14,243991504.0956757,68883567.51533467,53853110.784287855,73300568.143879,53845783.36766135,59835488.422691725,6311423.961009489,0.00275784128031208,1.295245063739641,0.08460063313532172,green
384.2307692307692,-6.152330868888054e-16,11.615527869007442,-2.1361479942637558e-14,243991682.68215746,68883114.7926327,53802636.9907337,73299938.18491358,53794138.72641345,59835386.53402172,6294625.462159106,0.002755136068357469,1.2952338287277572,0.08459986873819797,green
384.5117056856187,-6.152330868888054e-16,11.769663556118465,-2.1361479942637558e-14,243991900.74980646,68882726.54670547,53752801.39539118,73299383.8853217,53743146.75794047,59835308.07896065,6278033.100416581,0.0027524650112317516,1.29522390181772,0.08459919328097062,green
384.7926421404682,-6.152330868888054e-16,11.92584512079807,-2.1361479942637558e-14,243992149.14300796,68882398.37520705,53703596.04536415,73298901.38549502,53692799.37797566,59835250.57386899,6261644.432926693,0.002749827686690963,1.2952152206549576,0.0845986025383257,green
385.0735785953177,-6.152330868888054e-16,12.0840996412088,-2.1361479942637558e-14,243992419.44864473,68882125.6910962,53655013.063603394,73298486.43708228,53643088.57647543,59835211.5849696,6245457.0415146155,0.0027472236763652373,1.2952077155894974,0.08459809178695908,green
385.3545150501672,-6.152330868888054e-16,12.244454558512404,-2.1361479942637558e-14,243992704.01004505,68881903.80012117,53607044.65001938,73298134.5005523,53594006.41856799,59835188.75193566,6229468.532233136,0.0027446525658035344,1.2952013113847538,0.08459765592184319,green
385.6354515050167,-6.152330868888054e-16,12.406937682083399,-2.1361479942637558e-14,243992995.92959693,68881727.97005087,53559683.082603395,73297840.83434519,53545545.04557895,59835179.8076185,6213676.534998706,0.0027421139445230917,1.2951959287851502,0.0845972895629096,green
385.9163879598662,-6.152330868888054e-16,12.571577194709892,-2.1361479942637558e-14,243993289.06176013,68881593.49205774,53512920.71852736,73297600.57578918,53497696.676094696,59835182.59426605,6198078.703302774,0.0027396074060614855,1.295191485944653,0.08459698715228492,green
386.1973244147157,-6.152330868888054e-16,12.738401657785769,-2.1361479942637558e-14,243993577.99748313,68881495.73439616,53466749.9952025,73297408.81376559,53450453.607037924,59835195.076409705,6182672.713990722,0.0027371325480299354,1.2951878997152897,0.08459674304201513,green
386.4782608695652,-6.152330868888054e-16,12.907440016500113,-2.1361479942637558e-14,243993858.04140553,68881430.18857467,53421163.43126922,73297260.65310213,53403808.21472003,59835215.35066393,6167456.267097815,0.0027346889721659704,1.2951850867944672,0.08459655157219477,green
386.7591973244147,-6.152330868888054e-16,13.07872160502904,-2.1361479942637558e-14,243994125.18410298,68881392.50944212,53376153.62750988,73297151.27208437,53357752.95584833,59835241.65314543,6152427.085724609,0.002732276284384185,1.2951829647541786,0.0845964071410678,green
387.04013377926424,-6.152330868888054e-16,13.252276151733943,-2.1361479942637558e-14,243994376.0686947,68881378.54784974,53331713.26765705,73297075.97148274,53312280.368465886,59835272.364044115,6137582.91595748,0.0027298940948240254,1.2951814529243117,0.08459630426521038,green
387.32107023411373,-6.152330868888054e-16,13.428133784372285,-2.1361479942637558e-14,243994607.95353416,68881384.37709378,53287835.11909549,73297030.21631172,53267383.07281146,59835306.009918004,6122921.526821015,0.0027275420178938265,1.295180473150418,0.08459623763117745,green
387.60200668896323,-6.152330868888054e-16,13.606325035327034,-2.1361479942637558e-14,243994818.6719606,68881406.31360315,53244512.03344928,73297009.6707271,53223053.77208558,59835341.26397616,6108440.710254995,0.002725219672310347,1.2951799504324875,0.08459620213905714,green
387.8829431438127,-6.152330868888054e-16,13.786880846860683,-2.1361479942637558e-14,243995006.5900206,68881440.93236482,53201736.947048835,73297010.22651666,53179285.2531118,59835376.944611736,6094138.281109102,0.0027229266811331764,1.2951798134522057,0.08459619293843912,green
388.1638795986622,-6.152330868888054e-16,13.96983257639982,-2.1361479942637558e-14,243995170.56279433,68881485.07735892,53159502.881271616,73297028.02540869,53136070.38688354,59835412.01234851,6080012.077150746,0.00272066267179349,1.2951799949922416,0.08459620545703823,green
388.4448160535117,-6.152330868888054e-16,14.155212001854794,-2.1361479942637558e-14,243995309.8899931,68881535.86758618,53117802.9427599,73297059.47581841,53093402.12899567,59835445.56545451,6066059.9590809615,0.0027184272761170514,1.2951804322580895,0.08459623542268709,green
388.7257525083612,-6.152330868888054e-16,14.343051326979953,-2.1361479942637558e-14,243995424.2714323,68881590.69914654,53076630.323516525,73297101.26450491,53051273.519958,59835476.834434025,6052279.810553927,0.0027162201303412856,1.2951810671104027,0.08459627887923725,green
389.0066889632107,-6.152330868888054e-16,14.533383186783595,-2.1361479942637558e-14,243995513.7628882,68881647.24341497,53035978.30086873,73297150.36309664,53009677.68537812,59835505.17548022,6038669.538196642,0.0027140408751257657,1.2951818462067721,0.08459633219629685,green
389.2876254180602,-6.152330868888054e-16,14.726240652988734,-2.1361479942637558e-14,243995578.732914,68881703.44231574,52995840.23731891,73297204.03066637,52968607.83602849,59835530.06324756,6025227.071624169,0.002711889155556788,1.2951827210733926,0.08459639207419441,green
389.5685618729097,-6.152330868888054e-16,14.921657239552447,-2.1361479942637558e-14,243995619.82099298,68881757.50080296,52956209.58027764,73297259.81241773,52928057.26779079,59835551.08302531,6011950.363447888,0.0027097646211456925,1.2951836481074717,0.08459645554422648,green
389.8494983277592,-6.152330868888054e-16,15.119666908252718,-2.1361479942637558e-14,243995637.897597,68881807.87705646,52917079.86168271,73297315.53502929,52888019.36147801,59835567.92253245,5998837.389272706,0.0027076669258209083,1.295184588519643,0.0845965199648183,green
390.1304347826087,-6.152330868888054e-16,15.320304074339209,-2.1361479942637558e-14,243995634.02608675,68881853.27099577,52878444.69752541,73297369.29945141,52848487.58255514,59835580.36349454,5985886.147683363,0.0027055957279147466,1.2951855082304287,0.08459658301455347,green
390.4113712374582,-6.152330868888054e-16,15.52360361225523,-2.1361479942637558e-14,243995609.42669213,68881892.61114323,52840297.787279814,73297419.47114517,52809455.480753206,59835588.273042895,5973094.660218359,0.0027035506901447078,1.2951863777204133,0.08459664268204885,green
390.6923076923077,-6.152330868888054e-16,15.729600861439588,-2.1361479942637558e-14,243995565.44294593,68881925.0402192,52802632.91323978,73297464.66818486,52770916.68957867,59835591.59509463,5960460.971328857,0.002701531479589349,1.29518717184131,0.08459669725316332,green
390.9732441471572,-6.152330868888054e-16,15.938331632209662,-2.1361479942637558e-14,243995503.51062897,68881949.89987013,52765443.93977545,73297503.7477317,52732864.925729625,59835590.34183335,5947983.1483220905,0.0026995377676592917,1.2951878695968333,0.08459674529614652,green
391.25418060200667,-6.152330868888054e-16,16.149832211733038,-2.1361479942637558e-14,243995425.12940547,68881966.71480918,52728724.812514976,73297535.79120539,52695293.98842316,59835584.58539377,5935659.281288072,0.002697569230063571,1.295188453899007,0.08459678564511026,green
391.53511705685617,-6.152330868888054e-16,16.364139370073445,-2.1361479942637558e-14,243995331.83664405,68881975.17672844,52692469.55747393,73297560.08871935,52658197.758658916,59835574.44978113,5923487.4830127265,0.0026956255467726373,1.2951889113101804,0.08459681738252293,green
391.81605351170566,-6.152330868888054e-16,16.581290366347645,-2.1361479942637558e-14,243995225.18445295,68881975.1279791,52656672.2801114,73297576.12256877,52621570.198392145,59835560.10316525,5911465.8888711,0.0026937064019765876,1.2951892317664098,0.08459683982042944,green
392.09698996655516,-6.152330868888054e-16,16.801322954987228,-2.1361479942637558e-14,243995106.71949592,68881966.54552402,52621327.16433925,73297583.55051084,52585405.34964485,59835541.75063114,5899592.65670339,0.0026918114840400937,1.295189408295493,0.08459685248130129,green
392.3779264214047,-6.152330868888054e-16,17.024275392034216,-2.1361479942637558e-14,243994977.96363106,68881949.5250365,52586428.471519865,73297582.18906869,52549697.33360082,59835519.62708291,5887865.96668597,0.002689940485456472,1.2951894367349104,0.08459685507887911,green
392.65886287625415,-6.152330868888054e-16,17.25018644164629,-2.1361479942637558e-14,243994840.39986503,68881924.26569244,52551970.53938087,73297571.9966631,52514440.34958865,59835493.99106856,5876284.021169833,0.0026880931027957605,1.2951893154434935,0.08459684749857739,green
392.9397993311037,-6.152330868888054e-16,17.479095382489234,-2.1361479942637558e-14,243994695.455226,68881891.05479997,52517947.78098677,73297553.05715373,52479628.67413819,59835465.1181379,5864845.044538063,0.0026862690366567044,1.295189045022183,0.08459682977851413,green
393.2207357859532,-6.152330868888054e-16,17.711042014556543,-2.1361479942637558e-14,243994544.49422255,68881850.25409834,52484354.683555625,73297525.56341033,52445256.65982408,59835433.29611501,5853547.282998578,0.0026844679916073265,1.2951886280288496,0.0845968020901151,green
393.5016722408027,-6.152330868888054e-16,17.946066665887848,-2.1361479942637558e-14,243994388.8086086,68881802.28664984,52451185.80737343,73297489.80239643,52411318.73422632,59835398.820031516,5842389.004400324,0.002682689676131646,1.2951880687219974,0.0845967647206915,green
393.7826086956522,-6.152330868888054e-16,18.184210199315782,-2.1361479942637558e-14,243994229.6080969,68881747.62344293,52418435.784679145,73297446.1396878,52377809.398856625,59835361.98710882,5831368.498043553,0.0026809338025746113,1.295187372793935,0.08459671805529856,green
394.0635451505017,-6.152330868888054e-16,18.425514019558857,-2.1361479942637558e-14,243994068.0178861,68881686.77269557,52386099.31851071,73297395.00611559,52344723.22800723,59835323.093427286,5820484.074449752,0.0026792000870826953,1.295186547137187,0.08459666256084306,green
394.3444816053512,-6.152330868888054e-16,18.670020080284388,-2.1361479942637558e-14,243993905.07427716,68881620.26927117,52354171.18159735,73297336.8849402,52312054.86765611,59835282.4303658,5809734.065144367,0.002677488249547465,1.295185599621411,0.08459659877090955,green
394.6254180602007,-6.152330868888054e-16,18.91777089126839,-2.1361479942637558e-14,243993741.72205225,68881548.66466329,52322646.21523795,73297272.29940692,52279799.034348644,59835240.28144134,5799116.822429289,0.0026757980135478586,1.2951845388759582,0.0845965272709672,green
394.90635451505017,-6.152330868888054e-16,19.168809525560647,-2.1361479942637558e-14,243993578.81213856,68881472.51713188,52291519.32817845,73297201.8004401,52247950.5140763,59835196.919229954,5788630.719153427,0.0026741291062922904,1.2951833740747014,0.08459644868373033,green
395.18729096989966,-6.152330868888054e-16,19.423179627270404,-2.1361479942637558e-14,243993417.10687006,68881392.3869425,52260785.495536804,73297125.95941685,52216504.161159,59835152.604754284,5778274.148443588,0.002672481258560509,1.29518211480563,0.08459636366027284,green
395.46822742474916,-6.152330868888054e-16,19.680925418449387,-2.1361479942637558e-14,243993257.27345797,68881308.8241399,52230439.75767455,73297045.35364588,52185454.89714223,59835107.58317011,5768045.523498298,0.0026708542046468796,1.29518077081924,0.08459627286291743,green
395.74916387959865,-6.152330868888054e-16,19.94209170751737,-2.1361479942637558e-14,243993099.89619952,68881222.36910512,52200477.219193734,73296960.5646296,52154797.709710374,59835062.085591644,5757943.277283911,0.0026692476823034104,1.2951793519904964,0.08459617696262232,green
396.03010033444815,-6.152330868888054e-16,20.206723896349235,-2.1361479942637558e-14,243992945.47171068,68881133.54188952,52170893.04783733,73296872.16520914,52124527.65160237,59835016.32545555,5747965.862320554,0.002667661432683883,1.2951778680954724,0.08459607662378954,green
396.31103678929765,-6.152330868888054e-16,20.474867988541288,-2.1361479942637558e-14,243992794.41779432,68881042.84136787,52141682.47350338,73296780.71668093,52094639.83956122,59834970.49949667,5738111.75039819,0.0026660952002889064,1.295176328755187,0.08459597250042482,green
396.59197324414714,-6.152330868888054e-16,20.746570597418586,-2.1361479942637558e-14,243992647.07620713,68880950.74157578,52112840.78728434,73296686.76349512,52065129.45334366,59834924.787101656,5728379.432329883,0.002664548732914404,1.2951747433405985,0.08459586522966639,green
396.87290969899664,-6.152330868888054e-16,21.02187895364371,-2.1361479942637558e-14,243992503.7156605,68880857.68560271,52084363.3403844,73296590.82474104,52035991.73460783,59834879.34901075,5718767.417694635,0.0026630217815938606,1.2951731208209067,0.08459575542145459,green
397.15384615384613,-6.152330868888054e-16,21.300840914173758,-2.1361479942637558e-14,243992364.53997865,68880764.08854546,52056245.54333695,73296493.39632899,52007221.98606814,59834834.32925954,5709274.234573703,0.0026615141005538853,1.2951714697969745,0.08459564366079037,green
397.4347826086956,-6.152330868888054e-16,21.583504969856318,-2.1361479942637558e-14,243992229.69037417,68880670.33110803,52028482.8649276,73296394.94224213,51978815.57039278,59834789.85369958,5699898.429298218,0.00266002544715701,1.2951697983459587,0.08459553049715664,green
397.7157190635451,-6.152330868888054e-16,21.869920254443745,-2.1361479942637558e-14,243992099.2530229,68880576.76233415,52001070.83142186,73296295.8965499,51950767.90937238,59834746.031798646,5690638.566190849,0.00265855558185799,1.2951681140521245,0.0845954164466004,green
397.9966555183946,-6.152330868888054e-16,22.160136552886236,-2.1361479942637558e-14,243991973.26324075,68880483.69728392,51974005.02563972,73296196.65955694,51923074.48295662,59834702.95656184,5681493.227315313,0.002657104268153586,1.2951664239365155,0.08459530198693789,green
398.27759197324417,-6.152330868888054e-16,22.45420430992055,-2.1361479942637558e-14,243991851.71143764,68880391.41700143,51947281.08609172,73296097.59656213,51895730.828341536,59834660.7053367,5672461.0122200325,0.002655671272534819,1.2951647344314705,0.08459518755600842,green
398.5585284280936,-6.152330868888054e-16,22.752174639359914,-2.1361479942637558e-14,243991734.5483181,68880300.17088741,51920894.70626963,73295999.03988378,51868732.53921479,59834619.341188096,5663540.537702112,0.0026542563644473306,1.2951630514131007,0.08459507355387433,green
398.83946488294316,-6.152330868888054e-16,23.054099332256033,-2.1361479942637558e-14,243991621.6901273,68880210.17445073,51894841.63368895,73295901.28489064,51842075.26475417,59834578.91298655,5654730.437546637,0.0026528593162391517,1.295161380128224,0.08459496033783784,green
399.12040133779266,-6.152330868888054e-16,23.36003086679031,-2.1361479942637558e-14,243991513.02327996,68880121.61362197,51869117.6693058,73295804.59465662,51815754.70900168,59834539.45724793,5646029.362307494,0.0026514799031276833,1.2951597252734712,0.08459484822781567,green
399.40133779264215,-6.152330868888054e-16,23.670022416734156,-2.1361479942637558e-14,243991408.4095188,68880034.6435195,51843718.66661906,73295709.19732329,51789766.62992192,59834500.998493716,5637435.979053621,0.0026501179031505266,1.295158090945712,0.0845947375029548,green
399.68227424749165,-6.152330868888054e-16,23.984127861151922,-2.1361479942637558e-14,243991307.69006073,68879949.39150384,51818640.53103958,73295615.28922085,51764106.83873172,59834463.550672375,5628948.971148991,0.0026487730971302297,1.2951564806944582,0.08459462840519072,green
399.96321070234114,-6.152330868888054e-16,24.302401793827954,-2.1361479942637558e-14,243991210.68951458,68879865.95845276,51793879.21917983,73295523.03573066,51738771.199152395,59834427.118051894,5620567.038027822,0.0026474452686351064,1.2951548975346536,0.08459452114010999,green
400.24414715719064,-6.152330868888054e-16,24.624899532352,-2.1361479942637558e-14,243991117.2208031,68879784.42004043,51769430.738097034,73295432.57195029,51713755.626609474,59834391.69625066,5612288.894956022,0.0026461342039372938,1.2951533439553764,0.08459441587753272,green
400.52508361204013,-6.152330868888054e-16,24.95167712867605,-2.1361479942637558e-14,243991027.08680606,68879704.82981057,51745291.144778885,73295344.00634328,51689056.08769379,59834357.273321934,5604113.2728454,0.002644839691984402,1.2951518219830753,0.0845943127558131,green
400.80602006688963,-6.152330868888054e-16,25.282791377483697,-2.1361479942637558e-14,243990940.0868214,68879627.21949133,51721456.54526671,73295257.41984518,51664668.599232465,59834323.830725424,5596038.917989795,0.002643561524350886,1.2951503331618928,0.08459421188048723,green
401.0869565217391,-6.152330868888054e-16,25.61829982793916,-2.1361479942637558e-14,243990856.01528102,68879551.60277896,51697923.09431478,73295172.87102334,51640589.22794074,59834291.344210304,5588064.591923057,0.0026422994952196607,1.2951488786452656,0.08459411333050987,green
401.3678929765886,-6.152330868888054e-16,25.95826079159856,-2.1361479942637558e-14,243990774.66946375,68879477.97564608,51674686.99445412,73295090.39492227,51616814.0894262,59834259.784956105,5580189.071137762,0.00264105340132996,1.2951474591708956,0.0845940171565356,green
401.6488294314381,-6.152330868888054e-16,26.302733354969877,-2.1361479942637558e-14,243990695.8460377,68879406.31971057,51651744.495738305,73295010.00812365,51593339.347940266,59834229.1200425,5572411.146973088,0.0026398230419642215,1.295146075151922,0.08459392338713077,green
401.9297658862876,-6.152330868888054e-16,26.65177738735244,-2.1361479942637558e-14,243990619.34911975,68879336.60320921,51629091.89482096,73294931.70838405,51570161.21539375,59834199.31382371,5564729.625330583,0.0026386082188964905,1.295144726665626,0.0845938320279886,green
402.2107023411371,-6.152330868888054e-16,27.0054535537785,-2.1361479942637558e-14,243990544.98587543,68879268.78316356,51606725.53469877,73294855.47832641,51547275.95111201,59834170.32793277,5557143.326574008,0.0026374087363795796,1.2951434135210906,0.08459374306654278,green
402.4916387959866,-6.152330868888054e-16,27.36382332313927,-2.1361479942637558e-14,243990472.5738745,68879202.80737321,51584641.80386536,73294781.2865403,51524679.86093039,59834142.12284508,5549651.085256815,0.0026362244010976017,1.2951421352740773,0.08459365647296521,green
402.7725752508361,-6.152330868888054e-16,27.726948981287862,-2.1361479942637558e-14,243990401.93670213,68879138.61526121,51562837.13600787,73294709.08956069,51502369.296903975,59834114.65751475,5542251.750022388,0.002635055022150834,1.295140891264534,0.08459357220272755,green
403.0535117056856,-6.152330868888054e-16,28.094893639535655,-2.1361479942637558e-14,243990332.91013566,68879076.14061205,51541308.00924407,73294638.8341703,51480340.65649272,59834087.890985236,5534944.183348161,0.002633900411012911,1.2951396806533482,0.08459349019909017,green
403.3344481605351,-6.152330868888054e-16,28.46772124799257,-2.1361479942637558e-14,243990265.33799434,68879015.31155692,51520050.94578767,73294570.45821626,51458590.38223942,59834061.781817704,5527727.261445794,0.0026327603815140743,1.295138502439254,0.0845934103942612,green
403.61538461538464,-6.152330868888054e-16,28.84549660439737,-2.1361479942637558e-14,243990199.07713237,68878956.0534718,51499062.51124353,73294503.89335817,51437114.96101983,59834036.289584614,5520599.874020786,0.0026316347498017696,1.2951373555041554,0.08459333271247094,green
403.8963210702341,-6.152330868888054e-16,29.22828536790627,-2.1361479942637558e-14,243990133.99332923,68878898.28845972,51478339.31427107,73294439.0652251,51415910.92371924,59834011.374162905,5513560.924177478,0.0026305233343238586,1.2951362386183949,0.08459325707033892,green
404.17725752508363,-6.152330868888054e-16,29.616154067248676,-2.1361479942637558e-14,243990069.9667141,68878841.93878643,51457878.005858175,73294375.89677303,51394974.84445785,59833986.99743694,5506609.328166573,0.0026294259557878767,1.295135150496542,0.08459318338065967,green
404.45819397993307,-6.152330868888054e-16,30.009170116530974,-2.1361479942637558e-14,243990006.88545167,68878786.92484452,51437675.279080205,73294314.30691962,51374303.34037831,59833963.12186553,5499744.015334633,0.002628342437150172,1.2951340897772117,0.084593111551042,green
404.7391304347826,-6.152330868888054e-16,30.407401822099924,-2.1361479942637558e-14,243989944.65232864,68878733.1696007,51417727.86832261,73294254.21497777,51353893.070811376,59833939.712626785,5492963.927845671,0.002627272603571964,1.2951330550970843,0.08459304148893336,green
405.0200668896321,-6.152330868888054e-16,30.81091839917194,-2.1361479942637558e-14,243989883.1784296,68878680.59582028,51398032.5490441,73294195.5383344,51333740.737068914,59833916.73597686,5486268.020639788,0.0026262162824088127,1.2951320450539079,0.08459297309911452,green
405.3010033444816,-6.152330868888054e-16,31.21978998017657,-2.1361479942637558e-14,243989822.3869502,68878629.12951952,51378586.13711281,73294138.19615391,51313843.08174076,59833894.16073721,5479655.26119893,0.0026251733031736335,1.2951310582693554,0.08459290628796994,green
405.5819397993311,-6.152330868888054e-16,31.63408762906305,-2.1361479942637558e-14,243989762.21077445,68878578.69892043,51359385.488412865,73294082.10851233,51294196.88830581,59833871.95767096,5473124.629440826,0.0026241434975165017,1.2951300933752636,0.08459284096255598,green
405.8628762541806,-6.152330868888054e-16,32.05388335333916,-2.1361479942637558e-14,243989702.59197515,68878529.23510239,51340427.498363055,73294027.19734187,51274798.98064107,59833850.09959678,5466675.117568663,0.002623126699198986,1.2951291490305625,0.08459277703175408,green
406.1438127090301,-6.152330868888054e-16,32.47925011529184,-2.1361479942637558e-14,243989643.48251972,68878480.67337745,51321709.101390064,73293973.38807009,51255646.22247715,59833828.56187034,5460305.7298996225,0.0026221227440656296,1.2951282239496944,0.08459271440820358,green
406.4247491638796,-6.152330868888054e-16,32.9102618472325,-2.1361479942637558e-14,243989584.84191164,68878432.95171916,51303227.27054845,73293920.60805966,51236735.5170236,59833807.32162207,5454015.48276845,0.0026211314700245202,1.295127316876594,0.08459265300653553,green
406.7056856187291,-6.152330868888054e-16,33.34699346073009,-2.1361479942637558e-14,243989526.6384002,68878386.01336369,51284979.01694768,73293868.78973392,51218063.80637282,59833786.35865043,5447803.404329089,0.002620152717015996,1.2951264266389593,0.08459259274706381,green
406.9866220735786,-6.152330868888054e-16,33.78952086409856,-2.1361479942637558e-14,243989468.84665018,68878339.80427706,51266961.38941761,73293817.86776549,51199628.07117313,59833765.65439458,5441668.534482,0.0026191863269957724,1.2951255521001952,0.08459253355251917,green
407.2675585284281,-6.152330868888054e-16,34.237920970386014,-2.1361479942637558e-14,243989411.44855174,68878294.27601193,51249171.47391438,73293767.78261332,51181425.330012724,59833745.192844406,5435609.92466689,0.0026182321439025863,1.2951246922211699,0.08459247535225069,green
407.5484949832776,-6.152330868888054e-16,34.69227171650389,-2.1361479942637558e-14,243989354.43133038,68878249.38295715,51231606.39321879,73293718.47734085,51163452.63912462,59833724.959512606,5429626.637801924,0.002617290013642997,1.2951238460053658,0.08459241807849653,green
407.8294314381271,-6.152330868888054e-16,35.15265207084725,-2.1361479942637558e-14,243989297.78781918,68878205.08486642,51214263.30633912,73293669.90083633,51145707.0917705,59833704.942179315,5423717.748079196,0.002616359784059057,1.2951230125553954,0.08459236167022983,green
408.11036789297657,-6.152330868888054e-16,35.619142052238004,-2.1361479942637558e-14,243989241.51526436,68878161.3447193,51197139.4081959,73293622.00528276,51128185.817927435,59833685.130130395,5417882.3408932695,0.00261544130491211,1.295122191029196,0.08459230607017983,green
408.39130434782606,-6.152330868888054e-16,36.09182274013385,-2.1361479942637558e-14,243989185.61486828,68878118.12988353,51180231.92909526,73293574.74775535,51110885.983749576,59833665.51442007,5412119.512672118,0.002614534427854622,1.2951213806684274,0.08459225122676535,green
408.67224080267556,-6.152330868888054e-16,36.57077629052796,-2.1361479942637558e-14,243989130.0912788,68878075.41144583,51163538.134332806,73293528.08945766,51093804.79116645,59833646.08761396,5406428.37076605,0.0026136390064092595,1.2951205807853365,0.084592197093202,green
408.9531772575251,-6.152330868888054e-16,37.05608595028229,-2.1361479942637558e-14,243989074.95193174,68878033.16392551,51147055.32376434,73293481.99548292,51076939.477447525,59833626.84361903,5400808.033322829,0.0026127548959461832,1.2951197907589584,0.08459214362724483,green
409.23411371237455,-6.152330868888054e-16,37.5478360698305,-2.1361479942637558e-14,243989020.20647028,68877991.36559333,51130780.83133869,73293436.43534382,51060287.31472668,59833607.77769336,5395257.629145113,0.002611881953658213,1.2951190100447953,0.0845920907918483,green
409.5150501672241,-6.152330868888054e-16,38.04611212101073,-2.1361479942637558e-14,243988965.8665925,68877949.99752101,51114712.02474034,73293391.38177228,51043845.60963879,59833588.8861594,5389776.297593726,0.0026110200385419165,1.2951182381537834,0.08459203855373502,green
409.79598662207354,-6.152330868888054e-16,38.55100070753995,-2.1361479942637558e-14,243988911.94496784,68877909.04414418,51098846.30487883,73293346.81166661,51027611.70280185,59833570.166413315,5384363.188429824,0.002610169011370554,1.2951174746696243,0.08459198688457756,green
410.0769230769231,-6.152330868888054e-16,39.062589585402684,-2.1361479942637558e-14,243988858.45572883,68877868.49228126,51083181.10558254,73293302.70472158,51011582.96850289,59833551.61671774,5379017.461733297,0.002609328734677732,1.295116719224373,0.08459193575933602,green
410.3578595317726,-6.152330868888054e-16,39.58096767197632,-2.1361479942637558e-14,243988805.41298762,68877828.33152835,51067713.89306035,73293259.04423882,50995756.81415382,59833533.23610942,5373738.287738786,0.0026084990727289954,1.295115971513607,0.08459188515729334,green
410.6387959866221,-6.152330868888054e-16,40.106225068178595,-2.1361479942637558e-14,243988752.83174738,68877788.5535236,51052442.16563312,73293215.81599015,50980130.680013575,59833515.024318,5368524.84676223,0.002607679891507343,1.2951152312758623,0.08459183506065397,green
410.9197324414716,-6.152330868888054e-16,40.63845306728186,-2.1361479942637558e-14,243988700.72632352,68877749.15205023,51037363.45318754,73293173.00866911,50964702.03863681,59833496.98157901,5363376.329037885,0.0026068710586844754,1.2951144983015446,0.08459178545515351,green
411.2006688963211,-6.152330868888054e-16,41.17774417687571,-2.1361479942637558e-14,243988649.1112184,68877710.12261641,51022475.316904314,73293130.6131705,50949468.39459231,59833479.1086359,5358291.934640382,0.0026060724436060938,1.2951137724197144,0.08459173632915756,green
411.4816053511706,-6.152330868888054e-16,41.72419213048827,-2.1361479942637558e-14,243988598.0000771,68877671.46227841,51007775.348770596,73293088.62257153,50934427.2839696,59833461.406547785,5353270.873341811,0.002605283917266172,1.2951130534983903,0.08459168767368445,green
411.76254180602007,-6.152330868888054e-16,42.2778919059899,-2.1361479942637558e-14,243988547.4058766,68877633.16944537,50993261.171233326,73293047.03184089,50919576.27402366,59833443.876660705,5348312.364509621,0.0026045053522884137,1.2951123414393158,0.08459163948204877,green
412.04347826086956,-6.152330868888054e-16,42.838939742585836,-2.1361479942637558e-14,243988497.34086743,68877595.2436498,50978930.43682346,73293005.83755313,50904912.96279114,59833426.52053543,5343415.636996555,0.002603736622906227,1.2951116361729642,0.08459159174952148,green
412.32441471571906,-6.152330868888054e-16,43.40743315461746,-2.1361479942637558e-14,243988447.81592402,68877557.68531148,50964780.82771398,73292965.03771359,50890434.978641815,59833409.33979261,5338579.929011534,0.002602977604939334,1.295110937655856,0.08459154447314864,green
412.60535117056855,-6.152330868888054e-16,43.98347095346127,-2.1361479942637558e-14,243988398.8412918,68877520.49569686,50950810.05544441,73292924.63155544,50876139.97999309,59833392.336203516,5333804.488036338,0.002602228175778846,1.2951102458665273,0.08459149765147556,green
412.88628762541805,-6.152330868888054e-16,44.56715325815417,-2.1361479942637558e-14,243988350.4254658,68877483.67649116,50937015.86041455,73292884.61921106,50862025.65479833,59833375.51141703,5329088.570680156,0.0026014882143606008,1.2951095608004326,0.0845914512842021,green
413.16722408026754,-6.152330868888054e-16,45.158581520508775,-2.1361479942637558e-14,243988302.5762882,68877447.23001422,50923396.01167305,73292845.0017707,50848089.720324785,59833358.867170155,5324431.442611802,0.002600757601153522,1.2951088824703048,0.08459140537220512,green
413.44816053511704,-6.152330868888054e-16,45.7578585344589,-2.1361479942637558e-14,243988255.29979655,68877411.15863217,50909948.30638659,73292805.7807522,50834329.92261714,59833342.40496581,5319832.378409022,0.002600036218131677,1.2951082108975251,0.08459135991695325,green
413.72909698996654,-6.152330868888054e-16,46.36508846176337,-2.1361479942637558e-14,243988208.60118064,68877375.46508424,50896670.56963788,73292766.95833163,50820744.036285646,59833326.12629522,5315290.66149213,0.0025993239487631624,1.2951075461156012,0.08459131492074179,green
414.01003344481603,-6.152330868888054e-16,46.980376843835636,-2.1361479942637558e-14,243988162.48410603,68877340.1519945,50883560.653946646,73292728.536847,50807329.864020206,59833310.03240876,5310805.583987141,0.0025986206779847836,1.2951068881618395,0.08459127038612732,green
414.2909698996655,-6.152330868888054e-16,47.60383062379928,-2.1361479942637558e-14,243988116.95109102,68877305.22199692,50870616.438992254,73292690.5188843,50794085.2363045,59833294.124402516,5306376.44663995,0.0025979262921871043,1.2951062370786328,0.08459122631601455,green
414.571906354515,-6.152330868888054e-16,48.2355581644677,-2.1361479942637558e-14,243988072.00351477,68877270.6776157,50857835.83125694,73292652.90712087,50781008.011051185,59833278.40318589,5302002.55871047,0.0025972406791954054,1.2951055929106965,0.0845911827134682,green
414.8528428093646,-6.152330868888054e-16,48.875669264846714,-2.1361479942637558e-14,243988027.64145216,68877236.52104947,50845216.76363917,73292615.70407893,50768096.07320748,59833262.86939866,5297683.23785924,0.0025965637282491048,1.2951049557008318,0.08459113958142506,green
415.133779264214,-6.152330868888054e-16,49.52427518397754,-2.1361479942637558e-14,243987983.8640884,68877202.75438674,50832757.195207596,73292578.91232125,50755347.334501125,59833247.52352797,5293417.81006958,0.0025958953299884653,1.2951043254931156,0.08459109692291016,green
415.41471571906357,-6.152330868888054e-16,50.181488653546815,-2.1361479942637558e-14,243987940.66936147,68877169.37918238,50820455.11074324,73292542.5339745,50742759.73297435,59833232.365740955,5289205.609516125,0.002595235376430297,1.2951037023247298,0.0845910547404815,green
415.695652173913,-6.152330868888054e-16,50.84742390573965,-2.1361479942637558e-14,243987898.05446547,68877136.39685257,50808308.52056251,73292506.57113929,50730331.23279979,59833217.39606402,5285045.978504722,0.0025945837609582982,1.2951030862328705,0.08459101303669925,green
415.97658862876256,-6.152330868888054e-16,51.5221966838864,-2.1361479942637558e-14,243987856.0155308,68877103.80818889,50796315.46002872,73292471.02532533,50718059.823783085,59833202.614203244,5280938.267332925,0.002593940378297126,1.2951024772450013,0.084590971813463,green
416.25752508361205,-6.152330868888054e-16,52.20592427187155,-2.1361479942637558e-14,243987814.54801986,68877071.61376837,50784473.9893956,73292435.8979027,50705943.52120012,59833188.01971312,5276881.834235536,0.002593305124503851,1.2951018753865542,0.08459093107253514,green
416.53846153846155,-6.152330868888054e-16,52.898725506320645,-2.1361479942637558e-14,243987773.6465911,68877039.81358956,50772782.193351656,73292401.18965778,50693980.3653322,59833173.611876205,5272876.045253178,0.0025926778969437153,1.295101280673196,0.08459089081501478,green
416.81939799331104,-6.152330868888054e-16,53.60072080286285,-2.1361479942637558e-14,243987733.30528525,68877008.40728806,50761238.180803135,73292366.90103492,50682168.421242744,59833159.38978888,5268920.2741626585,0.002592058594278445,1.2951006931149696,0.08459085104161918,green
417.10033444816054,-6.152330868888054e-16,54.312032175129474,-2.1361479942637558e-14,243987693.51758707,68876977.39407484,50749840.08453626,73292333.03204408,50670505.77843147,59833145.35235252,5265013.902375884,0.002591447116448193,1.2951001127146278,0.08459081175257034,green
417.38127090301003,-6.152330868888054e-16,55.03278325429774,-2.1361479942637558e-14,243987654.27647063,68876946.77267644,50738586.060886405,73292299.58217414,50658990.550495885,59833131.49826301,5261156.3188407635,0.002590843364653862,1.2950995394660816,0.08459077294748926,green
417.66220735785953,-6.152330868888054e-16,55.76309931520839,-2.1361479942637558e-14,243987615.57450894,68876916.54149626,50727474.2895134,73292266.5505797,50647620.87490058,59833117.82607077,5257346.919969951,0.0025902472413450355,1.295098973357621,0.0845907346256149,green
417.943143812709,-6.152330868888054e-16,56.50310729112766,-2.1361479942637558e-14,243987577.403933,68876886.6984381,50716502.972998336,73292233.9358406,50636394.9125647,59833104.334139585,5253585.109522362,0.00258965865019845,1.295098414367645,0.0845906967855135,green
418.2240802675585,-6.152330868888054e-16,57.2529358046811,-2.1361479942637558e-14,243987539.75667736,68876857.24113338,50705670.33668555,73292201.73624708,50625310.847699784,59833091.0207163,5249870.298550249,0.0025890774961094968,1.2950978624696532,0.0845906594254181,green
418.505016722408,-6.152330868888054e-16,58.01271518004117,-2.1361479942637558e-14,243987502.6245047,68876828.16676334,50694974.628247954,73292169.94954416,50614366.8873646,59833077.88389817,5246201.905271726,0.00258850368516899,1.2950973176276706,0.08459062254291715,green
418.7859531772575,-6.152330868888054e-16,58.78257747639259,-2.1361479942637558e-14,243987465.9989728,68876799.47226134,50684414.117556,73292138.57320051,50603561.26133108,59833064.92168492,5242579.355025835,0.0025879371246561333,1.295096779800999,0.08459058613527765,green
419.066889632107,-6.152330868888054e-16,59.56265650058705,-2.1361479942637558e-14,243987429.87159964,68876771.15419959,50673987.0962573,73292107.60422827,50592892.22165349,59833052.13196963,5239002.080148439,0.0025873777230160377,1.2950962489409457,0.0845905501992224,green
419.3478260869565,-6.152330868888054e-16,60.353087838145704,-2.1361479942637558e-14,243987394.2338208,68876743.20890388,50663691.87760391,73292077.03934027,50582358.04249181,59833039.51256504,5235469.51991635,0.0025868253898504723,1.2950957249936166,0.08459051473112014,green
419.628762541806,-6.152330868888054e-16,61.15400887331755,-2.1361479942637558e-14,243987359.07708296,68876715.63245305,50653526.7961351,73292046.87493046,50571957.01978671,59833027.06121617,5231981.120451451,0.0025862800359008897,1.295095207899514,0.08459047972695798,green
419.9096989966555,-6.152330868888054e-16,61.965558812180156,-2.1361479942637558e-14,243987324.39289412,68876688.42069529,50643490.207397565,73292017.10708484,50561687.47097306,59833014.77561171,5228536.334635321,0.0025857415730334557,1.2950946975936974,0.08459044518235224,green
420.19063545150505,-6.152330868888054e-16,62.78787871117556,-2.1361479942637558e-14,243987290.1727986,68876661.56930628,50633580.48773487,73291987.73166177,50551547.73476448,59833002.65339698,5225134.622043189,0.0025852099142277866,1.295094194007214,0.08459041109264583,green
420.4715719063545,-6.152330868888054e-16,63.62111149440395,-2.1361479942637558e-14,243987256.40851653,68876635.07378651,50623796.03393833,73291958.7442604,50541536.17079556,59832990.69219211,5221775.448838958,0.002584684973558262,1.2950936970664566,0.08459037745286424,green
420.75250836120404,-6.152330868888054e-16,64.46540198795792,-2.1361479942637558e-14,243987223.0918295,68876608.92950979,50614135.26309928,73291930.14030644,50531651.15947111,59832978.8895901,5218458.287727245,0.002584166666186136,1.2950932066947423,0.0845903442578234,green
421.0334448160535,-6.152330868888054e-16,65.3208969339026,-2.1361479942637558e-14,243987190.21476975,68876583.13174261,50604596.61222794,73291901.91503917,50521891.10157536,59832967.24318805,5215182.617838982,0.0025836549083391273,1.2950927228119693,0.08459031150210575,green
421.314381270903,-6.152330868888054e-16,66.18774502816494,-2.1361479942637558e-14,243987157.76946214,68876557.67565976,50595178.53813635,73291874.06356336,50512254.418152876,59832955.75056993,5211947.924692637,0.002583149617305182,1.2950922453356266,0.08459027918012937,green
421.5953177257525,-6.152330868888054e-16,67.06609693396416,-2.1361479942637558e-14,243987125.74831104,68876532.55638982,50585879.51705876,73291846.58087058,50502739.550119214,59832944.40934486,5208753.7000799235,0.002582650711412142,1.2950917741810544,0.08459024728616533,green
421.876254180602,-6.152330868888054e-16,67.95610531794648,-2.1361479942637558e-14,243987094.14388156,68876507.76901235,50576698.044508405,73291819.46185948,50493344.95811499,59832933.21713009,5205599.44201977,0.002582158110020106,1.2950913092618737,0.08459021581436713,green
422.1571906354515,-6.152330868888054e-16,68.85792487144302,-2.1361479942637558e-14,243987062.94897318,68876483.30859533,50567632.634982854,73291792.70136932,50484069.12220397,59832922.17157153,5202484.654668445,0.0025816717335056614,1.2950908504905319,0.08459018475880771,green
422.438127090301,-6.152330868888054e-16,69.77171233770962,-2.1361479942637558e-14,243987032.15662447,68876459.17021114,50558681.821727194,73291766.29419972,50474910.54163073,59832911.27034892,5199408.848246507,0.002581191503249214,1.2950903977786465,0.08459015411350289,green
422.7190635451505,-6.152330868888054e-16,70.69762654302396,-2.1361479942637558e-14,243987001.76007092,68876435.34893952,50549844.15653536,73291740.235123,50465867.73461766,59832900.51117084,5196371.538976854,0.002580717341624377,1.2950899510372487,0.08459012387242786,green
423.0,-6.152330868888054e-16,71.63582841576964,-2.1361479942637558e-14,243986971.75283208,68876411.83991927,50541118.20943837,73291714.5189335,50456939.238045424,59832889.89180112,5193372.248989741,0.0025802491719812788,1.2950895101775968,0.08459009402957259,black
424.2608695652174,-6.152330868888054e-16,75.67768101784739,-2.1361479942637558e-14,356546096.40568715,86635929.86130275,51166440.001992956,82342480.96986379,50744273.83767793,78920820.69319806,5205834.051421555,0.002593215480925386,1.4284876720192432,0.09289287782365584,black
425.5217391304348,-6.152330868888054e-16,78.6721679904825,-2.1361479942637558e-14,472920655.7353959,138783908.8509831,53167619.54549447,123369686.63967176,52218598.04879013,107928375.60660246,5358802.033982526,0.002665880991136946,2.071518529986236,0.13657745156484258,black
426.7826086956522,-6.152330868888054e-16,79.95682993048729,-2.1361479942637558e-14,554057041.0527335,207479377.46404046,56281155.456751056,190830312.48358992,54919518.253764614,136816623.16270956,5748143.802755033,0.002802353180398538,3.1842957568134977,0.21268717496835288,black
428.04347826086956,-6.152330868888054e-16,79.5794121380417,-2.1361479942637558e-14,582483745.2139213,260967683.1430478,59878327.47627503,255447529.93937692,58354397.42096446,156210706.52049088,6399177.205913024,0.002978570195833503,4.304575139353854,0.28890276856830926,black
429.30434782608694,-6.152330868888054e-16,78.16703664821814,-2.1361479942637558e-14,574945977.9007272,285768935.1414703,63378346.76965532,294321352.587734,61906617.65704584,163714131.17757958,7258334.186217644,0.003162913796306776,5.015768205489679,0.3368579903683091,black
430.5652173913044,-6.152330868888054e-16,76.36719110489692,-2.1361479942637558e-14,554921293.8245287,288663713.11457413,66501738.31334859,306652165.0996472,65180297.43674527,163095905.82686156,8223671.163539356,0.003334244180776988,5.266809884843838,0.3535077020638491,black
431.82608695652175,-6.152330868888054e-16,74.57947122813485,-2.1361479942637558e-14,536310818.35570526,281374202.53405017,69213844.06638664,303136621.0983208,68051537.10184433,159131284.6019079,9194459.826111171,0.0034853092825244264,5.227631151420907,0.350619200609955,black
433.0869565217391,-6.152330868888054e-16,72.96797591735167,-2.1361479942637558e-14,523953556.3221369,272179036.4516188,71590368.0484139,294088166.19506925,70556660.27570975,154976420.81499118,10105180.012729181,0.0036173968787260413,5.0784814259859825,0.34042622840190595,black
434.3478260869565,-6.152330868888054e-16,71.55211747396051,-2.1361479942637558e-14,517860584.10530436,264969208.0202995,73728122.9958283,285510563.403148,72785692.36063798,151993656.78985208,10930635.257027052,0.0037348892297429603,4.929438778867752,0.330327740587783,black
435.60869565217394,-6.152330868888054e-16,70.28708322698971,-2.1361479942637558e-14,516225367.69051534,260727783.12880695,75705583.96292165,279691474.9656289,74824666.64921676,150394781.30443323,11673086.269185293,0.003842185267823208,4.825063455229614,0.3232895572584089,black
436.8695652173913,-6.152330868888054e-16,69.11486516006228,-2.1361479942637558e-14,517004168.8475951,259005598.22011247,77572676.4797252,276764769.4794017,76734594.21603996,149862716.78794134,12346664.78756379,0.003942499992172939,4.770523795536629,0.3196317250925058,black
438.1304347826087,-6.152330868888054e-16,67.98906089036234,-2.1361479942637558e-14,518611492.4474378,258884772.3736972,79354334.16993652,275949150.1187832,78549918.20264159,149950600.0462229,12966746.231025435,0.004037704151968581,4.753538785914992,0.3185093488199451,black
439.39130434782606,-6.152330868888054e-16,66.88190124373348,-2.1361479942637558e-14,520108403.75837076,259500743.091789,81058901.78815733,276294730.9677313,80285181.93331133,150283250.98109487,13545145.55807148,0.004128626983802087,4.75792258579039,0.3188228405537866,black
440.6521739130435,-6.152330868888054e-16,65.78173769506621,-2.1361479942637558e-14,521114478.79228693,260258078.2910995,82686490.88268511,277047048.5929864,81943493.91954249,150624800.49292818,14089264.148765437,0.004215480040562652,4.770370714374591,0.31967272979004696,black
441.9130434782609,-6.152330868888054e-16,64.68715989940671,-2.1361479942637558e-14,521609118.733835,260853670.43780625,84235007.30606733,277755459.9768582,83523495.72077598,150869489.0848829,14603101.168222839,0.00429821948405721,4.782677587697426,0.3205067424015445,black
443.17391304347825,-6.152330868888054e-16,63.60141324601707,-2.1361479942637558e-14,521736217.6710726,261203091.37823737,85703388.0531209,278235742.0060069,85023676.32666601,150999966.78624058,15088695.048639752,0.004376777285948351,4.7912926706572225,0.3210877939535805,black
444.4347826086956,-6.152330868888054e-16,62.52862888103077,-2.1361479942637558e-14,521668344.24458104,261343051.5983203,87092636.21881546,278475500.6585248,86444236.43254156,151042744.72931594,15547280.189705187,0.00445116584537427,4.795765911520157,0.3213877706436452,black
445.69565217391306,-6.152330868888054e-16,61.47196798135965,-2.1361479942637558e-14,521538703.80269504,261352103.5815883,88405579.93504763,278541165.93797827,87787316.61056575,151035530.3082681,15979959.739732647,0.004521495513695242,4.797137961351961,0.3214783587832901,black
446.95652173913044,-6.152330868888054e-16,60.43313791560811,-2.1361479942637558e-14,521423476.846683,261303435.0416943,89646151.84135246,278513584.505905,89056445.01708083,151009612.25310832,16387968.944485445,0.004587948954154272,4.7967870851431424,0.32145323537045545,black
448.2173913043478,-6.152330868888054e-16,59.41263180019624,-2.1361479942637558e-14,521351315.3313222,261245988.71340665,90818681.35387261,278455651.3051201,90255815.96181786,150984129.8687789,16772691.494817862,0.004650744700603844,4.795825420653757,0.32138757253123895,black
449.47826086956525,-6.152330868888054e-16,58.41019863860862,-2.1361479942637558e-14,521321689.51235586,261203554.93023497,91927408.47568873,278403655.6284431,91389715.55333605,150967226.92534608,17135574.773389634,0.004710107223813613,4.794916859927861,0.32132602099348656,black
450.7391304347826,-6.152330868888054e-16,57.42526751973896,-2.1361479942637558e-14,521321558.3284185,261181903.13378683,92976242.47680488,278371497.3380874,92462186.6047805,150959841.00142774,17478035.982845742,0.0047662490093190076,4.794332370518914,0.32128664322285505,black
452.0,-6.152330868888054e-16,56.45722395643452,-2.1361479942637558e-14,521336338.180124,261177256.23732984,93968702.09390663,278359206.4065536,93476900.75493097,150959500.47298416,17801399.423973825,0.004819363404722368,4.794091438847385,0.32127056625415007,black
453.2608695652174,-6.152330868888054e-16,55.505540415068346,-2.1361479942637558e-14,521355129.82627827,261182818.35494623,94907955.45310478,278360780.64638394,94437161.83499219,150962991.1119549,18106871.014271963,0.00486962446099703,4.794098528797927,0.3212712264015603,black
454.5217391304348,-6.152330868888054e-16,54.56980603715266,-2.1361479942637558e-14,521371892.8716294,261192512.16423425,95796894.30579382,278369390.263718,95345968.20540813,150967736.58837026,18395540.084770903,0.004917190027464264,4.7942366747534315,0.32128067961364,black
455.7826086956522,-6.152330868888054e-16,53.649704979952745,-2.1361479942637558e-14,521384507.4688957,261202389.72887614,96638203.74091536,278379887.2716228,96206084.90422073,150972208.4118754,18668395.028227296,0.004962205491529692,4.794414558199812,0.3212927563515765,black
457.04347826086956,-6.152330868888054e-16,52.74497971103846,-2.1361479942637558e-14,521393196.45228064,261210610.8117391,97434411.6652928,278389395.01505476,97020101.13726957,150975791.56536782,18926342.24460118,0.005004806824946577,4.794579327811847,0.32130390412391824,black
458.30434782608694,-6.152330868888054e-16,51.85539908830883,-2.1361479942637558e-14,521399139.84718716,261216804.46334454,98187917.10304023,278396886.82245654,97790466.6829639,150978453.46164882,19170222.4537529,0.005045122551612517,4.794710697155919,0.32131277303414685,black
459.5652173913044,-6.152330868888054e-16,50.98073811418641,-2.1361479942637558e-14,521403586.5411666,261221352.7914079,98901003.07848683,278402450.58149445,98519510.55885081,150980426.11944032,19400822.348884113,0.005083274782485761,4.794808658062517,0.32131937811858846,black
460.82608695652175,-6.152330868888054e-16,50.120768719469076,-2.1361479942637558e-14,521407447.25099,261224854.67137697,99575841.06421697,278406636.2357559,99209448.56932798,150981988.9414488,19618881.932979956,0.005119379651883306,4.794882084789205,0.32132432765890273,black
462.0869565217391,-6.152330868888054e-16,49.27525796193204,-2.1361479942637558e-14,521411218.16748863,261227827.68892863,100214492.4241826,278410033.9933116,99862385.80520007,150983360.0335807,19825098.842335526,0.005153547472094526,4.7949411251073775,0.3213283103917403,black
463.3478260869565,-6.152330868888054e-16,48.44396987691059,-2.1361479942637558e-14,521415071.2698933,261230602.62569836,100818909.99532449,278413078.6990232,100480318.1230843,150984667.1633294,20020131.010378256,0.005185882821606383,4.794993508074265,0.32133184828024847,black
464.60869565217394,-6.152330868888054e-16,47.6266682844461,-2.1361479942637558e-14,521418989.91155654,261233333.1193401,101390941.01947002,278416010.97510904,101065134.54553907,150985961.98218057,20204598.65395325,0.005216484674021887,4.79504365791665,0.32133523861402546,black
465.8695652173913,-6.152330868888054e-16,46.82311914375945,-2.1361479942637558e-14,521422884.0706288,261236052.53444535,101932331.45661524,278418917.9728008,101618621.05281396,150987248.8564321,20379086.134641517,0.005245446596698034,4.795093289176316,0.32133859549294463,black
467.1304347826087,-6.152330868888054e-16,46.03309198944579,-2.1361479942637558e-14,521426662.26562124,261238734.68665323,102444731.19776633,278421797.0693377,102142465.47205468,150988511.54044837,20544143.896970265,0.005272857006296117,4.795142477423783,0.32134192275549617,black
468.39130434782606,-6.152330868888054e-16,45.25636052275822,-2.1361479942637558e-14,521430262.6631862,261241337.55497652,102929699.57013032,278424609.8750322,102638262.87988809,150989730.71680626,20700290.47940091,0.0052987994518333735,4.795190605858766,0.3213451780448188,black
469.6521739130435,-6.152330868888054e-16,44.492702670533895,-2.1361479942637558e-14,521433657.91706926,261243827.06419557,103388710.74370216,278427316.3876398,103107521.06249367,150990892.56797355,20848014.53331669,0.005323352901516854,4.795236983204196,0.32134831443309314,black
470.9130434782609,-6.152330868888054e-16,43.74190037960179,-2.1361479942637558e-14,521436846.6595856,261246184.8416228,103823158.79255797,278429890.11463416,103551665.71614164,150991990.76144192,20987776.76336337,0.005346592016511019,4.795281131118523,0.32135129964749765,black
472.17391304347825,-6.152330868888054e-16,43.00373935377151,-2.1361479942637558e-14,521439841.9859038,261248406.86263138,104234362.34442876,278432320.56680363,103972045.25985506,150993025.05838645,21120011.73952112,0.005368587404563569,4.795322844725311,0.3213541199966558,black
473.4347826086956,-6.152330868888054e-16,42.278008830016994,-2.1361479942637558e-14,521442661.92306834,261250498.42638114,104623568.83651516,278434609.4038975,104369935.24459659,150993998.81923938,21245129.559252437,0.005389405852407552,4.79536213455915,0.32135677634532633,black
474.69565217391306,-6.152330868888054e-16,41.56450142767348,-2.1361479942637558e-14,521445323.73351765,261252469.11321753,104991958.43710767,278436765.03902066,104746542.40362076,150994916.8111609,21363517.362786878,0.005409110539130779,4.795399135367843,0.32135927790789864,black
475.95652173913044,-6.152330868888054e-16,40.863013057907445,-2.1361479942637558e-14,521447841.4547239,261254329.19427073,105340647.70692328,278438798.1676995,105103008.4188683,150995783.7752465,21475540.72229572,0.0054277612344090145,4.7954340276116145,0.32136163693671754,black
477.2173913043478,-6.152330868888054e-16,40.173342874988435,-2.1361479942637558e-14,521450225.7334802,261256087.77675453,105670693.0320694,278440719.0230548,105440413.439488,150996603.77533543,21581544.916413818,0.005445414483507714,4.795466987527318,0.3213638653607795,black
478.47826086956525,-6.152330868888054e-16,39.4952932452809,-2.1361479942637558e-14,521452484.6528426,261257752.2901809,105983093.87173948,278442536.272332,105759779.4031814,150997380.08794227,21681856.112855613,0.005462123781773063,4.795498165898998,0.321365973367918,black
479.7391304347826,-6.152330868888054e-16,38.828669718507335,-2.1361479942637558e-14,521454624.6956899,261259328.64930087,106278795.84172383,278444256.8855327,106062073.187179,150998115.33598745,21776782.47409522,0.005477939740075969,4.7955276844154575,0.32136796917173915,black
481.0,-6.152330868888054e-16,38.17328099638079,-2.1361479942637558e-14,521456651.5584752,261260821.6979887,106558693.63292311,278445886.48906165,106348209.59018663,150998811.70713425,21866615.190370385,0.0054929102413100025,4.795555641085292,0.3213698593859494,black
482.2608695652174,-6.152330868888054e-16,37.528938896028016,-2.1361479942637558e-14,521458570.6541515,261262235.66615754,106823633.77680932,278447429.8617115,106619054.15888461,150999471.1516143,21951629.44945426,0.005507080588687864,4.795582118656092,0.3213716495968621,black
483.52173913043475,-6.152330868888054e-16,36.895458308219695,-2.1361479942637558e-14,521460387.2975002,261263574.4698338,107074417.2594452,278448891.3180778,106875425.86105789,151000095.5005517,22032085.346787374,0.005520493645962652,4.795607191388266,0.3213733448212327,black
484.7826086956522,-6.152330868888054e-16,36.27265715331229,-2.1361479942637558e-14,521462106.73960096,261264841.8687836,107311801.99864538,278450274.93543607,107118099.61955364,151000686.5231418,22108228.742814366,0.005533189970325284,4.795630929163588,0.3213749497829222,black
486.04347826086956,-6.152330868888054e-16,35.66035633612482,-2.1361479942637558e-14,521463734.120347,261266041.52671453,107536505.17885737,278451584.6651533,107347808.70112869,151001245.94371253,22180292.06607051,0.005545207937667503,4.795653399589588,0.32137646905372086,black
487.30434782608694,-6.152330868888054e-16,35.05837970068503,-2.1361479942637558e-14,521465274.3954382,261267177.00568372,107749205.45900615,278452824.35433215,107565246.97550124,151001775.43408906,22248495.068866868,0.005556583861020569,4.795674668496238,0.3213779070857162,black
488.5652173913044,-6.152330868888054e-16,34.46655398560782,-2.1361479942637558e-14,521466732.28360456,261268251.73366085,107950545.05397062,278453997.7186896,107771071.04500878,151002276.59833878,22313045.536207613,0.005567352102191981,4.795694799514855,0.32137926818218276,black
489.82608695652175,-6.152330868888054e-16,33.88470878035747,-2.1361479942637558e-14,521468112.24954623,261269268.98338097,108141131.70503943,278455108.3183946,107965902.26043119,151002750.9642637,22374139.953732755,0.005577545177418039,4.7957138536643775,0.3213805564694266,black
491.0869565217391,-6.152330868888054e-16,33.312676482059814,-2.1361479942637558e-14,521469418.5012463,261270231.85917366,108321540.54715194,278456159.540264,108150328.63108149,151003199.9787857,22431964.13790208,0.005587193857460201,4.795731889034877,0.3213817758753562,black
492.3478260869565,-6.152330868888054e-16,32.75029225291926,-2.1361479942637558e-14,521470655.0011416,261271143.29324415,108492315.86462088,278457154.58875716,108324906.62067449,151003625.00768825,22486693.825918127,0.005596327261701883,4.795748960613567,0.3213829301178197,black
493.60869565217394,-6.152330868888054e-16,32.19739397812739,-2.1361479942637558e-14,521471825.4846067,261272006.0507445,108653972.75361076,278458096.48735607,108490162.84771472,151004027.33896545,22538495.232473392,0.005604972947232681,4.795765120290852,0.32138402270514915,black
494.8695652173913,-6.152330868888054e-16,31.653822224183763,-2.1361479942637558e-14,521472933.479374,261272822.74050704,108806998.69691709,278458988.08811,108646595.69611298,151004408.18818724,22587525.57539063,0.005613156993220311,4.7957804170140745,0.32138505694665864,black
496.1304347826087,-6.152330868888054e-16,31.11942019758904,-2.1361479942637558e-14,521473982.3216582,261273595.82664874,108951855.05294138,278459832.08375007,108794676.83800662,151004768.70389283,22633933.571043503,0.005620904080675225,4.7957948969922874,0.3213860359665363,black
497.3913043478261,-6.152330868888054e-16,30.59403370393054,-2.1361479942637558e-14,521474975.16897345,261274327.63879985,109088978.46235737,278460631.018975,108934852.67237253,151005109.97224012,22677859.901069205,0.005628237567797604,4.795808603889931,0.32138696271695466,black
498.6521739130435,-6.152330868888054e-16,30.077511107393725,-2.1361479942637558e-14,521475915.011008,261275020.38102075,109218782.1772485,278461387.30046743,109067545.68432285,151005433.02104187,22719437.65226745,0.005635179561164535,4.7958215789995915,0.32138783998975223,black
499.9130434782609,-6.152330868888054e-16,29.569703290714756,-2.1361479942637558e-14,521476804.679021,261275676.13973293,109341657.31780939,278462103.2059557,109193155.73029524,151005738.82333812,22758792.731585052,0.005641750983031329,4.795833861399036,0.3213886704270444,black
501.17391304347825,-6.152330868888054e-16,29.070463615553408,-2.1361479942637558e-14,521477646.853967,261276296.8904969,109457974.06516199,278462780.8919919,109312061.25788696,151006028.30046594,22796044.25920647,0.0056479716352062555,4.795845488086272,0.32138945653034207,black
502.4347826086956,-6.152330868888054e-16,28.579647883353914,-2.1361479942637558e-14,521478444.0738313,261276884.50376096,109568082.78521052,278463422.40044004,109424620.45514128,151006302.3247063,22831304.938110452,0.005653860259226905,4.7958564940918045,0.3213902006681324,black
503.69565217391306,-6.152330868888054e-16,28.09711429666085,-2.1361479942637558e-14,521479198.7408732,261277440.75019625,109672315.09455582,278464029.66433775,109531172.34055962,151006561.72177717,22864681.40397199,0.005659434593429903,4.795866912579467,0.32139090508269214,black
504.95652173913044,-6.152330868888054e-16,27.62272342093462,-2.1361479942637558e-14,521479913.12874067,261277967.3058395,109770984.86614442,278464604.51348245,109632037.79146373,151006807.27324596,22896274.55469901,0.005664711426789702,4.795876774942166,0.321391571896559,black
506.2173913043478,-6.152330868888054e-16,27.156338146844956,-2.1361479942637558e-14,521480589.38930964,261278465.7570729,109864389.18130465,278465148.67984706,109727520.51751646,151007039.71885982,22926179.86193726,0.0056697066498838265,4.7958861108947035,0.3213922031188101,black
507.47826086956525,-6.152330868888054e-16,26.697823653045827,-2.1361479942637558e-14,521481229.55917704,261278937.6053562,109952809.23092856,278465663.8027269,109817907.98222385,151007259.75875938,22954487.66551133,0.005674435303132691,4.795894948562033,0.32139280065102716,black
508.7391304347826,-6.152330868888054e-16,26.247047369438903,-2.1361479942637558e-14,521481835.5658596,261279384.27172926,110036511.16785264,278466151.4336248,109903472.27452047,151007468.05558646,22981283.451533962,0.005678911622424209,4.795903314562935,0.32139336629295545,black
510.0,-6.152330868888054e-16,25.80387894090323,-2.1361479942637558e-14,521482409.2337229,261279807.10113966,110115746.91526763,278466613.040952,109984470.93538041,151007665.23650673,23006648.115848497,0.005683149082382558,4.795911234090561,0.32139390174795124,black
511.2608695652174,-6.152330868888054e-16,25.3681901915509,-2.1361479942637558e-14,521482952.2895669,261280207.3665586,110190754.927978,278467050.01451546,110061147.73620372,151007851.8951283,23030658.211788986,0.005687160437110929,4.795918730989399,0.3213944086281853,black
512.5217391304348,-6.152330868888054e-16,24.939855089461602,-2.1361479942637558e-14,521483466.36787534,261280586.27287376,110261760.91373679,278467463.66977614,110133733.41637075,151008028.59331426,23053386.184714314,0.00569095775879583,4.795925827828336,0.32139488845958264,black
513.7826086956521,-6.152330868888054e-16,24.51874971189965,-2.1361479942637558e-14,521483953.01575774,261280944.9605472,110328978.51641642,278467855.25185007,110202446.38176546,151008195.86288673,23074900.59391741,0.005694552474267342,4.795932545969344,0.32139534268646774,black
515.0434782608695,-6.152330868888054e-16,24.104752211022454,-2.1361479942637558e-14,521484413.6976268,261281284.50906548,110392609.9622421,278468225.93927544,110267493.36552227,151008354.20723543,23095266.322330866,0.005697955399581081,4.795938905632138,0.32139577267593394,black
516.304347826087,-6.152330868888054e-16,23.697742780066445,-2.1361479942637558e-14,521484849.79963934,261281605.94021425,110452846.67184222,278468576.8475882,110329070.05381505,151008504.10284433,23114544.774965115,0.00570117677276966,4.795944925955475,0.3213961797219894,black
517.5652173913044,-6.152330868888054e-16,23.297603620020435,-2.1361479942637558e-14,521485262.6338925,261281910.22117862,110509869.83915557,278468909.0327097,110387361.6777519,151008646.00073698,23132794.06644373,0.005704226284819418,4.795950625055329,0.3213965650494904,black
518.8260869565217,-6.152330868888054e-16,22.904218906799542,-2.1361479942637558e-14,521485653.4423767,261282198.2674634,110563850.97798792,278469223.4941381,110442543.57218808,151008780.3278372,23150069.19792179,0.005707113108915098,4.795956020079632,0.32139692981784235,black
520.0869565217391,-6.152330868888054e-16,22.5174747588921,-2.1361479942637558e-14,521486023.40071964,261282470.9456529,110614952.43980329,278469521.17796224,110494781.7051234,151008907.4882564,23166422.224581733,0.005709845928144512,4.795961127259992,0.3213972751244957,black
521.3478260869565,-6.152330868888054e-16,22.137259205476138,-2.1361479942637558e-14,521486373.6217396,261282729.07602796,110663327.90429358,278469802.97971725,110544233.17926285,151009027.8645138,23181902.414218545,0.005712432961745911,4.795965961960689,0.3213976020082592,black
522.6086956521739,-6.152330868888054e-16,21.763462155020886,-2.1361479942637558e-14,521486705.1588082,261282973.43504336,110709122.84299847,278470069.7470889,110591046.70601903,151009141.8186925,23196556.397012178,0.0057148819899126724,4.795970538725065,0.32139791145243674,black
523.8695652173913,-6.152330868888054e-16,21.395975364331527,-2.1361479942637558e-14,521487019.00904083,261283204.75768137,110752474.9594322,278470322.28248394,110635363.05549218,151009249.6935363,23210428.30763166,0.005717200377340422,4.795974871319614,0.3213982043878077,black
525.1304347826087,-6.152330868888054e-16,21.03469240808531,-2.1361479942637558e-14,521487316.11630297,261283423.73966998,110793514.6042441,278470561.345452,110677315.48092107,151009351.81348383,23223559.91919822,0.005719395095437883,4.795978972775553,0.32139848169543817,black
526.3913043478261,-6.152330868888054e-16,20.679508648837395,-2.1361479942637558e-14,521487597.37405264,261283631.0395785,110832365.16777122,278470787.65497404,110717030.12001714,151009448.48564616,23235990.76989027,0.005721472743327701,4.795982855428078,0.3213987442093353,black
527.6521739130435,-6.152330868888054e-16,20.33032120747766,-2.1361479942637558e-14,521487863.62803483,261283827.28080308,110869143.45200151,278471001.8916304,110754626.37524624,151009540.0007322,23247758.2828543,0.0057234395677453346,4.79598653095355,0.32139899271896033,black
528.9130434782609,-6.152330868888054e-16,19.987028934134063,-2.1361479942637558e-14,521488115.678836,261284013.0534498,110903960.02302073,278471204.69965553,110790217.27415484,151009626.63392752,23258897.879772607,0.0057253014818935445,4.795990010404767,0.32139922797161496,black
530.1739130434783,-6.152330868888054e-16,19.649532379535458,-2.1361479942637558e-14,521488354.2842976,261284188.91611463,110936919.54414614,278471396.6888827,110823909.80994917,151009708.64572352,23269443.0881585,0.005727064083263259,4.7959933042443135,0.321399450674695,black
531.4347826086956,-6.152330868888054e-16,19.31773376679872,-2.1361479942637558e-14,521488580.1618051,261284355.39757183,110968121.09198937,278471578.43658656,110855805.26462,151009786.28270522,23279425.643114347,0.005728732670540978,4.795996422376182,0.32139966149782884,black
532.695652173913,-6.152330868888054e-16,18.991536963667897,-2.1361479942637558e-14,521488793.99045026,261284512.99836817,110997658.45508394,278471750.4892247,110885999.51424058,151009859.77829435,23288875.583437815,0.005730312259583175,4.795999374175643,0.3213998610748974,black
533.9565217391305,-6.152330868888054e-16,18.670847455202736,-2.1361479942637558e-14,521488996.41307396,261284662.1923285,111025620.41595255,278471913.36408114,110914583.31733316,151009929.35345167,23297821.34236674,0.005731807598504612,4.7960021685174565,0.32140005000594024,black
535.2173913043479,-6.152330868888054e-16,18.355572316892722,-2.1361479942637558e-14,521489188.0382012,261284803.4279824,111052091.01829824,278472067.5508239,110941642.58802564,151009995.21734196,23306289.83351172,0.005733223181970701,4.796004813802589,0.3214002288589634,black
536.4782608695652,-6.152330868888054e-16,18.045620188188227,-2.1361479942637558e-14,521489369.44187623,261284937.1299166,111077149.82023267,278472213.5129811,110967258.65493235,151010057.56796497,23314306.532273088,0.005734563264742743,4.796007317983528,0.32140039817165056,black
537.7391304347826,-6.152330868888054e-16,17.7409012464482,-2.1361479942637558e-14,521489541.16939896,261285063.7000559,111100872.13408376,278472351.68934,110991508.5063135,151010116.5927525,23321895.55291916,0.005735831874505146,4.7960096885882955,0.32140055845298604,black
539.0,-6.152330868888054e-16,17.44132718134116,-2.1361479942637558e-14,521489703.7369598,261285183.51886812,111123329.25215942,278472482.49526244,111014465.0208761,151010172.46913037,23329079.72112802,0.0057370328239412455,4.79601193274302,0.32140071018478145,black
540.2608695652174,-6.152330868888054e-16,17.146811169523215,-2.1361479942637558e-14,521489857.63321614,261285296.94652635,111144588.66441831,278472606.32395405,111036197.1903008,151010225.36506024,23335880.64391702,0.005738169722376154,4.7960140571937036,0.3214008538231475,black
541.5217391304348,-6.152330868888054e-16,16.857267849899976,-2.1361479942637558e-14,521490003.3207442,261285404.32397905,111164714.25900847,278472723.5476321,111056770.32425311,151010275.43953896,23342318.77404266,0.005739245986503015,4.796016068326263,0.3214009897998487,black
542.7826086956521,-6.152330868888054e-16,16.57261329920039,-2.1361479942637558e-14,521490141.2374338,261285505.97397816,111183766.5147741,278472834.51864815,111076246.24718326,151010322.84307766,23348413.47181362,0.00574026485067964,4.7960179721857825,0.3214011185236052,black
544.0434782608695,-6.152330868888054e-16,16.292765007947764,-2.1361479942637558e-14,521490271.79780704,261285602.2020515,111201802.68337007,278472939.5705493,111094683.48450132,151010367.71815526,23354183.063554335,0.005741229376669163,4.796019774494742,0.3214012403813251,black
545.304347826087,-6.152330868888054e-16,16.01764185681588,-2.1361479942637558e-14,521490395.3942675,261285693.29742327,111218876.96173206,278473039.0190843,111112137.43889232,151010410.19964802,23359644.89696039,0.00574214246286475,4.7960214806702455,0.32140135573926976,black
546.5652173913044,-6.152330868888054e-16,15.747164093371662,-2.1361479942637558e-14,521490512.3982814,261285779.53388512,111235040.6552196,278473133.1631533,111128660.5570958,151010450.41523528,23364815.39344921,0.005743006853015371,4.79602309584035,0.32140146494415733,black
547.8260869565217,-6.152330868888054e-16,15.48125330923332,-2.1361479942637558e-14,521490623.16148925,261285861.1706156,111250342.3311478,278473222.285703,111144302.48685917,151010488.48578197,23369710.09741686,0.005743825144437427,4.796024624859403,0.32140156832419986,black
549.0869565217391,-6.152330868888054e-16,15.21983241745725,-2.1361479942637558e-14,521490728.01678216,261285938.45297328,111264827.96738955,278473306.6545927,111159110.22885174,151010524.52570814,23374343.723908503,0.00574459979596267,4.796026072322906,0.32140166619010824,black
550.3478260869565,-6.152330868888054e-16,14.962825630468386,-2.1361479942637558e-14,521490827.2792905,261286011.61322552,111278541.0889181,278473386.5233898,111173128.27624932,151010558.643329,23378730.20240802,0.00574533313524104,4.796027442581158,0.32140175883601496,black
551.6086956521739,-6.152330868888054e-16,14.710158438313751,-2.1361479942637558e-14,521490921.24732757,261286080.87124425,111291522.89807107,278473462.13212925,111186398.74790044,151010590.94117936,23382882.71861019,0.005746027365707653,4.796028739752291,0.3214018465403553,black
552.8695652173913,-6.152330868888054e-16,14.46175758721609,-2.1361479942637558e-14,521491010.203291,261286146.43517056,111303812.399084,278473533.7080389,111198961.51563433,151010621.5163237,23386813.75435115,0.005746684573243278,4.796029967734721,0.3214019295667087,black
554.1304347826087,-6.152330868888054e-16,14.217551058507278,-2.1361479942637558e-14,521491094.41451186,261286208.50204036,111315446.51535055,278473601.4662236,111210854.32413273,151010650.46064752,23390535.125200186,0.00574730673244575,4.796031130218863,0.3214020081645917,black
555.3913043478261,-6.152330868888054e-16,13.97746804789734,-2.1361479942637558e-14,521491174.1340601,261286267.25837797,111326460.20062107,278473665.6103123,111222112.9046053,151010677.8611344,23394058.01610367,0.005747895712577175,4.796032230698256,0.3214020825702092,black
556.6521739130435,-6.152330868888054e-16,13.741438945067719,-2.1361479942637558e-14,521491249.60150814,261286322.88075942,111336886.54452293,278473726.33307314,111232771.08265978,151010703.80012873,23397393.015204877,0.00574845328320739,4.796033272480105,0.321402153007168,black
557.9130434782609,-6.152330868888054e-16,13.50939531364393,-2.1361479942637558e-14,521491321.04364896,261286375.536341,111346756.87162976,278473783.81699085,111242860.8795773,151010728.35558236,23400550.145591523,0.005748981119512371,4.796034258695185,0.32140221968714644,black
559.1739130434783,-6.152330868888054e-16,13.281269871489867,-2.1361479942637558e-14,521491388.6751763,261286425.38336158,111356100.83547829,278473838.2348144,111252412.60842262,151010751.60128817,23403538.895421542,0.005749480807302414,4.796035192307245,0.3214022828105289,black
560.4347826086956,-6.152330868888054e-16,13.056996471334033,-2.1361479942637558e-14,521491452.6993288,261286472.57161662,111364946.50748445,278473889.7500757,111261454.96493994,151010773.60710192,23406368.246411826,0.005749953847777513,4.796036076121895,0.3214023425670088,black
561.695652173913,-6.152330868888054e-16,12.836510081579483,-2.1361479942637558e-14,521491513.30851394,261286517.2429186,111373320.4631344,278473938.5175911,111270015.11566272,151010794.43915647,23409046.70145217,0.005750401662136951,4.796036912795227,0.3214023991361696,black
562.9565217391305,-6.152330868888054e-16,12.619746767698306,-2.1361479942637558e-14,521491570.6848688,261286559.5315101,111381247.85943939,278473984.68391305,111278118.7770929,151010814.16005453,23411582.30941564,0.005750825595721657,4.796037704841549,0.3214024526880088,black
564.2173913043479,-6.152330868888054e-16,12.40664367375211,-2.1361479942637558e-14,521491625.0008132,261286599.56447145,111388752.51129018,278474028.3877749,111285790.29375482,151010832.8290589,23413982.689616404,0.005751226922097687,4.796038454641019,0.32140250338345355,black
565.4782608695652,-6.152330868888054e-16,12.197139004240498,-2.1361479942637558e-14,521491676.41956925,261286637.46210378,111395856.96326211,278474069.76050913,111293052.71159858,151010850.50227073,23416255.054807667,0.005751606846896429,4.796039164446828,0.3214025513748465,black
566.7391304347826,-6.152330868888054e-16,11.991172006252572,-2.1361479942637558e-14,521491725.09565365,261286673.3382919,111402582.55753833,278474108.92644334,111299927.8474351,151010867.23279923,23418406.23293487,0.0057519665114471276,4.7960398363919845,0.32140259680640487,black
568.0,-6.152330868888054e-16,11.788682951817831,-2.1361479942637558e-14,521491771.1753511,261286707.30085325,111408949.49933726,278474146.0032814,111306436.35581958,151010883.07092413,23420442.688088138,0.005752306996275957,4.796040472495861,0.3214026398146625,black
569.2608695652174,-6.152330868888054e-16,11.589613120858507,-2.1361479942637558e-14,521491814.79713523,261286739.45184818,111414976.91505986,278474181.1024426,111312597.788493,151010898.06424028,23422370.539120447,0.005752629324215744,4.796041074670001,0.32140268052886245,black
570.5217391304348,-6.152330868888054e-16,11.393904784175664,-2.1361479942637558e-14,521491856.0920911,261286769.88789114,111420682.91058585,278474214.3294003,111318430.65397552,151010912.25780308,23424195.578314427,0.00575293446352363,4.79604164472395,0.32140271907135187,black
571.7826086956522,-6.152330868888054e-16,11.201501186546073,-2.1361479942637558e-14,521491895.1843264,261286798.70045418,111426084.62814502,278474245.7840141,111323952.47570333,151010925.69426963,23425923.28959195,0.00575322333092254,4.796042184370939,0.32140275555796555,black
573.0434782608695,-6.152330868888054e-16,11.012346530643365,-2.1361479942637558e-14,521491932.1913175,261286825.9761216,111431198.29405716,278474275.56080776,111329179.84083073,151010938.41401765,23427558.863796763,0.005753496794154268,4.796042695232645,0.32140279009834866,black
574.304347826087,-6.152330868888054e-16,10.826385960795236,-2.1361479942637558e-14,521491967.2242738,261286851.79685855,111436039.26902708,278474303.74926233,111334128.45164447,151010950.45527107,23429107.21479661,0.005753755674669225,4.796043178844236,0.3214028227962968,black
575.5652173913044,-6.152330868888054e-16,10.643565547056793,-2.1361479942637558e-14,521492000.38847643,261286876.24026093,111440622.09497409,278474330.43408877,111338813.17343496,151010961.85421604,23430572.99447434,0.0057540007501308554,4.796043636659049,0.3214028537500728,black
576.8260869565217,-6.152330868888054e-16,10.463832269598411,-2.1361479942637558e-14,521492031.7835954,261286899.37978905,111444960.53881778,278474355.6954833,111343248.07925639,151010972.64511016,23431960.606743857,0.00575423275675726,4.796044070052961,0.3214028830527027,black
578.0869565217391,-6.152330868888054e-16,10.287134003505713,-2.1361479942637558e-14,521492061.5039798,261286921.28498146,111449067.63255504,278474379.60936075,111347446.49089527,151010982.86038205,23433274.22037779,0.005754452391464454,4.796044480328386,0.32140291079224553,black
579.3478260869565,-6.152330868888054e-16,10.113419503714855,-2.1361479942637558e-14,521492089.6389416,261286942.02166408,111452955.71246935,278474402.24758303,111351421.01895195,151010992.53072912,23434517.7815575,0.005754660313963241,4.796044868718216,0.3214029370520593,black
580.6086956521739,-6.152330868888054e-16,9.942638389768414,-2.1361479942637558e-14,521492116.2730501,261286961.65216744,111456636.45980074,278474423.6781959,111355183.60441543,151011001.68521866,23435695.02689092,0.0057548571489341935,4.796045236389872,0.3214029619110755,black
581.8695652173913,-6.152330868888054e-16,9.77474113184923,-2.1361479942637558e-14,521492141.48634684,261286980.23548466,111460120.93038961,278474443.96560186,111358745.54896669,151011010.35136172,23436809.492898453,0.005755043487612968,4.796045584448262,0.3214029854439993,black
583.1304347826087,-6.152330868888054e-16,9.609679036209704,-2.1361479942637558e-14,521492165.3546028,261286997.82746157,111463419.59025507,278474463.1707675,111362117.55134831,151011018.5552015,23437864.52740029,0.005755219889692968,4.796045913939349,0.3214030077215507,black
584.3913043478261,-6.152330868888054e-16,9.447404230770614,-2.1361479942637558e-14,521492187.9495626,261287014.48097616,111466542.34926169,278474481.35141927,111365309.74178025,151011026.3213972,23438863.300291043,0.005755386885125809,4.796046225853514,0.3214030288106913,black
585.6521739130435,-6.152330868888054e-16,9.287869651763268,-2.1361479942637558e-14,521492209.33913183,261287030.24607727,111469498.58704911,278474498.5621951,111368331.70846608,151011033.6732886,23439808.811836686,0.005755544975507962,4.7960465211281385,0.32140304877479914,black
586.9130434782609,-6.152330868888054e-16,9.131029029919398,-2.1361479942637558e-14,521492229.58759296,261287045.170143,111472297.18282194,278474514.85481757,111371192.52804567,151011040.6329702,23440703.90220781,0.005755694635673895,4.796046800650597,0.32140306767387133,black
588.1739130434783,-6.152330868888054e-16,8.976836876800467,-2.1361479942637558e-14,521492248.75581163,261287059.2980334,111474946.54386173,278474530.27825993,111373900.79474121,151011047.22136217,23441551.26060371,0.005755836315220825,4.796047065261094,0.3214030855647158,black
589.4347826086956,-6.152330868888054e-16,8.82524847201018,-2.1361479942637558e-14,521492266.9014,261287072.67221037,111477454.62805429,278474544.87887764,111376464.64338571,151011053.4582662,23442353.432460077,0.005755970439713435,4.796047315754917,0.3214031025011036,black
590.695652173913,-6.152330868888054e-16,8.676219850224877,-2.1361479942637558e-14,521492284.0788923,261287085.33286726,111479828.96814981,278474558.7005495,111378891.77422258,151011059.36242616,23443112.8272119,0.005756097411981265,4.796047552884866,0.32140311853393305,black
591.9565217391305,-6.152330868888054e-16,8.52970778789808,-2.1361479942637558e-14,521492300.3399332,261287097.31806797,111482076.69783846,278474571.7848295,111381189.47956128,151011064.9515928,23443831.726637386,0.0057562176135131805,4.796047777363856,0.32140313371140583,black
593.2173913043479,-6.152330868888054e-16,8.385669791593992,-2.1361479942637558e-14,521492315.7333949,261287108.66383284,111484204.56782322,278474584.1710408,111383364.66020757,151011070.24256396,23444512.289999753,0.005756331405316909,4.796047989866531,0.32140314807913595,black
594.4782608695652,-6.152330868888054e-16,8.244064085110946,-2.1361479942637558e-14,521492330.30554986,261287119.40426612,111486218.96975182,278474595.8964148,111385423.84992768,151011075.25124392,23445156.56170505,0.005756439129198872,4.796048191031645,0.32140316168031086,black
595.7391304347826,-6.152330868888054e-16,8.104849597418626,-2.1361479942637558e-14,521492344.1002067,261287129.57165608,111488125.95493484,278474606.99620056,111387373.2345828,151011079.99268997,23445766.477290843,0.005756541108765184,4.7960483814639385,0.3214031745558182,black
597.0,-6.152330868888054e-16,7.967985951150663,-2.1361479942637558e-14,521492357.1588271,261287139.1965614,111489931.25055736,278474617.50375855,111389218.66870125,151011084.48115295,23446343.868612707,0.005756637650288625,4.796048561735763,0.3214031867443557,black
598.2608695652174,-6.152330868888054e-16,7.833433450363314,-2.1361479942637558e-14,521492369.5206718,261287148.30791828,111491640.27975713,278474627.45067817,111390965.696003,151011088.73012704,23446890.4702683,0.005756729043782363,4.7960487323890755,0.32140319828256636,black
599.5217391304348,-6.152330868888054e-16,7.701153069388664,-2.1361479942637558e-14,521492381.2229041,261287156.93311724,111493258.1760045,278474636.8668616,111392619.5640997,151011092.75238565,23447407.924197614,0.005756815563768964,4.796048893936884,0.32140320920513565,black
600.7826086956522,-6.152330868888054e-16,7.57110644164379,-2.1361479942637558e-14,521492392.3006989,261287165.0980833,111494789.79809989,278474645.78061086,111394185.2398254,151011096.56001863,23447897.784481008,0.005756897470082418,4.796049046864751,0.3214032195448934,black
602.0434782608695,-6.152330868888054e-16,7.443255847883592,-2.1361479942637558e-14,521492402.7873692,261287172.82736915,111496239.74768618,278474654.2187299,111395667.42713855,151011100.16447592,23448361.52294204,0.005756975008804661,4.796049191632536,0.32140322933293175,black
603.304347826087,-6.152330868888054e-16,7.3175642060375505,-2.1361479942637558e-14,521492412.7144402,261287180.14420986,111497612.3794594,278474662.20658445,111397070.57755972,151011103.57659307,23448800.532413572,0.005757048412811619,4.796049328675418,0.321403238598674,black
604.5652173913044,-6.152330868888054e-16,7.19399506004694,-2.1361479942637558e-14,521492422.11175865,261287187.07060343,111498911.8162886,278474669.76818943,111398398.90562768,151011106.80662864,23449216.13157505,0.0057571179025817775,4.7960494584054105,0.32140324736997694,black
605.8260869565217,-6.152330868888054e-16,7.07251256917149,-2.1361479942637558e-14,521492431.0075848,261287193.62737867,111500141.96194325,278474676.9262836,111399656.40190981,151011109.86429593,23449609.569024023,0.00575718368687681,4.796049581212622,0.3214032556732167,black
607.0869565217391,-6.152330868888054e-16,6.953081498184506,-2.1361479942637558e-14,521492439.4286616,261287199.83424574,111501306.51056197,278474683.7023844,111400846.84268148,151011112.75878677,23449982.026305016,0.005757245963247937,4.796049697466217,0.3214032635333535,black
608.3478260869565,-6.152330868888054e-16,6.83566720640053,-2.1361479942637558e-14,521492447.400316,261287205.70987138,111502408.96073061,278474690.11687005,111401973.80431707,151011115.49880618,23450334.622413322,0.005757304918788797,4.796049807515814,0.3214032709740256,black
609.6086956521739,-6.152330868888054e-16,6.720235638231019,-2.1361479942637558e-14,521492454.9465185,261287211.27192262,111503452.6236543,278474696.18902755,111403040.67164376,151011118.09259292,23450668.416408915,0.005757360730572453,4.796049911692304,0.3214032780176048,black
610.8695652173913,-6.152330868888054e-16,6.606753313219314,-2.1361479942637558e-14,521492462.0899586,261287216.53712228,111504440.63360244,278474701.93711305,111404050.64861897,151011120.54794568,23450984.41075778,0.005757413566209971,4.796050010308895,0.3214032846852683,black
612.1304347826087,-6.152330868888054e-16,6.495187315814141,-2.1361479942637558e-14,521492468.85212535,261287221.52130854,111505375.95903726,278474707.378417,111405006.76970613,151011122.87225053,23451283.554891862,0.005757463584445542,4.796050103662228,0.32140329099707254,black
613.3913043478261,-6.152330868888054e-16,6.385505286679427,-2.1361479942637558e-14,521492475.2533511,261287226.23946694,111506261.40865825,278474712.52929914,111405911.90605368,151011125.0724957,23451566.747142367,0.005757510935479723,4.796050192032975,0.32140329697199405,black
614.6521739130435,-6.152330868888054e-16,6.277675412517301,-2.1361479942637558e-14,521492481.31289196,261287230.70578986,111507099.6425079,278474717.4052532,111406768.77684762,151011127.1552997,23451834.838292424,0.005757555761563332,4.796050275686953,0.3214033026280053,black
615.9130434782609,-6.152330868888054e-16,6.171666417314158,-2.1361479942637558e-14,521492487.04897404,261287234.93371055,111507893.17836176,278474722.0209438,111407579.9558438,151011129.12692708,23452088.633621056,0.005757598197339188,4.7960503548757645,0.3214033079821176,black
617.1739130434783,-6.152330868888054e-16,6.067447553346585,-2.1361479942637558e-14,521492492.4788477,261287238.935943,111508644.39921834,278474726.3902511,111408347.87902431,151011130.99330696,23452328.895298947,0.005757638370242632,4.796050429837528,0.3214033130504308,black
618.4347826086956,-6.152330868888054e-16,5.9649885916275025,-2.1361479942637558e-14,521492497.61885226,261287242.72452977,111509355.56221616,278474730.5263216,111409074.85371283,151011132.7600553,23452556.345240895,0.005757676400978402,4.79605050079779,0.3214033178481947,black
619.695652173913,-6.152330868888054e-16,5.864259814061609,-2.1361479942637558e-14,521492502.4844463,261287246.3108643,111510028.80285105,278474734.4415935,111409763.0628856,151011134.43248522,23452771.666454606,0.005757712403746146,4.796050567969952,0.3214033223898374,black
620.9565217391305,-6.152330868888054e-16,5.765232004019059,-2.1361479942637558e-14,521492507.0902704,261287249.70573717,111510666.14363179,278474738.14784694,111410414.57401969,151011136.01562884,23452975.5058095,0.005757746486703311,4.796050631556115,0.3214033266890235,black
622.2173913043479,-6.152330868888054e-16,5.667876438325213,-2.1361479942637558e-14,521492511.45018184,261287252.9193617,111511269.49887566,278474741.6562317,111411031.3439951,151011137.51424912,23453168.475570563,0.005757778752221596,4.796050691747568,0.32140333075868655,black
623.4782608695652,-6.152330868888054e-16,5.5721648789768725,-2.1361479942637558e-14,521492515.5772963,261287255.9614045,111511840.68045065,278474744.9773007,111411615.22496454,151011138.932854,23453351.155235004,0.005757809297194021,4.796050748725362,0.3214033346110676,black
624.7391304347826,-6.152330868888054e-16,5.478069564381784,-2.1361479942637558e-14,521492519.4840364,261287258.84102154,111512381.40452643,278474748.1210494,111412167.97125474,151011140.2757133,23453524.09369176,0.005757838213395962,4.796050802660981,0.32140333825776113,black
626.0,-6.152330868888054e-16,5.385563202145979,-2.1361479942637558e-14,521492523.1821554,261287261.5668753,111512893.29478875,278474751.0969346,111412691.24265213,151011141.54686663,23453687.810249493,0.005757865587657025,4.796050853716671,0.3214033417097369,black
627.2608695652174,-6.152330868888054e-16,5.294618960400615,-2.1361479942637558e-14,521492526.68278486,261287264.14717016,111513377.88906093,278474753.913913,111413186.61117163,151011142.7501401,23453842.79675463,0.005757891502215165,4.796050902046094,0.3214033449773843,black
628.5217391304348,-6.152330868888054e-16,5.205210460478647,-2.1361479942637558e-14,521492529.99646056,261287266.5896712,111513836.64286248,278474756.5804618,111413655.56469445,151011143.8891549,23453989.518729553,0.00575791603490699,4.796050947794689,0.3214033480705369,black
629.7826086956522,-6.152330868888054e-16,5.117311769293856,-2.1361479942637558e-14,521492533.1331544,261287268.90172803,111514270.93381542,278474759.10460436,111414099.51147227,151011144.9673384,23454128.416781988,0.0057579392594033834,4.796050991100109,0.3214033509985015,black
631.0434782608695,-6.152330868888054e-16,5.030897391268852,-2.1361479942637558e-14,521492536.1023117,261287271.09030214,111514682.06681564,278474761.4939405,111414519.78541365,151011145.98793706,23454259.90825907,0.005757961245486062,4.7960510320927385,0.32140335377009344,black
632.304347826087,-6.152330868888054e-16,4.94594226176931,-2.1361479942637558e-14,521492538.91286814,261287273.1619796,111515071.27637781,278474763.75566006,111414917.64848113,151011146.95402226,23454384.387997378,0.005757982059172976,4.7960510708959285,0.32140335639365325,black
633.5652173913044,-6.152330868888054e-16,4.862421739064759,-2.1361479942637558e-14,521492541.57328755,261287275.12299836,111515439.73179506,278474765.8965732,111415294.29596548,151011147.86850306,23454502.22997322,0.0057580017629942255,4.796051107626515,0.32140335887708027,black
634.8260869565217,-6.152330868888054e-16,4.780311597695153,-2.1361479942637558e-14,521492544.0915798,261287276.9792621,111515788.539692,278474767.9231249,111415650.85909566,151011148.73413256,23454613.788119253,0.005758020416128599,4.796051142395074,0.3214033612278504,black
636.0869565217391,-6.152330868888054e-16,4.699588021338159,-2.1361479942637558e-14,521492546.47532696,261287278.73635906,111516118.74759535,278474769.8414158,111415988.40868872,151011149.5535167,23454719.397466492,0.0057580380745945094,4.796051175306266,0.3214033634530403,black
637.3478260869565,-6.152330868888054e-16,4.620227595552408,-2.1361479942637558e-14,521492548.73170984,261287280.39958164,111516431.34760724,278474771.6572236,111416307.9589048,151011150.32912356,23454819.375319224,0.00575805479144644,4.796051206459216,0.32140336555935217,black
638.608695652174,-6.152330868888054e-16,4.542207301630247,-2.1361479942637558e-14,521492550.8675223,261287281.97393724,111516727.27838041,278474773.37601477,111416610.46926633,151011151.06328836,23454914.021886762,0.005758070616880568,4.796051235947712,0.321403367553127,black
639.8695652173913,-6.152330868888054e-16,4.465504509232826,-2.1361479942637558e-14,521492552.88919944,261287283.46416867,111517007.42900462,278474775.0029671,111416896.84863076,151011151.75822294,23455003.621526502,0.005758085598442597,4.796051263860585,0.3214033694403708,black
641.1304347826087,-6.152330868888054e-16,4.390096970368724,-2.1361479942637558e-14,521492554.80283093,261287284.8747643,111517272.64084549,278474776.54298043,111417167.9570702,151011152.41602033,23455088.443332028,0.005758099781126085,4.796051290281895,0.321403371226767,black
642.3913043478261,-6.152330868888054e-16,4.315962812716962,-2.1361479942637558e-14,521492556.61418194,261287286.20997313,111517523.71043867,278474778.00069344,111417424.60883023,151011153.03866202,23455168.742058817,0.005758113207527236,4.796051315291226,0.3214033729176965,black
643.6521739130435,-6.152330868888054e-16,4.243080533115913,-2.1361479942637558e-14,521492558.32871157,261287287.4738189,111517761.39206822,278474779.3804988,111417667.57496534,151011153.6280244,23455244.7589489,0.005758125917982774,4.796051338963946,0.32140337451825496,black
644.9130434782609,-6.152330868888054e-16,4.171428991801641,-2.1361479942637558e-14,521492559.95158523,261287288.67010865,111517986.39943293,278474780.6865526,111417897.58504234,151011154.1858829,23455316.722263794,0.005758137950659035,4.796051361371353,0.32140337603326313,black
646.1739130434783,-6.152330868888054e-16,4.100987405666905,-2.1361479942637558e-14,521492561.4876956,261287289.80244845,111518199.40855987,278474781.92279154,111418115.33011883,151011154.71391916,23455384.848216426,0.005758149341707799,4.7960513825809885,0.32140337746728764,black
647.4347826086956,-6.152330868888054e-16,4.031735342791196,-2.1361479942637558e-14,521492562.94167227,261287290.8742505,111518401.05913752,278474783.0929408,111418321.46410581,151011155.21372443,23455449.341397457,0.005758160125337573,4.796051402656761,0.32140337882464937,black
648.695652173913,-6.152330868888054e-16,3.9636527161921533,-2.1361479942637558e-14,521492564.3178986,261287291.88874552,111518591.956848,278474784.20052737,111418516.60615185,151011155.68680534,23455510.395521253,0.005758170333938312,4.79605142165918,0.3214033801094396,black
649.9565217391305,-6.152330868888054e-16,3.896719777990732,-2.1361479942637558e-14,521492565.6205249,261287292.84899235,111518772.6751639,278474785.2488907,111418701.34247984,151011156.13458836,23455568.194000583,0.005758179998177509,4.79605143964554,0.3214033813255319,black
651.2173913043479,-6.152330868888054e-16,3.830917114005605,-2.1361479942637558e-14,521492566.8534784,261287293.75788552,111518943.75674427,278474786.2411905,111418876.22781411,151011156.55842337,23455622.910393085,0.005758189147074841,4.7960514566700505,0.3214033824765919,black
652.4782608695652,-6.152330868888054e-16,3.766225637591948,-2.1361479942637558e-14,521492568.02047896,261287294.61816674,111519105.7156124,278474787.18041986,111419041.78760645,151011156.95958892,23455674.7090978,0.005758197808118635,4.796051472784065,0.3214033835660913,black
653.7391304347826,-6.152330868888054e-16,3.7026265846650572,-2.1361479942637558e-14,521492569.1250463,261287295.4324302,111519259.03812544,278474788.0694109,111419198.51902749,151011157.3392947,23455723.74566529,0.005758206007317721,4.796051488036168,0.3214033845973152,black
655.0,-6.152330868888054e-16,3.6401015078647134,-2.1361479942637558e-14,521492570.1705134,261287296.20313236,111519404.18483977,278474788.91084546,111419346.89287333,151011157.69868627,23455770.167394277,0.005758213769301191,4.79605150247237,0.32140338557337433,black
656.2608695652174,-6.152330868888054e-16,3.5786322713203633,-2.1361479942637558e-14,521492571.1600352,261287296.93259874,111519541.59176095,278474789.70726216,111419487.3548435,151011158.03884816,23455814.113731388,0.005758221117385237,4.796051516136225,0.32140338649721373,black
657.5217391304348,-6.152330868888054e-16,3.518201045586692,-2.1361479942637558e-14,521492572.0965975,261287297.6230299,111519671.67149958,278474790.46106344,111419620.32672235,151011158.36080658,23455855.716640867,0.005758228073634952,4.796051529068951,0.32140338737161994,black
658.7826086956522,-6.152330868888054e-16,3.4587903020162982,-2.1361479942637558e-14,521492572.98302853,261287298.27651024,111519794.81489463,278474791.17452484,111419746.20803857,151011158.66553366,23455895.101123728,0.005758234658951154,4.796051541309591,0.32140338819923275,black
660.0434782608695,-6.152330868888054e-16,3.4003828082220378,-2.1361479942637558e-14,521492573.8220039,261287298.8950119,111519911.39172754,278474791.84979934,111419865.37679508,151011158.95394897,23455932.385446176,0.005758240893108585,4.796051552895079,0.3214033889825495,black
661.304347826087,-6.152330868888054e-16,3.3429616226413517,-2.1361479942637558e-14,521492574.6160577,261287299.4804026,111520021.75219893,278474792.4889258,111419978.19097877,151011159.22692344,23455967.68161192,0.005758246794834856,4.796051563860394,0.32140338972393523,black
662.5652173913044,-6.152330868888054e-16,3.2865100898298953,-2.1361479942637558e-14,521492575.36758864,261287300.03445023,111520126.22780155,278474793.09383446,111420084.98945256,151011159.48528162,23456001.095641326,0.005758252381857136,4.796051574238648,0.32140339042562854,black
663.8260869565217,-6.152330868888054e-16,3.2310118357258184,-2.1361479942637558e-14,521492576.0788666,261287300.55882797,111520225.13226411,278474793.6663516,111420186.09292047,151011159.72980374,23456032.72787334,0.005758257670952641,4.79605158406118,0.3214033910897485,black
665.0869565217391,-6.152330868888054e-16,3.1764507625115512,-2.1361479942637558e-14,521492576.7520419,261287301.05512056,111520318.76276097,278474794.20820755,111420281.80516408,151011159.96122897,23456062.673352335,0.005758262678013303,4.79605159335768,0.3214033917183021,black
666.3478260869565,-6.152330868888054e-16,3.122811044468838,-2.1361479942637558e-14,521492577.3891485,261287301.5248272,111520407.40044212,278474794.7210389,111420372.4135843,151011160.18025625,23456091.02199765,0.00575826741807413,4.796051602156218,0.32140339231318765,black
667.608695652174,-6.152330868888054e-16,3.070077122927689,-2.1361479942637558e-14,521492577.99211293,261287301.96936786,111520491.31159334,278474795.20639586,111420458.19038737,151011160.3875478,23456117.858974617,0.0057582719053752346,4.79605161048339,0.3214033928762033,black
668.8695652173913,-6.152330868888054e-16,3.018233702026435,-2.1361479942637558e-14,521492578.56275874,261287302.3900864,111520570.7482479,278474795.6657456,111420539.39321011,151011160.5837304,23456143.264890235,0.005758276153394549,4.796051618364369,0.32140339340905105,black
670.1304347826087,-6.152330868888054e-16,2.967265744288278,-2.1361479942637558e-14,521492579.1028117,261287302.78825486,111520645.94895127,278474796.10047674,111420616.2659017,151011160.7693972,23456167.316037714,0.005758280174888725,4.796051625822979,0.3214033939133416,black
671.3913043478261,-6.152330868888054e-16,2.9171584659384093,-2.1361479942637558e-14,521492579.61390644,261287303.16507813,111520717.13965721,278474796.5119045,111420689.03943963,151011160.94511005,23456190.08468309,0.005758283981941046,4.796051632881786,0.3214033943906005,black
672.6521739130435,-6.152330868888054e-16,2.8678973331025075,-2.1361479942637558e-14,521492580.09758943,261287303.52169597,111520784.53413,278474796.90127325,111420757.93234089,151011161.11140054,23456211.63919386,0.005758287585982944,4.7960516395621395,0.3214033948422714,black
673.9130434782609,-6.152330868888054e-16,2.819468057128712,-2.1361479942637558e-14,521492580.5553254,261287303.859188,111520848.33484623,278474797.26976174,111420823.15158384,151011161.26877216,23456232.044327423,0.005758290997842221,4.796051645884259,0.3214033952697214,black
675.1739130434783,-6.152330868888054e-16,2.7718565907667214,-2.1361479942637558e-14,521492580.98850036,261287304.17857578,111520908.73342267,278474797.61848515,111420884.89304556,151011161.4177012,23456251.361367892,0.0057582942277659335,4.796051651867279,0.32140339567424425,black
676.4347826086956,-6.152330868888054e-16,2.7250491239942645,-2.1361479942637558e-14,521492581.39842635,261287304.48082647,111520965.91125368,278474797.94849926,111420943.3421534,151011161.5586387,23456269.64832998,0.005758297285454467,4.796051657529312,0.3214033960570647,black
677.695652173913,-6.152330868888054e-16,2.6790320798508978,-2.1361479942637558e-14,521492581.786346,261287304.76685578,111521020.0401255,278474798.2608038,111420998.67451301,151011161.69201174,23456286.960155476,0.0057583001800943995,4.796051662887511,0.32140339641934224,black
678.9565217391305,-6.152330868888054e-16,2.6337921108440536,-2.1361479942637558e-14,521492582.15343493,261287305.0375302,111521071.28257367,278474798.5563449,111421051.05627367,151011161.8182244,23456303.34882751,0.005758302920377613,4.796051667958106,0.3214033967621743,black
680.2173913043478,-6.152330868888054e-16,2.589316094676542,-2.1361479942637558e-14,521492582.5008066,261287305.2936705,111521119.79255483,278474798.83601844,111421100.64481498,151011161.93765944,23456318.86358548,0.005758305514537218,4.796051672756467,0.3214033970866,black
681.4782608695652,-6.152330868888054e-16,2.5455911307835244,-2.1361479942637558e-14,521492582.82951486,261287305.5360533,111521165.71575351,278474799.1006722,111421147.58906056,151011162.050679,23456333.551023133,0.00575830797036396,4.796051677297142,0.3214033973936032,black
682.7391304347826,-6.152330868888054e-16,2.5026045364105167,-2.1361479942637558e-14,521492583.1405571,261287305.76541385,111521209.19010372,278474799.3511088,111421192.03001116,151011162.15762594,23456347.45525538,0.005758310295234108,4.796051681593902,0.3214033976841148,black
684.0,-6.152330868888054e-16,2.460343842897691,-2.1361479942637558e-14,521492583.434878,261287305.98244837,111521250.34621076,278474799.5880884,111421234.10117587,151011162.25882494,23456360.618053216,0.005758312496132012,4.7960516856597835,0.32140339795901635,black
685.2608695652174,-6.152330868888054e-16,2.4187967922925924,-2.1361479942637558e-14,521492583.71337104,261287306.18781555,111521289.30765858,278474799.8123302,111421273.92888637,151011162.3545832,23456373.078942027,0.005758314579666549,4.796051689507127,0.321403398219142,black
686.5217391304348,-6.152330868888054e-16,2.377951333449933,-2.1361479942637558e-14,521492583.9768828,261287306.38213933,111521326.19150986,278474800.02451515,111421311.63280803,151011162.44519168,23456384.875361517,0.005758316552097856,4.79605169314762,0.321403398465282,black
687.7826086956522,-6.152330868888054e-16,2.3377956188842632,-2.1361479942637558e-14,521492584.2262142,261287306.56600994,111521361.10852838,278474800.2252879,111421347.32616729,151011162.53092566,23456396.042736847,0.00575831841934923,4.796051696592316,0.32140339869818385,black
689.0434782608695,-6.152330868888054e-16,2.2983180010990236,-2.1361479942637558e-14,521492584.46212345,261287306.73998633,111521394.16359915,278474800.4152586,111421381.11618109,151011162.61204574,23456406.614612974,0.005758320187029584,4.7960516998516844,0.32140339891855546,black
690.304347826087,-6.152330868888054e-16,2.2595070292621022,-2.1361479942637558e-14,521492584.6853287,261287306.90459773,111521425.45601942,278474800.5950048,111421413.10435446,151011162.68879867,23456416.622747753,0.005758321860449011,4.796051702935638,0.3214033991270668,black
691.5652173913044,-6.152330868888054e-16,2.221351446024251,-2.1361479942637558e-14,521492584.89650923,261287307.06034485,111521455.0797564,278474800.7650733,111421443.38674377,151011162.761418,23456426.09719434,0.0057583234446325834,4.796051705853553,0.32140339932435197,black
692.8260869565217,-6.152330868888054e-16,2.1838401839589174,-2.1361479942637558e-14,521492585.0963085,261287307.20770198,111521483.1238194,278474800.9259818,111421472.0543373,151011162.83012503,23456435.066420227,0.005758324944340236,4.7960517086143115,0.32140339951101166,black
694.0869565217391,-6.152330868888054e-16,2.146962362695286,-2.1361479942637558e-14,521492585.28533536,261287307.34711787,111521509.67242277,278474801.0782203,111421499.19322182,151011162.89512888,23456443.557359356,0.0057583263640754775,4.796051711226323,0.32140339968761417,black
695.3478260869565,-6.152330868888054e-16,2.1107072854934845,-2.1361479942637558e-14,521492585.4641662,261287307.47901744,111521534.8053202,278474801.22225267,111421524.88492423,151011162.9566277,23456451.595519036,0.005758327708103282,4.796051713697544,0.3214033998546976,black
696.608695652174,-6.152330868888054e-16,2.0750644362620143,-2.1361479942637558e-14,521492585.6333468,261287307.6038028,111521558.59800647,278474801.3585178,111421549.20661779,151011163.0148091,23456459.205044445,0.005758328980460873,4.796051716035509,0.32140340001277107,black
697.8695652173913,-6.152330868888054e-16,2.0400234765771748,-2.1361479942637558e-14,521492585.79339343,261287307.72185466,111521581.12192975,278474801.48743147,111421572.23133922,151011163.06985053,23456466.408786576,0.005758330184969068,4.7960517182473446,0.3214034001623168,black
699.1304347826087,-6.152330868888054e-16,2.0055742424343412,-2.1361479942637558e-14,521492585.9447953,261287307.83353353,111521602.44476831,278474801.60938704,111421594.0282715,151011163.12192017,23456473.22839069,0.005758331325247082,4.7960517203398005,0.32140340030379133,black
700.3913043478261,-6.152330868888054e-16,1.9717067416299006,-2.1361479942637558e-14,521492586.08801514,261287307.93918046,111521622.63055135,278474801.7247571,111421614.66286741,151011163.17117703,23456479.684334993,0.005758332404718991,4.7960517223192705,0.32140340043762666,black
701.6521739130435,-6.152330868888054e-16,1.9384111505763644,-2.1361479942637558e-14,521492586.22349113,261287308.03911856,111521641.73992226,278474801.83389413,111421634.19711865,151011163.2177718,23456485.796014797,0.005758333426627809,4.7960517241918055,0.32140340056423167,black
702.9130434782609,-6.152330868888054e-16,1.9056778116179016,-2.1361479942637558e-14,521492586.351638,261287308.13365334,111521659.83027945,278474801.9371319,111421652.68969984,151011163.2618469,23456491.581787616,0.005758334394043029,4.796051725963128,0.3214034006839934,black
704.1739130434783,-6.152330868888054e-16,1.8734972302458894,-2.1361479942637558e-14,521492586.4728482,261287308.22307417,111521676.95594874,278474802.0347862,111421670.19614461,151011163.3035374,23456497.059028238,0.005758335309869815,4.796051727638657,0.32140340079727836,black
705.4347826086957,-6.152330868888054e-16,1.841860072134291,-2.1361479942637558e-14,521492586.5874935,261287308.30765504,111521693.16838905,278474802.12715626,111421686.76905598,151011163.34297103,23456502.244194567,0.005758336176860025,4.796051729223523,0.32140340090443376,black
706.695652173913,-6.152330868888054e-16,1.8107571607441415,-2.1361479942637558e-14,521492586.69592553,261287308.38765514,111521708.51628293,278474802.214525,111421702.45819893,151011163.38026857,23456507.152856544,0.0057583369976170464,4.796051730722582,0.3214034010057875,black
707.9565217391305,-6.152330868888054e-16,1.7801794743693973,-2.1361479942637558e-14,521492586.7984775,261287308.46332,111521723.04574212,278474802.2971604,111421717.31071043,151011163.41554454,23456511.7997619,0.005758337774606789,4.796051732140434,0.3214034011016506,black
709.2173913043478,-6.152330868888054e-16,1.7501181437208626,-2.1361479942637558e-14,521492586.89546454,261287308.534882,111521736.80040567,278474802.3753162,111421731.3711997,151011163.4489074,23456516.198867507,0.005758338510162927,4.796051733481428,0.32140340119231725,black
710.4782608695652,-6.152330868888054e-16,1.7205644492973304,-2.1361479942637558e-14,521492586.987185,261287308.60256112,111521749.82158381,278474802.4492325,111421744.68189548,151011163.48045963,23456520.363385458,0.0057583392064946,4.796051734749686,0.32140340127806594,black
711.7391304347826,-6.152330868888054e-16,1.691509818747173,-2.1361479942637558e-14,521492587.0739215,261287308.6665655,111521762.1483994,278474802.51913667,111421757.28279047,151011163.51029834,23456524.305828255,0.00575833986569398,4.796051735949109,0.3214034013591605,black
713.0,-6.152330868888054e-16,1.6629458246053417,-2.1361479942637558e-14,521492587.15594107,261287308.72709224,111521773.8178681,278474802.58524376,111421769.21172333,151011163.5385154,23456528.03803447,0.00575834048974054,4.796051737083387,0.3214034014358506,black
714.2608695652174,-6.152330868888054e-16,1.6348641815936404,-2.1361479942637558e-14,521492587.23349684,261287308.7843278,111521784.86505185,278474802.6477574,111421780.50453554,151011163.56519777,23456531.5712178,0.005758341080509278,4.796051738156011,0.32140340150837243,black
715.5217391304348,-6.152330868888054e-16,1.607256744432515,-2.1361479942637558e-14,521492587.30682844,261287308.8384487,111521795.32312888,278474802.70687026,111421791.19514301,151011163.59042788,23456534.91598953,0.005758341639774468,4.79605173917029,0.3214034015769492,black
716.7826086956522,-6.152330868888054e-16,1.5801155053683418,-2.1361479942637558e-14,521492587.3761626,261287308.8896221,111521805.22351204,278474802.7627649,111421801.31565699,151011163.61428356,23456538.082396276,0.005758342169215963,4.796051740129352,0.3214034016417926,black
718.0434782608695,-6.152330868888054e-16,1.5534325918226775,-2.1361479942637558e-14,521492587.4417139,261287308.93800625,111521814.59594543,278474802.815614,111421810.89648288,151011163.63683864,23456541.07995097,0.005758342670424382,4.7960517410361625,0.32140340170310333,black
719.304347826087,-6.152330868888054e-16,1.5272002642575035,-2.1361479942637558e-14,521492587.50368565,261287308.9837509,111521823.46857397,278474802.8655811,111421819.96639135,151011163.65816295,23456543.91765508,0.005758343144904827,4.7960517418935265,0.32140340176107085,black
720.5652173913044,-6.152330868888054e-16,1.5014109137107996,-2.1361479942637558e-14,521492587.5622701,261287309.02699792,111521831.86805741,278474802.9128211,111421828.55263491,151011163.6783226,23456546.604035087,0.0057583435940829755,4.796051742704101,0.32140340181587473,black
721.8260869565217,-6.152330868888054e-16,1.4760570598092677,-2.1361479942637558e-14,521492587.6176492,261287309.06788135,111521839.81962106,278474802.9574804,111421836.68099976,151011163.69738021,23456549.147158694,0.005758344019307796,4.796051743470398,0.321403401867685,black
723.0869565217391,-6.152330868888054e-16,1.4511313484515425,-2.1361479942637558e-14,521492587.66999525,261287309.10652822,111521847.3471513,278474802.9996977,111421844.37590332,151011163.7153949,23456551.554665387,0.0057583444218566576,4.796051744194797,0.3214034019166625,black
724.3478260869565,-6.152330868888054e-16,1.4266265497075947,-2.1361479942637558e-14,521492587.71947134,261287309.14305875,111521854.47326203,278474803.0396039,111421851.6604623,151011163.7324228,23456553.833787676,0.005758344802938882,4.796051744879548,0.32140340196295936,black
725.608695652174,-6.152330868888054e-16,1.4025355558113313,-2.1361479942637558e-14,521492587.7662318,261287309.17758664,111521861.21935327,278474803.0773235,111421858.55655248,151011163.74851692,23456555.991369836,0.00575834516369887,4.796051745526782,0.32140340200671963,black
726.8695652173913,-6.152330868888054e-16,1.378851378911881,-2.1361479942637558e-14,521492587.8104228,261287309.21021968,111521867.60569592,278474803.112974,111421865.08489545,151011163.76372758,23456558.03389502,0.005758345505220644,4.796051746138516,0.32140340204807966,black
728.1304347826087,-6.152330868888054e-16,1.3555671492636634,-2.1361479942637558e-14,521492587.8521826,261287309.24105984,111521873.65146889,278474803.1466668,111421871.26509653,151011163.77810222,23456559.96749714,0.00575834582852983,4.79605174671666,0.3214034020871686,black
729.3913043478261,-6.152330868888054e-16,1.3326761130639089,-2.1361479942637558e-14,521492587.8916422,261287309.2702036,111521879.3748352,278474803.17850745,111421877.1157226,151011163.79168594,23456561.797985204,0.005758346134597731,4.796051747263022,0.3214034021241088,black
730.6521739130435,-6.152330868888054e-16,1.310171630569427,-2.1361479942637558e-14,521492587.9289255,261287309.2977423,111521884.79298794,278474803.20859545,111421882.65434906,151011163.80452123,23456563.530858003,0.00575834642434378,4.796051747779319,0.3214034021590159,black
731.9130434782609,-6.152330868888054e-16,1.2880471742149866,-2.1361479942637558e-14,521492587.9641497,261287309.32376245,111521889.92219867,278474803.23702514,111421887.89760916,151011163.81664842,23456565.171319596,0.005758346698638126,4.796051748267163,0.3214034021919995,black
733.1739130434783,-6.152330868888054e-16,1.2662963265614555,-2.1361479942637558e-14,521492587.9974258,261287309.34834582,111521894.77788037,278474803.26388586,111421892.86125858,151011163.82810566,23456566.724299453,0.005758346958305005,4.796051748728087,0.321403402223163,black
734.4347826086957,-6.152330868888054e-16,1.2449127786437169,-2.1361479942637558e-14,521492588.0288588,261287309.3715698,111521899.37461494,278474803.28926224,111421897.56020346,151011163.83892915,23456568.194461245,0.005758347204124211,4.796051749163543,0.32140340225260455,black
735.695652173913,-6.152330868888054e-16,1.2238903279584665,-2.1361479942637558e-14,521492588.0585481,261287309.39350775,111521903.72621328,278474803.31323427,111421902.00856173,151011163.84915304,23456569.586222053,0.005758347436834305,4.796051749574904,0.321403402280417,black
736.9565217391305,-6.152330868888054e-16,1.203222876770732,-2.1361479942637558e-14,521492588.0865879,261287309.41422898,111521907.84574719,278474803.3358776,111421906.21969584,151011163.85880965,23456570.903762575,0.0057583476571343275,4.796051749963471,0.3214034023066883,black
738.2173913043478,-6.152330868888054e-16,1.18290443035469,-2.1361479942637558e-14,521492588.1130673,261287309.43379915,111521911.74558876,278474803.35726404,111421910.20625293,151011163.86792958,23456572.151039727,0.005758347865685899,4.796051750330471,0.3214034023315014,black
739.4782608695652,-6.152330868888054e-16,1.162929095122019,-2.1361479942637558e-14,521492588.1380707,261287309.45228052,111521915.43745719,278474803.3774614,111421913.98021282,151011163.87654185,23456573.331801612,0.005758348063115728,4.796051750677066,0.321403402354935,black
740.7391304347826,-6.152330868888054e-16,1.143291077110062,-2.1361479942637558e-14,521492588.16167784,261287309.46973187,111521918.93243934,278474803.3965339,111421917.55290885,151011163.8846739,23456574.44959409,0.0057583482500167,4.796051751004364,0.32140340237706383,black
742.0,-6.152330868888054e-16,1.123984680115123,-2.1361479942637558e-14,521492588.18396425,261287309.48620895,111521922.24103667,278474803.4145425,111421920.93507597,151011163.89235166,23456575.507775806,0.005758348426950399,4.796051751313408,0.3214034023979585,black
743.2608695652174,-6.152330868888054e-16,1.1050043041693247,-2.1361479942637558e-14,521492588.2050013,261287309.50176442,111521925.3731874,278474803.43154466,111421924.1368733,151011163.89959973,23456576.50952525,0.005758348594448288,4.796051751605184,0.3214034024176855,black
744.5217391304348,-6.152330868888054e-16,1.0863444438772965,-2.1361479942637558e-14,521492588.2248566,261287309.5164481,111521928.33829953,278474803.44759476,111421927.16791809,151011163.9064414,23456577.457851354,0.0057583487530134805,4.796051751880624,0.3214034024363081,black
745.7826086956522,-6.152330868888054e-16,1.0679996867544819,-2.1361479942637558e-14,521492588.24359417,261287309.53030714,111521931.14528278,278474803.4627442,111421930.0373181,151011163.91289863,23456578.35560367,0.0057583489031224405,4.796051752140613,0.32140340245388604,black
747.0434782608695,-6.152330868888054e-16,1.049964711795327,-2.1361479942637558e-14,521492588.2612747,261287309.54338625,111521933.802567,278474803.4770419,111421932.75369063,151011163.91899225,23456579.20547829,0.005758349045225967,4.796051752385986,0.3214034024704758,black
748.304347826087,-6.152330868888054e-16,1.03223428776877,-2.1361479942637558e-14,521492588.2779556,261287309.55572772,111521936.31813718,278474803.49053407,111421935.3251982,151011163.92474192,23456580.010029007,0.005758349179751072,4.796051752617535,0.3214034024861309,black
749.5652173913044,-6.152330868888054e-16,1.0148032718391893,-2.1361479942637558e-14,521492588.29369104,261287309.56737164,111521938.69954921,278474803.5032643,111421937.75956471,151011163.93016636,23456580.771672398,0.005758349307101821,4.7960517528360125,0.32140340250090216,black
750.8260869565217,-6.152330868888054e-16,0.9976666080007572,-2.1361479942637558e-14,521492588.3085324,261287309.57835585,111521940.95395707,278474803.5152741,111421940.06410317,151011163.93528324,23456581.492696483,0.005758349427660785,4.796051753042129,0.3214034025148376,black
752.0869565217391,-6.152330868888054e-16,0.9808193255985465,-2.1361479942637558e-14,521492588.3225283,261287309.58871615,111521943.08813451,278474803.5266024,111421942.24573801,151011163.94010937,23456582.1752677,0.005758349541790205,4.796051753236556,0.32140340252798294,black
753.3478260869565,-6.152330868888054e-16,0.9642565379766191,-2.1361479942637558e-14,521492588.3357247,261287309.59848645,111521945.10849121,278474803.5372863,111421944.31102134,151011163.9446604,23456582.821436018,0.005758349649832849,4.796051753419926,0.3214034025403805,black
754.608695652174,-6.152330868888054e-16,0.9479734409226721,-2.1361479942637558e-14,521492588.3481652,261287309.60769886,111521947.02109861,278474803.5473609,111421946.26615961,151011163.9489513,23456583.433143243,0.0057583497521134005,4.7960517535928355,0.3214034025520709,black
755.8695652173913,-6.152330868888054e-16,0.9319653114157177,-2.1361479942637558e-14,521492588.3598909,261287309.6163837,111521948.83170143,278474803.55685925,111421948.11702526,151011163.95299628,23456584.012226686,0.005758349848939063,4.79605175375586,0.32140340256309297,black
757.1304347826087,-6.152330868888054e-16,0.9162275061586975,-2.1361479942637558e-14,521492588.37094074,261287309.62456977,111521950.54573953,278474803.5658129,111421949.86917911,151011163.95680872,23456584.560426153,0.005758349940600747,4.796051753909537,0.3214034025734831,black
758.3913043478261,-6.152330868888054e-16,0.9007554602579777,-2.1361479942637558e-14,521492588.3813518,261287309.63228422,111521952.16836292,278474803.5742513,111421951.52788566,151011163.96040136,23456585.079388745,0.005758350027373858,4.796051754054375,0.32140340258327554,black
759.6521739130435,-6.152330868888054e-16,0.8855446859513959,-2.1361479942637558e-14,521492588.3911589,261287309.63955283,111521953.70444512,278474803.5822027,111421953.09812684,151011163.96378618,23456585.57067316,0.005758350109519019,4.796051754190857,0.32140340259250294,black
760.9130434782609,-6.152330868888054e-16,0.8705907711894307,-2.1361479942637558e-14,521492588.40039504,261287309.6464,111521955.15860264,278474803.5896936,111421954.58462177,151011163.9669745,23456586.03575586,0.0057583501872830985,4.796051754319438,0.32140340260119615,black
762.1739130434783,-6.152330868888054e-16,0.8558893784947129,-2.1361479942637558e-14,521492588.4090915,261287309.65284872,111521956.53520314,278474803.5967493,111421955.99183524,151011163.9699771,23456586.476033743,0.005758350260899676,4.796051754440552,0.3214034026093846,black
763.4347826086957,-6.152330868888054e-16,0.841436243592075,-2.1361479942637558e-14,521492588.4172778,261287309.65892085,111521957.8383831,278474803.60339373,111421957.32399563,151011163.97280413,23456586.892829753,0.005758350330589951,4.796051754554607,0.3214034026170958,black
764.695652173913,-6.152330868888054e-16,0.8272271742254225,-2.1361479942637558e-14,521492588.42498195,261287309.6646369,111521959.07205792,278474803.6096493,111421958.58510545,151011163.9754653,23456587.287396155,0.005758350396563306,4.796051754661988,0.32140340262435574,black
765.9565217391305,-6.152330868888054e-16,0.8132580489648783,-2.1361479942637558e-14,521492588.4322304,261287309.67001644,111521960.23993324,278474803.61553717,111421959.7789527,151011163.9779696,23456587.660918098,0.0057583504590179085,4.796051754763063,0.3214034026311892,black
767.2173913043478,-6.152330868888054e-16,0.7995248159126681,-2.1361479942637558e-14,521492588.4390483,261287309.675078,111521961.34551917,278474803.6210776,111421960.90912558,151011163.9803256,23456588.014518205,0.005758350518141465,4.7960517548581745,0.3214034026376196,black
768.4782608695652,-6.152330868888054e-16,0.7860234916618531,-2.1361479942637558e-14,521492588.4454593,261287309.67983907,111521962.39213651,278474803.62628967,111421961.97901869,151011163.9825416,23456588.349258553,0.005758350574111566,4.796051754947652,0.321403402643669,black
769.7391304347826,-6.152330868888054e-16,0.7727501600215966,-2.1361479942637558e-14,521492588.45148593,261287309.68431622,111521963.38293052,278474803.6311915,111421962.99184726,151011163.98462522,23456588.666145086,0.00575835062709641,4.796051755031806,0.3214034026493585,black
771.0,-6.152330868888054e-16,0.7597009709546195,-2.1361479942637558e-14,521492588.4571493,261287309.6885251,111521964.32087806,278474803.6358003,111421963.9506543,151011163.98658374,23456588.966129884,0.005758350677255187,4.79605175511093,0.3214034026547079,black
772.2608695652174,-6.152330868888054e-16,0.7468721394569878,-2.1361479942637558e-14,521492588.4624695,261287309.6924805,111521965.20879678,278474803.6401321,111421964.8583201,151011163.98842418,23456589.25011409,0.005758350724738577,4.796051755185302,0.3214034026597361,black
773.5217391304348,-6.152330868888054e-16,0.7342599443873268,-2.1361479942637558e-14,521492588.4674654,261287309.69619635,111521966.04935549,278474803.6442023,111421965.71757275,151011163.99015304,23456589.51895126,0.005758350769689302,4.796051755255185,0.3214034026644608,black
774.7826086956522,-6.152330868888054e-16,0.7218607275043908,-2.1361479942637558e-14,521492588.4721551,261287309.69968587,111521966.84507903,278474803.64802516,111421966.53099334,151011163.99177644,23456589.77344892,0.0057583508122423755,4.796051755320826,0.3214034026688986,black
776.0434782608695,-6.152330868888054e-16,0.709670892289381,-2.1361479942637558e-14,521492588.4765555,261287309.70296165,111521967.598359,278474803.65161437,111421967.30102664,151011163.9933001,23456590.014371965,0.005758350852525695,4.796051755382456,0.32140340267306516,black
777.304347826087,-6.152330868888054e-16,0.697686902989499,-2.1361479942637558e-14,521492588.48068285,261287309.70603552,111521968.3114586,278474803.6549829,111421968.02998614,151011163.99472973,23456590.242444213,0.005758350890660297,4.796051755440302,0.32140340267697587,black
778.5652173913044,-6.152330868888054e-16,0.6859052835584559,-2.1361479942637558e-14,521492588.4845524,261287309.7089188,111521968.98652045,278474803.65814316,111421968.72006209,151011163.99607053,23456590.458350934,0.005758350926760758,4.79605175549457,0.3214034026806448,black
779.8260869565217,-6.152330868888054e-16,0.6743226166185198,-2.1361479942637558e-14,521492588.48817843,261287309.71162215,111521969.62557353,278474803.6611068,111421969.37332858,151011163.99732763,23456590.66274105,0.005758350960935578,4.796051755545464,0.3214034026840856,black
781.0869565217391,-6.152330868888054e-16,0.6629355425480302,-2.1361479942637558e-14,521492588.49157465,261287309.71415558,111521970.2305376,278474803.6638848,111421969.99174803,151011163.99850547,23456590.856228556,0.005758350993287422,4.7960517555931705,0.32140340268731094,black
782.3478260869565,-6.152330868888054e-16,0.6517407584067388,-2.1361479942637558e-14,521492588.4947538,261287309.71652856,111521970.8032311,278474803.6664875,111421970.57717942,151011163.99960846,23456591.03939504,0.005758351023913532,4.79605175563787,0.3214034026903328,black
783.608695652174,-6.152330868888054e-16,0.640735017069806,-2.1361479942637558e-14,521492588.497728,261287309.71875006,111521971.34537478,278474803.6689245,111421971.13138162,151011164.0006409,23456591.21279083,0.005758351052905933,4.796051755679727,0.3214034026931626,black
784.8695652173913,-6.152330868888054e-16,0.629915126230435,-2.1361479942637558e-14,521492588.5005088,261287309.72082853,111521971.85859784,278474803.6712051,111421971.65602012,151011164.0016067,23456591.37693699,0.005758351080351749,4.796051755718902,0.3214034026958111,black
786.1304347826087,-6.152330868888054e-16,0.6192779474770947,-2.1361479942637558e-14,521492588.50310713,261287309.722772,111521972.34444287,278474803.67333823,111421972.15267178,151011164.00250962,23456591.532326877,0.005758351106333466,4.796051755755541,0.3214034026982881,black
787.3913043478261,-6.152330868888054e-16,0.6088203954313535,-2.1361479942637558e-14,521492588.50553346,261287309.7245881,111521972.80436955,278474803.6753321,111421972.62282877,151011164.00335318,23456591.67942734,0.005758351130929149,4.796051755789792,0.32140340270060364,black
788.6521739130435,-6.152330868888054e-16,0.5985394367680212,-2.1361479942637558e-14,521492588.5077975,261287309.72628403,111521973.23976058,278474803.67719465,111421973.06790453,151011164.00414076,23456591.818680607,0.005758351154212739,4.7960517558217886,0.3214034027027668,black
789.9130434782609,-6.152330868888054e-16,0.5884320894281564,-2.1361479942637558e-14,521492588.5099084,261287309.72786668,111521973.65192413,278474803.67893326,111421973.48923634,151011164.00487563,23456591.95050507,0.0057583511762541945,4.7960517558516615,0.32140340270478623,black
791.1739130434783,-6.152330868888054e-16,0.5784954216849161,-2.1361479942637558e-14,521492588.5118748,261287309.72934252,111521974.0420991,278474803.68055505,111421973.88809061,151011164.00556073,23456592.075296957,0.0057583511971197685,4.79605175587953,0.3214034027066701,black
792.4347826086957,-6.152330868888054e-16,0.5687265513196061,-2.1361479942637558e-14,521492588.513705,261287309.7307175,111521974.41145828,278474803.6820666,111421974.26566617,151011164.0061988,23456592.193431344,0.005758351216872173,4.796051755905504,0.3214034027084261,black
793.695652173913,-6.152330868888054e-16,0.5591226448107002,-2.1361479942637558e-14,521492588.5154067,261287309.73199743,111521974.76111151,278474803.6834742,111421974.62309758,151011164.00679258,23456592.305263206,0.005758351235570762,4.796051755929693,0.3214034027100614,black
794.9565217391305,-6.152330868888054e-16,0.5496809164402525,-2.1361479942637558e-14,521492588.5169873,261287309.73318762,111521975.09211011,278474803.6847836,111421974.96145955,151011164.0073446,23456592.411128774,0.005758351253271757,4.796051755952199,0.3214034027115829,black
796.2173913043478,-6.152330868888054e-16,0.5403986275769163,-2.1361479942637558e-14,521492588.5184538,261287309.73429328,111521975.40544873,278474803.6860006,111421975.28176881,151011164.0078572,23456592.51134616,0.005758351270028349,4.796051755973117,0.321403402712997,black
797.4782608695652,-6.152330868888054e-16,0.5312730858040882,-2.1361479942637558e-14,521492588.5198127,261287309.73531923,111521975.70206937,278474803.6871304,111421975.58498836,151011164.00833273,23456592.606216658,0.005758351285890914,4.79605175599254,0.32140340271431,black
798.7391304347826,-6.152330868888054e-16,0.5223016441817772,-2.1361479942637558e-14,521492588.5210705,261287309.73627007,111521975.98286366,278474803.68817824,111421975.87202962,151011164.0087733,23456592.69602542,0.0057583513009071335,4.796051756010555,0.32140340271552764,black
800.0,-6.152330868888054e-16,0.5134817004543377,-2.1361479942637558e-14,521492588.52223295,261287309.7371503,111521976.24867587,278474803.68914866,111421976.14375561,151011164.00918102,23456592.781042464,0.005758351315122153,4.796051756027241,0.3214034027166557,black
