time,S,SR,C,CR,M1,M2,TH1,TH2,TC,Treg,IL10,IFNgamma,IL2,color
0.0,1.0,0.0,0.0,0.0,85000.0,15000.0,71000.0,12000.0,56000.0,8000.0,0.0085,0.12,0.0094,black
0.8008008008008008,18.815474090964678,2.040013150832729e-06,7.16570788730227,0.025385074858509292,46311.164176298145,29460.291290414603,62967.234646779994,9982.330232389286,74115.97467587065,8326.129291707726,4350.757575319543,1382.6869516728182,6754.054568300129,black
1.6016016016016017,208.11174486912,2.8111318654941496e-05,111.04437196617224,0.7585343229088594,23496.644738235085,30687.447812586157,55840.31254839097,8303.214229455214,98092.54020641485,8666.464959797384,8801.557690686988,2765.650462972407,12522.160969947667,black
2.4024024024024024,1562.031132420507,0.00024912350830943216,971.3990594253492,9.295803440683622,11898.017452906919,27066.058546050434,49520.01138473906,6906.510463121853,129825.54260463789,9020.723347359923,12149.490334415614,4108.704663077962,17785.739827391993,black
3.2032032032032034,8543.612813741018,0.001595435629049432,5890.087748990652,69.51030886008883,6023.985965985718,22138.994019920374,43915.07386632389,5744.739090420195,171824.19393651705,9389.459881235964,14220.642857850133,5382.041914662126,23015.029857767655,black
4.004004004004004,35849.876614824694,0.007813105319246562,26864.57354595968,369.1632786537514,3049.9802015998002,17381.597774264716,38944.53923973196,4778.388913705532,227409.43867663504,9773.26202429079,15211.716176818138,6565.556050029059,28697.732187012924,black
4.804804804804805,120275.23485430781,0.0305238396273408,96928.45884755123,1505.6927259244997,1544.3031382897173,13317.213332038078,34536.60399764486,3974.5904353185415,300976.5493472496,10172.74337904663,15411.944972362362,7646.6759459286595,35370.94431187727,black
5.605605605605606,333926.0130815855,0.09848077810883472,287243.3030009288,4956.868018154176,782.0154187211139,10047.866417967898,30627.589810633865,3306.001577732021,398342.67232860305,10588.543345520842,15092.034754318962,8618.610072889465,43658.52156871886,black
6.406406406406407,789789.3497929613,0.2701046504336361,720667.0978488096,13654.68908781939,396.0884191214718,7506.050451110949,27161.025062556957,2749.878852053165,527206.8050378693,11021.327754666207,14468.429964485244,9478.939727834888,54316.51299145418,black
7.207207207207207,1630940.4424328099,0.645335912056558,1569867.5068948877,32371.295001914837,200.7034995001253,5570.400709497439,24086.829605986753,2287.3041935440497,697758.5760641041,11471.789797712572,13699.596425559852,10228.498157949867,68290.01595396602,black
8.008008008008009,3002594.573348183,1.3711541833022216,3033058.5836270642,67569.00101492669,101.78518328285483,4115.674371184734,21360.591563911003,1902.541644700415,923483.9661083953,11940.651090566427,12894.184974388287,10870.482368069697,86785.74452111045,black
8.80880880880881,5016348.458310841,2.636541877072532,5292184.621930798,126552.10868682315,51.705421213686485,3031.7792668964275,18942.92588812541,1582.5021648836764,1222231.6802296215,12428.662823675066,12122.141551304816,11409.753603210762,111365.88769858761,black
9.60960960960961,7720606.073399674,4.656625702432621,8468414.234032135,216094.28553041944,26.351350087856954,2228.816735663019,16798.905463282248,1316.2984252684698,1617624.4922713991,12936.606978145724,11425.138948137996,11852.29035383696,144070.54875857732,black
10.41041041041041,11087667.208578933,7.649842042095802,12591254.354030961,340980.83619252633,13.515250356938768,1636.2753837248526,14897.556568398231,1094.874472958442,2140927.160217445,13465.297598289184,10825.13720385657,12204.76427874165,187578.3424578479,black
11.211211211211213,15019823.184186913,11.81407038811168,17590625.638166785,502940.86566952476,7.016671253341737,1200.164736663895,13211.411426987079,910.6976801160071,2833518.613497442,14015.58211417567,10330.926444740904,12474.214854848775,245417.76505997797,black
12.012012012012013,19369523.779491283,17.30717933558977,23311349.25584951,700261.2129520178,3.726612158743157,879.7653112702237,11716.111392930345,757.5025059682224,3750163.894646774,14588.342710065144,9942.903506108969,12667.803025492158,322245.98373125284,black
12.812812812812814,23965433.46101127,24.23520638968728,29542252.503847063,928105.6326142863,2.060942174544512,644.6670056425799,10390.055043634047,630.0773587490023,4963344.576421606,15184.497737292164,9656.43996895004,12792.627788847522,424217.036615063,black
13.613613613613614,28636927.187774457,32.64880304761096,36049815.148874074,1179348.5244677002,1.2176575131223193,472.3065389629447,9214.086097065663,524.0873090105058,6568990.071935151,15805.003173403156,9464.185112803165,12855.592682341336,559468.515914726,black
14.414414414414415,33232440.237061564,42.54662062333477,42608067.842024684,1445640.6447687284,0.790724804963871,346.0159157316258,8171.216644209704,435.92662432521803,8694063.027703712,16450.854132325996,9357.591645927301,12863.311591156056,738765.1840281452,black
15.215215215215217,37630177.0016056,53.88335240969246,49020079.96686645,1718445.851315064,0.5745800783273064,253.51867040413248,7246.381700158918,362.5961093164144,11506598.596747119,17123.086432259868,9327.889411782184,12822.045334296487,976350.3890978488,black
16.016016016016017,41741905.23662541,66.58005565611946,55129880.46713697,1989873.798009882,0.4651517293114428,185.7911582910606,6426.221531144902,301.6010785151841,15228991.4236911,17822.77822841557,9366.67609490709,12737.662138682083,1291072.5833817006,black
16.816816816816818,45511657.27926101,80.53481419143115,60826035.81880079,2253232.3565950296,0.40975105863386346,136.20989548822368,5698.8886167884,250.86649133226038,20155580.97906236,18551.051716935493,9466.24824618721,12615.616465369987,1707876.0056027612,black
17.61761761761762,48911362.08577544,95.63243787286734,66039210.3249237,2503302.553041757,0.38170317266354375,99.91779743835043,5053.876462316887,208.666362243816,26675925.76180353,19309.07491489542,9619.76068057991,12460.941755994205,2259773.387551604,black
18.41841841841842,51935120.74979675,111.7525027262642,70736164.6893383,2736386.1341721276,0.3675032790689336,73.35544803113996,4481.867789981952,173.56504492549377,35305606.7229629,20098.063519871797,9821.275972754522,12278.25356621183,2990456.6631022156,black
19.21921921921922,54593337.00210736,128.77550591457566,74912235.86390753,2950194.1321790847,0.3603142590998743,53.91558613002973,3974.5999175110737,144.3683930156317,46726995.619431674,20919.2828515531,10065.746568532168,12071.76028306387,3957752.108719204,black
20.02002002002002,56907425.34781735,146.58721745456532,78583735.8366178,3143642.9173777215,0.3566746604328797,39.68900013226238,3524.7453785861026,120.08313617483867,61843211.95388284,21774.049877394777,10348.958260987432,11845.279214996539,5238193.117292013,black
20.82082082082082,58905435.44867041,165.08147717903614,81781126.9650275,3316611.7299399506,0.35483204149721204,29.277940126430934,3125.8060598230645,99.88308957347823,81849535.03452332,22663.735324282676,10667.454054770498,11602.256321869367,6933072.184585046,black
21.621621621621625,60618672.21839106,184.16174906827695,84543376.03506218,3469699.8280610107,0.3538991874197745,21.659254879685083,2772.019323647449,83.08104737001429,108327917.87623811,23589.765878419035,11018.450667140052,11345.788238211087,9176450.651045805,black
22.422422422422425,62079240.28418424,203.74174372260052,86913579.76175417,3604006.5847602244,0.35342692473933496,16.084076495693687,2458.274759608314,69.10540409366962,143372076.4183829,24553.6264760277,11399.755260502287,11078.645553266939,12145759.550016534,black
23.223223223223226,63318370.00367783,223.74538361299176,88935772.06463213,3720946.124794009,0.3531878487857935,12.00433060846208,2180.0403603504733,57.480708654865126,189753045.1974232,25556.86268788675,11809.686854671532,10803.296559950031,16075829.798999274,black
24.024024024024026,64365361.88321541,244.10633560965502,90652735.2364617,3822099.860293602,0.3530668305675746,9.018917592975212,1933.2970548373169,47.81148947459966,251138290.3953152,26601.08320108089,12247.00477928544,10521.930883145504,21277461.13776481,black
24.824824824824827,65246994.799503095,264.7672837826498,92104610.56978278,3909105.16375127,0.35300558331123943,6.834309040372629,1714.4806523802486,39.768800492630476,332381706.14617676,27687.96240170298,12710.845174748283,10236.48255532211,28161998.111430876,black
25.625625625625627,65987265.56888674,285.6790692229648,93328113.08429773,3983575.6920566764,0.35297459796171027,5.235703238984903,1520.4303582855377,33.079030365056994,439907424.77154917,28819.24306252286,13200.665703127688,9948.652231800343,37273856.37806304,black
26.426426426426428,66607353.68335152,306.7997853453099,94356181.41924894,4047047.8049805183,0.3529589348738199,4.0659126154420875,1348.3431170422048,27.51459415249013,582217789.9614645,29996.73913989297,13716.198125563757,9659.928335623734,49333571.29334382,black
27.227227227227228,67125730.24736215,328.09388720228367,95217926.15300567,4100947.482148202,0.3529510305169502,3.20991176924822,1195.7331232706622,22.886190832666216,770565659.6477023,31222.338684384336,14257.408125602375,9371.606997959949,65294772.73541872,black
28.02802802802803,67558351.90874273,349.53135097863407,95938771.25557461,4146572.669767472,0.3529470556976914,2.583529040588166,1060.3959154023848,19.036363240267242,1019844199.3413701,32498.006869855322,14824.461629131481,9084.810718539378,86419591.32134047,black
28.82882882882883,67918898.13867064,371.0869037838006,96540710.90100026,4185086.7667019553,0.35294507182405105,2.125170817198485,940.3765333238377,15.834141343145305,1349764524.0401566,33825.78914585659,15417.69683670516,8800.505715273148,114378458.56740479,black
29.62962962962963,68219023.72773962,392.739332781683,97042626.36678664,4217519.79339923,0.3529440974707994,1.7897654117407609,833.9412799726282,13.170586619625706,1786414308.7710059,35207.81451847621,16037.60120598852,8519.51796568524,151382192.52516726,black
30.430430430430434,68468608.37339373,414.47087537023907,97460625.2673051,4244774.567538523,0.35294363580503696,1.5443312905867972,739.5526789475697,10.95508595319171,2364320609.593697,36646.29896493188,16684.792676070254,8242.547967441082,200356813.11627778,black
31.231231231231234,68675992.40659827,436.26668753421706,97808378.49549797,4267635.8856690815,0.352943435334553,1.3647340219016835,655.8472664013619,9.112268964475707,3129180010.248751,38143.54898742727,17360.00449533134,7970.184262887281,265174910.48727775,black
32.032032032032035,68848192.68672873,458.1143848355902,98097439.76190677,4286781.264470992,0.3529433687805543,1.2333131142433091,581.615896413008,7.579443904518729,4141471971.7152724,39701.96531200641,18064.073089974783,7702.915784669649,350961861.06830966,black
32.832832832832835,68991096.03952834,480.0036491696321,98337539.3033679,4302792.232633796,0.35294337175407253,1.1371454257402878,515.7862753690807,6.304464879002346,5481241103.600012,41324.04673836729,18797.92848497487,7441.143087343866,464501104.8040014,black
33.633633633633636,69109629.77439907,501.92589394894327,98536847.8773438,4316165.498322203,0.352943411709328,1.066774396434817,457.40747307323403,5.243957844894212,7254426503.731898,43012.39414683225,19562.58685933103,7185.188534441445,614770529.859739,black
34.434434434434436,69207910.1426992,523.8739804629406,98702210.13221483,4327323.56503949,0.3529434722255797,1.0152801542190844,405.63618686164517,4.361845027338127,9601238645.049362,44769.71466892039,20359.144881261152,6935.305512467192,813652378.2855937,black
35.23523523523524,69289370.34940152,545.8419785718248,98839348.29777886,4336624.547630523,0.3529435450494157,0.9775990588481609,359.7245603213403,3.628117556626021,12707246187.426342,46598.82602822479,21188.77552554529,6691.686743417615,1076872806.3369849,black
36.03603603603604,69356870.0966855,567.8249654801378,98953038.214341,4344371.065702191,0.35294362606597035,0.9500257749096559,319.0093806684633,3.0178145704002994,16818049382.691189,48502.66105856861,22052.72512458412,6454.471766113231,1425245393.3722248,black
36.83683683683684,69412788.75571713,589.8188569951047,99047260.26524414,4350818.1769938385,0.3529437132592806,0.9298489114208432,282.9024987523736,2.5101740495297427,22258700340.55295,50484.27240669414,22952.311447202927,6223.753654334973,1886316927.0996876,black
37.63763763763764,69459104.22644554,611.8202663458259,99125327.97782776,4356180.368793246,0.352943805679704,0.9150843995391059,250.8823333111675,2.087926498708762,29459405759.704277,52546.83742703363,23888.922635402378,5999.585036747853,2496545601.130007,black
38.43843843843844,69497459.4193494,633.8263862826715,99189997.03984322,4360637.659662675,0.35294390292120414,0.9042803907564668,222.4863367675474,1.7367074428241467,38989544512.37424,54693.66327641626,24864.016859805644,5781.98348012605,3304183861.1281114,black
39.23923923923924,69529218.12084205,655.834890770468,99243557.33099607,4364340.882857391,0.3529440048567824,0.8963744904719755,197.30431374007793,1.4445687520088097,51602689941.63562,56928.19221688565,25879.122580171097,5570.936293654872,4373093853.744025,black
40.04004004004004,69555511.8132858,677.8438531244221,99287910.35213609,4367416.231612588,0.35294411150461624,0.8905892881839813,174.97249576169747,1.201572170573283,68296196903.95313,59254.00713513401,26935.839318712056,5366.404808215112,5787797175.991493,black
40.84084084084084,69577278.82872151,699.8516779112417,99324634.18699157,4369969.148413746,0.3529442229603822,0.886355911372965,155.16828661971542,0.9994512216109124,90390065262.4466,61674.837287406175,28035.83887171122,5168.328180664084,7660158222.149432,black
41.64164164164164,69595297.03277647,721.8570443510631,99355037.87814352,4372087.637942687,0.3529443393630986,0.8832580858157814,137.60560241776975,0.8313299852371717,119631315776.42358,64194.56427908732,29180.866899598048,4976.626769295235,10138229598.149582,black
42.44244244244244,69610211.0673303,743.8588593125514,99380206.85521193,4373845.07836534,0.35294446087794956,0.8809912015482889,122.03073905021176,0.6914891832823665,158332131665.53204,66817.22828856381,30372.74484776711,4791.205122942121,13417959033.820555,black
43.24324324324325,69622555.02988645,765.8562182991212,99401040.82740104,4375302.599210926,0.35294458768771647,0.8793323592589073,108.21870739722118,0.5751716126355804,209552689068.3343,69547.03454533845,31613.3721603804,4611.954622633902,17758683489.583435,black
44.04404404404405,69632771.3347767,787.8483730842822,99418285.34867847,4376511.087102638,0.3529447199885771,0.8781184516466648,95.96998330464237,0.47842030808797104,277343133284.4871,72388.36007278765,32904.72875758418,4438.755811334628,23503635617.70182,black
44.84484484484485,69641226.3857234,809.8347048743412,99432558.08321235,4377512.873568591,0.352944857988127,0.8772301243891576,85.1076254036513,0.39794392898744313,367063834505.69794,75345.7607063739,34248.877753290915,4271.480444124168,31107084078.527367,black
45.64564564564565,69648223.58966151,831.8147020623736,99444370.64082459,4378343.152419143,0.3529450019045341,0.876580039532736,75.47471913842521,0.33100479017363293,485809246496.98834,78423.9783985661,35647.96839619039,4109.993288212879,41170253767.80684,black
46.44644644644645,69654014.15653087,853.7879417934621,99454146.7157187,4379031.167913267,0.35294515196627857,0.8761042871933933,66.93211008180239,0.2753257280259387,642968883872.2393,81627.9488221822,37104.239221179145,3954.153699426731,54488866263.86665,black
47.24724724724725,69658806.05734196,875.7540746920178,99462237.14468393,4379601.2092485735,0.3529453084121976,0.8757561010431287,59.35639379737706,0.22901263322484322,850969775912.8683,84962.80928434507,38620.02140211686,3803.8169992526423,72116059642.88953,black
48.04804804804805,69662771.45157501,897.7128122114001,99468932.40125015,4380073.441829447,0.3529454714916952,0.8755012595983497,52.63813321213317,0.1904900148117821,1126259104726.9424,88433.90696374197,40197.74229987962,3658.8356741889124,95445662899.34991,black
48.84884884884885,69666052.84337519,919.6639161573969,99474472.95774427,4380464.601288719,0.352945641465044,0.8753147210988934,46.68027774993284,0.1584474034559635,1490604727552.8994,92046.80748439491,41839.92920221055,3519.060416995125,126322409700.78648,black
49.64964964964965,69668768.18267219,941.6071900132442,99479057.87586308,4380788.572328791,0.35294581860374546,0.8751781610706444,41.39676139048478,0.1317947705857879,1972816418955.1262,95807.30383969008,43549.21325396647,3384.3410274696666,167187806370.75873,black
50.450450450450454,69671015.09105432,963.5424717572573,99482851.92637683,4381056.871063132,0.3529460031909285,0.8750781704295422,36.71125940289568,0.10962544676119304,2611023936096.1543,99721.42568097507,45328.33357811079,3254.5271885906714,221273188268.2041,black
51.251251251251254,69672874.3618847,985.4696279168479,99485991.4882533,4381279.046627643,0.3529461955217791,0.875004936938704,32.556085794883366,0.09118527778622862,3455692039747.4683,103795.44898561771,47180.14158927501,3129.4691322263143,292855230043.04736,black
52.052052052052055,69674412.85882759,1007.3885486465047,99488589.43537827,4381463.015340505,0.3529463959039946,0.8749512803606148,28.871215551307,0.075846969267811,4573610876745.489,108035.90612002832,49107.60550295993,3009.0182071417157,387594113641.52515,black
52.852852852852855,69675685.91585791,1029.299143653682,99490739.18387404,4381615.33856803,0.3529466046582638,0.874911946426721,25.603417538205363,0.06308874683625862,6053177254015.058,112449.5963137809,51113.815044517825,2893.027360690962,512981093902.13617,black
53.653653653653656,69676739.32426672,1051.201338826725,99492518.0436837,4381741.453654258,0.3529468221187687,0.8748830901974203,22.70548554706345,0.052476606060753085,8011384408502.264,117043.59656162756,53201.98636298647,2781.3515443728534,678930851940.72,black
54.454454454454456,69677610.9775784,1073.0950734439966,99493989.99365894,4381845.865750261,0.35294704863371157,0.8748618980090263,20.13555637163862,0.043649548213078204,10603072972660.627,121825.27297088687,55375.46715566405,2673.848052337506,898565475277.6028,black
55.25525525525526,69678332.23316644,1094.980297864119,99495207.97906399,4381932.307095442,0.35294728456586455,0.8748463108321537,17.856505066846182,0.03630729961039726,14033174633862.992,126802.29257240065,57637.74201004521,2570.3768009476644,1189252056094.365,black
56.05605605605606,69678929.03928578,1116.8569716144639,99496215.81351335,4382003.869223252,0.35294753029314385,0.8748348218382029,15.835408654088193,0.03020009675812076,18572916626356.11,131982.63561399718,59992.437970403604,2470.8005566141505,1573975953265.8313,black
56.85685685685686,69679422.86788502,1138.725061809264,99497049.75332928,4382063.112656894,0.3529477862092103,0.8748263282678335,14.04307052611245,0.025120189791450902,24581268387908.03,137374.60835617245,62443.33033692016,2374.9851183303285,2083158305637.7375,black
57.65765765765766,69679831.4866328,1160.5845418405365,99497739.80065677,4382112.1579005,0.35294805272409385,0.8748200230350682,12.453598681291195,0.020894775169809338,32533326225160.445,142986.85639050617,64994.34870583268,2282.7994606175403,2757061512144.4727,black
58.45845845845846,69680169.59784783,1182.435390294796,99498310.78201032,4382152.760895051,0.3529483302648469,0.8748153154080557,11.044031694775425,0.017380117200722477,43057880438466.625,148828.37850216805,67649.58325963287,2194.1158419545427,3648972886460.3516,black
59.25925925925926,69680449.36726132,1204.2775900566205,99498783.2409126,4382186.375576681,0.35294861927622434,0.8748117729667512,9.794007023543134,0.014456658412981958,56987135438584.195,154908.54109874048,70413.29131686833,2108.80988319187,4829418226215.942,black
60.06006006006007,69680680.8615957,1226.1111275668577,99499174.17664267,4382214.205730962,0.3529489202213931,0.8748090791300405,8.685466853875706,0.012024952438862166,75422514355695.0,161237.09322849533,73289.90415162926,2026.7606199404356,6391738474785.859,black
60.86086086086087,69680872.41067612,1247.9359922087956,99499497.65560476,4382237.247966642,0.35294923358267066,0.8748070020758348,7.702397242106816,0.010002281046427067,99821751487515.14,167824.1822122025,76284.03409331471,1947.8505324664334,8459470437238.505,black
61.66166166166167,69681030.90708448,1269.752175800232,99499765.31726809,4382256.327323742,0.3529495598622959,0.8748053719979993,6.830596780409615,0.008319840237094584,132114159215694.55,174680.36991353743,79400.48191779247,1871.9655562164255,11196115163092.217,black
62.46246246246247,69681162.05412479,1291.5596721731758,99499986.7928496,4382272.126774073,0.3529498995832309,0.8748040644637707,6.057471445888913,0.006920399682859794,174853183851961.44,181816.64967417408,82644.24454158536,1798.9950757323945,14818066407866.232,black
63.26326326326327,69681270.57101375,1313.358476826062,99500170.05178182,4382285.211658493,0.3529502532899977,0.874802988235217,5.371852669467527,0.0057563558801372065,231418313409189.34,189244.46394071775,86020.52303124862,1728.8319043919826,19611721461154.047,black
64.06406406406407,69681360.36267269,1335.1485866359722,99500321.68841746,4382296.049927531,0.3529506215495479,0.8748020763572593,4.763835996473594,0.004788112791064419,306282302680263.25,196975.72261174145,89534.7309406404,1661.3722521201355,25956127339769.156,black
64.86486486486487,69681434.66022706,1356.9299996205089,99500447.159276,4382305.028904283,0.35295100495217013,0.8748012796359997,4.224638008289532,0.00398273488391081,405364845820349.0,205022.82213434394,93192.5029893433,1596.5156829611672,34352953040507.047,black
65.66566566566567,69681496.137266,1378.7027147407564,99500550.97936237,4382312.46916581,0.35295140411243453,0.8748005618661493,3.7464694382112205,0.00331282675096945,536500662261509.6,213398.6653808483,96999.70409606257,1534.1650641715582,45466157838028.695,black
66.46646646646647,69681547.00604308,1400.4667317382405,99500636.88461658,4382318.636037365,0.3529518196701757,0.8747998963383516,3.322422648597863,0.002755601190227871,710059008754210.0,222116.68233751293,100962.43878141443,1474.2265082905872,60174492305371.234,black
67.26726726726727,69681589.09707914,1422.2220510000188,99500707.9663364,4382323.749109286,0.352952252291517,0.8747992632830619,2.946371843848168,0.0022921040484332315,939763603995624.0,231190.8516384265,105087.06095512367,1416.609309465488,79640983451996.11,black
68.06806806806807,69681623.92503028,1443.968673447053,99500766.7824078,4382327.9901161445,0.3529527026699367,0.8747986479997361,2.612884577713289,0.0019065694559990617,1243777799459382.5,240635.72297911588,109380.18410327879,1361.2258751477343,105404898353500.2,black
68.86886886886887,69681652.74319084,1465.7066004418389,99500815.44934425,4382331.509459621,0.3529531715273786,0.874798039487486,2.3171432766091122,0.0015858835199621777,1646140803733993.8,250466.44044580412,113848.69189194142,1307.9916541351713,139503458078691.22,black
69.66966966966967,69681676.58859198,1487.4358337119772,99500855.71844546,4382334.431608244,0.35295365961540653,0.8747974294426666,2.0548756452745582,0.001319138230777983,2178668525965674.5,260698.7667977258,118499.74920408429,1256.8250618089914,184632926117061.6,black
70.47047047047047,69681696.3193187,1509.1563752869326,99500889.03881542,4382336.859567192,0.3529541677164091,0.8747968115249507,1.8222929494527098,0.0010972604078575544,2883469345575525.0,271349.10874143674,123340.813627531,1207.6474033033094,244361809202424.78,black
71.27127127127127,69681712.64538784,1530.8682274457053,99500916.6095069,4382338.878578145,0.3529546966448518,0.8747961808198554,1.6160352840027365,0.0009127030609590159,3816273732226391.0,282434.5432376366,128379.6474122973,1160.382795246694,323413028496733.9,black
72.07207207207207,69681726.15429802,1552.571392673531,99500939.42266896,4382340.559181682,0.3529552472485808,0.8747955334450019,1.4331230358427283,0.0007591886685836862,5050841002235319.0,293972.8448826941,133624.32991649426,1114.9580866280544,428037373523577.6,black
72.87287287287288,69681737.33217077,1574.2658736260546,99500958.29924878,4382341.959751982,0.35295582041018114,0.874794866261538,1.2709138405438332,0.0006314956400376164,6684791663249113.0,305982.51440877107,139083.27056073496,1071.3027792625485,566507768666411.1,black
73.67367367367368,69681746.5812438,1595.9516730996834,99500973.91853358,4382343.128594686,0.3529564170483895,0.8747941766624943,1.127064410785324,0.0005252806971335263,8847326526665676.0,318482.80834824935,144765.22231180867,1029.3489482654675,749773435238544.1,black
74.47447447447448,69681754.23434569,1617.6287940070604,99500986.84259464,4382344.105683154,0.3529570381195653,0.8747934624174151,0.9994966852513775,0.00043693113337291573,1.1709442958424378e+16,331493.76991002075,150679.29571723315,989.031162882415,992325675448912.9,black
75.27527527527528,69681760.56687297,1639.297239356764,99500997.53651382,4382344.924095424,0.35295768461922217,0.8747927215581507,0.8863678089641738,0.0003634419248373552,1.5497456098325136e+16,345036.2611171488,156834.97351318342,950.2864079716127,1313343738446692.8,black
76.07607607607608,69681765.80670042,1660.9570122365171,99501006.38511963,4382345.611203427,0.3529583575836222,0.8747919522947477,0.7860435113855109,0.0003023135123684114,2.051089418796212e+16,359131.996257432,163242.12582921277,913.0540063879921,1738211373536804.0,black
76.87687687687688,69681770.14238112,1682.6081157992878,99501013.7068354,4382346.189657162,0.35295905809143446,0.8747911529533405,0.6970744977289626,0.0002514667779606459,2.7146183071568948e+16,373803.5767005069,169911.02601414605,877.2755424782546,2300523991269492.5,black
77.67767767767768,69681773.729932,1704.2505532517935,99501019.76513812,4382346.678199152,0.35295978726546245,0.8747903219301217,0.6181755124156598,0.00020917232299008613,3.5927992636603068e+16,389074.52713731397,176852.3671085119,842.8947868605276,3044745141457232.0,black
78.47847847847848,69681776.69844796,1725.8843278449854,99501024.7780397,4382347.092338467,0.35296054627444157,0.8747894576570526,0.5482067722366982,0.00017399164258689192,4.755072385286878e+16,404969.333300033,184077.27898992843,809.8576226311606,4029722363949475.0,black
79.27927927927928,69681779.15474756,1747.5094428661773,99501028.92593236,4382347.444908488,0.3529613363349105,0.8747885585761397,0.4861575010057421,0.0001447281950697566,6.2933416898660824e+16,421513.48122297256,191597.34621892884,778.1119731140197,5333340419663838.0,black
80.08008008008008,69681781.187217,1769.1259016325316,99501032.35808027,4382347.746528482,0.3529621587131582,0.874787623119955,0.4311313278448866,0.00012038670197717952,8.329242210475248e+16,438733.49810736126,199424.62661384072,747.6077312439311,7058679845163984.0,black
80.88088088088088,69681782.86899072,1790.7337074856687,99501035.19799073,4382348.005985571,0.35296301472725133,0.8747866496966977,0.3823333381686549,0.00010013929421577777,1.1023758000055058e+17,456656.9948555666,207571.6705845009,718.2966906552656,9342167804032020.0,black
81.68168168168168,69681784.26058336,1812.3328637872096,99501037.54785894,4382348.230550794,0.35296390574914416,0.8747856366785508,0.3390585903055909,8.329735273277803e-05,1.4589951567370538e+17,475312.71034294035,216051.54125580552,690.1324785287351,1.236436574446679e+16,black
82.48248248248248,69681785.41206712,1833.923373915084,99501039.49224551,4382348.426240674,0.3529648332068739,0.8747845823924193,0.3006819318692691,6.92880858321183e-05,1.9309811294574746e+17,494730.55749827786,224877.8354133594,663.0704902339161,1.636424687180088e+16,black
83.28328328328328,69681786.36487396,1855.505241260478,99501041.10111938,4382348.59803365,0.352965798586847,0.8747834851123836,0.26664896876654437,5.7635046380830064e-05,2.555654900635743e+17,514941.67126677657,234064.7053048105,637.0678257915955,2.165809239354869e+16,black
84.08408408408408,69681787.15328641,1877.0784692253083,99501042.43237579,4382348.750049177,0.35296680343621734,0.874782343053372,0.2364680563817088,4.7941926175852355e-05,3.382411081859946e+17,535978.4585323985,243626.88133182444,612.0832281684649,2.8664500713190076e+16,black
84.88488488488488,69681787.80567133,1898.6430612201311,99501043.53391966,4382348.885695927,0.3529678493653628,0.8747811543656978,0.20970319724146314,3.987907622038931e-05,4.4766234767592e+17,557874.6500796843,253579.6956690841,588.077023406762,3.793748711596041e+16,black
85.6856856856857,69681788.34550066,1920.199020662415,99501044.44538957,4382349.007794423,0.35296893805046126,0.8747799171301893,0.18596774256053059,3.317229438567147e-05,5.92481436101588e+17,580665.354678335,263939.10684818483,565.011062582987,5.02102912265954e+16,black
86.4864864864865,69681788.79219605,1941.7463509751058,99501045.19958413,4382349.118678526,0.3529700712361731,0.874778629353725,0.16491880668053824,2.759349906290869e-05,7.841496028174509e+17,604387.1153772783,274721.7253458423,542.8486655826106,6.645335621111928e+16,black
87.2872872872873,69681789.16182779,1963.285055585447,99501045.82364224,4382349.220279386,0.3529712507384322,0.8747772889650206,0.14625231371315345,2.2952971565030244e-05,1.0378225580275926e+18,629077.9680984905,285944.8402174442,521.5545666715927,8.795106429071643e+16,black
88.0880880880881,69681789.46769327,1984.815137923999,99501046.34001982,4382349.314194942,0.3529724784473513,0.874775893810569,0.12969860483132636,1.9092903401196376e-05,1.373558894987736e+18,654777.5026245159,297626.4468186473,501.094861840433,1.16403296250405e+17,black
88.8888888888889,69681789.72079523,2006.336601423827,99501046.76729786,4382349.401747409,0.35297375633024475,0.8747744416506482,0.11501854275146894,1.588202893370704e-05,1.8179061761633615e+18,681526.9260774754,309785.2756594705,481.4369578922137,1.5405984552027034e+17,black
89.6896896896897,69681789.93023777,2027.8494495198333,99501047.12085102,4382349.484030852,0.3529750864347756,0.8747729301553385,0.10200005713187618,1.3211160847601124e-05,2.406000119392392e+18,709369.1289913508,322440.8224371488,462.54952324259295,2.0389831530794266e+17,black
90.4904904904905,69681790.10355411,2049.3536856482006,99501047.41340086,4382349.561950555,0.3529764708922306,0.8747713569005023,0.09045508098212633,1.0989476573184385e-05,3.184342872267136e+18,738348.7540834816,335613.3792959033,444.40244039686706,2.6985956558017696e+17,black
91.2912912912913,69681790.24697754,2070.849313245935,99501047.65547386,4382349.636255596,0.35297791192092787,0.8747697193636949,0.08021683382673211,9.141429345984695e-06,4.2144800602582615e+18,768512.2678355459,349324.0673637507,426.9667600669466,3.571593273107237e+17,black
92.0920920920921,69681790.36566582,2092.3363357504827,99501047.85578,4382349.707565791,0.35297941182976417,0.8747680149199726,0.07113741237552153,7.60417883605295e-06,5.577867362526686e+18,799908.0349988019,363594.8706185195,410.2146568893182,4.7270062415939814e+17,black
92.8928928928929,69681790.4638866,2113.814756599421,99501048.02152635,4382349.776394012,0.3529809730219059,0.8747662408375819,0.06308565389546356,6.325453951900938e-06,7.382311428478001e+18,832586.3961430476,378448.6711373776,394.11938670372126,6.256196128581713e+17,black
93.6936936936937,69681790.54517126,2135.284579230194,99501048.15867627,4382349.843164632,0.3529825979986312,0.8747643942735083,0.055945241418100526,5.261775124892077e-06,9.77049443541121e+18,866599.748373648,393909.28578638926,378.6552453513108,8.280080033510492e+17,black
94.4944944944945,69681790.61244173,2156.745807079904,99501048.27216418,4382349.908228794,0.35298428936332765,0.8747624722688703,0.04961302341030545,4.376975607645717e-06,1.293125634664045e+19,902002.6293460503,410001.50440893025,363.7975289504272,1.0958691823639071e+18,black
95.2952952952953,69681790.66811582,2178.198443585124,99501048.36607295,4382349.971877055,0.35298604982565324,0.8747604717441456,0.04399752363422373,3.6409714909319307e-06,1.7114526988157338e+19,938851.8047124959,426751.1295741937,349.5224956077442,1.4503836436303662e+18,black
96.0960960960961,69681790.71419415,2199.642492181764,99501048.44378097,4382350.034349832,0.3529878822058659,0.8747583894942172,0.039017619669734514,3.0287386036034825e-06,2.2651088662732317e+19,977206.3591411473,444185.01794951974,335.8073285224348,1.9195837856973102e+18,black
96.8968968968969,69681790.75233206,2221.0779563049346,99501048.5080837,4382350.095846058,0.35298978943932935,0.8747562221832279,0.03460137100927062,2.5194614971187195e-06,2.9978731983757922e+19,1017127.7910535673,462331.1233628853,322.6301004410887,2.5405705080137047e+18,black
97.6976976976977,69681790.78389935,2242.504839388859,99501048.56129415,4382350.156530341,0.352991774581203,0.8747539663392334,0.03068497979556334,2.0958255695283383e-06,3.9676873139975725e+19,1058680.1112324574,481218.54162460455,309.9697394213651,3.362446877433397e+18,black
98.4984984984985,69681790.81002939,2263.9231448667824,99501048.60532624,4382350.216538884,0.35299384081132135,0.8747516183486436,0.027211869189043444,1.7434282525394633e-06,5.251236987000549e+19,1101929.9454577628,500877.55718010245,297.8059958627781,4.450200837921641e+18,black
99.2992992992993,69681790.83166008,2285.3328761709095,99501048.64176364,4382350.275984389,0.35299599143927235,0.8747491744504423,0.024131866050913064,1.4502892350484574e-06,6.950015893727702e+19,1146946.6413357158,521339.6916685712,286.11941076353884,5.889843979617945e+18,black
100.10010010010011,69681790.84956741,2306.7340367323422,99501048.67191674,4382350.3349601105,0.35299822990968205,0.8747466307301738,0.021400476134853057,1.2064430651074724e-06,9.198350987130323e+19,1193802.3794921036,542637.7544653651,274.8912851630129,7.795212703351805e+18,black
100.90090090090091,69681790.86439355,2328.1266299810377,99501048.69686984,4382350.39354321,0.3530005598077136,0.8747439831136892,0.018978241316715525,1.003600274244095e-06,1.2174024085158201e+20,1242572.2893080576,564805.8952891761,264.10365073007364,1.0316969566737447e+19,black
101.70170170170171,69681790.87666976,2349.510659345762,99501048.71752009,4382350.451797543,0.35300298486479,0.874741227360638,0.01683016957667688,8.348654986989232e-07,1.611232955057548e+20,1293334.569383929,587879.6589583426,253.7392414584184,1.3654516572155064e+19,black
102.50250250250251,69681790.88683577,2370.8861282540706,99501048.7346099,4382350.5097759385,0.3530055089645492,0.8747383590576993,0.0149252294993132,6.945030107615327e-07,2.1324679640059622e+20,1346170.6129244133,611896.0423840862,243.78146643076124,1.8071762411752155e+19,black
103.30330330330331,69681790.8952554,2392.253040132272,99501048.74875349,4382350.567522115,0.35300813614904075,0.8747353736115365,0.013235901989094787,5.777416859163421e-07,2.8223228697240722e+20,1401165.1382459607,636893.5538920624,234.21438361470592,2.391799042764908e+19,black
104.10410410410411,69681790.90222971,2413.611398405407,99501048.76045917,4382350.6250722455,0.3530108706251736,0.8747322662414682,0.011737782725327654,4.806127727973473e-07,3.735346328956898e+20,1458406.3246157328,662912.2749673416,225.02267465402278,3.1655477371999793e+19,black
104.90490490490491,69681790.90800777,2434.9612064972353,99501048.7701475,4382350.682456267,0.3530137167714263,0.8747290319718409,0.010409229613562443,3.99814948634753e-07,4.9437335277718313e+20,1517985.9536399194,689993.9245218247,216.19162062000265,4.189604685564348e+19,black
105.70570570570571,69681790.91279575,2456.302467830219,99501048.77816653,4382350.739698943,0.35301667914482854,0.8747256656240955,0.009231050140511681,3.32602070891868e-07,6.543034846367302e+20,1579999.556428107,718181.9257871386,207.70707868852386,5.5449447863437935e+19,black
106.50650650650651,69681790.91676421,2477.635185825511,99501048.78480421,4382350.796820772,0.3530197624882265,0.8747221618085087,0.008186224115966258,2.7668980771181707e-07,8.659711281014508e+20,1644546.5667696784,747521.4759402714,199.55545970944186,7.338738375377304e+19,black
107.30730730730731,69681790.92005432,2498.9593639029436,99501048.79029879,4382350.853838714,0.35302297173784164,0.8747185149156014,0.007259657796406334,2.3017797187462882e-07,1.1461134050380249e+21,1711730.4805678376,778059.6185735861,191.72370663588885,9.712825468504462e+19,black
108.10810810810811,69681790.92278285,2520.2750054810194,99501048.79484744,4382350.910766804,0.35302631203113705,0.8747147191072008,0.0064379658383448045,1.914859170462471e-07,1.5168819081619783e+21,1781659.0217869107,809845.3191254082,184.19927378204844,1.2854931427747018e+20,black
108.90890890890891,69681790.9250465,2541.582113976908,99501048.7986133,4382350.967616656,0.35302978871500124,0.8747107683071372,0.00570927793147285,1.592987993482862e-07,2.0075942862150112e+21,1854444.315178997,842929.5433921426,176.97010687894104,1.7013510903491133e+20,black
109.70970970970971,69681790.92692523,2562.8806928064405,99501048.80173136,4382351.02439788,0.35303340735426403,0.8747066561915668,0.005063067318204206,1.3252287680141938e-07,2.6570524681951206e+21,1930203.066066925,877365.3392477985,170.0246238987216,2.2517393802541154e+20,black
110.51051051051051,69681790.92848526,2584.1707453841013,99501048.80431336,4382351.081118432,0.35303717374055676,0.8747023761789019,0.004489998722388028,1.1024832656495462e-07,3.5166108347769013e+21,2009056.7474717898,913207.9217019605,163.35169661893943,2.9801786740836454e+20,black
111.31131131131131,69681790.92978133,2605.4522751230297,99501048.80645168,4382351.137784889,0.3530410939015309,0.8746979214193332,0.003981793490347556,9.171831556510103e-08,4.6542369453722436e+21,2091131.7948851015,950514.7614325838,156.9406328991528,3.9442685984646857e+20,black
112.11211211211211,69681790.9308588,2626.7252854350145,99501048.80822282,4382351.194402704,0.3530451741104499,0.8746932847839297,0.003531109996052938,7.63032727707186e-08,6.159885913288301e+21,2176559.808997855,989345.6769355702,150.78115964320654,5.22024230027627e+20,black
112.91291291291292,69681790.93175521,2647.9897797304884,99501048.80969006,4382351.250976384,0.35304942089616803,0.8746884588532967,0.0031314375827441584,6.347948827136574e-08,8.152613395078168e+21,2265477.7667115787,1029762.9304388836,144.86340642139075,6.908994403726827e+20,black
113.71371371371372,69681790.9325016,2669.245761418534,99501048.81090578,4382351.307509661,0.35305384105351334,0.8746834359057759,0.002777002508869307,5.281131145486257e-08,1.0789989637014201e+22,2358028.2407697067,1071831.3277349884,139.17788972757847,9.144059015840684e+20,black
114.51451451451452,69681790.93312366,2690.493233906878,99501048.81191331,4382351.364005623,0.353058441654089,0.8746782079051687,0.002462684539619337,4.393634297499438e-08,1.42805589723025e+22,2454359.6283614165,1115618.3220916882,133.71549784730732,1.2102168622403328e+21,black
115.31531531531532,69681790.93364269,2711.7322006018862,99501048.81274854,4382351.420466828,0.35306323005751133,0.8746727664879644,0.0021839429791280485,3.6553117007216394e-08,1.8900329974523203e+22,2554626.3890645113,1161194.1224079793,128.46747631361205,1.601722879426777e+21,black
116.11611611611612,69681790.9340763,2732.9626649085712,99501048.81344108,4382351.476895393,0.35306821392310117,0.8746671029500526,0.001936751074787289,3.0410854973904295e-08,2.5014600187508725e+22,2658989.2925088415,1208631.8057883328,123.42541392823641,2.1198813721150968e+21,black
116.91691691691692,69681790.93443905,2754.184630230587,99501048.81401558,4382351.53329307,0.35307340122204606,0.8746612082329002,0.0017175378460719069,2.530094236097393e-08,3.3106841170817118e+22,2767615.676157375,1258007.4347159122,118.58122932665256,2.805664506373157e+21,black
117.71771771771772,69681790.934743,2775.398099970227,99501048.81449229,4382351.589661315,0.35307880025005356,0.87465507290917,0.0015231364975246582,2.1049838840398077e-08,4.381692787786886e+22,2880679.7136182818,1309400.1790126057,113.92715806609178,3.713298973173395e+21,black
118.51851851851852,69681790.93499818,2796.603077528429,99501048.81488805,4382351.646001326,0.35308441964051385,0.8746486871677615,0.0013507386706670603,1.7513180650922953e-08,5.799173526548469e+22,2998362.6939181956,1362892.4427814237,109.45574021654592,4.914553836659019e+21,black
119.31931931931932,69681790.93521287,2817.7995663047705,99501048.81521676,4382351.702314099,0.35309026837819174,0.874642040798247,0.0011978538739517502,1.4570874729691577e-08,7.675210294240648e+22,3120853.312184489,1418569.9965348018,105.15980843542923,6.504415504357968e+21,black
120.12012012012013,69681790.93539387,2838.987569697472,99501048.81548996,4382351.758600461,0.35309635581347015,0.874635123174686,0.001062273504675067,1.2123017809484886e-08,1.0158146292939124e+23,3248347.9722026307,1476522.1147206738,101.0324765072999,8.608598554309962e+21,black
120.92092092092093,69681790.93554688,2860.1670911033925,99501048.81571718,4382351.814861099,0.3531026916771663,0.8746279232387815,0.0009420389431045633,1.0086501746481798e-08,1.344431385628378e+23,3381051.101333737,1536841.7188668128,97.06712833072835,1.139348632012016e+22,black
121.72172172172174,69681790.9356766,2881.3381339180364,99501048.81590629,4382351.871096576,0.3531092860959428,0.8746204294823678,0.0008354132579039161,8.392189675940425e-09,1.7793558967731652e+23,3519175.4782973016,1599625.5265729823,93.25740733506126,1.5079287262360667e+22,black
122.52252252252254,69681790.93578698,2902.5007015355486,99501048.81606384,4382351.927307365,0.35311614960833776,0.8746126299291876,0.0007408561141071978,6.9825670014599875e-09,2.3549787971525044e+23,3662942.574344632,1664974.2065897686,89.59720631047713,1.995744743549358e+22,black
123.32332332332334,69681790.93588118,2923.654797348715,99501048.81619526,4382351.98349386,0.35312329318143804,0.8746045121159426,0.0006570015211588634,5.8097873675294614e-09,3.116816115929729e+23,3812582.9083700613,1732992.5402327701,86.08065763534742,2.641369590024985e+22,black
124.12412412412414,69681790.93596189,2944.8004247489666,99501048.81630495,4382352.039656383,0.35313072822822117,0.8745960630725815,0.0005826380995639254,4.834047193927937e-09,4.125108350132041e+23,3968336.416529328,1803789.5893909526,82.70212388551967,3.4958545343332143e+22,black
124.92492492492494,69681790.93603136,2965.937587126377,99501048.81639671,4382352.095795205,0.3531384666255918,0.8745872693018001,0.0005166915810769941,4.022233520881088e-09,5.459583840495328e+23,4130452.836957771,1877478.8713985507,79.45618881071893,4.62676596693219e+22,black
125.72572572572574,69681790.9360914,2987.066287869663,99501048.81647354,4382352.15191055,0.35314652073313973,0.8745781167577186,0.0004582092896249262,3.3467992055614755e-09,7.22576310278867e+23,4299192.110205195,1954178.541050923,76.33764866382275,6.123528053732998e+22,black
126.52652652652654,69681790.93614349,3008.1865303661857,99501048.81653796,4382352.208002605,0.35315490341264943,0.8745685908237074,0.00040634637877182784,2.7848272395182925e-09,9.563302614813834e+23,4474824.796029495,2034011.5800561947,73.34150386930712,8.104493742031736e+22,black
127.32732732732734,69681790.93618898,3029.2983180019487,99501048.81659211,4382352.264071526,0.3531636280483878,0.874558676289326,0.0003603536269104471,2.317252385759512e-09,1.2657037824443875e+24,4657632.507217312,2117105.9942264655,70.46295101768033,1.0726303241898548e+23,black
128.12812812812814,69681790.93622889,3050.401654161603,99501048.81663777,4382352.320117446,0.35317270856820254,0.8745483573263412,0.000319566613867167,1.9282136821070066e-09,1.6751598578630014e+24,4847908.36112733,2203595.0187247638,67.69737517322538,1.4196269982963563e+23,black
128.92892892892894,69681790.93626411,3071.4965422284436,99501048.81667632,4382352.376140475,0.3531821594654618,0.8745376174637876,0.00028339612256394033,1.6045158059519273e-09,2.2170752654104963e+24,5045957.449680212,2293617.3316968377,65.04034248285608,1.8788773437047466e+23,black
129.72972972972974,69681790.93629532,3092.582985584412,99501048.81670894,4382352.432140702,0.3531919958218682,0.8745264395620361,0.00025131962707788366,1.3351809959176354e-09,2.9343006934050553e+24,5252097.328548801,2387317.27663033,62.4875930743588,2.4866955030592445e+23,black
130.53053053053054,69681790.9363232,3113.6609876100965,99501048.81673664,4382352.488118207,0.35320223333118084,0.8745148057858273,0.00022287374413353168,1.111076304013208e-09,3.883549058365631e+24,5466658.526332904,2484845.093797869,60.03503423274238,3.291143270022129e+23,black
131.33133133133134,69681790.93634817,3134.730551684732,99501048.81676029,4382352.544073054,0.35321288832388,0.8745026975762348,0.0001976475389806662,9.246035122925729e-10,5.139879945726272e+24,5689985.074535141,2586357.161155183,57.67873384385125,4.3558304627605845e+23,black
132.13213213213214,69681790.9363707,3155.791681186199,99501048.8167805,4382352.600005299,0.35322397779281245,0.8744900956215131,0.0001752765889532231,7.694411778786688e-10,6.802634770281232e+24,5922435.05918759,2692016.2450804743,55.41491409481607,5.764944720934231e+23,black
132.93293293293294,69681790.93639112,3176.844379491026,99501048.81679787,4382352.65591499,0.35323551941985254,0.8744769798267895,0.0001554377189503984,6.403300418897046e-10,9.003291965276358e+24,6164381.195013737,2801991.761357136,53.23994542131623,7.629908445603292e+23,black
133.73373373373374,69681790.93640971,3197.888649974393,99501048.81681284,4382352.711802168,0.35324753160362105,0.874463329282554,0.00013784433278775753,5.328945115426521e-10,1.1915863330799326e+25,6416211.423046357,2916460.046818234,51.15034069201754,1.0098189263966338e+24,black
134.53453453453454,69681790.93642674,3218.9244960101264,99501048.81682582,4382352.767666868,0.3532600334882995,0.8744491222319037,0.00012224227297418912,4.4349415062116964e-10,1.5770653608247685e+25,6678329.532659527,3035604.6420883355,49.14274962091998,1.336496068568945e+24,black
135.33533533533534,69681790.9364424,3239.951920970704,99501048.8168371,4382352.8235091185,0.35327304499358325,0.8744343360364899,0.00010840614910429486,3.6910013325721423e-10,2.087247128695082e+25,6951155.80901219,3159616.585876037,47.21395339870916,1.768853498987442e+24,black
136.13613613613614,69681790.93645692,3260.9709282272506,99501048.81684701,4382352.8793289475,0.35328658684581765,0.8744189471411232,9.613608182549984e-05,3.0719246425413695e-10,2.762473061970885e+25,7235127.70694137,3288694.7212890615,45.36085953455067,2.3410788661956633e+24,black
136.93693693693695,69681790.93647036,3281.9815211495447,99501048.81685573,4382352.935126379,0.353300680610359,0.8744029310369817,8.525481534263348e-05,2.5567447481501934e-10,3.6561350657530488e+25,7530700.552385562,3423046.014663076,43.58049690009837,3.098419547399207e+24,black
137.73773773773775,69681790.93648289,3302.9837031060124,99501048.81686343,4382352.990901433,0.35331534872521,0.8743862622233737,7.560515674668995e-05,2.1280168952041917e-10,4.8388973644835975e+25,7838348.272462998,3562885.887415441,41.87001096780707,4.100760478567758e+24,black
138.53853853853855,69681790.93649462,3323.9774774637344,99501048.81687029,4382353.0466541285,0.3533306145359753,0.8743689141679943,6.704770517583669e-05,1.7712264867863809e-10,6.404284109558964e+25,8158564.155375414,3708438.5614560223,40.226659235947224,5.427359415124398e+24,black
139.33933933933935,69681790.9365056,3344.9628475884433,99501048.81687641,4382353.102384482,0.3533465023321884,0.874350859265626,5.945883800371268e-05,1.474296763471826e-10,8.47607458198679e+25,8491861.641355703,3859937.4187088446,38.64780683301594,7.183114052841333e+24,black
140.14014014014015,69681790.93651593,3365.9398168445236,99501048.81688192,4382353.158092508,0.35336303738506003,0.8743320687952207,5.272892496311375e-05,1.227179222029278e-10,1.1218090748371541e+26,8838775.145927763,4017625.3753211144,37.13092229452144,9.506856566810943e+24,black
140.94094094094095,69681790.93652569,3386.908388595013,99501048.8168869,4382353.213778222,0.35338024598670104,0.8743125128753035,4.6760744405964936e-05,1.021512865054885e-10,1.4847151098234553e+26,9199860.916798478,4181755.271159584,35.673573505392596,1.2582331439683305e+25,black
141.74174174174175,69681790.93653491,3407.8685662016014,99501048.81689146,4382353.269441637,0.3533981554908753,0.8742921604176375,4.146807882057342e-05,8.503407120672555e-11,1.9650215056936465e+26,9575697.925755909,4352590.275218805,34.273423801527926,1.6652724625160085e+25,black
142.54254254254255,69681790.93654364,3428.820353024635,99501048.81689563,4382353.325082766,0.3534167943553384,0.8742709790790826,3.6774469316741195e-05,7.078739475600643e-11,2.6007073628394742e+26,9966888.797003618,4530404.3075912865,32.92822822425128,2.2039892906230094e+25,black
143.34334334334335,69681790.93655194,3449.763752423114,99501048.81689946,4382353.380701618,0.3534361921858205,0.874248935211586,3.261211108579427e-05,5.892956994615869e-11,3.4420380476886635e+26,10374060.773419792,4715482.478676181,31.635829921684238,2.9169813964494255e+25,black
144.14414414414415,69681790.93655981,3470.698767754695,99501048.81690298,4382353.436298208,0.353456379781714,0.8742259938102311,2.892087387913539e-05,4.9059778737751574e-11,4.5555398085212e+26,10797866.722290404,4908121.546330731,30.394156691279566,3.860626956504996e+25,black
144.94494494494495,69681790.9365673,3491.625402375689,99501048.81690624,4382353.491872543,0.3534773891835269,0.874202118459277,2.5647433354968738e-05,4.084448996347325e-11,6.029260182333725e+26,11238986.182129005,5108630.3916974375,29.201217657984536,5.109542527568161e+25,black
145.74574574574575,69681790.93657444,3512.5436596410655,99501048.81690928,4382353.547424635,0.3534992537221675,0.8741772712761152,2.2744500744465432e-05,3.400615895479878e-11,7.9797301470726e+26,11698126.452261709,5317330.514469964,28.05510008271881,6.76248317569722e+25,black
146.54654654654655,69681790.93658124,3533.4535429044467,99501048.8169121,4382353.602954493,0.3535220080701246,0.8741514128530693,2.0170139708982076e-05,2.8313825614944344e-11,1.056117853511461e+27,12176023.726924362,5534556.548391856,26.95396629605951,8.950151301214108e+25,black
147.34734734734735,69681790.93658775,3554.3550555181178,99501048.81691475,4382353.6584621295,0.3535456882946122,0.8741245021969579,1.788716051951865e-05,2.357529191800787e-11,1.3977727315957377e+27,12673444.275690405,5760656.797814647,25.896050752225708,1.1845531624035408e+26,black
148.14814814814815,69681790.93659395,3575.2482008330176,99501048.81691724,4382353.713947552,0.35357033191274795,0.8740964966663421,1.5862582806621283e-05,1.9630613434567348e-11,1.8499532061660477e+27,13191185.672122013,5995993.796175667,24.879657198646445,1.567756954421585e+26,black
148.94894894894895,69681790.9365999,3596.132982198746,99501048.8169196,4382353.769410767,0.3535959779488376,0.8740673519063782,1.4067159119507793e-05,1.6346684090201376e-11,2.4484143864340628e+27,13730078.072614772,6240944.887291066,23.903155956580516,2.0749274461859746e+26,black
149.74974974974975,69681790.93660557,3617.0094029635598,99501048.81692182,4382353.824851786,0.35362266699383915,0.874037021781187,1.2474952411661704e-05,1.361273047144442e-11,3.240478184916537e+27,14290985.547486175,6495902.830396037,22.96498130843436,2.746167953389559e+26,black
150.55055055055055,69681790.93661103,3637.8774664743787,99501048.81692393,4382353.880270619,0.3536504412670816,0.8740054583036572,1.1062961349169892e-05,1.1336562863895005e-11,4.2887751865457554e+27,14874807.4664424,6761276.429902452,22.06362898759371,3.634555242924981e+26,black
151.35135135135135,69681790.93661623,3658.737176076779,99501048.8169259,4382353.935667274,0.35367934468031903,0.87397261156259,9.810788028936307e-06,9.441455888376531e-12,5.676197015103185e+27,15482479.940644812,7037491.190883628,21.197653766749347,4.8103364535911994e+26,black
152.15215215215215,69681790.93662123,3679.5885351150005,99501048.81692778,4382353.991041758,0.35370942290419605,0.8739384296470978,8.700343306564815e-06,7.863552965572399e-12,7.512450793722902e+27,16114977.323688373,7324990.001337245,20.365667140854097,6.366483723638844e+26,black
152.95295295295296,69681790.93662602,3700.4315469319426,99501048.81692958,4382354.046394085,0.35374072343720975,0.8739028585681602,7.715585477020951e-06,6.549706613096809e-12,9.942733978037708e+27,16773313.773898713,7624233.842320373,19.5663351009998,8.426045744283949e+26,black
153.75375375375376,69681790.93663062,3721.2662148691675,99501048.81693128,4382354.1017242605,0.35377329567725135,0.8738658421772424,6.842288533002724e-06,5.455681365197637e-12,1.31592155040289e+28,17458544.880452882,7935702.527095271,18.798375995648048,1.1151877546021417e+27,black
154.55455455455456,69681790.93663503,3742.0925422668975,99501048.81693292,4382354.157032293,0.3538071909958115,0.8738273220818787,6.067836653236167e-06,4.5446584063981e-12,1.7416231095385165e+28,18171769.355931066,8259895.470471086,18.06055847578844,1.4759517877742874e+27,black
155.35535535535536,69681790.93663926,3762.9105324640204,99501048.81693447,4382354.212318194,0.35384246281494075,0.8737872375581189,5.381041951833535e-06,3.785991244117915e-12,2.305039426361868e+28,18914130.798013277,8597332.489575053,17.351699520732247,1.953423242717418e+27,black
156.15615615615616,69681790.93664332,3783.7201887980873,99501048.81693597,4382354.267581967,0.35387916668705177,0.8737455254597374,4.771982855886067e-06,3.1541702591889433e-12,3.050721323104711e+28,19686819.523145564,8948554.637337156,16.670662541378164,2.5853570535267215e+27,black
156.95695695695696,69681790.9366472,3804.5215146053115,99501048.81693739,4382354.322823626,0.3539173603776566,0.8737021201240966,4.231860776462535e-06,2.627961056285673e-12,4.037631844732399e+28,20491074.475116037,9314125.070024675,16.016355557911236,3.4217219023768216e+27,black
157.75775775775776,69681790.93665095,3825.314513220572,99501048.81693874,4382354.378043177,0.3539571039511317,0.8736569532745627,3.752873002454897e-06,2.189687429118173e-12,5.343808623266515e+28,21328185.21160088,9694629.950217659,15.387729449014605,4.528651375727445e+27,black
158.55855855855856,69681790.93665452,3846.0991879774115,99501048.8169401,4382354.433240628,0.353998459859607,0.873609953919359,3.328099981070761e-06,1.8246346578460375e-12,7.072534520287657e+28,22199493.97186564,10090679.38667313,14.783776269788701,5.993673322376673e+27,black
159.35935935935936,69681790.93665797,3866.8755422080394,99501048.81694129,4382354.488415989,0.3540414930350735,0.8735610482467523,2.9514053566046377e-06,1.5205529349951502e-12,9.360504476684268e+28,23106397.828937203,10502908.412585083,14.203527635682036,7.932630912570175e+27,black
160.16016016016016,69681790.93666127,3887.643579243332,99501048.8169425,4382354.54356927,0.3540862709848103,0.8735101595164544,2.6173473234285895e-06,1.2672441096479613e-12,1.2388634344113527e+29,24050350.929697216,10931978.003808765,13.646053169843888,1.0498842664663055e+28,black
160.96096096096096,69681790.93666445,3908.4033024128294,99501048.81694366,4382354.598700477,0.35413286389022863,0.8734572079471286,2.3211000125901297e-06,1.0562177630103499e-12,1.639636638114083e+29,25032866.82648882,11378576.138681917,13.110459011410223,1.3895225746933043e+28,black
161.76176176176176,69681790.93666749,3929.1547150447404,99501048.81694472,4382354.653809618,0.35418134470923385,0.8734021105998838,2.0583837763529075e-06,8.804049774529269e-13,2.1700602587674917e+29,26055520.90397529,11843418.901142342,12.595886382332166,1.8390341176254493e+28,black
162.56256256256256,69681790.93667042,3949.8978204659425,99501048.81694578,4382354.708896702,0.35423178928220833,0.8733447812576394,1.8254033635566342e-06,7.339201154906587e-13,2.872076298624844e+29,27119952.90514169,12327251.628910467,12.101510210449954,2.4339629649692155e+28,black
163.36336336336336,69681790.93667324,3970.6326220019782,99501048.81694682,4382354.763961741,0.35428427644171717,0.873285130300244,1.6187930926659733e-06,6.118625512259439e-13,3.801195027555674e+29,28227869.560490016,12830850.10857806,11.626537806605246,3.221351718309365e+28,black
164.16416416416416,69681790.93667595,3991.359122977063,99501048.81694777,4382354.819004742,0.3543388881260391,0.873223064575229,1.4355682304669424e-06,5.101516496847816e-13,5.0308843272836755e+29,29381047.32464321,13355021.81951912,11.170207593671531,4.263461294361408e+28,black
164.96496496496496,69681790.93667853,4012.0773267140794,99501048.81694868,4382354.874025715,0.3543957094966276,0.8731584872640774,1.273081874018107e-06,4.253894151437221e-13,6.658378991615332e+29,30581335.22474639,13900607.228617743,10.731787885465174,5.642694060758616e+28,black
165.76576576576576,69681790.93668105,4032.787236534579,99501048.81694959,4382354.929024663,0.3544548290596051,0.8730912977438898,1.1289867129647875e-06,3.547461661402841e-13,8.812369339432181e+29,31830657.825232036,14468481.137888629,10.310575713579922,7.468109609774319e+28,black
166.56656656656656,69681790.93668345,4053.4888557587847,99501048.81695049,4382354.984001598,0.35451633879139355,0.8730213914443274,1.0012011198270756e-06,2.958653741554144e-13,1.1663177099464369e+30,33131018.313703228,15059554.087151293,9.905895700264114,9.884048389485974e+28,black
167.36736736736736,69681790.93668573,4074.18218770559,99501048.8169513,4382355.038956529,0.35458033426858465,0.8729486596997138,8.878790783953069e-07,2.467844513786442e-13,1.5436223201038443e+30,34484501.71288271,15674773.814006913,9.517098975533893,1.3081545085764894e+29,black
168.16816816816817,69681790.93668796,4094.867235692561,99501048.81695206,4382355.093889466,0.3546469148021515,0.8728729895961777,7.873835158126538e-07,2.0586881250090095e-13,2.0429852404727352e+30,35893278.22377787,16315126.773458788,9.143562136786482,1.7313434241471237e+29,black
168.96896896896897,69681790.93669006,4115.544003035932,99501048.81695282,4382355.148800415,0.3547161835761015,0.8727942638137217,6.982626530948193e-07,1.7175698441808344e-13,2.703892421371632e+30,37359606.70542247,16981639.71961309,8.784686249245572,2.2914342554221776e+29,black
169.76976976976977,69681790.93669212,4136.212493050614,99501048.81695357,4382355.203689387,0.35478824779067036,0.8727123604631004,6.192290324418046e-07,1.433149112885565e-13,3.5786035461802004e+30,38885838.296773955,17675381.351995863,8.439895885636613,3.032714869672835e+29,black
170.57057057057057,69681790.93669407,4156.87270905019,99501048.81695431,4382355.258556388,0.35486321881015204,0.872627152917399,5.491409183661098e-07,1.195979132306086e-13,4.7362843430856507e+30,40474420.186574474,18397464.02912619,8.108638203552285,4.013800290786913e+29,black
171.3713713713714,69681790.93669595,4177.524654346916,99501048.81695499,4382355.313401431,0.3549412123154585,0.8725385096382016,4.869858039544181e-07,9.981901560547641e-14,6.268475702623108e+30,42127899.53721979,19149045.552092973,7.790382059029158,5.312267544642089e+29,black
172.1721721721722,69681790.93669775,4198.168332251719,99501048.81695558,4382355.36822452,0.3550223484614996,0.8724462939962465,4.318657839909401e-07,8.332258107155728e-14,8.29633205863685e+30,43848927.568927765,19931331.020995155,7.484617154914374,7.03078988025951e+29,black
172.972972972973,69681790.93669952,4218.803746074207,99501048.81695619,4382355.423025666,0.3551067520394669,0.8723503640864686,3.8298458363965234e-07,6.956235570776672e-14,1.0980201390639891e+31,45640263.810755506,20745574.767222244,7.190853222656986,9.305255415871273e+29,black
173.7737737737738,69681790.93670116,4239.430899122656,99501048.81695679,4382355.477804876,0.35519455264410255,0.8722505725373312,3.3963605529923363e-07,5.808318955511074e-14,1.4532304363761834e+31,47504780.525280446,21593082.364672985,6.908619236212314,1.2315512172774578e+30,black
174.5745745745746,69681790.93670282,4260.049794704021,99501048.8169574,4382355.532562161,0.35528588484602885,0.8721467663143649,3.0119397745395247e-07,4.8505815963256956e-14,1.9233515179503555e+31,49445467.31404088,22475212.723137412,6.6374626567988875,1.6299589135293372e+30,black
175.3753753753754,69681790.93670432,4280.660436123938,99501048.816958,4382355.587297526,0.3553808883692037,0.8720387865178284,2.671030081526993e-07,4.051417735264271e-14,2.5455571043666717e+31,51465435.9111199,23393380.26719866,6.376948707297192,2.1572517833769552e+30,black
176.1761761761762,69681790.93670581,4301.26282668671,99501048.81695852,4382355.642010985,0.3554797082735636,0.8719264681744215,2.3687066242832404e-07,3.3844870907290616e-14,3.369046641299282e+31,53567925.172558926,24349057.20414818,6.126659675126916,2.855124272307069e+30,black
176.976976976977,69681790.93670721,4321.856969695324,99501048.81695901,4382355.696702543,0.3555824951429065,0.8718096400229874,2.100601977614877e-07,2.8278359205633848e-14,4.458935630171085e+31,55756306.269601025,25343775.88455089,5.886194242484995,3.778759008644413e+30,black
177.7777777777778,69681790.93670857,4342.442868451441,99501048.81695946,4382355.751372208,0.35568940527805193,0.8716881242941538,1.8628430481099542e-07,2.3631650296492433e-14,5.9014044834782145e+31,58034088.094091035,26379131.259245258,5.655166842870601,5.0011902402673736e+30,black
178.5785785785786,69681790.93670993,4363.020526255408,99501048.8169599,4382355.806019991,0.35580060089531285,0.8715617364838718,1.6519951226571694e-07,1.975220124706383e-14,7.810513038575269e+31,60404922.884699345,27456783.43671771,5.433207042865483,6.619078846290407e+30,black
179.3793793793794,69681790.93671116,4383.589946406241,99501048.81696036,4382355.8606459,0.3559162503302941,0.8714302851208309,1.4650122498939945e-07,1.651284040427019e-14,1.0337219571467525e+32,62872612.08299091,28578460.344952185,5.219958948178382,8.760355569091365e+30,black
180.1801801801802,69681790.93671235,4404.151132201639,99501048.81696081,4382355.915249941,0.3560365282470217,0.8712935715277371,1.2991932377846486e-07,1.3807537914462668e-14,1.368131746800413e+32,65441112.42872873,29745960.502022665,5.015080633001286,1.15943368373566e+31,black
180.980980980981,69681790.93671356,4424.704086937982,99501048.81696126,4382355.969832127,0.3561616158523921,0.8711513895764657,1.1521426316600622e-07,1.1547882598142876e-14,1.8107233416707075e+32,68114542.30418581,30961155.89987129,4.818243591762547,1.5345113065088603e+31,black
181.7817817817818,69681790.93671463,4445.248813910327,99501048.81696168,4382356.024392464,0.35629170111590996,0.8710035254371121,1.0217361090008703e-07,9.6601470415721e-15,2.3964936328236132e+32,70897188.33763741,32225995.00589579,4.629132212397877,2.030926807488143e+31,black
182.5825825825826,69681790.93671569,4465.78531641242,99501048.81696203,4382356.07893096,0.3564269789946694,0.8708497573209907,9.060897910495443e-08,8.082842548810396e-15,3.171761030519826e+32,73793512.27662243,33542505.887159143,4.447443270294706,2.6879330767250734e+31,black
183.3833833833834,69681790.93671675,4486.313597736679,99501048.81696239,4382356.133447627,0.35656765166350646,0.8706898552176541,8.035330279211295e-08,6.764682063565733e-15,4.197827983740583e+32,76808158.141994,34912799.46223083,4.2728854420984925,3.5574813421700204e+31,black
184.1841841841842,69681790.93671776,4506.833661174211,99501048.81696276,4382356.187942471,0.3567139287502336,0.8705235806260277,7.125842640608326e-08,5.6628828776924096e-15,5.555828327389741e+32,79945959.67423102,36339072.88587383,4.105178838601453,4.70832909102985e+31,black
184.984984984985,69681790.93671866,4527.345510014798,99501048.81696306,4382356.242415503,0.3568660275758366,0.8703506862797873,6.31929635396096e-08,4.741752352888644e-15,7.353142749769167e+32,83211948.08394945,37823613.07200433,3.9440545559648044,6.2314769066114985e+31,black
185.7857857857858,69681790.93671957,4547.849147546913,99501048.81696336,4382356.296866727,0.3570241733994899,0.8701709158671349,5.604039889933187e-08,3.971509381377031e-15,9.731889668353369e+32,86611360.11904094,39368800.36057294,3.789254244554912,8.247364125758107e+31,black
186.5865865865866,69681790.93672046,4568.344577057707,99501048.81696366,4382356.351296155,0.3571885996682154,0.8699840037451632,4.9697405102541125e-08,3.32730221895595e-15,1.2880162909926627e+33,90149646.46137397,40977112.334247015,3.6405296947020873,1.0915392296592385e+32,black
187.3873873873874,69681790.93672137,4588.831801833018,99501048.81696396,4382356.405703797,0.3573595482709766,0.8697896746490341,4.4072349989127947e-08,2.7883899075340385e-15,1.704690478825128e+33,93832480.46652097,42651127.79101379,3.4976424387177976,1.444652948162534e+32,black
188.1881881881882,69681790.93672214,4609.310825157368,99501048.81696428,4382356.460089657,0.3575372697969635,0.8695876433962426,3.9083972885055236e-08,2.3374599854349747e-15,2.2561590632957494e+33,97665767.26052399,44393530.87907405,3.360363368532233,1.911999206190017e+32,black
188.988988988989,69681790.93672289,4629.781650313964,99501048.81696458,4382356.514453749,0.35772202379778717,0.8693776145862697,3.466021069439152e-08,1.9600597473840613e-15,2.98602812775548e+33,101655653.20828666,46207115.40065654,3.228472368339104,2.5305323116663147e+32,black
189.7897897897898,69681790.93672365,4650.244280584697,99501048.81696488,4382356.568796079,0.35791407905325845,0.8691592822959872,3.073715686139847e-08,1.644122116002796e-15,3.952010354587448e+33,105808535.76877189,48094789.291653305,3.1017579616587097,3.349161317458598e+32,black
190.5905905905906,69681790.9367244,4670.698719250148,99501048.81696518,4382356.623116655,0.35811371384038204,0.8689323297712205,2.7258138163628368e-08,1.3795703506592627e-15,5.230488520044462e+33,110131073.75280969,50059579.2842596,2.980016972253342,4.432617389882947e+32,black
191.3913913913914,69681790.9367251,4691.144969589583,99501048.81696545,4382356.677415489,0.3583212162051455,0.8686964291149327,2.4172895999202185e-08,1.157988454224636e-15,6.922555282925385e+33,114630197.99996069,52104635.76009371,2.863054198351378,5.866572273684345e+32,black
192.1921921921922,69681790.93672569,4711.583034880951,99501048.8169656,4382356.731692585,0.35853688423663416,0.8684512409725527,2.1436860340980058e-08,9.723463319675834e-16,9.162006849202149e+33,119313122.491556,54233237.80157865,2.7506820996576975,7.76441258409348e+32,black
192.992992992993,69681790.93672629,4732.012918400895,99501048.81696577,4382356.785947953,0.3587610263429406,0.8681964142150324,1.9010505869018615e-08,8.167705845461604e-16,1.2125922592756924e+34,124187355.91773228,56448798.449685395,2.642720496648574,1.0276205587112482e+33,black
193.7937937937938,69681790.9367269,4752.434623424743,99501048.81696595,4382356.840181603,0.358993961528283,0.8679315856202897,1.685878097988219e-08,6.863533379008563e-16,1.6048667191112843e+34,129260713.71700794,58754870.176467516,2.538996281668915,1.3600565416235905e+33,black
194.5945945945946,69681790.9367275,4772.848153226515,99501048.81696616,4382356.894393544,0.3592360196706758,0.8676563795537636,1.4950601424155134e-08,5.769927808823348e-16,2.1240422461954366e+34,134541330.60770595,61155150.58116255,2.439343141368603,1.800035801865445e+33,black
195.3953953953954,69681790.93672809,4793.253511078915,99501048.81696637,4382356.948583783,0.3594875417994288,0.867370407648888,1.3258401257146247e-08,4.852601363651692e-16,2.8111714261987946e+34,140037673.6313157,63653488.318992674,2.343601290032917,2.3823486662764023e+33,black
196.1961961961962,69681790.9367287,4813.65070025334,99501048.81696662,4382357.002752328,0.35974888037167835,0.8670732684883729,1.1757734615726197e-08,4.082886715576022e-16,3.7205873855059837e+34,145758555.7287084,66253889.27217185,2.251617213379424,3.153040157216392e+33,black
196.996996996997,69681790.93672921,4834.039724019878,99501048.81696682,4382357.056899192,0.3600203995470711,0.8667645472872761,1.0426922568489782e-08,3.436810844823091e-16,4.924200055598764e+34,151713149.87097374,68960522.97301333,2.163243422410581,4.173050894585309e+33,black
197.7977977977978,69681790.93672965,4854.420585647308,99501048.81696697,4382357.11102438,0.36030247545963956,0.8664438155789358,9.246739937567225e-09,2.894322148784651e-16,6.517182282028191e+34,157911003.7675365,71777729.28943713,2.0783382169273508,5.523035832240105e+33,black
198.5985985985986,69681790.9367301,4874.7932884031,99501048.81696711,4382357.1651279,0.36059549648581835,0.8661106309049398,8.20013756785023e-09,2.4386453541094773e-16,8.625495393690473e+34,164362055.1751348,74710025.38359676,1.996765458324651,7.309741859076031e+33,black
199.3993993993994,69681790.93673056,4895.157835553414,99501048.81696728,4382357.219209762,0.36089986350745507,0.8657645365104155,7.271996031479239e-09,2.055743024387724e-16,1.1415849299125391e+35,171076647.83220863,77762112.95478277,1.9183943513043558,9.674448558601577e+33,black
200.20020020020021,69681790.93673101,4915.514230363103,99501048.81696743,4382357.273269977,0.36121599016857103,0.8654050610460315,6.448907209557362e-09,1.7338659866872523e-16,1.5108884681063671e+35,178065548.0442464,80938885.77821688,1.843099234155814,1.2804139560249817e+34,black
201.00100100100101,69681790.93673146,4935.862476095716,99501048.81696758,4382357.327308548,0.36154430312451963,0.8650317182782286,5.718980595776232e-09,1.4631779403538185e-16,1.9996619640302075e+35,185339961.94668365,84245437.55182402,1.7707593772676542,1.6946287830797997e+34,black
201.80180180180182,69681790.9367319,4956.202576013495,99501048.81696773,4382357.381325488,0.3618852422820825,0.8646440068093143,5.0716715237769405e-09,1.2354419609723747e-16,2.6465540341302883e+35,192911553.47303382,87687070.0635646,1.7012587895477753,2.2428424018095926e+34,black
202.60260260260262,69681790.93673235,4976.534533377372,99501048.81696787,4382357.435320805,0.3622392610289239,0.864241409809197,4.497628836785827e-09,1.043758649655522e-16,3.502716149809556e+35,200792463.05706093,91269301.69242191,1.6344860324411676,2.9684035167931806e+34,black
203.40340340340342,69681790.93673281,4996.858351446975,99501048.81696807,4382357.489294507,0.3626068264507044,0.863823394760661,3.988559798927873e-09,8.82347388491956e-17,4.6358473199141176e+35,208995327.09898183,94997876.25667593,1.5703340412473323,3.928684169425637e+34,black
204.20420420420422,69681790.93673311,5017.174033480632,99501048.81696822,4382357.543246603,0.36298841953402916,0.863389413220241,3.5371102967008754e-09,7.463635725619521e-17,6.135547230885742e+35,217533298.2269103,98878772.22365083,1.5086999534508114,5.199616297369564e+34,black
205.00500500500502,69681790.93673341,5037.48158273536,99501048.81696837,4382357.5971771,0.3633845353532707,0.862938900596891,3.136758599976534e-09,6.317458756127615e-17,8.120401131567519e+35,226420066.38603106,102918212.29570292,1.4494849437895723,6.881695874220906e+34,black
205.80580580580582,69681790.93673371,5057.781002466877,99501048.81696849,4382357.651086009,0.36379568323917283,0.8624712759508089,2.7817211477794292e-09,5.3508858908657476e-17,1.074735668329197e+36,235669880.7893185,107122673.38782024,1.3925940657967855,9.107929392634485e+34,black
206.60660660660662,69681790.936734,5078.072295929594,99501048.81696858,4382357.704973336,0.364222386927,0.8619859418149295,2.466868997804402e-09,4.535349023603918e-17,1.4224134227680875e+36,245297572.76499456,111498897.01283056,1.3379360995619325,1.2054351040425543e+35,black
207.40740740740742,69681790.9367343,5098.35546637662,99501048.81696866,4382357.758839094,0.3646651846818493,0.8614822840417723,2.1876537326870067e-09,3.8468766817670125e-17,1.8825651784887312e+36,255318579.53736383,116053900.09087192,1.285423405467129,1.5953942190605385e+35,black
208.20820820820822,69681790.9367346,5118.630517059766,99501048.81696878,4382357.812683284,0.3651246293985976,0.8609596716784922,1.9400417526537737e-09,3.265347744779911e-17,2.4915763550386438e+36,265748968.97915056,120794986.2004549,1.2349717836641605,2.1115053856288836e+35,black
209.00900900900902,69681790.9367349,5138.897451229536,99501048.81696889,4382357.866505922,0.36560128867379965,0.8604174568731612,1.720456005331139e-09,2.773867179348245e-17,3.2976030811170116e+36,276605465.3750328,125729757.28916006,1.1865003390668896,2.7945788823062586e+35,black
209.80980980980982,69681790.93673521,5159.156272135137,99501048.81696899,4382357.920307016,0.36609574484670077,0.8598549748154805,1.5257243109279068e-09,2.3582437697330047e-17,4.3643800273679327e+36,287905476.23767745,130866125.8627446,1.1399313516425895,3.698627141841942e+35,black
210.61061061061062,69681790.93673551,5179.406983024471,99501048.81696913,4382357.974086571,0.3666085950063733,0.8592715437153052,1.3530335362905312e-09,2.0065530070675866e-17,5.776260075799146e+36,299667120.2192767,136212327.67220476,1.0951901517942046,4.895135657462895e+35,black
211.41141141141142,69681790.93673581,5199.649587144139,99501048.81696925,4382358.027844597,0.36714045096182746,0.8586664648225382,1.1998889558168674e-09,1.7087712287577116e-17,7.644884325848374e+36,311909256.16334057,141776934.91913524,1.0522050006337356,6.478715530387596e+35,black
212.21221221221222,69681790.9367361,5219.884087739449,99501048.8169694,4382358.081581105,0.36769193917179227,0.8580390224921319,1.0640782121489228e-09,1.4564693103752006e-17,1.0118009852164482e+37,324651513.3433239,147568870.00056076,1.0109069749547732,8.574584620488061e+35,black
213.01301301301302,69681790.93673626,5240.110488054405,99501048.81696942,4382358.135296102,0.36826370063070873,0.8573884842981141,9.436393560153394e-10,1.2425561127349196e-17,1.3391193248320194e+37,337914322.9365768,153597419.81527618,0.9712298567197505,1.1348468854520957e+36,black
213.81381381381382,69681790.9367364,5260.328791331713,99501048.81696942,4382358.188989593,0.36885639070732823,0.8567141012007251,8.368325035174507e-10,1.0610636141580437e-17,1.772325380524054e+37,351718950.7840828,159872250.65463725,0.9331100268847077,1.501970661462629e+36,black
214.61461461461462,69681790.93673655,5280.53900081278,99501048.81696942,4382358.242661589,0.36947067893216073,0.8560151077709239,7.421147014180597e-10,9.069668331936908e-18,2.3456739038869674e+37,366087531.48851204,166403423.70167544,0.896486363391329,1.987859240584167e+36,black
215.41541541541542,69681790.9367367,5300.741119737719,99501048.81696942,4382358.296312099,0.37010724872988154,0.8552907224766813,6.581176373292132e-10,7.760329196224896e-18,3.104501083061981e+37,381043103.90526533,173201411.16339043,0.8613001431626907,2.6309331212414985e+36,black
216.21621621621622,69681790.93673685,5320.935151345345,99501048.81696942,4382358.349941131,0.3707667970926748,0.8545401480356326,5.836278727963633e-10,6.6469464109506794e-18,4.1088093953552487e+37,396609648.0834111,180277113.0620857,0.8274949479455843,3.482041860473769e+36,black
217.01701701701703,69681790.93673702,5341.121098873168,99501048.81696942,4382358.403548696,0.371450034190373,0.8537625718387994,5.175693137231589e-10,5.699442762329495e-18,5.438012162232094e+37,412812123.71575236,187641874.712671,0.7950165738484326,4.6084848832516313e+36,black
217.81781781781783,69681790.93673716,5361.298965557416,99501048.81696944,4382358.457134802,0.37215768291314555,0.8529571664502152,4.589876649000211e-10,4.892446092563873e-18,7.197212971232294e+37,429676510.15967286,195307504.91395673,0.763812944429751,6.09933302647325e+36,black
218.61861861861863,69681790.93673731,5381.468754633008,99501048.81696947,4382358.510699454,0.37289047834240413,0.8521230901874033,4.0703664406408967e-10,4.204542353009114e-18,9.525516495348793e+37,447229848.0929326,203286294.88310593,0.7338340271978048,8.072471606234409e+36,black
219.41941941941943,69681790.93673746,5401.630469333579,99501048.81696951,4382358.564242662,0.3736491671455167,0.8512594877877316,3.6096575633593516e-10,3.617648652521838e-18,1.2607027868396313e+38,465500282.8712038,211591037.96360546,0.7050317533875732,1.0683921922378173e+37,black
220.22022022022023,69681790.93673761,5421.7841128914615,99501048.81696954,4382358.617764438,0.3744345068898807,0.8503654911657467,3.201094524196429e-10,3.1164868454563148e-18,1.6685410366148954e+38,484517109.65687066,220235050.13835657,0.6773599408863844,1.4140178276408122e+37,black
221.02102102102103,69681790.93673776,5441.929688537701,99501048.81696959,4382358.671264788,0.37524726527187646,0.8494402202666071,2.838775139440631e-10,2.688141304072996e-18,2.2083152507696245e+38,504310820.3914466,229232191.38077402,0.6507742201846515,1.8714536023485005e+37,black
221.82182182182183,69681790.93673791,5462.067199502044,99501048.81696963,4382358.724743721,0.37608821925623503,0.8484827840207553,2.5174652705014214e-10,2.321687247127072e-18,2.9227068077899383e+38,524913152.68693644,238596887.87813202,0.6252319632329596,2.476870176094898e+37,black
222.62262262262263,69681790.93673806,5482.196649012947,99501048.81696968,4382358.778201245,0.37695815412138856,0.8474922814049225,2.2325232104753961e-10,2.007878755876279e-18,3.868204542509045e+38,546357140.7145243,248344155.1627864,0.6006922150914525,3.2781394428064754e+37,black
223.42342342342343,69681790.93673821,5502.318040297571,99501048.81696974,4382358.8316373695,0.3778578624064468,0.8464678026144976,1.979832629146174e-10,1.7388854544505656e-18,5.1195714680677135e+38,568677168.172192,258489622.18836457,0.5771156282619079,4.338619888195774e+37,black
224.22422422422423,69681790.93673836,5522.431376581789,99501048.81696981,4382358.885052103,0.3787881427555637,0.8454084303521588,1.7557431076238188e-10,1.5080721389016331e-18,6.775756485631426e+38,591909023.4161944,269049556.3895273,0.5544643995972149,5.742166513250529e+37,black
225.02502502502503,69681790.9367385,5542.536661090182,99501048.81696989,4382358.938445451,0.3797497986556093,0.8443132412375204,1.557017403681591e-10,1.3098123428404896e-18,8.967718536392674e+38,616089956.8447894,280040889.7654822,0.5327022096870969,7.599761471523737e+37,black
225.82582582582583,69681790.93673865,5562.633897046036,99501048.81696996,4382358.991817425,0.38074363706328085,0.8431813073423033,1.3807846858818978e-10,1.1393322905696833e-18,1.1868781872326616e+39,641258740.6262351,291481246.029073,0.5117941646228809,1.0058289722316444e+38,black
226.62662662662663,69681790.9367388,5582.72308767135,99501048.81697002,4382359.045168036,0.381770466918037,0.8420116978552734,1.2244990609890383e-10,9.925785154709324e-19,1.5708341264414062e+39,667455730.8668221,303388968.86497664,0.4917067400479443,1.3312153613917535e+38,black
227.42742742742743,69681790.93673895,5602.804236186835,99501048.8169701,4382359.098497289,0.38283109753756817,0.8408034808808414,1.0859027954818385e-10,8.661068197167593e-19,2.0790000855488848e+39,694722932.3186183,315783151.34231436,0.4724077274041302,1.761864479279646e+38,black
228.22822822822823,69681790.93673912,5622.877345811906,99501048.81697017,4382359.151805194,0.3839263368928846,0.8395557253748045,9.629936998688544e-11,7.5698884139350945e-19,2.751558094490607e+39,723104065.7306907,328683666.52884316,0.45386618228793324,2.33182889363729e+38,black
229.02902902902903,69681790.93673927,5642.942419764699,99501048.81697026,4382359.205091759,0.38505698976055364,0.8382675032202292,8.5399620467147e-11,6.627326912826077e-19,3.6416890985153435e+39,752644637.9517826,342111199.3558093,0.43605237483365955,3.0861772021331508e+38,black
229.82982982982983,69681790.93673941,5662.999461262053,99501048.81697035,4382359.258356991,0.38622385575012746,0.8369378914459101,7.573357101792803e-11,5.812165226852099e-19,4.819778116550484e+39,783392014.8968604,356087279.78456074,0.41893774204399614,4.084557725892154e+38,black
230.63063063063063,69681790.93673956,5683.048473519523,99501048.81697044,4382359.3116009,0.38742772720538315,0.8355659745891982,6.716158394798303e-11,5.106319101796837e-19,6.378979771294692e+39,815395497.4945234,370634317.32809633,0.4024948419915598,5.405915060421664e+38,black
231.43143143143143,69681790.93673971,5703.089459751377,99501048.81697054,4382359.364823494,0.3886693869786587,0.8341508472042654,5.95598266098581e-11,4.4943668780087965e-19,8.44258427226066e+39,848706400.7370477,385775636.98290443,0.3866973098179922,7.154732434122294e+38,black
232.23223223223223,69681790.93673986,5723.122423170595,99501048.81697063,4382359.418024783,0.38994960607829837,0.8326916165160573,5.281848249011045e-11,3.9631444588495254e-19,1.1173766299580489e+40,883378135.9598217,401535516.6287066,0.3715198154600454,9.469293474224679e+38,black
233.03303303303304,69681790.93674001,5743.147366988871,99501048.81697072,4382359.471204774,0.3912691411900358,0.8311874052192896,4.684016477776108e-11,3.5014049885387763e-19,1.478848765866753e+40,919466296.4820954,417939225.95607024,0.3569380230348791,1.2532616659892734e+39,black
233.83383383383384,69681790.93674004,5763.164294416615,99501048.81697077,4382359.524363476,0.39262873207403176,0.8296373544208431,4.153850949474661e-11,3.0995323778440596e-19,1.9572573952854372e+40,957028746.7463651,435013066.9843113,0.3429285518194444,1.65869270786965e+39,black
234.63463463463464,69681790.93674004,5783.17320866295,99501048.81697077,4382359.5775008965,0.3940290988402559,0.8280406267228361,3.6836927863147307e-11,2.7492995854144215e-19,2.590431557179541e+40,996125715.099321,452784416.23465186,0.3294689387613895,2.195280980661436e+39,black
235.43543543543544,69681790.93674004,5803.174112935714,99501048.81697077,4382359.630617046,0.3954709391059473,0.8263964094424788,3.266749989123156e-11,2.443656902410445e-19,3.428438011572015e+40,1036819890.3631239,471281768.62625545,0.3165376024613749,2.90545594201121e+39,black
236.23623623623624,69681790.93674004,5823.167010441462,99501048.81697077,4382359.683711929,0.3969549250400142,0.8247039179635601,2.896999318436085e-11,2.1765639848761106e-19,4.537540151024273e+40,1079176522.3518515,490534783.16552025,0.30411380856904935,3.8453730093439113e+39,black
237.03703703703704,69681790.93674009,5843.151904385465,99501048.81697072,4382359.736785559,0.39848170030042523,0.8229623992130609,2.5690992818858566e-11,1.9428340756784986e-19,6.005437622824262e+40,1123263526.4942935,510574330.50189537,0.29217763653719864,5.089353917649343e+39,black
237.83783783783784,69681790.93674023,5863.1287979717135,99501048.81697072,4382359.789837942,0.4000518768719097,0.8211711352549897,2.2783129695798935e-11,1.7380169893381574e-19,7.94820097262158e+40,1169151592.7308369,531432542.42646575,0.2807099476807624,6.735763536122096e+39,black
238.63863863863864,69681790.93674038,5883.097694402908,99501048.81697075,4382359.842869086,0.4016660318126077,0.8193294469920195,2.0204396241330047e-11,1.5582818411274895e-19,1.0519449650278367e+41,1216914298.8590655,553142863.3926774,0.269692354489503,8.914787839221641e+39,black
239.43943943943947,69681790.93674038,5903.058596880476,99501048.81697075,4382359.895879002,0.4033247039196825,0.8174366979639708,1.7917539553146205e-11,1.4003367904063207e-19,1.392249910714705e+41,1266628228.509797,575740104.1418114,0.2591071911451225,1.1798728056907694e+40,black
240.24024024024027,69681790.93674038,5923.011508604555,99501048.81697075,4382359.948867695,0.4050283903253311,0.8154922982305606,1.5889523240592013e-11,1.26134288548645e-19,1.8426437487952093e+41,1318373093.9427238,599260497.5191813,0.24893748519555634,1.5615624989794252e+40,black
241.04104104104107,69681790.93674038,5942.956432774007,99501048.81697075,4382360.001835177,0.4067775430360762,0.813495708324203,1.4091050172746908e-11,1.138853210008507e-19,2.4387403143959375e+41,1372231863.8585804,623741756.5705748,0.2391669303410185,2.0667290799971095e+40,black
241.84184184184187,69681790.93674038,5962.8933725864135,99501048.81697075,4382360.054781454,0.40857256542969195,0.8114464432569614,1.2496139246440029e-11,1.0307559149264136e-19,3.2276745436813606e+41,1428290896.4327257,649223135.0120639,0.2297798602881726,2.7353174099001597e+40,black
242.64264264264267,69681790.93674038,5982.822331238072,99501048.81697075,4382360.107706536,0.41041380872558847,0.8093440765640812,1.1081750057087228e-11,9.352279686288967e-20,4.271829558248252e+41,1486640077.7834845,675745490.1701597,0.22076122363049938,3.620194540889242e+40,black
243.44344344344347,69681790.93674041,6002.743311924003,99501048.81697074,4382360.160610431,0.4123015684459387,0.8071882443648488,9.827450055676378e-12,8.506886704481296e-20,5.6537694639770605e+41,1547372966.0972564,703351348.493225,0.21209655971458624,4.791330054218984e+40,black
244.24424424424427,69681790.93674046,6022.656317837949,99501048.81697072,4382360.213493146,0.4142360808862601,0.8049786494198794,8.715119372450794e-12,7.757710482112038e-20,7.482767913826405e+41,1610586941.6414938,732084973.7391922,0.20377197545364018,6.341328740532297e+40,black
245.04504504504507,69681790.9367406,6042.561352172372,99501048.81697072,4382360.26635469,0.4162175196155386,0.8027150651623496,7.728689053654933e-12,7.092933209032318e-20,9.903448665342924e+41,1676383362.9060714,761992437.9489137,0.1957741230510487,8.392753106224654e+40,black
245.84584584584587,69681790.93674071,6062.458418118458,99501048.81697075,4382360.319195074,0.41824599202728835,0.8003973396791643,6.8539089296170205e-12,6.502267702223851e-20,1.3107221364681556e+42,1744867729.123415,793121695.3189452,0.18809017859826993,1.1107814715834162e+41,black
246.64664664664667,69681790.93674071,6082.347518866112,99501048.81697075,4382360.372014305,0.4203215359641511,0.7980253996166318,6.0781417500138625e-12,5.976807831915405e-20,1.73474168149046e+42,1816149849.4279757,825522659.0922201,0.18070782151273335,1.470120069060009e+41,black
247.44744744744747,69681790.93674071,6102.228657603966,99501048.81697075,4382360.4248123905,0.42244411643973023,0.7955992539839328,5.390180628316033e-12,5.508741502521323e-20,2.2959318514358163e+42,1890344018.9262838,859247281.5898874,0.1736152147827842,1.94570495884429e+41,black
248.24824824824827,69681790.93674071,6122.101837519373,99501048.81697075,4382360.477589339,0.42461362248230794,0.7931189978265195,4.780087139101744e-12,5.091332542358179e-20,3.0386674411986225e+42,1967569201.959898,894349637.512656,0.16680098598799356,2.5751418993213467e+41,black
249.04904904904907,69681790.93674071,6141.967061798409,99501048.81697075,4382360.53034516,0.426829864125878,0.790584815740632,4.239047748530576e-12,4.7187199214028785e-20,4.021678523437625e+42,2047949222.8550866,930886010.6451929,0.16025420906440394,3.4082021385070722e+41,black
249.84984984984987,69681790.93674071,6161.824333625879,99501048.81697075,4382360.583079862,0.4290925695745263,0.7879969851993581,3.759246492904266e-12,4.385768128050053e-20,5.322694391160357e+42,2131612964.4651077,968914984.1026154,0.15396438678547084,4.510757958611247e+41,black
250.65065065065068,69681790.93674071,6181.6736561853095,99501048.81697075,4382360.635793454,0.43140138256657656,0.785355879660147,3.3337520675049177e-12,4.087974502064304e-20,7.044589819042364e+42,2218694574.8234277,1008497534.263772,0.14792143393060972,5.969991372070786e+41,black
251.45145145145148,69681790.93674071,6201.515032658955,99501048.81697075,4382360.688485942,0.4337558599650674,0.7826619714234262,2.9564176943801078e-12,3.8214383165214275e-20,9.323519644661867e+42,2309333682.2392263,1049697128.5419265,0.14211566111436225,7.901287834460463e+41,black
252.25225225225228,69681790.93674071,6221.3484662277915,99501048.81697074,4382360.741157338,0.43615546960102913,0.7799158342119918,2.6217923233517025e-12,3.5827686608924255e-20,1.2339684892616614e+43,2403675619.1800804,1092579827.1496134,0.13653775925025147,1.0457360078490254e+42,black
253.05305305305308,69681790.93674074,6241.173960071528,99501048.81697074,4382360.793807647,0.43859958839565033,0.7771181454411713,2.3250418918008026e-12,3.3689152816492627e-20,1.6331581747279252e+43,2501871655.3008056,1137214389.0208404,0.13117878462441537,1.3840323514645463e+42,black
253.85385385385388,69681790.93674074,6260.991517368596,99501048.81697072,4382360.84643688,0.44108750078676273,0.7742696881504,2.0618794821346014e-12,3.177286506446839e-20,2.161486007861305e+43,2604079239.9920983,1183672382.060469,0.1260301445550865,1.8317678032725503e+42,black
254.65465465465468,69681790.93674089,6280.801141296155,99501048.81697072,4382360.899045044,0.44361839748410886,0.7713713525678505,1.828503398438163e-12,3.0055378089353444e-20,2.860728271441781e+43,2710462254.8378754,1232028297.8975537,0.12108358361492268,2.4243459927475996e+42,black
255.45545545545548,69681790.93674102,6300.602835030095,99501048.81697077,4382360.951632147,0.44619137457658853,0.7684241372810777,1.6215422410344897e-12,2.8517094256956326e-20,3.7861759054938346e+43,2821191276.386127,1282359671.3266351,0.11633117039409785,3.208623648724005e+42,black
256.2562562562563,69681790.93674102,6320.39660174503,99501048.81697077,4382361.004198197,0.44880543301308795,0.7654291499883391,1.4380062079098937e-12,2.7140209023157984e-20,5.01100650853402e+43,2936443849.654589,1334747204.6285033,0.11176528478292902,4.246615685198853e+42,black
257.0570570570571,69681790.93674102,6340.182444614309,99501048.81697077,4382361.0567432055,0.451459478476605,0.7623876078073005,1.2752439020171752e-12,2.590908540255828e-20,6.632070684337293e+43,3056404772.8098106,1389274896.9697714,0.10737860575364722,5.620398885032278e+42,black
257.8578578578579,69681790.93674102,6359.960366810007,99501048.81697077,4382361.109267179,0.4541523216691695,0.7593008371202371,1.1309040263469714e-12,2.480990033392445e-20,8.777550276004614e+43,3181266393.476034,1446030179.088733,0.10316409962172288,7.438601928818328e+42,black
258.6586586586587,69681790.93674102,6379.730371502931,99501048.81697077,4382361.161770125,0.4568826790225571,0.7561702729375799,1.0029014182090165e-12,2.3830935694354972e-20,1.1617094044208084e+44,3311228917.149042,1505104053.4834707,0.0991150087679222,9.844994952719802e+42,black
259.4594594594595,69681790.93674102,6399.4924618626155,99501048.81697077,4382361.214252053,0.45964917384700216,0.7529974577647432,8.893869255942071e-13,2.2961330242946362e-20,1.5375232244569428e+44,3446500728.20944,1566591240.3269885,0.09522484080301226,1.3029857834382253e+43,black
260.2602602602603,69681790.93674102,6419.246641057331,99501048.81697077,4382361.26671297,0.46245033792707013,0.7497840399605374,7.887206935285687e-13,2.2192803158012627e-20,2.0349130830378593e+44,3587298724.0501475,1630590329.3433414,0.09148735815774049,1.724502612744125e+43,black
261.0610610610611,69681790.93674102,6438.992912254074,99501048.81697077,4382361.319152887,0.4652846135705562,0.74653177157914,6.994484785818583e-13,2.1517586848724582e-20,2.693208915254096e+44,3733848662.8537993,1697203937.8882735,0.08789656808139765,2.2823804366562383e+43,black
261.8618618618619,69681790.93674102,6458.731278618579,99501048.81697077,4382361.37157181,0.46815035611279093,0.7432425056914924,6.20280638236817e-13,2.0927433632444816e-20,3.564463918219793e+44,3886385525.57769,1766538875.4878285,0.08444671303292765,3.020732134084857e+43,black
262.6626626626627,69681790.93674102,6478.461743315312,99501048.81697077,4382361.423969748,0.47104583687507073,0.7399181931861113,5.500734942850608e-13,2.0417532125470447e-20,4.717570535402536e+44,4045153892.726735,1838706315.098787,0.08113226144917648,3.997941131697428e+43,black
263.4634634634635,69681790.93674102,6498.1843095074655,99501048.81697077,4382361.476346713,0.4739692465721431,0.7365608790535626,4.878128250700414e-13,1.998243550966256e-20,6.243707964815987e+44,4210408336.5184736,1913821971.3654876,0.07794789887547902,5.291277936285197e+43,black
264.2642642642643,69681790.93674102,6517.898980356976,99501048.81697077,4382361.528702709,0.47691869915980517,0.7331726981632432,4.325991976872227e-13,1.9617098719181607e-20,8.263551939994314e+44,4382413829.069016,1992006286.1588886,0.07488851944436135,7.003010118639836e+43,black
265.0650650650651,69681790.93674102,6537.605759024505,99501048.81697077,4382361.581037744,0.47989223610976683,0.729755870545541,3.8363498350039125e-13,1.931875699153385e-20,1.0936816880248523e+45,4561446167.254372,2073384621.6953607,0.07194921768869568,9.26848888156729e+43,black
265.8658658658659,69681790.93674102,6557.304648669454,99501048.81697077,4382361.633351828,0.48288783109503386,0.7263126961969137,3.402128382579709e-13,1.908422287914773e-20,1.4474884933328528e+45,4747792414.928389,2158087461.5448346,0.06912528067618144,1.2266851638414951e+44,black
266.6666666666667,69681790.93674102,6576.9956524499585,99501048.81697077,4382361.685644971,0.4859033950652438,0.7228455494297913,3.017054751308473e-13,1.891129289027246e-20,1.9157520522390318e+45,4941751363.20641,2246250619.8506517,0.06641218045253953,1.623518688338283e+44,black
267.4674674674675,69681790.93674102,6596.678773522889,99501048.81697075,4382361.737917177,0.48893678168767113,0.7193568727935102,2.675566085883671e-13,1.8797846747653463e-20,2.535499206092216e+45,5143634009.552614,2338015459.096529,0.063805566781305,2.1487281407562688e+44,black
268.2682682682683,69681790.93674102,6616.354015043856,99501048.81697074,4382361.7901684595,0.4919857931260869,0.7158491705965694,2.372729195351644e-13,1.874187136075948e-20,3.3557350057807415e+45,5353764056.439274,2433529116.7698655,0.061301260168574755,2.8438432252381115e+44,black
269.0690690690691,69681790.93674105,6636.021380167201,99501048.81697074,4382361.842398823,0.49504818612633483,0.7123250020643896,2.10416925944933e-13,1.874207932696288e-20,4.441317671078536e+45,5572478430.377431,2532944741.2847743,0.058895245161527866,3.763828534812567e+44,black
269.8698698698699,69681790.93674105,6655.680872046004,99501048.81697074,4382361.894608279,0.4981216783744414,0.7087869741703271,1.866006554828546e-13,1.8799349746381052e-20,5.878087102067254e+45,5800127822.151287,2636421737.543164,0.05658366390997212,4.981429747514938e+44,black
270.6706706706707,69681790.93674105,6675.3324938320875,99501048.81697074,4382361.946796833,0.5012039550903417,0.7052377341809511,1.6548005634490143e-13,1.8912793940571157e-20,7.779652467665018e+45,6037077249.12247,2744126022.527594,0.05436280998059358,6.592925820055503e+44,black
271.4714714714715,69681790.93674107,6694.976248676007,99501048.81697072,4382361.998964495,0.504292675817928,0.7016799619594433,1.4675001420331325e-13,1.908356827582763e-20,1.0296375583880135e+46,6283706640.505792,2856230291.3357124,0.052229122413991226,8.725742020237914e+44,black
272.2722722722723,69681790.93674122,6714.612139727061,99501048.81697072,4382362.051111275,0.5073854813701375,0.6981163620734092,1.301399544579158e-13,1.9311869467539223e-20,1.362726042133099e+46,6540411446.5550165,2972914294.082864,0.05017918001496657,1.1548525780789627e+45,black
273.0730730730731,69681790.9367413,6734.240170133282,99501048.81697077,4382362.103237178,0.5104800008862376,0.6945496557553522,1.1540992169060243e-13,1.960010712886451e-20,1.803568887691851e+46,6807603272.635257,3094365124.116832,0.04820969586691476,1.528448209908431e+45,black
273.8738738738739,69681790.9367413,6753.860343041449,99501048.81697077,4382362.155342215,0.5135738589573384,0.6909825727655207,1.0234712134690516e-13,1.9949023763966676e-20,2.3870247078847115e+46,7085710539.198861,3220777518.006865,0.046317512061519774,2.0229022948176564e+45,black
274.6746746746747,69681790.9367413,6773.472661597075,99501048.81697077,4382362.207426392,0.5166646827755149,0.6874178432077904,9.076284795696487e-14,2.036162504148733e-20,3.159228901615899e+46,7375179168.722948,3352354167.788021,0.04449959463530397,2.6773126284881827e+45,black
275.4754754754755,69681790.9367413,6793.077128944416,99501048.81697077,4382362.259489718,0.5197501092617236,0.6838581893496569,8.04897529775252e-14,2.0841137497907336e-20,4.1812417022057685e+46,7676473300.709907,3489306045.9613857,0.04275302870491389,3.54342517136099e+45,black
276.2762762762763,69681790.9367413,6812.673748226471,99501048.81697077,4382362.311532201,0.5228277921279917,0.6803063174972908,7.137942782249378e-14,2.139034625076539e-20,5.533876371958347e+46,7990076035.897568,3631852743.77143,0.0410750137933405,4.689725738947967e+45,black
277.0770770770771,69681790.9367413,6832.262522584978,99501048.81697077,4382362.363553852,0.5258954088301038,0.6767649099759558,6.330026535502607e-14,2.201282556540554e-20,7.324089321111086e+46,8316490210.872089,3780222823.302774,0.03946285933958108,6.206855356874075e+45,black
277.8778778778779,69681790.9367413,6851.8434551604205,99501048.81697077,4382362.415554676,0.5289506673682232,0.6732366172649136,5.613555427726095e-14,2.2713245087557697e-20,9.693437434817383e+46,8656239204.325651,3934654183.960956,0.03791398038454304,8.214777487133724e+45,black
278.6786786786787,69681790.9367413,6871.41654909202,99501048.81697077,4382362.467534684,0.5319913128945225,0.669724050334259,4.978179391918059e-14,2.3494698376701943e-20,1.2829271351434051e+47,9009867776.251844,4095394443.924881,0.036425893426270985,1.0872263857147946e+46,black
279.4794794794795,69681790.9367413,6890.98180751775,99501048.81697077,4382362.5194938835,0.5350151340889466,0.6662297732289816,4.4147192736151366e-14,2.4365444518220428e-20,1.6979549774309618e+47,9377942941.424204,4262701337.1825247,0.03499621243785245,1.43894489612799e+46,black
280.2802802802803,69681790.9367413,6910.539233574319,99501048.81697077,4382362.5714322785,0.5380199692666574,0.6627562959429549,3.915034426463109e-14,2.5331867737339245e-20,2.2472446223989843e+47,9761054878.558458,4436843126.786489,0.03362264504161721,1.9044445952534482e+46,black
281.0810810810811,69681790.9367413,6930.0888303971815,99501048.81697077,4382362.6233498845,0.5410037121834665,0.6593060676225602,3.471907297265533e-14,2.6400287609831894e-20,2.9742298588730838e+47,10159817876.616255,4618099034.992073,0.03230298883349537,2.520533778706094e+46,black
281.8818818818819,69681790.9367413,6949.630601120542,99501048.81697077,4382362.675246706,0.5439643175086252,0.6558814701363106,3.078935783406792e-14,2.758038290556918e-20,3.9363953373135376e+47,10574871319.767868,4806759690.967582,0.031035127851640525,3.3359282519607404e+46,black
282.6826826826827,69681790.9367413,6969.164548877343,99501048.81697077,4382362.727122754,0.5468998059376394,0.6524848120431915,2.7304432739525098e-14,2.888142030040185e-20,5.209822033576186e+47,11006880712.592798,5003127596.794614,0.029817029183656724,4.4151034182850504e+46,black
283.4834834834835,69681790.9367413,6988.690676799278,99501048.81697077,4382362.778978032,0.54980826892129,0.649118322988527,2.4213949848911617e-14,3.0313336371418946e-20,6.895203173383978e+47,11456538747.16258,5207517612.505678,0.028646739706987712,5.84339251981712e+46,black
284.2842842842843,69681790.9367413,7008.208988016784,99501048.81697077,4382362.830812554,0.5526878729906917,0.6457841485520982,2.1473269271870104e-14,3.1885827792884037e-20,9.125806312737274e+47,11924566413.716322,5420257460.936744,0.027522382957243373,7.733734163336915e+46,black
285.0850850850851,69681790.9367413,7027.719485659047,99501048.81697077,4382362.882626322,0.5555368636619907,0.642484345569005,1.904279391287324e-14,3.36142950441644e-20,1.2078011156954391e+48,12411714156.710215,5641688253.204258,0.026442156119440938,1.0235602675385379e+47,black
285.8858858858859,69681790.9367413,7047.222172854001,99501048.81697077,4382362.93441935,0.5583535689080998,0.6392208779394465,1.6887415257994015e-14,3.551046607662426e-20,1.5985256371692766e+48,12918763078.094429,5872165035.649209,0.02540432713733722,1.3546827433638322e+47,black
286.6866866866867,69681790.9367413,7066.717052728324,99501048.81697077,4382362.986191643,0.5611364021886872,0.6359956129392724,1.4975994150230852e-14,3.759330178996394e-20,2.115649819727278e+48,13446526189.746838,6112057359.125178,0.02440723193621662,1.7929235760401152e+47,black
287.4874874874875,69681790.9367413,7086.204128407445,99501048.81697077,4382363.0379432095,0.563883865033395,0.6328103180388459,1.328091956044188e-14,3.9878136204933404e-20,2.8000640437885528e+48,13995849717.071661,6361749871.543176,0.0234492717546823,2.3729356303293446e+47,black
288.2882882882883,69681790.9367413,7105.683403015541,99501048.81697077,4382363.089674061,0.5665945491769381,0.6296666582335382,1.1777704914331914e-14,4.238620617744021e-20,3.7058867569717714e+48,14567614455.853436,6621642934.623446,0.02252891058117154,3.1405819974337835e+47,black
289.0890890890891,69681790.9367413,7125.154879675539,99501048.81697077,4382363.141384204,0.5692671382482684,0.6265661938850912,1.0444635931193096e-14,4.513479905481759e-20,4.9047437632587915e+48,15162737184.541624,6892153265.843024,0.021644672691085814,4.1565625112363626e+47,black
289.8898898898899,69681790.9367413,7144.618561509117,99501048.81697077,4382363.193073642,0.5719004090193683,0.6235103790691602,9.262448620639944e-15,4.8151970452239627e-20,6.491431865252157e+48,15782172134.230736,7173714606.6085005,0.02079514028058571,5.501213445129073e+47,black
290.6906906906907,69681790.9367413,7164.074451636702,99501048.81697077,4382363.24474239,0.574493232222396,0.6205005604206539,8.214074458337684e-15,5.1465376630716425e-20,8.591414698737391e+48,16426912518.69247,7466778417.725197,0.019978951193257526,7.280859914184394e+47,black
291.4914914914915,69681790.9367413,7183.5225531774695,99501048.81697077,4382363.296390453,0.5770445729468522,0.6175379764650295,7.284348886535778e-15,5.510512818733478e-20,1.1370743475067553e+49,17097992126.913643,7771814603.27803,0.0191947967360056,9.636223283955758e+47,black
292.2922922922923,69681790.9367413,7202.962869249347,99501048.81697077,4382363.34801784,0.579553490631115,0.6146237574205278,6.459861040613043e-15,5.910291178971319e-20,1.5049187090776748e+49,17796486980.69304,8089312264.084633,0.01844141958066905,1.2753548382014454e+48,black
293.0930930930931,69681790.9367413,7222.395402969021,99501048.81697077,4382363.399624558,0.5820191386651031,0.611758925453451,5.728696741928005e-15,6.349273262684969e-20,1.9917609837009127e+49,18523517059.955288,8419780481.9289255,0.017717611747997818,1.6879330370347056e+48,black
293.8938938938939,69681790.9367413,7241.820157451921,99501048.81697077,4382363.451210618,0.5844407636229558,0.6089443953660287,5.080294458834051e-15,6.831891273385603e-20,2.636097081032811e+49,19280248098.547886,8763749135.832497,0.01702221267075584,2.2339805771464928e+48,black
294.6946946946947,69681790.9367413,7261.237135812233,99501048.81697077,4382363.502776026,0.5868177041464493,0.6061809756941817,4.505275132150585e-15,7.363037289876764e-20,3.4888763649309775e+49,20067893453.401035,9121769751.672716,0.016354107332845473,2.9566748855347815e+48,black
295.4954954954955,69681790.9367413,7280.646341162897,99501048.81697077,4382363.554320792,0.589149389501405,0.6034693701906009,3.995339816612947e-15,7.947051031083618e-20,4.617530354761061e+49,20887716050.047207,9494416386.5098,0.01571222448146947,3.91316131759419e+48,black
296.2962962962963,69681790.9367413,7300.0477766156055,99501048.81697077,4382363.605844923,0.5914353378305818,0.6008101796669927,3.5431348811345705e-15,8.590043759600177e-20,6.111304714446522e+49,21741030407.619972,9882286549.040823,0.015095534909463876,5.17907179190392e+48,black
297.0970970970971,69681790.9367413,7319.441445280808,99501048.81697077,4382363.657348426,0.5936751541274963,0.5982039041681236,3.142106616674335e-15,9.298530884628515e-20,8.088316143790074e+49,22629204746.57893,10286002157.656515,0.014503049805047736,6.85450520660187e+48,black
297.8978978978979,69681790.9367413,7338.827350267705,99501048.81697077,4382363.708831311,0.595868527956273,0.595650945449387,2.7864658021923096e-15,1.0079689306135002e-19,1.0704892179149431e+50,23553663182.540344,10706210537.636992,0.013933819166343495,9.07194252470305e+48,black
298.6986986986987,69681790.9367413,7358.205494684254,99501048.81697077,4382363.760293591,0.5980152309430191,0.5931516097290344,2.471073929052078e-15,1.094136292984696e-19,1.416793242623261e+50,24515888009.73135,11143585459.0855,0.013386930278125864,1.2006722395112564e+49,black
299.4994994994995,69681790.9367413,7377.575881637169,99501048.81697077,4382363.811735266,0.6001151140643586,0.5907061106859205,2.1913764034056277e-15,1.189177993912726e-19,1.875126866062972e+50,25517422077.728527,11598828217.264124,0.012861506248356965,1.5890905644601687e+49,black
300.3003003003003,69681790.9367413,7396.9385142319215,99501048.81697077,4382363.8631563485,0.6021681047586448,0.5883145726736116,1.9433368599978802e-15,1.2940880503174855e-19,2.4817317432436754e+50,26559871265.292313,12072668757.063969,0.012356704602160908,2.1031624942743307e+49,black
301.1011011011011,69681790.9367413,7416.293395572735,99501048.81697077,4382363.914556845,0.6041742038850554,0.5859770341219488,1.7233651823696257e-15,1.4100217758568748e-19,3.2845737303923753e+50,27644907055.263523,12565866843.412683,0.011871715930983594,2.783537059654594e+49,black
301.9019019019019,69681790.9367413,7435.640528762594,99501048.81697077,4382363.965936765,0.6061334825552374,0.5836934510976608,1.528309380210796e-15,1.538164890465318e-19,4.3471356724006246e+50,28774269214.65071,13079213279.495968,0.011405762594771645,3.684013281695493e+49,black
302.7027027027027,69681790.9367413,7454.979916903241,99501048.81697077,4382364.017296115,0.6080460788614637,0.5814637009963246,1.355320663196353e-15,1.679817346496302e-19,5.75343715971324e+50,29949768584.205673,13613531174.746458,0.010958097475089558,4.875794203146874e+49,black
303.5035035035035,69681790.9367413,7474.311563095176,99501048.81697077,4382364.068634905,0.6099121945244019,0.5792875863388661,1.2019072076053255e-15,1.8366230553604904e-19,7.614678180146702e+50,31173289981.9598,14169677264.632978,0.010528002777175836,6.453117101819315e+49,black
304.3043043043043,69681790.9367413,7493.635470437659,99501048.81697077,4382364.119953143,0.6117320914825872,0.5771648386468644,1.0658537816912382e-15,2.0101792944273422e-19,1.0078031996804832e+51,32446795225.37737,14748543284.366549,0.010114788879017168,8.540705082038089e+49,black
305.1051051051051,69681790.9367413,7512.951642028708,99501048.81697077,4382364.171250838,0.613506088444578,0.5750951223721268,9.452128029563552e-16,2.2024048257305174e-19,1.3338282528264173e+51,33772326276.970722,15351057398.725517,0.009717793225595437,1.130362926124095e+50,black
305.9059059059059,69681790.9367413,7532.260080965098,99501048.81697077,4382364.2225279985,0.6152345574235664,0.573078038857321,8.382325715954042e-16,2.415427864005577e-19,1.765322642954149e+51,35152008518.421936,15978185690.292635,0.00933637926653439,1.4960361380967523e+50,black
306.7067067067067,69681790.9367413,7551.560790342369,99501048.81697077,4382364.273784631,0.6169179202729258,0.5711131303058754,7.433508658217665e-16,2.651703447842789e-19,2.336405775722692e+51,36588054158.46005,16630933708.490204,0.00896993543544267,1.980004894680268e+50,black
307.5075075075075,69681790.9367413,7570.853773254823,99501048.81697077,4382364.325020744,0.6185566452398524,0.5691998837408397,6.592216502296114e-16,2.913794759975099e-19,3.092234708831248e+51,38082765779.95876,17310348081.89718,0.008617874169316624,2.620537888840066e+50,black
308.3083083083083,69681790.9367413,7590.139032795515,99501048.81697077,4382364.376236346,0.6201512435528778,0.5673377349339387,5.846049570542181e-16,3.204672699669928e-19,4.09257484031812e+51,39638540031.9414,18017518196.433254,0.008279630966430652,3.4682837629814897e+50,black
309.1091091091091,69681790.9367413,7609.4165720562705,99501048.81697077,4382364.427431442,0.6217022660576498,0.5655260722876199,5.184553327342718e-16,3.527647246204422e-19,5.41652571706873e+51,41257871472.41379,18753577942.10106,0.00795466348120435,4.590276031414217e+50,black
309.9099099099099,69681790.9367413,7628.686394127673,99501048.81697077,4382364.478606045,0.6232102999139846,0.5637642406544742,4.59761199479507e-16,3.8866200587107328e-19,7.16877564574214e+51,42943356568.185555,19519707531.086807,0.0076424506545953825,6.075233598086611e+50,black
310.7107107107107,69681790.9367413,7647.948502099071,99501048.81697077,4382364.529760161,0.6246759653658163,0.5620515450799786,4.077353103333906e-16,4.285590089752829e-19,9.487879674789622e+51,44697697858.09476,20317135390.13505,0.007342491878623433,8.040575995584491e+50,black
311.5115115115115,69681790.9367413,7667.202899058574,99501048.81697077,4382364.5808938,0.6260999125943172,0.5603872544560695,3.616077176318213e-16,4.729261968596243e-19,1.255721550955249e+52,46523708286.30974,21147140130.231426,0.007054306193685904,1.0641708058942873e+51,black
312.3123123123123,69681790.9367413,7686.449588093056,99501048.81697077,4382364.632006968,0.6274828186631416,0.5587706050745699,3.2068595155903057e-16,5.222878288592049e-19,1.6619483673746637e+52,48424315712.6575,22011052596.75182,0.006777431517378113,1.4084308198090477e+51,black
313.1131131131131,69681790.9367413,7705.688572288157,99501048.81697077,4382364.683099676,0.6288253845634774,0.5572008040709653,2.8439311375627805e-16,5.772345724708402e-19,2.1995898483417804e+52,50402567607.20966,22910258003.365166,0.006511423903581604,1.864059193509997e+51,black
313.9139139139139,69681790.9367413,7724.919854728277,99501048.81697077,4382364.73417193,0.6301283323653608,0.5556770327504498,2.522217221318485e-16,6.384213101636388e-19,2.911158731466078e+52,52461635936.65389,23846198153.111298,0.006255856830632506,2.4670836707339816e+51,black
314.7147147147147,69681790.9367413,7744.143438496586,99501048.81697077,4382364.785223736,0.6313924024805581,0.5541984497895117,2.236384656137053e-16,7.065945773244927e-19,3.852920655267008e+52,54604822250.28564,24820373750.21543,0.0060103205174285735,3.2651869959890115e+51,black
315.5155155155155,69681790.9367413,7763.3593266750195,99501048.81697077,4382364.836255105,0.6326183510412131,0.5527641943076185,1.983306463381935e-16,7.825604865292123e-19,5.099343232413731e+52,56835562973.77495,25834346806.345764,0.005774421266378394,4.321477315604885e+51,black
316.3163163163163,69681790.9367413,7782.567522344277,99501048.81697077,4382364.887266046,0.6338069473974335,0.5513733888047702,1.75910649439466e-16,8.672605547285923e-19,6.748984401331305e+52,59157434919.196884,26889743145.172764,0.005547780832139171,5.719478306213005e+51,black
317.1171171171171,69681790.9367413,7801.768028583825,99501048.81697077,4382364.938256567,0.6349589717360311,0.5500251419618212,1.5599974319852198e-16,9.617337048453774e-19,8.932285663746653e+52,61574161020.15973,27988255009.245674,0.005330035815130972,7.569733613344665e+51,black
317.9179179179179,69681790.9367413,7820.960848471898,99501048.81697077,4382364.989226674,0.6360752128217444,0.5487185513015234,1.3831087754296766e-16,1.0671520112986012e-18,1.182188644013339e+53,64089616301.22763,29131643773.366367,0.005120837078854921,1.0018547830621576e+52,black
318.7187187187187,69681790.9367413,7840.145985085499,99501048.81697077,4382365.040176377,0.6371564658614599,0.5474527057092129,1.2264933483501608e-16,1.1848146512153326e-18,1.5646275126491787e+53,66707834091.20865,30321742768.81124,0.0049198491900811075,1.3259555191942266e+52,black
319.5195195195195,69681790.9367413,7859.323441500398,99501048.81697077,4382365.091105683,0.6382035304912081,0.5462266878129438,1.087498257944592e-16,1.316195711496268e-18,2.07078562777231e+53,69433012490.27084,31560460222.92941,0.004726749881008559,1.7549030743833234e+52,black
320.3203203203203,69681790.9367413,7878.493220791136,99501048.81697077,4382365.1420146,0.6392172088850417,0.5450395762236836,9.645897035868228e-17,1.4629488470008071e-18,2.7406862537698075e+53,72269521101.25587,32849782318.83071,0.0045412295325349345,2.3226154692964596e+52,black
321.1211211211211,69681790.9367413,7897.655326031018,99501048.81697077,4382365.19290314,0.6401983039843097,0.5438904476369002,8.552408377407622e-17,1.626906305050707e-18,3.627300209573855e+53,75221908035.983,34191776380.069366,0.0043629906778073786,3.0739832284524364e+52,black
321.9219219219219,69681790.9367413,7916.809760292124,99501048.81697077,4382365.243771305,0.6411476178453024,0.5427783787975224,7.583298875541813e-17,1.8101600682599462e-18,4.800734411782095e+53,78294907207.77844,35588594185.430016,0.004191747525258491,4.068418993035695e+52,black
322.7227227227227,69681790.9367413,7935.956526645302,99501048.81697077,4382365.294619107,0.6420659501027892,0.5417024483308189,6.72768872184569e-17,2.015058833281258e-18,6.353775414461298e+53,81493445921.92174,37042475419.13062,0.004027225500362712,5.384555435984176e+52,black
323.5235235235235,69681790.9367413,7955.095628160169,99501048.81697077,4382365.345446553,0.6429540965465596,0.540661738442243,5.963584804037685e-17,2.2442105502393774e-18,8.40922628802733e+53,84822652776.18054,38555751261.97466,0.0038691608053783204,7.126462955955393e+52,black
324.3243243243243,69681790.9367413,7974.227067905115,99501048.81697077,4382365.396253652,0.6438128478077373,0.5396553364897112,5.292326674069132e-17,2.5005641285371864e-18,1.1129616983670214e+54,88287865884.10219,40130848129.21093,0.003717299996369087,9.43187879972056e+52,black
325.1251251251251,69681790.9367413,7993.350848947305,99501048.81697077,4382365.447040413,0.6446429881513543,0.5386823364321547,4.6916047089677793e-17,2.7874391564635934e-18,1.4730056007588534e+54,91894641434.24615,41770291561.09374,0.0035713995768274763,1.2483098311515756e+53,black
325.9259259259259,69681790.9367413,8012.466974352672,99501048.81697077,4382365.4978068415,0.6454452943714268,0.5377418401584754,4.1593418064375475e-17,3.1085247145451284e-18,1.949523962099477e+54,95648762599.08217,43476710272.38205,0.0034312256072477247,1.652138950931766e+53,black
326.7267267267267,69681790.9367413,8031.57544718592,99501048.81697077,4382365.548552946,0.646220534784597,0.5368329587012861,3.687378760293573e-17,3.4680551193191097e-18,2.580196352844159e+54,99556248807.83913,45252840367.270805,0.0032965533300227698,2.186607078681498e+53,black
327.5275275275275,69681790.9367413,8050.676270510528,99501048.81697077,4382365.599278737,0.6469694683182522,0.5359548133400116,3.269320890386031e-17,3.870686148229244e-18,3.4148917113483324e+54,103623365398.17259,47101529726.51256,0.0031671668090636324,2.8939760265663932e+53,black
328.3283283283283,69681790.9367413,8069.769447388752,99501048.81697077,4382365.649984221,0.6476928436889383,0.5351065365980571,2.8974334400870325e-17,4.321710880689759e-18,4.519611613045373e+54,107856633662.12567,49025742573.76325,0.003042858583563408,3.830179333089313e+53,black
329.1291291291291,69681790.9367413,8088.85498088162,99501048.81697077,4382365.700669405,0.6483913986668105,0.5342872731388637,2.5730340330322523e-17,4.827074661353882e-18,5.9817091900436334e+54,112262841302.4932,51028564228.47507,0.00292342933535064,5.06924507630818e+53,black
329.9299299299299,69681790.9367413,8107.932874048932,99501048.81697077,4382365.751334299,0.6490658594218394,0.5334961805657209,2.2851946635895325e-17,5.393434658815262e-18,7.916796374931127e+54,116849053316.35292,53113206052.95609,0.0028086875692987967,6.709149470280638e+53,black
330.7307307307307,69681790.9367413,8127.0031299492675,99501048.81697077,4382365.80197891,0.6497169399474809,0.532732430130229,2.0238696270641455e-17,6.028343098875935e-18,1.0477885642860517e+55,121622623323.21649,55283010601.5298,0.0026984493062793317,8.87956410411911e+53,black
331.5315315315315,69681790.9367413,8146.065751639975,99501048.81697077,4382365.852603248,0.6503453415575483,0.5319952073542977,1.7958205990584816e-17,6.740222780830498e-18,1.3867489113716014e+55,126591205355.96254,57541456980.05011,0.0025925377881660574,1.1752109418403438e+54,black
332.3323323323323,69681790.9367413,8165.120742177185,99501048.81697077,4382365.903207321,0.650951752452067,0.5312837125705264,1.5937977884647197e-17,7.538564222357277e-18,1.8353631722451997e+55,131762766133.45859,59892166424.36589,0.0024907831944178077,1.5553925188518687e+54,black
333.13313313313313,69681790.9367413,8184.168104615804,99501048.81697077,4382365.953791135,0.651536847347963,0.530597161385749,1.4120515740721462e-17,8.434040152965484e-18,2.42910446614449e+55,137145597834.54912,62338908106.67919,0.0023930223697849556,2.0585631069021156e+54,black
333.93393393393393,69681790.9367413,8203.20784200951,99501048.81697077,4382366.004354698,0.652101287170521,0.5299347850724384,1.2534263618824691e-17,9.438710574416287e-18,3.214921491654689e+55,142748331393.89355,64885605179.10789,0.002299098562703174,2.7245097386904222e+54,black
334.73473473473473,69681790.9367413,8222.23995741077,99501048.81697077,4382366.05489802,0.6526457188016472,0.5292958308925672,1.1129123901228993e-17,1.0566039215770826e-17,4.254950884803602e+55,148579950340.97018,67536341064.14217,0.0022088611739550096,3.6058905803420456e+54,black
335.53553553553553,69681790.9367413,8241.264453870814,99501048.81697077,4382366.105421109,0.6531707748810859,0.5286795623583924,9.838963036972064e-18,1.183129225233634e-17,5.63143052764546e+55,154649805204.43823,70295366002.08168,0.0021221655151962356,4.772398752241928e+54,black
336.33633633633633,69681790.9367413,8260.281334439669,99501048.81697077,4382366.155923971,0.6536770736568608,0.5280852594345076,8.709154934374053e-18,1.3251576427010706e-17,7.453202315672223e+55,160967628504.95343,73167103865.95172,0.0020388725769598017,6.31627314887478e+54,black
337.13713713713713,69681790.9367413,8279.290602166122,99501048.81697077,4382366.206406616,0.6541652188813447,0.5275122186853539,7.709985046232687e-18,1.4846131269754646e-17,9.864318575115463e+55,167543550360.47662,76156159254.8254,0.0019588488057654192,8.359592012809733e+54,black
337.93793793793793,69681790.9367413,8298.292260097749,99501048.81697077,4382366.256869051,0.6546357997494968,0.526959753372235,6.8669532617472165e-18,1.6636664584723883e-17,1.3055432662377325e+56,174388114729.09738,79267324876.92526,0.0018819658899773702,1.1063925985065552e+55,black
338.73873873873873,69681790.9367413,8317.286311280905,99501048.81697077,4382366.307311284,0.6550893908759532,0.5264271935037185,6.041358788399678e-18,1.8647546209219718e-17,1.7278874430492372e+56,181512296315.41647,82505589234.34258,0.0018081005540671942,1.4643113924146108e+55,black
339.53953953953953,69681790.9367413,8336.27275876073,99501048.81697077,4382366.357733325,0.6555265523077981,0.5259138858431409,5.359015467546523e-18,2.090627195624663e-17,2.286860261973126e+56,188927518167.59616,85876144621.69658,0.0017371343609513602,1.93801717116367e+55,black
340.34034034034033,69681790.9367413,8355.251605581137,99501048.81697077,4382366.40813518,0.6559478295699929,0.5254191938767697,4.780211375181456e-18,2.344374088828052e-17,3.0266611860779885e+56,196645669993.29312,89384395451.55841,0.0016689535220869934,2.5649671068457575e+55,black
341.14114114114113,69681790.9367413,8374.222854784823,99501048.81697077,4382366.458516859,0.6563537537405886,0.5249424977460062,4.163768564514275e-18,2.6294785914471926e-17,4.005788236225919e+56,204679127223.84064,93035966919.98872,0.0016034487150211718,3.394735793411802e+55,black
341.941941941942,69681790.9367413,8393.18650941327,99501048.81697077,4382366.508878368,0.6567448415529944,0.5244831941468419,3.704354319943008e-18,2.949850951808573e-17,5.301663584706221e+56,213040770857.25235,96836714026.08455,0.001540514908101211,4.492935241276467e+55,black
342.7427427427428,69681790.9367413,8412.142572506735,99501048.81697077,4382366.559219718,0.6571215955227219,0.5240406961996167,3.2559155363544675e-18,3.3099135989573996e-17,7.016755531735963e+56,221744008111.8557,100792730959.99481,0.0014800511920649443,5.94640299299659e+55,black
343.5435435435436,69681790.9367413,8431.091047104268,99501048.81697077,4382366.609540912,0.657484504096171,0.5236144332919562,2.8710503266194498e-18,3.714622190287994e-17,9.286680945620155e+56,230802793923.6847,104910360874.46213,0.0014219606182408623,7.870068597983194e+55,black
344.3443443443444,69681790.9367413,8450.031936243699,99501048.81697077,4382366.659841962,0.6578340418191613,0.5232038508976072,2.629265399907144e-18,4.1695739717672834e-17,1.2290928848195722e+57,240231653322.08728,109196206055.55388,0.0013661500430987871,1.0416041396776053e+56,black
345.1451451451452,69681790.9367413,8468.965242961634,99501048.81697077,4382366.710122875,0.6581706695230578,0.5228084103737239,2.218033568953752e-18,4.6810748452345485e-17,1.6267053087751928e+57,250045704719.4339,113657138508.89291,0.0013125299789017645,1.378563820995929e+56,black
345.945945945946,69681790.9367413,8487.890970293478,99501048.81697077,4382366.760383663,0.6584948345264655,0.5224275887390089,1.9755407329711864e-18,5.256203558523599e-17,2.1529456351754237e+57,260260684152.26733,118300310978.36234,0.001261014450219722,1.82453019930121e+56,black
346.7467467467468,69681790.9367413,8506.809121273409,99501048.81697077,4382366.8106243275,0.6588069708506086,0.5220608784349516,1.7022846698201463e-18,5.902957012672159e-17,2.849425082107179e+57,270892970512.76273,123133168414.95085,0.0012115208560748332,2.4147670187349017e+56,black
347.5475475475476,69681790.9367413,8525.719698934392,99501048.81697077,4382366.86084488,0.6591074994466247,0.5217077870722704,1.5147627230449329e-18,6.63032573477549e-17,3.771216126356041e+57,281959611810.9554,128163459914.12906,0.0011639698374975355,3.1959458697932595e+56,black
348.3483483483484,69681790.9367413,8544.62270630818,99501048.81697077,4382366.911045328,0.6593968284331383,0.5213678371645137,1.276655122526513e-18,7.448438249692355e-17,4.99120723018607e+57,293478352509.842,133399251140.8954,0.0011182851502808601,4.229836635750914e+56,black
349.1491491491492,69681790.9367413,8563.518146425316,99501048.81697077,4382366.961225678,0.6596753533425813,0.5210405658506445,1.2521329696410938e-18,8.368707363864694e-17,6.605866325336006e+57,305467661977.19214,138848937262.41794,0.0010743935427290085,5.598191801132216e+56,black
349.94994994995,69681790.9367413,8582.406022315121,99501048.81697077,4382367.011385941,0.6599434573748509,0.5207255246083019,9.530294826052439e-19,9.403997916051043e-17,8.742868788194062e+57,317946764099.6829,144521256409.0043,0.001032224638204199,7.4092108374526055e+56,black
350.7507507507508,69681790.9367413,8601.286337005715,99501048.81697077,4382367.061526123,0.6602015116569927,0.5204222789593059,7.830680328256909e-19,1.0568773475036315e-16,1.1571193070376708e+58,330935668106.8428,150425303684.9858,0.0009917108222834284,9.80609582235315e+56,black
351.5515515515516,69681790.9367413,8620.159093523993,99501048.81697077,4382367.111646233,0.6604498755077052,0.5201304081688546,6.449057625837438e-19,1.1879352435597158e-16,1.5314482272993076e+58,344455200654.23315,156570545751.98117,0.0009527871343442154,1.2978374807621262e+57,black
352.3523523523524,69681790.9367413,8639.024294895647,99501048.81697077,4382367.161746278,0.6606888967055533,0.5198495049397504,6.894462170204305e-19,1.3354097029631895e-16,2.0268728199702472e+58,358527039217.30115,162966836007.9209,0.0009153911634055098,1.717688830483262e+57,black
353.1531531531532,69681790.9367413,8657.881944145161,99501048.81697077,4382367.211826267,0.6609189117598698,0.5195791751028799,7.364464684756992e-19,1.501372695912069e-16,2.6825676213536983e+58,373173746849.45795,169624430386.1738,0.000879462948056735,2.2733623909777135e+57,black
353.953953953954,69681790.9367413,8676.732044295793,99501048.81697077,4382367.261886206,0.6611402461834139,0.5193190373050797,7.381002963737644e-19,1.6881546562501686e-16,3.550380158157937e+58,388418808360.10583,176554003800.10443,0.000844944880314526,3.0087967442016456e+57,black
354.7547547547548,69681790.9367413,8695.574598369605,99501048.81697077,4382367.311926108,0.6613532147659317,0.5190687226954102,6.069681967212641e-19,1.898384627072199e-16,4.698930668921584e+58,404286667970.6288,183766667259.43283,0.0008117816132529915,3.9821446346793135e+57,black
355.5555555555556,69681790.9367413,8714.409609387443,99501048.81697077,4382367.361945977,0.6615581218478429,0.5188278746107856,5.459686531956952e-19,2.1350206082887456e-16,6.219038088240649e+58,420802768508.7212,191273985685.83826,0.0007799199722594026,5.270371261220895e+57,black
356.3563563563564,69681790.9367413,8733.237080368945,99501048.81697077,4382367.411945822,0.6617552615933523,0.5185961482618074,4.187100938022782e-19,2.4013999599416836e-16,8.230901340758918e+58,437993592203.9013,199087996456.37442,0.0007493088697730076,6.975340119287226e+57,black
357.1571571571572,69681790.9367413,8752.057014332544,99501048.81697077,4382367.461925651,0.6619449182623441,0.5183732104195806,4.494602115473348e-19,2.701279973219943e-16,1.0893603788882551e+59,455886703149.6219,207221228704.42902,0.000719899223370265,9.231867617697086e+57,black
357.957957957958,69681790.9367413,8770.869414295457,99501048.81697077,4382367.511885471,0.6621273664804905,0.5181587391042075,4.375690609207099e-19,3.038896485390441e-16,1.4417692376168049e+59,474510791500.06244,215686723409.17453,0.0006916438770651522,1.2218383369633946e+58,black
358.7587587587588,69681790.9367413,8789.674283273696,99501048.81697077,4382367.56182529,0.6623028715070568,0.5179524232755924,2.8339486311861054e-19,3.419020688910996e-16,1.9081826132319203e+59,493895719472.4657,224498054305.72134,0.0006644975256983641,1.617103909518578e+58,black
359.5595595595596,69681790.9367413,8808.471624282067,99501048.81697077,4382367.611745118,0.6624716894999428,0.5177539625271171,4.352471232383121e-19,3.847029854768583e-16,2.525481048173528e+59,514072569228.7852,233669349649.50278,0.0006384166422941581,2.1402381764182458e+58,black
360.3603603603604,69681790.9367413,8827.26144033417,99501048.81697077,4382367.661644963,0.6626340677775546,0.5175630667826919,4.2683619788957037e-19,4.328983330890022e-16,3.3424759666378887e+59,535073692713.4147,243215314869.7887,0.0006133594082683736,2.8326067513880446e+58,black
361.1611611611612,69681790.9367413,8846.043734442399,99501048.81697077,4382367.711524829,0.6627902450771435,0.517379455997626,4.474007195491467e-19,4.87171061240989e-16,4.423769323326359e+59,556932763526.9103,253151256148.65015,0.0005892856463757193,3.74895705366641e+58,black
361.961961961962,69681790.9367413,8864.818509617939,99501048.81697077,4382367.761384727,0.662940451809293,0.5172028598637105,4.756817164310947e-19,5.482906801803367e-16,5.854861851314367e+59,579684830918.8818,263493104963.18262,0.0005661567562888154,4.96174733162235e+58,black
362.7627627627628,69681790.9367413,8883.585768870771,99501048.81697077,4382367.811224669,0.6630849103082855,0.5170330175188588,2.7771383590891626e-19,6.17124603849091e-16,7.748913831745606e+59,603366375986.6276,274257443630.33957,0.0005439356527056925,6.566876128597975e+58,black
363.5635635635636,69681790.9367413,8902.345515209674,99501048.81697077,4382367.861044657,0.6632238350780987,0.5168696772616009,2.7471212042545794e-19,6.946499082340502e-16,1.025569297733904e+60,628015370169.6163,285461531895.3343,0.0005225867058865167,8.691265235033089e+58,black
364.3643643643644,69681790.9367413,8921.097751642214,99501048.81697077,4382367.910844699,0.6633574330338382,0.5167125962706901,3.1041249079329934e-19,7.819685522485676e-16,1.3573416962585697e+60,653671336133.6161,297123334606.24304,0.0005020756845241859,1.1502895731004835e+59,black
365.1651651651652,69681790.9367413,8939.84248117476,99501048.81697077,4382367.960624806,0.6634859037384301,0.5165615403300384,2.725360704041663e-19,8.803218224203217e-16,1.7964427020901553e+60,680375411142.0858,309261550519.1838,0.00048236970085720286,1.522409069567929e+59,black
365.965965965966,69681790.9367413,8958.579706812478,99501048.81697077,4382368.010384983,0.6636094396344305,0.5164162835591655,7.733892223682945e-20,9.911091118808972e-16,2.3775931961627456e+60,708170413016.4512,321895642280.2588,0.00046343715793681014,2.0149094882735144e+59,black
366.7667667667668,69681790.9367413,8977.30943155933,99501048.81697077,4382368.060125242,0.6637282262708392,0.5162766081493086,1.4772669886956308e-19,1.1159075004492757e-15,3.1467462891306024e+60,737100908791.0071,335045867632.3296,0.00044524769896384493,2.666734143331021e+59,black
367.5675675675676,69681790.9367413,8996.031658418071,99501048.81697077,4382368.109845586,0.6638424425248258,0.516142304105318,-8.095573275381253e-20,1.2564945781341461e-15,4.164720955685438e+60,767213286172.5508,348733311896.66766,0.00042777215861406896,3.5294245387164747e+59,black
368.3683683683684,69681790.9367413,9014.746390390257,99501048.81697077,4382368.159546027,0.6639522608183,0.5160131689934244,2.0888277820004994e-19,1.4148740106408845e-15,5.5120111521640044e+60,798555827919.3108,362979921781.5584,0.0004109825162739345,4.671195891664414e+59,black
369.1691691691692,69681790.9367413,9033.453630476246,99501048.81697077,4382368.209226573,0.6640578473292795,0.5158890076949537,4.833178708124897e-19,1.5933039462338324e-15,7.295150687128381e+60,831178789258.4417,377808540572.0723,0.0003948518511117979,6.182331090786766e+59,black
369.96996996997,69681790.9367413,9052.153381675193,99501048.81697077,4382368.258887228,0.6641593621980244,0.5157696321660298,4.742933308707746e-19,1.79433020370408e-15,9.655137132113169e+60,865134478466.2084,393242944757.4207,0.00037935429891254775,8.18231960348574e+59,black
370.7707707707708,69681790.9367413,9070.845646985046,99501048.81697077,4382368.308528005,0.6642569597279284,0.5156548612032924,4.690140339832045e-19,2.0208219273410962e-15,1.2778580873501612e+61,900477340740.0701,409307882154.6305,0.00036446501060643155,1.0829305825001368e+60,black
371.5715715715716,69681790.9367413,9089.530429402565,99501048.81697077,4382368.358148909,0.66435078858117,0.5155445202156362,8.176412212638769e-19,2.2760134224053795e-15,1.69124608906267e+61,937264045497.1477,426029111589.6656,0.00035016011242558324,1.4332593975107379e+60,black
372.3723723723724,69681790.9367413,9108.2077319233,99501048.81697077,4382368.407749947,0.664440991969137,0.5154384410019616,7.241128899287338e-19,2.5635507422756116e-15,2.2383654038622224e+61,975553577239.0394,443433444199.6164,0.00033641666762437183,1.896919833781545e+60,black
373.1731731731732,69681790.9367413,9126.8775575416,99501048.81697077,4382368.457331132,0.6645277078376586,0.5153364615349104,6.050413143202409e-19,2.8875433182176317e-15,2.9624782068242984e+61,1015407330128.6979,461548786422.1883,0.00032321263970218567,2.510574751546017e+60,black
373.973973973974,69681790.9367413,9145.539909250627,99501048.81697077,4382368.506892466,0.6646110690470811,0.5152384257505489,5.7182568490616775e-19,3.2526240409289895e-15,3.9208420174679175e+61,1056889206430.9918,480404184741.41266,0.0003105268570696902,3.322747472430441e+60,black
374.7747747747748,69681790.9367413,9164.194790042338,99501048.81697077,4382368.55643396,0.6646912035472388,0.5151441833439487,8.876765006869548e-19,3.664014970233039e-15,5.189237203679667e+61,1100065718974.817,500029872261.333,0.00029833897910189796,4.397658647186161e+60,black
375.5755755755756,69681790.9367413,9182.84220290749,99501048.81697077,4382368.605955621,0.664768234547379,0.5150535895706007,1.3269876299775969e-19,4.127603296635345e-15,6.86795913635018e+61,1145006097801.027,520457317182.3377,0.00028662946352362443,5.82030435283914e+60,black
376.3763763763764,69681790.9367413,9201.482150835642,99501048.81697077,4382368.655457458,0.6648422806811055,0.5149665050535938,2.022931378417221e-20,4.650025223764781e-15,9.089748810312539e+61,1191782401167.199,541719273257.8701,0.00027537953507503286,7.703176957891987e+60,black
377.1771771771772,69681790.9367413,9220.114636815164,99501048.81697077,4382368.704939478,0.6649134561664164,0.5148827955964804,-8.150713271370224e-19,5.2387622702023605e-15,1.2030289026804882e+62,1240469631087.21,563849832312.4207,0.0002645711554070253,1.019516019220753e+61,black
377.977977977978,69681790.9367413,9238.739663833228,99501048.81697077,4382368.754401689,0.6649818709609105,0.5148023320017381,-4.0590679106365765e-19,5.902247751980374e-15,1.592209609843795e+62,1291145853590.8965,586884478905.0057,0.0002541869941582105,1.3493301778337253e+61,black
378.7787787787788,69681790.9367413,9257.357234875803,99501048.81697077,4382368.8038441,0.6650476309122506,0.5147249898947401,-4.59705280643688e-19,6.649989746130439e-15,2.10729055306167e+62,1343892323896.6064,610860147225.7828,0.00024421040116707414,1.7858394517471782e+61,black
379.5795795795796,69681790.9367413,9275.96735292767,99501048.81697077,4382368.853266715,0.6651108379039675,0.5146506495531317,-5.256640112637838e-19,7.492706688678622e-15,2.7890005484002373e+62,1398793616697.3616,635815280317.035,0.00023462537977479264,2.3635597867798624e+61,black
380.3803803803804,69681790.9367413,9294.570020972411,99501048.81697077,4382368.902669546,0.6651715899966992,0.5145791957415139,-7.703065332489826e-19,8.442482159559716e-15,3.6912442129417163e+62,1455937761769.5293,661789891713.475,0.0002254165611758862,3.128173061815014e+61,black
381.1811811811812,69681790.9367413,9313.16524199241,99501048.81697077,4382368.952052603,0.6652299815649567,0.5145105175513272,-1.046765901528383e-18,9.51293884875292e-15,4.885364345800623e+62,1515416385121.4373,688825629600.7058,0.00021656917977558445,4.140139276102224e+61,black
381.981981981982,69681790.9367413,9331.753018968866,99501048.81697077,4382369.001415889,0.6652861034295153,0.5144445082458226,-8.887818481733209e-19,1.071943417493651e-14,6.465783192435609e+62,1577324855908.2595,716965843594.7157,0.00020806904951439084,5.479477281725093e+61,black
382.7827827827828,69681790.9367413,9350.333354881779,99501048.81697077,4382369.050759412,0.6653400429855305,0.5143810651100146,-1.2716903469839416e-18,1.2079283194115444e-14,8.557468661985256e+62,1641762439348.726,746255654249.4731,0.00019990254112188573,7.252092086428185e+61,black
383.5835835835836,69681790.9367413,9368.90625270996,99501048.81697077,4382369.1000831835,0.6653918843264739,0.5143200893054957,-5.956490124963328e-19,1.3612005246834071e-14,1.1325815871231829e+63,1708832455888.8713,776742025404.0847,0.0001920565602632942,9.598149043416808e+61,black
384.3843843843844,69681790.9367413,9387.471715431024,99501048.81697077,4382369.149387208,0.6654417083639969,0.5142614857300013,-7.600675182979781e-19,1.533960812716777e-14,1.4989725375076865e+63,1778642446867.9922,808473839485.503,0.00018451852654378185,1.2703157097522773e+62,black
385.1851851851852,69681790.9367413,9406.029746021393,99501048.81697077,4382369.198671495,0.665489592943818,0.5142051628816068,-2.4823879612192756e-19,1.7286902359887443e-14,1.98389122138941e+63,1851304346952.4775,841501975887.5419,0.00017727635333681003,1.6812637469401784e+62,black
385.985985985986,69681790.9367413,9424.580347456304,99501048.81697077,4382369.247936053,0.6655356129577387,0.5141510327274428,6.82369940280996e-19,1.9481860967382872e-14,2.625681445003274e+63,1926934663613.9846,875879392551.863,0.00017031842840420908,2.2251537669519276e+62,black
386.7867867867868,69681790.9367413,9443.12352270979,99501048.81697077,4382369.297180889,0.665579840451888,0.5140990105768063,1.7991919663997541e-19,2.1956021726006105e-14,3.475091263220027e+63,2005654663939.7275,911661210881.7461,0.00016363359527689507,2.944992595949176e+62,black
387.5875875875876,69681790.9367413,9461.65927475471,99501048.81697077,4382369.346406011,0.6656223447312988,0.5140490149585586,1.7444633580820494e-19,2.4744940977141642e-14,4.599285762825836e+63,2087590569074.432,948904804124.7935,0.0001572111353663754,3.8976997990049473e+62,black
388.3883883883884,69681790.9367413,9480.18760656272,99501048.81697077,4382369.395611426,0.6656631924609143,0.5140009675026861,4.907799878171315e-19,2.7888706258359394e-14,6.08715798404452e+63,2172873756605.7207,987669889366.2881,0.00015104075077835985,5.1586084610546815e+62,black
389.1891891891892,69681790.9367413,9498.708521104294,99501048.81697077,4382369.444797144,0.6657024477631281,0.5139547928259147,-5.120694969765602e-19,3.1432515828141805e-14,8.056357928921901e+63,2261640971217.428,1028018623280.7003,0.0001451125478009217,6.827421973662631e+62,black
389.98998998999,69681790.9367413,9517.22202134871,99501048.81697077,4382369.493963172,0.6657401723119537,0.5139104184212596,-8.646057605951909e-21,3.5427328344693424e-14,1.0662595459003009e+64,2354034543948.631,1070015701794.8838,0.00013941702104073133,9.036097846612721e+62,black
390.7907907907908,69681790.9367413,9535.728110264068,99501048.81697077,4382369.543109515,0.6657764254239227,0.513867774551399,-1.9283172287464915e-19,3.993059758177854e-14,1.411195268698418e+64,2450202620409.9395,1113728463822.7512,0.00013394503818192868,1.1959281938122188e+63,black
391.5915915915916,69681790.9367413,9554.226790817265,99501048.81697077,4382369.592236188,0.6658112641458086,0.5138267941457584,-2.7263710912432265e-19,4.50071018491256e-14,1.867717943585065e+64,2550299398322.9883,1159226999237.7737,0.00012868782534319355,1.582811816597513e+63,black
392.3923923923924,69681790.9367413,9572.718065974024,99501048.81697077,4382369.641343193,0.665844743339272,0.5137874127011989,-9.689517668138317e-19,5.0729877311822004e-14,2.471926029065405e+64,2654485374763.985,1206584261256.4087,0.0001236369530095383,2.0948525670045817e+63,black
393.1931931931932,69681790.9367413,9591.201938698874,99501048.81697077,4382369.690430538,0.6658769157625181,0.5137495681861957,-1.621175083487893e-18,5.718127187705045e-14,3.271595860690799e+64,2762927603507.783,1255876183412.6802,0.00011878432251626292,2.7725388649922037e+63,black
393.993993993994,69681790.9367413,9609.678411955161,99501048.81697077,4382369.7394982325,0.6659078321490615,0.5137132009484036,-6.861543992473471e-19,6.445413040399828e-14,4.3299594526035054e+64,2875799962885.074,1307181801311.4492,0.0001141221530634021,3.6694571632233094e+63,black
394.7947947947948,69681790.9367413,9628.147488705034,99501048.81697077,4382369.788546283,0.6659375412836857,0.5136782536255043,-7.509427291808139e-20,7.265313831423756e-14,5.730704420572727e+64,2993283434582.2114,1360583379355.6023,0.00010964296923984278,4.856529169976889e+63,black
395.5955955955956,69681790.9367413,9646.609171909471,99501048.81697077,4382369.837574698,0.6659660900756893,0.5136446710592323,6.8243328270549315e-19,8.189632593480469e-14,7.584591383695387e+64,3115566393830.6885,1416166542650.3645,0.00010533958903710771,6.4276198166910074e+63,black
396.3963963963964,69681790.9367413,9665.063464528253,99501048.81697077,4382369.8865834875,0.6659935236295017,0.5136124002124792,-5.68861815306807e-19,9.23167761733121e-14,1.0038212100261184e+65,3242844911451.5474,1474020414296.2095,0.00010120511233358694,8.506959407001006e+63,black
397.1971971971972,69681790.9367413,9683.510369519987,99501048.81697077,4382369.935572656,0.6660198853127549,0.5135813900893756,5.519685632805718e-19,1.0406453915704391e-13,1.3285580866810884e+65,3375323068239.0786,1534237758290.5417,9.723290983075152e-05,1.1258966836280413e+64,black
397.997997997998,69681790.9367413,9701.949889842084,99501048.81697077,4382369.984542214,0.6660452168218944,0.5135515916582598,2.700752541921615e-19,1.1730880084109993e-13,1.7583475743048012e+65,3513213282187.8496,1596915128267.2556,9.34166124236097e-05,1.4901250629701706e+64,black
398.7987987987988,69681790.9367413,9720.382028450786,99501048.81697077,4382370.0334921675,0.6660695582454086,0.5135229577774318,2.973940469209285e-19,1.3224032139980653e-13,2.327174267393903e+65,3656736649087.7363,1662153022312.6587,8.975010098836382e-05,1.972181582537206e+64,black
399.5995995995996,69681790.9367413,9738.806788301134,99501048.81697077,4382370.082422526,0.6660929481247568,0.513495443123608,4.98957202151552e-19,1.490741886707849e-13,3.080016800977981e+65,3806123297033.1216,1730056044106.0154,8.622749657089035e-05,2.610183729642357e+64,black
400.40040040040043,69681790.9367413,9757.224172346994,99501048.81697077,4382370.131333295,0.6661154235130706,0.5134690041229812,1.1677929097131078e-18,1.6805292080309633e-13,4.0764044305649503e+65,3961612755414.6675,1800733070643.0815,8.284315096031317e-05,3.454580025902499e+64,black
401.20120120120123,69681790.9367413,9775.634183541057,99501048.81697077,4382370.180224484,0.6661370200317072,0.5134435988848038,1.7413973886117854e-18,1.894499649310152e-13,5.395124168232502e+65,4123454338985.2783,1874297426811.5415,7.959163763255496e-05,4.5721391256207644e+64,black
402.00200200200203,69681790.9367413,9794.036824834815,99501048.81697077,4382370.229096101,0.6661577719247224,0.5134191871374049,-2.538063045925614e-19,2.1357364480717408e-13,7.140450680598828e+65,4291907547616.11,1950867067098.2827,7.646774304934553e-05,6.051229390337988e+64,black
402.80280280280283,69681790.9367413,9812.432099178597,99501048.81697077,4382370.277948155,0.6661777121113389,0.5133957301665609,1.7818053813484977e-19,2.4077160658683953e-13,9.45039156325089e+65,4467242482383.629,2030564764719.8823,7.346645829873492e-05,8.008806409534651e+64,black
403.60360360360363,69681790.9367413,9830.820009521538,99501048.81697077,4382370.326780652,0.6661968722364756,0.5133731907561396,1.2082275536034447e-18,2.714358389028886e-13,1.2507599967270933e+66,4649740278654.762,2113518308479.4875,7.058297106370964e-05,1.0599660989212653e+65,black
404.40440440440443,69681790.9367413,9849.200558811597,99501048.81697077,4382370.375593601,0.666215282719404,0.5133515331309386,4.373248870434255e-19,3.0600832856411817e-13,1.655381746822292e+66,4839693556864.731,2199860707665.8374,6.781265790603115e-05,1.4028658871375354e+65,black
405.20520520520523,69681790.9367413,9867.573749995554,99501048.81697077,4382370.424387007,0.666232972800602,0.5133307229016416,5.665576025192505e-19,3.4498743564581403e-13,2.1908989213623345e+66,5037406891710.185,2289730405322.8613,6.515107685292799e-05,1.8566940011545207e+65,black
406.00600600600603,69681790.9367413,9885.93958601901,99501048.81697077,4382370.473160881,0.6662499705868608,0.5133107270118215,1.672824728943031e-18,3.8893509351905424e-13,2.899656283416868e+66,5243197300510.088,2383271500231.91,6.259396027475159e-05,2.457335833404126e+65,black
406.80680680680683,69681790.9367413,9904.298069826382,99501048.81697077,4382370.521915228,0.6662663030947121,0.5132915136869143,1.174286583001446e-18,4.384849134589234e-13,3.837697157078708e+66,5457394751517.305,2480633977962.463,6.013720804217777e-05,3.2522857263378885e+65,black
407.60760760760763,69681790.9367413,9922.64920436091,99501048.81697077,4382370.570650059,0.6662819962922323,0.5132730523851007,2.6113703585653498e-18,4.943513296118454e-13,5.079194921714939e+66,5680342692995.95,2581973951361.847,5.777688095198208e-05,4.304402476029609e+65,black
408.40840840840843,69681790.9367413,9940.992992564657,99501048.81697077,4382370.619365379,0.6662970751392796,0.5132553137500219,-5.771547865274871e-19,5.573399162038105e-13,6.722318097765578e+66,5912398603912.89,2687453910869.5454,5.550919441084555e-05,5.696879743869134e+65,black
409.20920920920923,69681790.9367413,9959.329437378508,99501048.81697077,4382370.668061198,0.6663115636262235,0.5132382695652684,-6.778722845460162e-19,6.283590070351485e-13,8.896992791976858e+66,6153934567126.3,2797242985057.4595,5.3330512367066606e-05,7.539824399980387e+65,black
410.01001001001003,69681790.9367413,9977.658541742174,99501048.81697077,4382370.716737524,0.666325484811218,0.5132218927105763,2.678650409124415e-18,7.084328155626225e-13,1.1775176299197912e+67,6405337865990.389,2911517211813.8633,5.123734148044655e-05,9.97896296542196e+65,black
410.81081081081084,69681790.9367413,9995.980308594182,99501048.81697077,4382370.765394362,0.6663388608560705,0.5132061571196729,2.974491005608192e-18,7.987162175897376e-13,1.5584454221678548e+67,6667011605332.878,3030459820605.9043,4.9226325521001294e-05,1.3207164594642838e+66,black
411.61161161161164,69681790.9367413,10014.294740871888,99501048.81697077,4382370.814031721,0.6663517130607597,0.5131910377397088,4.540642595857232e-18,9.00511417642706e-13,2.062603626614807e+67,6939375357800.991,3154261526273.2285,4.729423998751813e-05,1.7479691750972942e+66,black
412.41241241241244,69681790.9367413,10032.601841511469,99501048.81697077,4382370.86264961,0.6663640618966474,0.5131765104922223,1.1338242087249703e-18,1.0152867537302158e-12,2.729857369406863e+67,7222865836612.149,3283120834823.7554,4.5437986937329515e-05,2.313438448649884e+66,black
413.21321321321324,69681790.9367413,10050.90161344793,99501048.81697077,4382370.911248036,0.6663759270384353,0.5131625522355782,8.814787063288986e-19,1.144697891966697e-12,3.612968173401781e+67,7517937595788.291,3417244361722.002,4.365459001901297e-05,3.0618374350862568e+66,black
414.01401401401404,69681790.9367413,10069.194059615096,99501048.81697077,4382370.959827007,0.6663873273949096,0.5131491407288292,2.2354501174202316e-19,1.2906117321256217e-12,4.781765951693247e+67,7825063758996.399,3556847163180.234,4.1941189700052837e-05,4.052344026858685e+66,black
414.81481481481484,69681790.9367413,10087.479182945626,99501048.81697077,4382371.008386531,0.6663982811385201,0.5131362545969474,-1.3643561728985315e-18,1.4551333564447762e-12,6.328670644013138e+67,8144736778164.023,3702153080983.699,4.029503868181084e-05,5.3632802067907964e+66,black
415.61561561561564,69681790.9367413,10105.756986370994,99501048.81697077,4382371.056926615,0.6664088057338342,0.5131238732973769,4.828634270132796e-19,1.640636423479263e-12,8.376000106443274e+67,8477469223085.992,3853395101402.7744,3.8713497494455916e-05,7.09830517495193e+66,black
416.41641641641644,69681790.9367413,10124.027472821514,99501048.81697077,4382371.105447267,0.6664189179649095,0.5131119770878545,-4.7128210673081044e-18,1.84979744358603e-12,1.1085642108656445e+68,8823794603288.633,4010815728767.6123,3.7194030264787485e-05,9.394611956488516e+66,black
417.21721721721724,69681790.9367413,10142.290645226314,99501048.81697077,4382371.153948495,0.6664286339616223,0.5131005469954601,-7.304344441839015e-18,2.085634415209698e-12,1.467185522915461e+68,9184268223469.049,4174667374304.164,3.573420065016858e-05,1.2433775617927642e+67,black
418.01801801801804,69681790.9367413,10160.546506513358,99501048.81697077,4382371.202430307,0.6664379692249923,0.5130895647868432,-1.2325595142909255e-17,2.3515504044950766e-12,1.9418210849306349e+68,9559468073881.242,4345212760855.1626,3.4331667932047765e-05,1.645611088924268e+67,black
418.81881881881884,69681790.9367413,10178.795059609429,99501048.81697077,4382371.250892711,0.6664469386515411,0.5130790129395868,-1.5155353020660395e-17,2.6513826834073784e-12,2.5700015894336007e+68,9949995757096.652,4522725344134.894,3.2984183262806346e-05,2.1779674486725446e+67,black
419.61961961961964,69681790.9367413,10197.036307440145,99501048.81697077,4382371.299335715,0.666455556556718,0.5130688746146657,-6.7396876397428525e-18,2.989458132263436e-12,3.4013989347157885e+68,10356477452625.176,4707489751193.313,3.1689586059913816e-05,2.882541470098127e+67,black
420.42042042042044,69681790.9367413,10215.270252929955,99501048.81697077,4382371.347759326,0.6664638366974307,0.5130591336299567,-7.343297825242449e-18,3.370655725809063e-12,4.501753913559335e+68,10779564920943.297,4899802236792.457,3.0445800541608058e-05,3.815045689457066e+67,black
421.22122122122124,69681790.9367413,10233.496899002135,99501048.81697077,4382371.396163549,0.6664717922937126,0.5130497744347651,-3.1284011587940892e-18,3.800476975357805e-12,5.958074512050952e+68,11219936548539.184,5099971158426.949,2.925083239854745e-05,5.0492156881787747e+67,black
422.02202202202204,69681790.9367413,10251.716248578789,99501048.81697077,4382371.444548396,0.6664794360495567,0.5130407820853243,-6.784266285261859e-18,4.285125371493658e-12,7.885515861768703e+68,11678298435650.51,5308317470750.281,2.8102765596097457e-05,6.682640560820938e+67,black
422.82282282282284,69681790.9367413,10269.928304580844,99501048.81697077,4382371.492913874,0.6664867801729549,0.5130321422212393,-3.636566663961988e-18,4.831595970536501e-12,1.0436485861402914e+69,12155385528439.002,5525175240199.598,2.699975930212469e-05,8.844479543561794e+67,black
423.62362362362364,69681790.9367413,10288.133069928075,99501048.81697077,4382371.541259989,0.6664938363951631,0.51302384104283,-1.2474518089935555e-18,5.447776397248601e-12,1.3812696473459029e+69,12651962797417.08,5750892180644.179,2.594004493537143e-05,1.1705674977507656e+68,black
424.42442442442444,69681790.9367413,10306.330547539075,99501048.81697077,4382371.589586751,0.6665006159892273,0.5130158652893498,-4.471009518951903e-18,6.142560758406553e-12,1.8281113624030006e+69,13168826464016.074,5985830210916.45,2.4921923329678534e-05,1.549246917290679e+68,black
425.22522522522524,69681790.9367413,10324.520740331272,99501048.81697077,4382371.637894167,0.6665071297877966,0.5130082022180379,-6.022643676113091e-18,6.9259780706708635e-12,2.419506690650991e+69,13706805277262.889,6230366035119.548,2.3943762009510132e-05,2.0504293988567728e+68,black
426.02602602602605,69681790.9367413,10342.703651220925,99501048.81697077,4382371.686182243,0.6665133882002505,0.51300083958398,-2.334242892477025e-18,7.809337093064857e-12,3.2022188289497505e+69,14266761842611.86,6484891746641.806,2.3003992572412282e-05,2.7137447702964e+68,black
426.82682682682685,69681790.9367413,10360.879283123131,99501048.81697077,4382371.7344509885,0.6665194012291653,0.5129937656207456,-7.459114141988894e-18,8.805389649345061e-12,4.2381389016613505e+69,14849594005062.754,6749815456846.759,2.2101108174205322e-05,3.5916431370011466e+68,black
427.62762762762765,69681790.9367413,10379.047638951815,99501048.81697077,4382371.78270041,0.6665251784861463,0.5129869690217694,1.9567636100911796e-18,9.928514768784152e-12,5.609179855975379e+69,15456236288782.547,7025561949446.663,2.1233661112882204e-05,4.753542250826594e+68,black
428.42842842842845,69681790.9367413,10397.208721619738,99501048.81697077,4382371.830930516,0.6665307292070489,0.5129804389224534,-3.2941452752884747e-18,1.119492635883291e-11,7.423753535858715e+69,16087661395539.209,7312573361608.781,2.040026050733456e-05,6.291316555812472e+68,black
429.22922922922925,69681790.9367413,10415.36253403849,99501048.81697077,4382371.879141317,0.6665360622666104,0.5129741648829572,-6.0338944931191626e-18,1.2622907349866983e-11,9.825343094042662e+69,16744881764350.2,7611309892886.505,1.9599570067188435e-05,8.326561944103952e+68,black
430.03003003003005,69681790.9367413,10433.5090791185,99501048.81697077,4382371.9273328185,0.6665411861925185,0.5129681368716562,-1.2546948831868916e-17,1.4233073747180716e-11,1.3003848585395565e+70,17428951194846.414,7922250543112.057,1.883030595017048e-05,1.1020210665589462e+69,black
430.83083083083085,69681790.9367413,10451.648359769031,99501048.81697077,4382371.975505026,0.6665461091789342,0.512962345249237,-2.2955136266872985e-17,1.6048672371381165e-11,1.7210602867834705e+70,18140966536954.574,8245893880433.945,1.8091234703570743e-05,1.4585256667656532e+69,black
431.63163163163165,69681790.9367413,10469.78037889818,99501048.81697077,4382372.023657948,0.6665508390994921,0.5129567807534083,-2.1319902597143056e-17,1.8095916582672992e-11,2.2778245157881805e+70,18882069449607.273,8582758840730.627,1.73811712865018e-05,1.930359759142526e+69,black
432.43243243243245,69681790.9367413,10487.905139412884,99501048.81697077,4382372.071791592,0.6665553835197973,0.5129514344842057,-1.2240568994779769e-17,2.0404364888714065e-11,3.0147023695598236e+70,19653448231300.53,8933385559682.107,1.6698977169781687e-05,2.5548325165761223e+69,black
433.23323323323325,69681790.9367413,10506.02264421891,99501048.81697077,4382372.119905968,0.666559749709438,0.5129462978898608,-1.911750525487511e-18,2.3007347833095474e-11,3.9899607340545224e+70,20456339725434.246,9298336238833.797,1.6043558510393362e-05,3.3813226559784097e+69,black
434.03403403403405,69681790.9367413,10524.132896220868,99501048.81697077,4382372.168001085,0.6665639446535334,0.5129413627532232,-4.768644575185409e-18,2.594244939110946e-11,5.280715874328006e+70,21292031303490.45,9678196047041.162,1.5413864397596174e-05,4.475182944345766e+69,black
434.83483483483485,69681790.9367413,10542.235898322204,99501048.81697077,4382372.216076946,0.6665679750638319,0.5129366211787056,5.002618413605694e-19,2.925204977428713e-11,6.989031222130401e+70,22161862929229.043,10073574058740.521,1.4808885167876276e-05,5.922907815364746e+69,black
435.63563563563565,69681790.9367413,10560.331653425195,99501048.81697077,4382372.2641335605,0.666571847389381,0.5129320655797355,-4.748749033970099e-18,3.298393755443336e-11,9.249987802105042e+70,23067229307211.37,10485104230550.672,1.4227650786032595e-05,7.83897271364834e+69,black
436.43643643643645,69681790.9367413,10578.420164430967,99501048.81697077,4382372.312170938,0.6665755678267816,0.5129276886666944,1.1889354285670938e-19,3.719199986233686e-11,1.22423654466109e+71,24009582119095.836,10913446417770.883,1.3669229289804014e-05,1.0374885971704154e+70,black
437.23723723723725,69681790.9367413,10596.501434239475,99501048.81697077,4382372.360189084,0.6665791423300451,0.5129234834353255,2.81182229491077e-18,4.1937000703250726e-11,1.620277939115408e+71,24990432351292.03,11359287432405.512,1.3132725295544016e-05,1.3731168975554302e+70,black
438.03803803803805,69681790.9367413,10614.575465749516,99501048.81697077,4382372.408188009,0.6665825766200665,0.5129194431555905,-8.874787417286306e-18,4.728745859624103e-11,2.1444390068512373e+71,26011352717704.92,11823342144411.377,1.2617278562543747e-05,1.8173211922468108e+70,black
438.83883883883885,69681790.9367413,10632.642261858726,99501048.81697077,4382372.456167717,0.6665858761937303,0.5129155613609605,-6.273860860149824e-18,5.332063621262851e-11,2.8381665534590007e+71,27073980181454.293,12306354627933.814,1.2122062613706773e-05,2.4052258927618644e+70,black
439.63963963963965,69681790.9367413,10650.70182546359,99501048.81697077,4382372.50412822,0.6665890463326618,0.5129118318381221,1.5403963355955468e-19,6.012365635164877e-11,3.756315455667983e+71,28180018579612.53,12809099354369.375,1.1646283410360975e-05,3.1833181827694764e+70,black
440.44044044044045,69681790.9367413,10668.75415945942,99501048.81697077,4382372.552069521,0.6665920921116385,0.5129082486170844,4.220803672081493e-19,6.779476029033e-11,4.971486181912727e+71,29331241355169.344,13332382434167.932,1.1189178079080564e-05,4.2131238829768874e+70,black
441.24124124124126,69681790.9367413,10686.799266740374,99501048.81697077,4382372.599991632,0.6665950184066737,0.5129048059616707,4.6091101989017694e-18,7.64447267704159e-11,6.579765503893055e+71,30529494400603.957,13877042909365.482,1.0750013688479395e-05,5.57607246092632e+70,black
442.04204204204206,69681790.9367413,10704.837150199457,99501048.81697077,4382372.647894557,0.6665978299027864,0.5129014983603803,3.770786837200544e-18,8.619847210281093e-11,8.708324332413956e+71,31776699017624.188,14443954098920.137,1.032808607401676e-05,7.379935874927086e+70,black
442.84284284284286,69681790.9367413,10722.867812728507,99501048.81697077,4382372.695778306,0.6666005311014673,0.5128983205176054,-1.089849998009638e-17,9.719685441710579e-11,1.1525473458533066e+72,33074854997818.223,15034024999008.336,9.9227187089245e-06,9.767350388587349e+70,black
443.64364364364366,69681790.9367413,10740.89125721821,99501048.81697077,4382372.743642885,0.6666031263278557,0.5128952673451906,-1.2038513463584538e-17,1.0959870825152442e-10,1.5253972334133017e+72,34426043829158.266,15648201740526.533,9.53326161945241e-06,1.2927095198417814e+71,black
444.44444444444446,69681790.9367413,10758.907486558095,99501048.81697077,4382372.791488304,0.6666056197376355,0.5128923339543215,-9.31419127446091e-18,1.235831387839665e-10,2.0188643252492217e+72,35832432033498.06,16287469106135.533,9.159090342688957e-06,1.710901970550188e+71,black
445.24524524524526,69681790.9367413,10776.916503636532,99501048.81697077,4382372.839314568,0.6666080153236628,0.5128895156477278,-1.8251109037796915e-18,1.3935210887507023e-10,2.6719683728818675e+72,37296274640415.234,16952852109279.697,8.799604925283739e-06,2.2643799770185326e+71,black
446.04604604604606,69681790.9367413,10794.918311340734,99501048.81697077,4382372.887121686,0.6666103169223351,0.5128868079121924,1.826044846931373e-18,1.5713335627900448e-10,3.536352045249579e+72,38819918802968.414,17645417637712.96,8.454228961470638e-06,2.9969085129233724e+71,black
446.84684684684686,69681790.9367413,10812.912912556762,99501048.81697077,4382372.934909666,0.6666125282197131,0.5128842064113498,-1.9091860611244497e-17,1.771836831813428e-10,4.68036445148629e+72,40405807561167.27,18366276164166.992,8.12240866884767e-06,3.9664105521070264e+71,black
447.64764764764766,69681790.9367413,10830.900310169514,99501048.81697077,4382372.982678516,0.666614652757403,0.5128817069787683,-1.217423609382146e-17,1.99792665563284e-10,6.194465686227999e+72,42056483759189.125,19116583526904.2,7.803612000433268e-06,5.249547191718643e+71,black
448.44844844844846,69681790.9367413,10848.880507062742,99501048.81697077,4382373.030428242,0.6666166939382079,0.5128793056113007,-1.8574090878666158e-17,2.2528683600684054e-10,8.198379749216596e+72,43774594122623.76,19897542783010.85,7.497327791570427e-06,6.947779448488644e+71,black
449.24924924924926,69681790.9367413,10866.85350611904,99501048.81697077,4382373.078158853,0.6666186550315617,0.5128769984626932,-3.497241268424082e-17,2.540344003126945e-10,1.08505614393513e+73,45562893502283.45,20710406137401.625,7.2030649403163905e-06,9.195391050297713e+71,black
450.05005005005006,69681790.9367413,10884.819310219847,99501048.81697077,4382373.125870356,0.6666205391787494,0.5128747818374456,-3.3794416746488035e-17,2.864505561237285e-10,1.4360725795898156e+73,47424249291383.055,21556476950628.715,6.920351619999735e-06,1.2170106606693355e+72,black
450.85085085085086,69681790.9367413,10902.777922245452,99501048.81697077,4382373.17356276,0.6666223493979214,0.5128726521849104,-3.814155635586738e-17,3.230034903396039e-10,1.900643082274602e+73,49361646023173.04,22437111828715.074,6.648734522685649e-06,1.6107144765039001e+72,black
451.65165165165166,69681790.9367413,10920.72934507498,99501048.81697077,4382373.22123607,0.6666240885889172,0.5128706060936221,-4.8343438476509816e-17,3.6422114196572263e-10,2.515502473579844e+73,51378190156396.53,23353722798362.113,6.387778132330053e-06,2.1317817572710542e+72,black
452.45245245245246,69681790.9367413,10938.673581586421,99501048.81697077,4382373.268890295,0.6666257595378952,0.5128686402858479,-5.284279778029894e-17,4.1069882811424394e-10,3.329269316053611e+73,53477115056244.586,24307779571020.324,6.137064026469378e-06,2.821414674621705e+72,black
453.25325325325326,69681790.9367413,10956.610634656598,99501048.81697077,4382373.316525443,0.6666273649217854,0.5128667516123513,-6.524834488911357e-17,4.6310784329103413e-10,4.406290311868336e+73,55661786178795.125,25300811899452.387,5.896190205309152e-06,3.734144332091812e+72,black
454.05405405405406,69681790.9367413,10974.540507161195,99501048.81697077,4382373.364141523,0.6666289073125669,0.5128649370473616,-4.8315554884562835e-17,5.222051562263908e-10,5.831728367195584e+73,57935706467249.375,26334412030567.957,5.664770447153571e-06,4.942142684064055e+72,black
454.85485485485486,69681790.9367413,10992.463201974731,99501048.81697077,4382373.411738539,0.6666303891813773,0.512863193683737,-1.5907219309203824e-17,5.888443442350252e-10,7.718296649030803e+73,60302521968617.49,27410237258462.555,5.4424336891292415e-06,6.540929363585428e+72,black
455.65565565565566,69681790.9367413,11010.37872197058,99501048.81697077,4382373.459316501,0.6666318129024632,0.5128615187283198,-2.7396319579358004e-17,6.63987923263172e-10,1.0215171114198978e+74,62766027679859.56,28530012581754.402,5.228823432211136e-06,8.656924673049983e+72,black
456.45645645645646,69681790.9367413,11028.28707002097,99501048.81697077,4382373.506875418,0.6666331807569758,0.5128599094974704,-3.1546011290970304e-17,7.487212514154029e-10,1.3519786247843834e+74,65330173632856.086,29695533469480.098,5.023597169610076e-06,1.1457445972749017e+73,black
457.25725725725727,69681790.9367413,11046.188248996978,99501048.81697077,4382373.554415296,0.6666344949366165,0.512858363412779,-7.57767534028926e-17,8.442682071660147e-10,1.7893446731721522e+74,67999071227963.87,30908668739983.637,4.826425837586503e-06,1.5163937908238586e+73,black
458.05805805805807,69681790.9367413,11064.082261768528,99501048.81697077,4382373.601936142,0.6666357575471428,0.5128568779969417,-7.061165241559891e-17,9.52008868429152e-10,2.3681989498311573e+74,70776999826313.77,32171363557415.39,4.636993287831441e-06,2.006948262568778e+73,black
458.85885885885887,69681790.9367413,11081.969111204398,99501048.81697077,4382373.649437965,0.6666369706117344,0.5128554508698002,-5.265470238350755e-17,1.073499448152598e-09,3.1343129974152756e+74,73668413611419.5,33485642550645.273,4.454995780542125e-06,2.6561974554366745e+73,black
459.65965965965967,69681790.9367413,11099.848800172218,99501048.81697077,4382373.696920769,0.6666381360742297,0.5128540797445355,-4.220705354489214e-17,1.2104947741656844e-09,4.148265485238126e+74,76677948731100.22,34853613059591.05,4.280141497395143e-06,3.5154792247780736e+73,black
460.46046046046047,69681790.9367413,11117.721331538458,99501048.81697077,4382373.744384567,0.6666392558022339,0.5128527624240097,-3.6704933215777635e-17,1.364973638160715e-09,5.490232325297205e+74,79810430731168.0,36277468514167.33,4.112150073644884e-06,4.6527392587264446e+73,black
461.26126126126127,69681790.9367413,11135.586708168457,99501048.81697077,4382373.7918293625,0.666640331590107,0.5128514967972535,-7.451509153272452e-17,1.539167380024504e-09,7.266326394244508e+74,83070882292799.89,37759491951272.71,3.950752148580206e-06,6.157903723936026e+73,black
462.06206206206207,69681790.9367413,11153.444932926404,99501048.81697077,4382373.839255166,0.666641365161834,0.5128502808360877,-2.6122372388708293e-17,1.7355921202580834e-09,9.616988159931308e+74,86464531286000.0,39302059675454.58,3.795688933626676e-06,8.149989966043485e+73,black
462.86286286286287,69681790.9367413,11171.29600867534,99501048.81697077,4382373.886661984,0.6666423581737833,0.5128491125918796,-1.2444231017197373e-17,1.9570851064486967e-09,1.2728090681629755e+75,89996819152065.97,40907645069120.945,3.6467117973981666e-06,1.0786517526804883e+74,black
463.66366366366367,69681790.9367413,11189.13993827715,99501048.81697077,4382373.934049824,0.6666433122173568,0.5128479901924244,-1.992711753344582e-17,2.206845698426268e-09,1.6845637085772372e+75,93673409628499.23,42578822558408.8,3.503581867034593e-06,1.4275963632010487e+74,black
464.46446446446447,69681790.9367413,11206.976724592587,99501048.81697077,4382373.981418695,0.6666442288215362,0.5128469118389507,-1.9506199085094232e-17,2.4884815844814446e-09,2.2295212685366936e+75,97500197830349.52,44318271741068.01,3.366069645187026e-06,1.8894248038446561e+74,black
465.26526526526527,69681790.9367413,11224.806370481252,99501048.81697077,4382374.028768601,0.66664510945533,0.5128458758032413,-1.2972414218862404e-17,2.8060608961690056e-09,2.950772987420006e+75,101483319702554.05,46128781682979.15,3.2339546420432252e-06,2.5006550740847515e+74,black
466.06606606606607,69681790.9367413,11242.628878801603,99501048.81697077,4382374.076099551,0.6666459555301244,0.5128448804248673,-2.8617544723819373e-17,3.1641709745698604e-09,3.905350151246886e+75,105629161858428.44,48013255390194.805,3.107025021781882e-06,3.309618772243125e+74,black
466.86686686686687,69681790.9367413,11260.44425241095,99501048.81697077,4382374.123411553,0.6666467684019424,0.5128439241085321,1.4845466707922163e-17,3.5679846368906813e-09,5.168733707698672e+75,109944371820084.19,49974714463674.68,2.9850772629211868e-06,4.380282803134469e+74,black
467.6676676676677,69681790.9367413,11278.252494165465,99501048.81697077,4382374.170704616,0.6666475493736141,0.5128430053215166,3.4901732016477094e-17,4.023334900546864e-09,6.8408227448109384e+75,114435868677191.56,52016303944178.05,2.8679158319745394e-06,5.797307410856729e+74,black
468.4684684684685,69681790.9367413,11296.053606920173,99501048.81697077,4382374.217978747,0.6666482996968625,0.5128421225912259,2.3277995843516843e-17,4.5367992452274e-09,9.053833776775563e+75,119110854181179.38,54141297355081.6,2.755352869930162e-06,7.672740488792852e+74,black
469.2692692692693,69681790.9367413,11313.847593528959,99501048.81697077,4382374.265233949,0.6666490205743062,0.5128412745028331,1.0547086927267609e-17,5.115794627664798e-09,1.1982755454328424e+76,123976824292660.83,56353101951209.52,2.647207891043287e-06,1.0154877503668154e+75,black
470.0700700700701,69681790.9367413,11331.63445684456,99501048.81697077,4382374.312470237,0.6666497131613867,0.5128404596970132,5.559650007148247e-17,5.76868462455899e-09,1.585918538139526e+76,129041581200598.39,58655264182090.234,2.5433074934323805e-06,1.3439987611351915e+75,black
470.8708708708709,69681790.9367413,11349.41419971858,99501048.81697077,4382374.359687616,0.6666503785682164,0.5128396768677669,1.615952800712815e-17,6.504900250803056e-09,2.0989643151782136e+76,134313245832482.5,61051475378401.2,2.443485081041885e-06,1.7787833179476386e+75,black
471.6716716716717,69681790.9367413,11367.186825001467,99501048.81697077,4382374.406886091,0.6666510178613577,0.5128389247603306,8.678362510166868e-17,7.335076195592772e-09,2.7779807665899977e+76,139800270875580.53,63545577670718.49,2.3475805965244024e-06,2.3542209886355916e+75,black
472.4724724724725,69681790.9367413,11384.952335542546,99501048.81697077,4382374.454065672,0.6666516320655292,0.5128382021691661,8.246227654380213e-17,8.271204448869578e-09,3.6766595232766534e+76,145511454330136.28,66141570150062.02,2.2554402645943274e-06,3.1158131553191985e+75,black
473.2732732732733,69681790.9367413,11402.710734189988,99501048.81697077,4382374.5012263665,0.6666522221652478,0.5128375079360316,7.24080859191977e-17,9.326807534408526e-09,4.8660614986668276e+76,151455953616251.84,68843615280114.55,2.16691634546036e-06,4.123780931073583e+75,black
474.0740740740741,69681790.9367413,11420.46202379083,99501048.81697077,4382374.54836818,0.6666527891064047,0.5128368409481253,1.0559851468274748e-16,1.05171338517385e-08,6.440235859472047e+76,157643300257067.22,71656045571394.28,2.0818668979402684e-06,5.457826999552583e+75,black
474.8748748748749,69681790.9367413,11438.206207190966,99501048.81697077,4382374.595491122,0.6666533337977804,0.5128362001363045,1.2398894342311785e-16,1.1859377951640351e-08,8.523656747269422e+76,164083415161787.3,74583370528085.22,2.00015555186346e-06,7.2234379214147655e+75,black
475.6756756756757,69681790.9367413,11455.943287235148,99501048.81697077,4382374.642595201,0.6666538571125004,0.5128355844733727,1.0066860744247247e-16,1.3372928924295943e-08,1.1281065776450528e+77,170786624533055.5,77630283878661.64,1.9216512894086404e-06,9.56022523428011e+75,black
476.4764764764765,69681790.9367413,11473.673266767,99501048.81697077,4382374.689680422,0.6666543598894332,0.5128349929724351,1.1979881000564988e-16,1.507965049016276e-08,1.4930498590922687e+77,177763676424183.38,80801671101901.58,1.8462282350334362e-06,1.2652964907561599e+76,black
477.2772772772773,69681790.9367413,11491.396148628997,99501048.81697077,4382374.736746794,0.6666548429345341,0.5128344246853175,9.430402671541343e-17,1.700419683888573e-08,1.976052552039496e+77,185025757972783.1,84102617260356.02,1.7737654536336954e-06,1.674620806813132e+76,black
478.0780780780781,69681790.9367413,11509.111935662484,99501048.81697077,4382374.783794323,0.6666553070221365,0.5128338787010474,1.1623738064332516e-16,1.9174368780344344e-08,2.61530696021737e+77,192584513338437.97,87538415153835.5,1.7041467566393374e-06,2.216361830692687e+76,black
478.87887887887894,69681790.9367413,11526.820630707663,99501048.81697077,4382374.830823019,0.6666557528961914,0.5128333541443956,7.174573394082256e-17,2.162151534932093e-08,3.4613606246701314e+77,200452062373168.5,91114573805985.78,1.6372605157002809e-06,2.933356461584857e+76,black
479.67967967967974,69681790.9367413,11544.522236603594,99501048.81697077,4382374.877832888,0.6666561812714602,0.5128328501744733,1.1440705631414288e-16,2.43809866694682e-08,4.581113252246455e+77,208641020054631.6,94836827297559.86,1.5729994837119167e-06,3.8822993663105536e+76,black
480.48048048048054,69681790.9367413,11562.216756188214,99501048.81697077,4382374.924823937,0.6666565928346587,0.5128323659833857,9.024348777416433e-17,2.749264461672498e-08,6.063106652307154e+77,217164516713219.3,98711143960554.23,1.5112606228421086e-06,5.1382259765314864e+76,black
481.28128128128134,69681790.9367413,11579.904192298314,99501048.81697077,4382374.9717961745,0.6666569882455584,0.512831900794937,8.660898191408229e-17,3.1001438658873626e-08,8.024525972956724e+77,226036219085476.62,102743735947943.95,1.4519449393126834e-06,6.800445739793834e+76,black
482.08208208208214,69681790.9367413,11597.584547769558,99501048.81697077,4382375.018749608,0.6666573681380421,0.5128314538633881,6.930915225456503e-17,3.4958055191011954e-08,1.0620465841102721e+78,235270352227609.12,106941069194367.84,1.3949573246742628e-06,9.000394780595525e+76,black
482.88288288288294,69681790.9367413,11615.257825436462,99501048.81697077,4382375.065684244,0.6666577331211211,0.5128310244722606,8.380547883573067e-17,3.941964974598328e-08,1.4056194105860707e+78,244881722324207.0,111309873783730.5,1.3402064033023466e-06,1.1912028903271783e+77,black
483.68368368368374,69681790.9367413,11632.924028132415,99501048.81697077,4382375.112600093,0.6666580837799091,0.5128306119331892,1.0347963802108052e-16,4.445067265822154e-08,1.860338290868179e+78,254885740428762.56,115857154740346.64,1.28760438587459e-06,1.5765578736171012e+77,black
484.48448448448454,69681790.9367413,11650.583158689673,99501048.81697077,4382375.1594971595,0.6666584206765611,0.5128302155848201,9.565129579714656e-17,5.012380010874766e-08,2.4621590527367796e+78,265298447174047.88,120590203260930.88,1.2370669286123344e-06,2.086575468421e+77,black
485.28528528528534,69681790.9367413,11668.23521993936,99501048.81697077,4382375.206375452,0.666658744351174,0.5128298347917492,1.016195383564096e-16,5.652098400133497e-08,3.2586692596427126e+78,276136538491969.72,125516608405440.83,1.1885129980293089e-06,2.761584118341283e+77,black
486.08608608608614,69681790.9367413,11685.880214711458,99501048.81697077,4382375.253234977,0.6666590553226514,0.5128294689435052,8.621434071862076e-17,6.373463583421766e-08,4.312851085691555e+78,287417392384142.44,130644269265519.34,1.1418647410005156e-06,3.6549585471962337e+77,black
486.88688688688694,69681790.9367413,11703.518145834822,99501048.81697077,4382375.300075744,0.6666593540895355,0.5128291174535716,8.36389122378178e-17,7.186896167340117e-08,5.708061483168486e+78,299159096786108.25,135981407630049.19,1.0970473599251264e-06,4.837340239973293e+77,black
487.68768768768774,69681790.9367413,11721.149016137171,99501048.81697077,4382375.3468977595,0.6666596411308058,0.5128287797584463,8.825539750517991e-17,8.104146751014348e-08,7.554623437782791e+78,311380478569875.94,141536581168125.4,1.0539889927899106e-06,6.402223252358298e+77,black
488.48848848848854,69681790.9367413,11738.7728284451,99501048.81697077,4382375.393701029,0.6666599169066473,0.5128284553167386,3.35096967352933e-17,9.138465674946172e-08,9.998549499683293e+78,324101133731285.0,147318697150584.1,1.0126205979360842e-06,8.473347033629913e+77,black
489.28928928928934,69681790.9367413,11756.389585584064,99501048.81697077,4382375.440485565,0.6666601818591864,0.512828143608302,-4.488786947334502e-17,1.0304794435238796e-07,1.3233087382969615e+79,337341458810598.44,153337026732090.22,9.728758433455195e-07,1.12144808330251e+78,black
490.09009009009014,69681790.9367413,11773.99929037839,99501048.81697077,4382375.487251372,0.6666604364132018,0.5128278441334003,-6.536872207318366e-17,1.1619981528340278e-07,1.7514000574866924e+79,351122683596703.25,159601219816683.34,9.346910002861411e-07,1.4842373368531289e+78,black
490.89089089089094,69681790.9367413,11791.601945651279,99501048.81697077,4382375.533998457,0.6666606809768033,0.5128275564119071,-5.92053184166074e-17,1.3103025844475044e-07,2.3179792232849474e+79,365466905167356.4,166121320530616.53,8.980048411193849e-07,1.9643891722753787e+78,black
491.69169169169174,69681790.9367413,11809.19755422479,99501048.81697077,4382375.5807268275,0.6666609159420862,0.5128272799825359,-5.433983122606759e-17,1.4775351125795416e-07,3.067847152688591e+79,380397123320059.6,172907783327299.75,8.627585411084041e-07,2.5998704683801602e+78,black
492.49249249249254,69681790.9367413,11826.786118919865,99501048.81697077,4382375.627436491,0.666661141685761,0.5128270144021005,-3.146162882922219e-17,1.6661115454121362e-07,4.0602978912460196e+79,395937277450372.25,179971489750169.22,8.288955840935099e-07,3.440930416310186e+78,black
493.29329329329335,69681790.9367413,11844.367642556308,99501048.81697077,4382375.674127455,0.6666613585697552,0.5128267592448064,6.38390625080017e-18,1.8787560239135156e-07,5.373807150464169e+79,412112284936794.1,187323765880360.97,7.963616718616037e-07,4.5540738563255656e+78,black
494.09409409409415,69681790.9367413,11861.942127952796,99501048.81697077,4382375.720799729,0.6666615669417946,0.5128265141015655,8.426336179186375e-18,2.118540374869123e-07,7.112237590405057e+79,428948081093761.75,194976400497164.34,7.65104637070577e-07,6.027319991868691e+78,black
494.89489489489495,69681790.9367413,11879.509577926883,99501048.81697077,4382375.767453318,0.6666617671359613,0.5128262785793434,9.478699899042857e-18,2.388928486605402e-07,9.413051515621348e+79,446471660756825.2,202941663980375.06,7.350743595953894e-07,7.977162301374024e+78,black
495.69569569569575,69681790.9367413,11897.069995294989,99501048.81697077,4382375.814088231,0.6666619594732277,0.5128260523005271,9.935532481632335e-18,2.6938263484740693e-07,1.245818038409553e+80,464711121566680.44,211232327984854.75,7.062226861504753e-07,1.0557779986521631e+79,black
496.49649649649655,69681790.9367413,11914.62338287241,99501048.81697077,4382375.860704473,0.666662144261972,0.5128258349023207,9.070510626807634e-18,3.037638476970872e-07,1.6488410610034166e+80,483695709021462.25,219861685918846.5,6.785033530656137e-07,1.3973229330537424e+79,black
497.29729729729735,69681790.9367413,11932.169743473314,99501048.81697077,4382375.907302055,0.6666623217984723,0.5128256260361642,8.490540613194794e-18,3.4253315436289606e-07,2.182242318406134e+80,503455863369528.3,228843574258876.53,6.5187191209104e-07,1.84935789695435e+79,black
498.09809809809815,69681790.9367413,11949.70907991074,99501048.81697077,4382375.953880982,0.6666624923673811,0.5128254253671736,3.1841894856368694e-17,3.8625061238646064e-07,2.888199262422963e+80,524023268417934.75,238192394735424.9,6.262856591123195e-07,2.4476264935787822e+79,black
498.89889889889895,69681790.9367413,11967.241394996601,99501048.81697077,4382376.000441263,0.6666626562421826,0.5128252325736057,2.6468001061385226e-17,4.3554776032645987e-07,3.822533780553424e+80,545430902334853.9,247923137424933.7,6.017035656595852e-07,3.239435407248664e+79,black
499.69969969969975,69681790.9367413,11984.76669154169,99501048.81697077,4382376.046982906,0.6666628136856302,0.5128250473463404,2.4114100385134802e-17,4.911367410109794e-07,5.059126180654715e+80,567713090527396.4,258051404785180.22,5.780862131007844e-07,4.287395068351454e+79,black
500.50050050050055,69681790.9367413,12002.284972355672,99501048.81697077,4382376.093505916,0.6666629649501682,0.5128248693883863,2.6683326890771464e-17,5.538205892078511e-07,6.69575710278702e+80,590905560679619.8,268593436672554.5,5.553957294194764e-07,5.674370426090694e+79,black
501.30130130130135,69681790.9367413,12019.79624024708,99501048.81697077,4382376.140010301,0.6666631102783367,0.5128246984144043,2.3356743356390338e-17,6.245048323313151e-07,8.861839293700829e+80,615045500038977.8,279566136381353.6,5.335957284659955e-07,7.510033299746468e+79,black
502.10210210210215,69681790.9367413,12037.300498023333,99501048.81697077,4382376.186496069,0.6666632499031602,0.5128245341502504,2.0719710560470713e-17,7.042105717700065e-07,1.172865061587658e+81,640171615043058.1,290987097746844.56,5.126512515910483e-07,9.939534420234392e+79,black
502.90290290290295,69681790.9367413,12054.797748490724,99501048.81697077,4382376.2329632295,0.6666633840485214,0.5128243763325353,2.0072573754855008e-17,7.940892338112412e-07,1.5522877442275767e+81,666324193382222.5,302874633355555.6,4.925287115664808e-07,1.3154980883284553e+80,black
503.70370370370375,69681790.9367413,12072.28799445442,99501048.81697077,4382376.279411787,0.6666635129295199,0.5128242247082027,1.80364530103513e-17,8.954392032556755e-07,2.054453934893767e+81,693545168597652.6,315247803908024.0,4.7319583870166496e-07,1.741062656689634e+80,black
504.50450450450455,69681790.9367413,12089.771238718462,99501048.81697077,4382376.325841751,0.6666636367528175,0.5128240790341232,-2.8329019385576185e-17,1.0097245800142129e-06,2.7190712458395433e+81,721878187318388.4,328126448781085.75,4.5462162906886697e-07,2.3042976659657155e+80,black
505.30530530530535,69681790.9367413,12107.247484085774,99501048.81697077,4382376.372253127,0.66666375571697,0.5128239390767049,-2.4227578843984198e-17,1.138596329647273e-06,3.598692730158083e+81,751368679245164.9,341531217838711.4,4.3677629476296834e-07,3.0497396018288843e+80,black
506.10610610610615,69681790.9367413,12124.716733358158,99501048.81697077,4382376.418645923,0.6666638700127446,0.5128238046115177,-2.8919659401357904e-17,1.2839161333919665e-06,4.762872391040918e+81,782063929993250.0,355483604542386.56,4.1963121609934164e-07,4.03633253478044e+80,black
506.90690690690695,69681790.9367413,12142.178989336295,99501048.81697077,4382376.465020146,0.6666639798234267,0.5128236754229344,-1.9695066940959405e-17,1.4477832822165404e-06,6.303665001257647e+81,814013156911109.2,370005980414140.7,4.0315889568389904e-07,5.34208898411665e+80,black
507.70770770770775,69681790.9367413,12159.634254819735,99501048.81697077,4382376.511375806,0.6666640853251142,0.512823551303785,-1.8965320495155194e-17,1.6325650034192938e-06,8.342905118112493e+81,847267587996431.2,385121630907469.0,3.873329142825158e-07,7.070258574671604e+80,black
508.50850850850856,69681790.9367413,12177.082532606919,99501048.81697077,4382376.55771291,0.6666641866869992,0.5128234320550223,-1.2220489694888301e-17,1.8409306578744632e-06,1.1041840864948352e+82,881880544036071.6,400854792743669.1,3.721278884121031e-07,9.357492258430805e+80,black
509.30930930930936,69681790.9367413,12194.523825495162,99501048.81697077,4382376.604031461,0.6666642840716396,0.5128233174854053,-1.1317222776787717e-17,2.0758903019442996e-06,1.4613884247844988e+82,917907524101624.0,417230692773465.6,3.5751942959221837e-07,1.238464766766524e+81,black
510.11011011011016,69681790.9367413,12211.95813628066,99501048.81697077,4382376.65033147,0.6666643776352205,0.5128232074111904,-1.1769542368439532e-17,2.3408381711288695e-06,1.9341486208822452e+82,955406294537675.6,434275588426216.3,3.4348410518486083e-07,1.639109000747665e+81,black
510.91091091091096,69681790.9367413,12229.385467758491,99501048.81697077,4382376.696612946,0.6666644675278038,0.5128231016558373,-4.531075565971648e-18,2.6396017136259365e-06,2.559847077078237e+82,994436981585471.6,452016809811578.1,3.299994007640864e-07,2.169361929727319e+81,black
511.71171171171176,69681790.9367413,12246.805822722612,99501048.81697077,4382376.742875894,0.6666645538935713,0.5128230000497253,2.0101591581968974e-18,2.9764968821477964e-06,3.387959429423967e+82,1035062167790466.5,470482803541121.1,3.1704368395305416e-07,2.8711520588338704e+81,black
512.5125125125126,69681790.9367413,12264.219203965868,99501048.81697077,4382376.789120321,0.666664636871053,0.5128229024298808,1.4724362455071984e-16,3.356390482750205e-06,4.483966717465845e+82,1077346992348371.6,489703178340168.9,3.0459616967114554e-07,3.7999717944625815e+81,black
513.3133133133133,69681790.9367413,12281.62561427997,99501048.81697077,4382376.835346233,0.6666647165933527,0.5128228086397172,1.8135594835742228e-16,3.7847704813749215e-06,5.934533143673016e+82,1121359255550569.2,509708752522986.0,2.9263688673497857e-07,5.0292653759940824e+81,black
514.1141141141142,69681790.9367413,12299.02505645553,99501048.81697077,4382376.881553641,0.6666647931883594,0.5128227185287814,1.6009657738531156e-16,4.267825283767371e-06,7.854358841728515e+82,1167169527496417.8,530531603407462.5,2.811466457323312e-07,6.6562363065495905e+81,black
514.9149149149149,69681790.9367413,12316.417533282034,99501048.81697077,4382376.927742553,0.6666648667789541,0.5128226319525128,1.3713012500938158e-16,4.812533134058701e-06,1.0395249520239191e+83,1214851261246640.2,552205118748473.06,2.701070081949919e-07,8.809533491728129e+81,black
515.7157157157158,69681790.9367413,12333.803047547854,99501048.81697077,4382376.973912976,0.6666649374832064,0.5128225487720118,1.1287026063669997e-16,5.426762923482725e-06,1.3758120142649174e+83,1264480910599416.0,574764050272462.0,2.5950025693207033e-07,1.1659423849702692e+82,black
516.5165165165165,69681790.9367413,12351.18160204024,99501048.81697077,4382377.020064914,0.6666650054145649,0.5128224688538155,1.060937534009179e-16,6.119387865525239e-06,1.8208881806146495e+83,1316138052677797.0,598244569398998.8,2.493093675179446e-07,1.543125576792076e+82,black
517.3173173173174,69681790.9367413,12368.553199545333,99501048.81697077,4382377.066198374,0.6666650706820396,0.5128223920696836,7.252847376482147e-17,6.900413679679785e-06,2.4099468037216718e+83,1369905515525237.2,622684325238744.2,2.395179808833368e-07,2.0423277997641288e+82,black
518.1181181181181,69681790.9367413,12385.917842848154,99501048.81697077,4382377.112313367,0.6666651333903767,0.5128223182963926,6.493577030303084e-17,7.781123135572445e-06,3.189566310888252e+83,1425869510913588.0,648122504960722.0,2.3011037696908582e-07,2.7030222973629252e+82,black
518.918918918919,69681790.9367413,12403.275534732611,99501048.81697077,4382377.158409899,0.6666651936402281,0.5128222474155367,5.613994241784654e-17,8.774239045568738e-06,4.221393283805663e+83,1484119772576765.2,674599896625802.4,2.2107144938781586e-07,3.577451935428527e+82,black
519.7197197197197,69681790.9367413,12420.6262779815,99501048.81697077,4382377.204487977,0.666665251528312,0.5128221793133377,4.977916071111249e-17,9.89410806049476e-06,5.587017018532962e+83,1544749700091445.2,702158954587020.5,2.1238668106245845e-07,4.734760185197427e+82,black
520.5205205205206,69681790.9367413,12437.970075376497,99501048.81697077,4382377.250547607,0.6666653071475703,0.5128221138804618,4.4144118478321197e-17,1.1156907923556839e-05,7.394421004753356e+83,1607856508635791.0,730843867561723.1,2.0404212079964893e-07,6.266458478604544e+82,black
521.3213213213213,69681790.9367413,12455.306929698174,99501048.81697077,4382377.296588802,0.6666653605873171,0.5128220510118431,3.9147609046134296e-17,1.2580881176596491e-05,9.786521468237708e+83,1673541384866056.0,760700629484570.6,1.9602436075611348e-07,8.293662261218402e+82,black
522.1221221221222,69681790.9367413,12472.636843725977,99501048.81697077,4382377.342611564,0.6666654119333838,0.5128219906065142,3.471664430522707e-17,1.4186598694759873e-05,1.295246813600943e+84,1741909649161254.0,791777113255115.1,1.8832051476403898e-07,1.0976667911872403e+83,black
522.9229229229229,69681790.9367413,12489.95982023825,99501048.81697077,4382377.3886159025,0.6666654612682569,0.5128219325674438,3.0787202966218954e-17,1.5997256856669394e-05,1.7142600806506469e+84,1813070924495792.8,824123147498087.4,1.809181974785677e-07,1.4527627802124133e+83,black
523.7237237237238,69681790.9367413,12507.27586201222,99501048.81697077,4382377.434601825,0.6666655086712113,0.5128218768013796,2.730251972246775e-17,1.8039012643086496e-05,2.268824438133086e+84,1887139312211102.8,857790596459592.1,1.738055043130864e-07,1.9227325746890564e+83,black
524.5245245245245,69681790.9367413,12524.584971824002,99501048.81697077,4382377.480569337,0.6666655542184394,0.5128218232186978,2.4212254162338092e-17,2.0341361504951232e-05,3.002790760381269e+84,1964233574967815.8,892833443167189.0,1.6697099212904678e-07,2.5447379325264994e+83,black
525.3253253253254,69681790.9367413,12541.887152448606,99501048.81697077,4382377.526518446,0.6666655979831727,0.5128217717332576,2.1471763689930643e-17,2.2937563459559055e-05,3.974195710818294e+84,2044477327172159.5,929307875987345.2,1.6040366064814122e-07,3.3679624667951644e+83,black
526.1261261261261,69681790.9367413,12559.182406659915,99501048.81697077,4382377.572449163,0.6666656400358021,0.5128217222622621,1.9041458629379873e-17,2.5865123570330408e-05,5.259850854834059e+84,2127999233181563.8,967272378718892.2,1.540929345558216e-07,4.457500724435643e+83,black
526.926926926927,69681790.9367413,12576.470737230722,99501048.81697077,4382377.618361491,0.6666656804439914,0.5128216747261238,1.6886230305543547e-17,2.9166333751283885e-05,6.96141635394934e+84,2214933213607620.2,1006787824367099.8,1.4802864626614116e-07,5.899505384702831e+83,black
527.7277277277277,69681790.9367413,12593.7521469327,99501048.81697077,4382377.664255441,0.6666657192727875,0.512821629048336,1.49749438570792e-17,3.288888372321088e-05,9.213439504366327e+84,2305418660046847.0,1047917572748566.8,1.4220101931896805e-07,7.807999579971462e+83,black
528.5285285285286,69681790.9367413,12611.026638536414,99501048.81697077,4382377.710131018,0.6666657565847259,0.5128215851553473,1.3279988455981901e-17,3.7086549947552555e-05,1.2193993748470942e+85,2399600658583910.0,1090727572083595.9,1.3660065238154035e-07,1.0333893007178763e+84,black
529.3293293293293,69681790.9367413,12628.294214811309,99501048.81697077,4382377.755988228,0.666665792439933,0.5128215429764422,1.177687843601791e-17,4.1819972490434814e-05,1.6138759414131635e+85,2497630222425324.0,1135286464738784.2,1.3121850382732448e-07,1.3676914757738673e+84,black
530.1301301301302,69681790.9367413,12645.554878525742,99501048.81697077,4382377.801827082,0.6666658268962238,0.5128215024436267,1.0443899567869711e-17,4.71575310396029e-05,2.1359659583278554e+85,2599664534036995.0,1181665697289543.2,1.2604587686600772e-07,1.810140642650725e+84,black
530.9309309309309,69681790.9367413,12662.808632446942,99501048.81697077,4382377.847647585,0.666665860009198,0.5128214634915148,9.261795371017964e-18,5.317633272934106e-05,2.8269524677010367e+85,2705867197173464.0,1229939635078847.5,1.2107440519939828e-07,2.395722430255116e+84,black
531.7317317317318,69681790.9367413,12680.055479341048,99501048.81697077,4382377.893449745,0.6666658918323295,0.5128214260572233,8.213488930754401e-18,5.9963326043712775e-05,3.741473605177745e+85,2816408499203391.0,1280185681456087.2,1.1629603917884527e-07,3.1707403433709697e+84,black
532.5325325325325,69681790.9367413,12697.295421973076,99501048.81697077,4382377.939233569,0.666665922417055,0.512821390080268,7.283836201642538e-18,6.761655688975429e-05,4.9518429822154705e+85,2931465684151446.5,1332484401887020.8,1.1170303244072257e-07,4.1964771035724325e+84,black
533.3333333333334,69681790.9367413,12714.528463106948,99501048.81697077,4382377.984999064,0.6666659518128599,0.5128213555024632,6.459407233593801e-18,7.624658498612199e-05,6.553767715101459e+85,3051223236894855.0,1386919653134024.5,1.0728792899737382e-07,5.5540404365266625e+84,black
534.1341341341341,69681790.9367413,12731.754605505466,99501048.81697077,4382378.030746239,0.6666659800673587,0.5128213222678262,5.728292160111405e-18,8.597808102859176e-05,8.673916240431413e+85,3175873178969844.5,1443578717713565.8,1.0304355076187787e-07,7.3507764749418815e+84,black
534.934934934935,69681790.9367413,12748.973851930343,99501048.81697077,4382378.0764751,0.666666007226375,0.5128212903224838,5.0799291459654716e-18,9.695162770540359e-05,1.1479934324290625e+86,3305615376462749.0,1502552443846703.8,9.896298548592467e-08,9.72875790194121e+84,black
535.7357357357357,69681790.9367413,12766.186205142169,99501048.81697077,4382378.122185654,0.6666660333340183,0.5128212596145836,4.504951808800167e-18,0.00010932575058023551,1.5193701257537412e+86,3440657860478970.0,1563935391126804.2,9.503957509115716e-08,1.2876018014862216e+85,black
536.5365365365366,69681790.9367413,12783.391667900441,99501048.81697077,4382378.167877911,0.6666660584327565,0.5128212300942062,3.995053910492015e-18,0.00012327920818137387,2.0108874439709961e+86,3581217160704104.5,1627825982138229.2,9.126690437542618e-08,1.7041419016703354e+85,black
537.3373373373373,69681790.9367413,12800.590242963544,99501048.81697077,4382378.213551875,0.6666660825634888,0.5128212017132822,3.542869363565649e-18,0.00013901357438012398,2.6614109648322454e+86,3727518652591668.5,1694326660268940.2,8.763879007667689e-08,2.255433021044275e+85,black
538.1381381381382,69681790.9367413,12817.781933088763,99501048.81697077,4382378.259207554,0.6666661057656139,0.5128211744255109,3.1418658192139447e-18,0.0001567561503640444,3.522379308182911e+86,3879796918734493.5,1763544053970224.5,8.41492702785681e-08,2.9850672103245012e+85,black
538.9389389389389,69681790.9367413,12834.966741032278,99501048.81697077,4382378.304844957,0.6666661280770972,0.5128211481862811,2.7862502996752364e-18,0.00017676324827189862,4.6618715240372284e+86,4038296124998781.5,1835589147726719.2,8.079259414355752e-08,3.950738579692569e+85,black
539.7397397397398,69681790.9367413,12852.144669549169,99501048.81697077,4382378.350464091,0.6666661495345354,0.5128211229525974,2.470885511712426e-18,0.00019932389392642266,6.169990283594656e+86,4203270412024430.5,1910577460011105.0,7.75632119610344e-08,5.2288053250802195e+85,black
540.5405405405405,69681790.9367413,12869.315721393403,99501048.81697077,4382378.39606496,0.6666661701732195,0.5128210986830035,2.1912156322431103e-18,0.00022476400215525982,8.165986536383517e+86,4374984302718833.0,1988629228508561.0,7.445576550030228e-08,6.920327573206372e+85,black
541.3413413413414,69681790.9367413,12886.479899317856,99501048.81697077,4382378.441647575,0.666666190027195,0.512821075337514,1.943200494003835e-18,0.0002534510850176501,1.0807688999069091e+87,4553713126398067.0,2069869602908213.0,7.146507866079533e-08,9.159058473787365e+85,black
542.1421421421421,69681790.9367413,12903.637206074296,99501048.81697077,4382378.487211942,0.6666662091293212,0.5128210528775438,1.7232572204823813e-18,0.0002857995609527862,1.4303984090606147e+87,4739743460255014.0,2154428845570461.5,6.858614841503614e-08,1.212202041576792e+86,black
542.942942942943,69681790.9367413,12920.78764441339,99501048.81697077,4382378.532758068,0.6666662275113284,0.5128210312658416,1.5282084669636446e-18,0.00032227674154695343,1.8931333135309651e+87,4933373588862852.0,2242442540392206.0,6.581413604353792e-08,1.6043502657042073e+86,black
543.7437437437437,69681790.9367413,12937.931217084708,99501048.81697077,4382378.578285961,0.6666662452038725,0.512821010466425,1.355236519969816e-18,0.0003634095824053817,2.505563289287894e+87,5134913982449996.0,2334051810204544.0,6.314435866533723e-08,2.1233587197355033e+86,black
544.5445445445446,69681790.9367413,12955.067926836715,99501048.81697077,4382378.6237956295,0.6666662622365885,0.5128209904445195,1.2018425920051805e-18,0.00040979229565342527,3.316114798546979e+87,5344687794714196.0,2429403543051907.5,6.05722810731819e-08,2.8102667784296433e+86,black
545.3453453453453,69681790.9367413,12972.197776416773,99501048.81697075,4382378.669287079,0.6666662786381422,0.5128209711664949,1.0658107235702071e-18,0.0004620949340386466,4.388880298572604e+87,5563031380973061.0,2528650627715028.0,5.809350788887351e-08,3.719390083536106e+86,black
546.1461461461462,69681790.9367413,12989.320768571153,99501048.81697075,4382378.714760316,0.6666662944362806,0.5128209525998104,9.451757709651348e-19,0.0005210730706416567,5.808686202193935e+87,5790294837482855.0,2631952198855843.5,5.5703776061982194e-08,4.922615425588082e+86,black
546.946946946947,69681790.9367413,13006.436906045019,99501048.81697075,4382378.7602153495,0.6666663096578783,0.5128209347129566,8.381950174295521e-19,0.0005875787140306694,7.687800327234776e+87,6026842562789243.0,2739473892176928.0,5.339894774446653e-08,6.51508502308032e+86,black
547.7477477477478,69681790.9367413,13023.546191582434,99501048.81697075,4382378.805652185,0.6666663243289844,0.5128209174754021,7.433229975058827e-19,0.0006625726165424516,1.017480921057657e+88,6273053842010919.0,2851388110004963.0,5.11750035848144e-08,8.622719669980144e+86,black
548.5485485485486,69681790.9367413,13040.648627926375,99501048.81697075,4382378.851070833,0.666666338474865,0.5128209008575432,6.591891709348674e-19,0.0007471381534976352,1.3466367239649343e+88,6529323454992704.0,2967874297723955.0,4.902803649857106e-08,1.1412175626821482e+87,black
549.3493493493494,69681790.9367413,13057.744217818707,99501048.81697075,4382378.896471297,0.6666663521200452,0.5128208848306538,5.845781235557262e-19,0.0008424969738522933,1.7822746636329167e+88,6796062309302806.0,3089119231501275.0,4.6954245987825176e-08,1.5104022573160312e+87,black
550.1501501501502,69681790.9367413,13074.832964000201,99501048.81697075,4382378.941853586,0.6666663652883463,0.5128208693668422,5.184120091889275e-19,0.0009500266483786503,2.358841787171255e+88,7073698099090124.0,3215317317768237.5,4.494993310075128e-08,1.9990184637044536e+87,black
550.950950950951,69681790.9367413,13091.91486921054,99501048.81697075,4382378.987217708,0.6666663780029213,0.5128208544390083,4.5973497885383175e-19,0.0010712805703238814,3.1219287859723434e+88,7362675990856860.0,3346670904934935.5,4.301149614406689e-08,2.645702360993512e+87,black
551.7517517517518,69681790.9367413,13108.9899361883,99501048.81697075,4382379.03256367,0.666666390286286,0.5128208400208063,4.0769937238221586e-19,0.0012080103960365625,4.1318749725772085e+88,7663459337247255.0,3483390607839660.5,4.113542728655462e-08,3.501588959811194e+87,black
552.5525525525526,69681790.9367413,13126.058167670959,99501048.81697075,4382379.07789148,0.6666664021603459,0.5128208260866124,3.6155347294925654e-19,0.0013621913497423488,5.4685394701242046e+88,7976530419995701.0,3625695645452591.0,3.931831022101291e-08,4.634355483156106e+87,black
553.3533533533534,69681790.9367413,13143.119566394913,99501048.81697075,4382379.123201144,0.6666664136464177,0.5128208126114976,3.2063064762119917e-19,0.0015360507580276237,7.237615884986267e+88,8302391223226813.0,3773814192375823.0,3.7556819085281714e-08,6.133572783886667e+87,black
554.1541541541542,69681790.9367413,13160.17413509545,99501048.81697075,4382379.16849267,0.6666664247652456,0.5128207995712072,2.843397170421302e-19,0.0017321002262457312,9.578989780501843e+88,8641564238345922.0,3927983744702691.5,3.5847718880468065e-08,8.117787949577836e+87,black
554.954954954955,69681790.9367413,13177.22187650677,99501048.81697075,4382379.213766064,0.66666643553701,0.5128207869421486,2.5215641513818725e-19,0.0019531719216738276,1.2677799799416853e+89,8994593301812122.0,4088451500823691.5,3.418786766588395e-08,1.0743898135099032e+88,black
555.7557557557558,69681790.9367413,13194.262793361966,99501048.81697075,4382379.2590213325,0.6666664459813263,0.5128207747013883,2.236158154645769e-19,0.002202459487573821,1.6779077067311043e+89,9362044467135554.0,4255474757788889.5,3.257422085495045e-08,1.4219556836704278e+88,black
556.5565565565566,69681790.9367413,13211.296888393057,99501048.81697075,4382379.304258484,0.6666664561172367,0.5128207628266592,1.9830561478471024e-19,0.0024835641792117693,2.2207120453471512e+89,9744506912498824.0,4429321323863103.0,3.1003837983120346e-08,1.8819593604636885e+88,black
557.3573573573574,69681790.9367413,13228.32416433095,99501048.81697075,4382379.349477529,0.6666664659631878,0.5128207512963826,1.7586017685484962e-19,0.002800546888325612,2.9391139742452954e+89,1.0142593885456108e+16,4610269947934596.0,2.9473892365718494e-08,2.4907745544451666e+88,black
558.1581581581582,69681790.9367413,13245.344623905468,99501048.81697075,4382379.39467847,0.666666475536994,0.512820740089703,1.5595525036945713e-19,0.0031579868075989853,3.889919438991577e+89,1.055694368622619e+16,4798610766466451.0,2.7981684107180737e-08,3.2965418974504896e+88,black
558.958958958959,69681790.9367413,13262.358269845337,99501048.81697075,4382379.439861315,0.6666664848557876,0.5128207291865434,1.3830328476170662e-19,0.0035610475826200303,5.148311149015091e+89,1.0988220691154936e+16,4994645768706790.0,2.652465695872315e-08,4.362975550012789e+88,black
559.7597597597598,69681790.9367413,13279.365104878198,99501048.81697075,4382379.485026073,0.6666664939359467,0.5128207185676794,1.2264927619021268e-19,0.004015551906971645,6.813793473813009e+89,1.1437116417989312e+16,5198689280904232.0,2.510041954206428e-08,5.774401248994075e+88,black
560.5605605605606,69681790.9367413,13296.36513173059,99501048.81697075,4382379.530172749,0.6666665027930048,0.5128207082148367,1.0876708370232953e-19,0.0045280656380688455,9.01806051735001e+89,1.1904350634669622e+16,5411068470304375.0,2.3706771452985714e-08,7.64242416724577e+88,black
561.3613613613614,69681790.9367413,13313.35835312797,99501048.81697075,4382379.575301354,0.6666665114415347,0.512820698110817,9.645616235649243e-20,0.005105992648899712,1.1935409519990265e+90,1.2390672513419544e+16,5632123869736156.0,2.2341734717473316e-08,1.0114753830500222e+89,black
562.1621621621622,69681790.9367413,13330.344771794696,99501048.81697075,4382379.620411893,0.666666519895005,0.5128206882396514,8.553866610972606e-20,0.005757681785917856,1.5796523003566965e+90,1.2896861831982706e+16,5862209923628502.0,2.10035909784014e-08,1.3386883901327933e+89,black
562.962962962963,69681790.9367413,13347.324390454043,99501048.81697075,4382379.665504374,0.6666665281656102,0.5128206785867884,7.585687861796387e-20,0.006492547478223534,2.0906709450087345e+90,1.3423730223933608e+16,6101695556333457.0,1.9690924621280055e-08,1.7717550381429952e+89,black
563.7637637637638,69681790.9367413,13364.297211828183,99501048.81697075,4382379.710578801,0.6666665362640662,0.512820669139314,6.727093483406985e-20,0.0073212057403769185,2.767004485301374e+90,1.3972122480065728e+16,6350964763666240.0,1.840267177817875e-08,2.344919055340147e+89,black
564.5645645645646,69681790.9367413,13381.263238638216,99501048.81697075,4382379.755635184,0.6666665441993767,0.5128206598862111,5.965680048925548e-20,0.008255627533571222,3.6621324077598747e+90,1.454291790294589e+16,6610417228611770.0,1.7138174750143757e-08,3.103502040474471e+89,black
565.3653653653654,69681790.9367413,13398.222473604139,99501048.81697075,4382379.8006735295,0.6666665519785675,0.5128206508186501,5.290448026912884e-20,0.009309311700647709,4.846834850903147e+90,1.5137031716803836e+16,6880468962183564.0,1.5897240828347626e-08,4.1074871617823295e+89,black
566.1661661661662,69681790.9367413,13415.17491944487,99501048.81697075,4382379.845693844,0.6666665596063935,0.5128206419303156,4.69164287992729e-20,0.010497479973210995,6.414789378491885e+90,1.5755416535021016e+16,7161552970464101.0,1.4680203741347095e-08,5.436262185162614e+89,black
566.966966966967,69681790.9367413,13432.120578878228,99501048.81697075,4382379.890696138,0.666666567085022,0.5128206332177563,4.160614148518027e-20,0.011837296867948991,8.489978312906153e+90,1.6399063887568142e+16,7454119948894614.0,1.3487984984708627e-08,7.194896875344197e+89,black
567.7677677677679,69681790.9367413,13449.05945462095,99501048.81697075,4382379.935680416,0.6666665744137085,0.5128206246807504,3.689690484949337e-20,0.013348117648826843,1.1236492346153428e+91,1.7069005810844126e+16,7758639004929151.0,1.232215108881196e-08,9.522451140807988e+89,black
568.5685685685686,69681790.9367413,13465.991549388686,99501048.81697075,4382379.980646686,0.6666665815884717,0.5128206163226713,3.2720688313683574e-20,0.01505176793724397,1.4871505624444726e+91,1.7766316502461888e+16,8075598410209951.0,1.118496146707409e-08,1.2602970868173495e+90,black
569.3693693693695,69681790.9367413,13482.916865896,99501048.81697075,4382380.025594955,0.6666665886017988,0.5128206081508278,2.901716141471334e-20,0.01697285900950545,1.9682448287269783e+91,1.8492114043638076e+16,8405506383471856.0,1.0079399920553733e-08,1.668004092141507e+90,black
570.1701701701702,69681790.9367413,13499.835406856359,99501048.81697075,4382380.070525231,0.6666665954424044,0.5128206001767466,2.5732822258953587e-20,0.019139143336339596,2.604973432438196e+91,1.924756219194505e+16,8748891905429572.0,9.00918128255864e-09,2.2076046037611833e+90,black
570.970970970971,69681790.9367413,13516.747174982158,99501048.81697075,4382380.115437518,0.6666666020950809,0.5128205924163629,2.282022462318215e-20,0.021581915500811732,3.447684192878236e+91,2.003387224730254e+16,9106305566955702.0,7.978723284302292e-09,2.921766265151048e+90,black
571.7717717717718,69681790.9367413,13533.652172984697,99501048.81697075,4382380.160331825,0.666666608540689,0.5128205848900612,2.0237292536822193e-20,0.024336464286154817,4.563012484426886e+91,2.0852304994198252e+16,9478320451908302.0,6.993072838938043e-09,3.8669597325651585e+90,black
572.5725725725727,69681790.9367413,13550.550403574198,99501048.81697075,4382380.20520816,0.6666666147563319,0.5128205776225222,1.794671244405141e-20,0.027442582464627052,6.039150272533109e+91,2.1704172723254436e+16,9865533056024746.0,6.057776027100867e-09,5.117923959773823e+90,black
573.3733733733734,69681790.9367413,13567.441869459792,99501048.81697075,4382380.250066531,0.6666666207157744,0.5128205706423061,1.5915394164680646e-20,0.030945141651803523,7.992819686269022e+91,2.259084133537875e+16,1.026856424335398e+16,5.17868268695615e-09,6.773576005312735e+90,black
574.1741741741743,69681790.9367413,13584.326573349521,99501048.81697075,4382380.294906944,0.6666666263901485,0.5128205639811237,1.4113992866760564e-20,0.034894740530775854,1.0578502546580673e+92,2.3513732531876788e+16,1.068806024176218e+16,4.361680285535734e-09,8.964832666593795e+90,black
574.974974974975,69681790.9367413,13601.204517950358,99501048.81697075,4382380.339729407,0.6666666317489937,0.5128205576727476,1.251648514524658e-20,0.039348435810612085,1.4000655653495245e+92,2.4474326094033856e+16,1.11246936791063e+16,3.6123582368994604e-09,1.1864962418216315e+91,black
575.7757757757759,69681790.9367413,13618.075705968175,99501048.81697075,4382380.384533926,0.6666666367616394,0.5128205517515378,1.1099793082659694e-20,0.04437056647866525,1.852987772746307e+92,2.547416225582534e+16,1.1579164661738796e+16,2.9356133384134328e-09,1.5703286209714473e+91,black
576.5765765765766,69681790.9367413,13634.940140107768,99501048.81697075,4382380.429320507,0.6666666413989171,0.5128205462506027,9.843450860855571e-21,0.050033683254040166,2.4524306367740062e+92,2.6514844173556444e+16,1.2052201897071114e+16,2.335219282228702e-09,2.0783310481135647e+91,black
577.3773773773775,69681790.9367413,13651.797823072862,99501048.81697075,4382380.47408916,0.6666666456351309,0.5128205411996558,8.72930910771047e-21,0.056419596669376654,3.245793694610151e+92,2.7598040496394188e+16,1.2544563861997364e+16,1.8133971594248623e-09,2.7506726225509757e+91,black
578.1781781781782,69681790.9367413,13668.648757566078,99501048.81697075,4382380.518839892,0.6666666494501626,0.5128205366227029,7.741272707630191e-21,0.06362055892162319,4.2958102674341705e+92,2.872548804191029e+16,1.3057040019050136e+16,1.3704372485199032e-09,3.64051717579167e+91,black
578.9789789789791,69681790.9367413,13685.492946288974,99501048.81697075,4382380.563572708,0.6666666528315212,0.5128205325357506,6.86506828827532e-21,0.07174059656524648,5.685507949660315e+92,2.989899458092851e+16,1.3590452082240238e+16,1.004431672785295e-09,4.818227075983317e+91,black
579.7797797797798,69681790.9367413,13702.330391942012,99501048.81697075,4382380.608287617,0.6666666557760971,0.5128205289447982,6.088038024578494e-21,0.08089701330046811,7.524773822225726e+92,3.112044173613759e+16,1.4145655334608002e+16,7.111783382349304e-10,6.376926967987903e+91,black
580.5805805805807,69681790.9367413,13719.161097224589,99501048.81697075,4382380.652984626,0.6666666582913552,0.512820525844397,5.398956781247697e-21,0.09122208456581872,9.959043515013592e+92,3.239178799912229e+16,1.4723539999601044e+16,4.843046450445154e-10,8.439867385604741e+91,black
581.3813813813814,69681790.9367413,13735.985064834998,99501048.81697075,4382380.697663741,0.6666666603957163,0.5128205232170551,4.7878699522083e-21,0.10286496841569683,1.318080118779177e+93,3.371507187064424e+16,1.5325032668474658e+16,3.156323131704655e-10,1.1170170498128619e+92,black
582.1821821821823,69681790.9367413,13752.802297470476,99501048.81697075,4382380.742324972,0.6666666621179514,0.5128205210336925,4.245949654362845e-21,0.11599386028785848,1.7444799763154863e+93,3.5092415129214668e+16,1.5951097786006668e+16,1.9576367643415857e-10,1.4783728612843104e+92,black
582.982982982983,69681790.9367413,13769.612797827163,99501048.81697075,4382380.7869683225,0.6666666634955496,0.5128205192552109,3.7653671982192826e-21,0.1307984227889619,2.3088204915772467e+93,3.652602623319259e+16,1.6602739196905724e+16,1.1482195828061782e-10,1.956627535234955e+92,black
583.7837837837839,69681790.9367413,13786.416568600136,99501048.81697075,4382380.8315938,0.6666666645721889,0.5128205178350622,3.339179993068706e-21,0.1474925255993061,3.055725565613922e+93,3.801820386187086e+16,1.7281001755395846e+16,6.323592672870881e-11,2.5895979369609506e+92,black
584.5845845845846,69681790.9367413,13803.213612483378,99501048.81697075,4382380.876201414,0.6666666653946315,0.5128205167225043,2.961231252926321e-21,0.16631733507782664,4.0442549632638713e+93,3.957134060122007e+16,1.7986973000554572e+16,3.2438270040766165e-11,3.427334714630399e+92,black
585.3853853853855,69681790.9367413,13820.003932169793,99501048.81697075,4382380.920791171,0.666666666009482,0.5128205158660822,2.62606105436347e-21,0.18754479820034467,5.352574325371402e+93,4.118792678020853e+16,1.8721784900094784e+16,1.53592321361941e-11,4.536079936755424e+92,black
586.1861861861862,69681790.9367413,13836.787530351223,99501048.81697075,4382380.965363076,0.6666666664603011,0.5128205152168206,2.3288274613574396e-21,0.21148157116056285,7.084135933285203e+93,4.2870554463841e+16,1.9486615665382276e+16,6.644465376825476e-12,6.003505028207797e+92,black
586.9869869869871,69681790.9367413,13853.56440971842,99501048.81697075,4382381.009917138,0.666666666785468,0.5128205147306865,2.065236577710513e-21,0.23847344938723294,9.37585895507992e+93,4.462192160932699e+16,2.0282691640603188e+16,2.596111886371676e-12,7.945643182271116e+92,black
587.7877877877878,69681790.9367413,13870.33457296106,99501048.81697075,4382381.054453364,0.6666666670170102,0.512820514370068,1.8314805165631878e-21,0.2689103629743316,1.24089560072548e+94,4.644483639203495e+16,2.11112892691068e+16,9.043047376353169e-13,1.0516064412927794e+93,black
588.5885885885887,69681790.9367413,13887.098022767743,99501048.81697075,4382381.098971761,0.666666667180381,0.5128205141042452,1.6241823908954022e-21,0.3032320096893963,1.6423262116859358e+94,4.834222170817535e+16,2.197373714007971e+16,2.7673816743943556e-13,1.3918018743101148e+93,black
589.3893893893894,69681790.9367413,13903.854761825989,99501048.81697075,4382381.143472336,0.6666666672949808,0.5128205139090498,1.4403475303384514e-21,0.34193420693557575,2.17361991130706e+94,5.0317119861426344e+16,2.287141811883016e+16,7.318275263775459e-14,1.8420507722941181e+93,black
590.1901901901903,69681790.9367413,13920.604792822258,99501048.81697075,4382381.187955097,0.6666666673751068,0.5128205137660082,1.2773202195649493e-21,0.3855760544293142,2.8767875012967156e+94,5.237269744102378e+16,2.380577156410172e+16,1.6414994462763708e-14,2.4379555095734873e+93,black
590.990990990991,69681790.9367413,13937.348118441914,99501048.81697075,4382381.232420051,0.6666666674310411,0.5128205136612835,1.132745333291952e-21,0.4347880110669994,3.807430307646849e+94,5.4512250399127944e+16,2.4778295635967252e+16,3.058017628736066e-15,3.2266358539380066e+93,black
591.7917917917919,69681790.9367413,13954.08474136926,99501048.81697075,4382381.2768672025,0.6666666674700623,0.512820513584639,1.004534313667794e-21,0.49028100266081276,5.039136724923316e+94,5.673920933561814e+16,2.5790549698008256e+16,4.62082175437791e-16,4.270454851629928e+93,black
592.5925925925926,69681790.9367413,13970.814664287514,99501048.81697075,4382381.32129656,0.6666666674972788,0.512820513528552,8.90834998545921e-22,0.552856692115755,6.6693010457638966e+94,5.9057144998779704e+16,2.684415681762715e+16,5.5142468052948625e-17,5.651950038782963e+93,black
593.3933933933935,69681790.9367413,13987.537889878833,99501048.81697075,4382381.365708136,0.6666666675162606,0.5128205134875099,7.900048647783111e-22,0.6234190604130624,8.826824685866913e+94,6.14697740107116e+16,2.7940806368505276e+16,5.043386864711626e-18,7.480359903277043e+93,black
594.1941941941942,69681790.9367413,14004.254420824285,99501048.81697075,4382381.410101932,0.6666666675294989,0.512820513457477,7.005872999961994e-22,0.7029874657010109,1.1682308760747746e+95,6.398096482662703e+16,2.908225673937591e+16,3.4241422941125854e-19,9.900261661650631e+93,black
594.9949949949951,69681790.9367413,14020.964259803879,99501048.81697075,4382381.454477955,0.6666666675387316,0.5128205134355005,6.212905600950809e-22,0.7927113691475788,1.5461543968341553e+95,6.65947439376102e+16,3.0270338153459176e+16,1.7411739751080468e-20,1.3103003363001316e+94,black
595.7957957957958,69681790.9367413,14037.667409496538,99501048.81697075,4382381.498836213,0.6666666675451709,0.5128205134194191,5.5096910843995755e-22,0.8938869402873251,2.0463364458234023e+95,6.931530232676624e+16,3.150695560307556e+16,1.5968078301734744e-21,1.7341834286639004e+94,black
596.5965965965967,69681790.9367413,14054.363872580123,99501048.81697075,4382381.543176713,0.6666666675496618,0.5128205134076517,4.88607067212899e-22,1.007975781746969,2.7083277440314705e+95,7.214700218912563e+16,3.2794091904148004e+16,1.2356431130914707e-21,2.2951930034165006e+94,black
597.3973973973974,69681790.9367413,14071.053651731414,99501048.81697075,4382381.587499464,0.6666666675527937,0.5128205133990404,4.333035418380637e-22,1.136626043850484,3.584473698867884e+95,7.50943839260682e+16,3.413381087548553e+16,1.4292928000664562e-21,3.0376895753117663e+94,black
598.1981981981983,69681790.9367413,14087.736749626132,99501048.81697075,4382381.63180447,0.6666666675549779,0.5128205133927395,3.8425960647761756e-22,1.2816962341299285,4.7440534943528437e+95,7.81621734254917e+16,3.5528260647950772e+16,1.6751335798998255e-21,4.020384317248173e+94,black
598.998998998999,69681790.9367413,14104.413168938914,99501048.81697075,4382381.676091739,0.6666666675565014,0.5128205133881286,3.407667625886134e-22,1.4452820656983814,6.278758179866205e+95,8.13552896393869e+16,3.6979677108812216e+16,1.973028885698579e-21,5.3209815083611915e+94,black
599.7997997997999,69681790.9367413,14121.082912343334,99501048.81697075,4382381.720361279,0.6666666675575639,0.5128205133847549,3.021967038106717e-22,1.6297467323428814,8.309940924605717e+95,8.467885247098274e+16,3.849038748681035e+16,2.334642629403648e-21,7.042322817462473e+94,black
600.6006006006006,69681790.9367413,14137.74598251189,99501048.81697075,4382381.7646130975,0.666666667558305,0.512820513382286,2.6799223932612465e-22,1.837755047696384,1.0998212734466034e+96,8.813819098409226e+16,4.006281408367832e+16,2.790043519810497e-21,9.320519266496639e+94,black
601.4014014014015,69681790.9367413,14154.402382116019,99501048.81697075,4382381.8088472,0.6666666675588216,0.5128205133804791,2.376592445694774e-22,2.072311941671073,1.4556142390183744e+96,9.173885194783846e+16,4.169947815810839e+16,3.3497472516205568e-21,1.2335713889986217e+95,black
602.2022022022022,69681790.9367413,14171.052113826081,99501048.81697075,4382381.8530635955,0.6666666675591821,0.512820513379157,2.107595230046991e-22,2.336805870279392,1.9265064824515642e+96,9.548660873044666e+16,4.340300396838485e+16,4.042893586253128e-21,1.632632612247087e+95,black
603.0030030030031,69681790.9367413,14187.695180311368,99501048.81697075,4382381.89726229,0.6666666675594334,0.5128205133781896,1.869044758500105e-22,2.635057765950493,2.549732702141437e+96,9.938747055637518e+16,4.517612298017055e+16,5.743682953126463e-21,2.1607904255435893e+95,black
603.8038038038038,69681790.9367413,14204.331584240103,99501048.81697075,4382381.94144329,0.6666666675596087,0.5128205133774817,1.6574948830183521e-22,2.971376235487505,3.374573047943155e+96,1.0344769214161701e+17,4.702167824618957e+16,1.2258024985637136e-20,2.859807667748435e+95,black
604.6046046046047,69681790.9367413,14220.961328279443,99501048.81697075,4382381.985606604,0.666666667559731,0.5128205133769635,1.469889511600915e-22,3.3506198030673184,4.466249833301913e+96,1.0767378372263442e+17,4.894262896483383e+16,-6.071265528729635e-19,3.7849574858490777e+95,black
605.4054054054054,69681790.9367413,14237.584415095476,99501048.81697075,4382382.029752239,0.6666666675598164,0.5128205133765846,1.303518459363164e-22,3.7782670974565264,5.911084836531756e+96,1.12072521494991e+17,5.094205522499594e+16,-8.916402820540411e-17,5.0093939292641994e+95,black
606.2062062062063,69681790.9367413,14254.200847353228,99501048.81697075,4382382.0738802,0.6666666675598738,0.51282051337631,1.1559782966611323e-22,4.260495997383665,7.823324992735116e+96,1.1665095847843749e+17,5.302316294474433e+16,-2.0507066391888762e-15,6.629936434521285e+95,black
607.007007007007,69681790.9367413,14270.810627716644,99501048.81697075,4382382.117990496,0.6666666675599164,0.5128205133761056,1.025137628664221e-22,4.804272878415994,1.0354176201918045e+97,1.2141643582585267e+17,5.5189289011751224e+16,-4.307878642792203e-17,8.774725594845805e+95,black
607.8078078078079,69681790.9367413,14287.413758848623,99501048.81697075,4382382.162083134,0.6666666675599457,0.5128205133759567,9.091063047971294e-23,5.417453250620989,1.3703759580471492e+97,1.2637659459419258e+17,5.74439066337239e+16,4.70063618228655e-19,1.1613355576670759e+96,black
608.6086086086086,69681790.9367413,14304.010243410983,99501048.81697075,4382382.20615812,0.666666667559966,0.5128205133758478,8.062081132450628e-23,6.108895240842356,1.813693556851941e+97,1.3153938799630117e+17,5.979063090740962e+16,1.1718641738960179e-17,1.5370284380101194e+96,black
609.4094094094095,69681790.9367413,14320.60008406448,99501048.81697075,4382382.250215462,0.6666666675599802,0.5128205133757682,7.149565660609931e-23,6.888587558980591,2.4004247147275158e+97,1.3691309415324789e+17,6.223322461511267e+16,-1.785759378423525e-17,2.034258232819928e+96,black
610.2102102102102,69681790.9367413,14337.183283468801,99501048.81697075,4382382.294255167,0.66666666755999,0.5128205133757097,6.340334250622406e-23,7.7677937969023025,3.176963820212588e+97,1.4250632936761974e+17,6.477560425800898e+16,2.0606774685332462e-17,2.692342220519142e+96,black
611.0110110110111,69681790.9367413,14353.75984428258,99501048.81697075,4382382.338277242,0.6666666675599967,0.5128205133756673,5.622696582967697e-23,8.759215144551918,4.20471387959334e+97,1.4832806193906982e+17,6.7421846335940824e+16,3.9147190882795867e-16,3.5633168471130003e+96,black
611.8118118118118,69681790.9367413,14370.329769163374,99501048.81697075,4382382.382281694,0.6666666675600019,0.512820513375636,4.9862855197284724e-23,9.8771738738923,5.5649418154367174e+97,1.543876265442531e+17,7.017619388375143e+16,-8.398712386028635e-16,4.71605238596332e+96,black
612.6126126126127,69681790.9367413,14386.893060767687,99501048.81697075,4382382.426268528,0.6666666675600055,0.512820513375613,4.421907338832533e-23,11.137820241324086,7.365204457672048e+97,1.6069473920423146e+17,7.30430632746507e+16,1.0274738087408221e-16,6.241698692942417e+96,black
613.4134134134134,69681790.9367413,14403.449721750942,99501048.81697075,4382382.470237754,0.6666666675600077,0.5128205133755962,3.92140891969754e-23,12.559365797532843,9.747853347362096e+97,1.6725951286331875e+17,7.602705130150854e+16,9.420857372558545e-17,8.260892667256015e+96,black
614.2142142142143,69681790.9367413,14419.999754767525,99501048.81697075,4382382.514189379,0.6666666675600091,0.5128205133755839,3.477559961612187e-23,14.162346475210216,1.2901290850481624e+98,1.7409247360437683e+17,7.913294254744402e+16,3.3943966502748757e-16,1.0933297330916635e+97,black
615.015015015015,69681790.9367413,14436.543162470738,99501048.81697075,4382382.55812341,0.6666666675600115,0.512820513375574,3.083948533360608e-23,15.969919255261717,1.7074867632653105e+98,1.8120457752652723e+17,8.236571705751238e+16,-2.7689570057209365e-15,1.4470226807333143e+97,black
615.8158158158159,69681790.9367413,14453.079947512831,99501048.81697075,4382382.602039852,0.6666666675600118,0.5128205133755679,2.7348884451751286e-23,18.00819669720717,2.2598599477490873e+98,1.8860722831237872e+17,8.57305583238085e+16,-1.4068917430335755e-16,1.9151355489399052e+97,black
616.6166166166166,69681790.9367413,14469.610112544984,99501048.81697075,4382382.645938714,0.6666666675600118,0.5128205133755631,2.425337104897119e-23,20.30662416645915,2.9909262509737674e+98,1.9631229551289878e+17,8.923286159677214e+16,-6.658299653519392e-17,2.5346832635370915e+97,black
617.4174174174175,69681790.9367413,14486.133660217327,99501048.81697075,4382382.689820001,0.666666667560012,0.5128205133755598,2.1508226716771934e-23,22.898405207989548,3.958493024169235e+98,2.0433213357928614e+17,9.287824253603914e+16,-3.820312054606084e-16,3.354655105228164e+97,black
618.2182182182182,69681790.9367413,14502.65059317892,99501048.81697075,4382382.733683721,0.6666666675600128,0.5128205133755568,1.9073794548642423e-23,25.82098121140849,5.239068337874854e+98,2.1267960167232477e+17,9.667254621469309e+16,-1.1786833985549703e-15,4.439888421927841e+97,black
619.0190190190191,69681790.9367413,14519.16091407777,99501048.81697075,4382382.777529883,0.6666666675600128,0.5128205133755551,1.6914906248413423e-23,29.116572296802886,6.933910677961025e+98,2.2136808428101424e+17,1.0062185649137011e+17,-1.2420728711792032e-16,5.8761954897974786e+97,black
619.8198198198198,69681790.9367413,14535.66462556081,99501048.81697075,4382382.821358491,0.6666666675600128,0.5128205133755539,1.5000374081988017e-23,32.83278723507073,9.177035722621964e+98,2.304115126835063e+17,1.0473250576523018e+17,-1.0628078369240838e-16,7.777148917476241e+97,black
620.6206206206207,69681790.9367413,14552.161730273932,99501048.81697075,4382382.865169552,0.6666666675600128,0.512820513375553,1.33025403330674e-23,37.023311213793214,1.2145813317432993e+99,2.398243872847897e+17,1.090110851294499e+17,-1.0836766949915402e-15,1.0293062133417793e+98,black
621.4214214214214,69681790.9367413,14568.652230861955,99501048.81697075,4382382.908963077,0.6666666675600118,0.5128205133755533,1.1796877754226915e-23,41.74868138423569,1.6074992579384859e+99,2.4962180086690518e+17,1.1346445493950243e+17,-2.4426697871927867e-16,1.3622875067275305e+98,black
622.2222222222223,69681790.9367413,14585.136129968647,99501048.81697075,4382382.952739069,0.6666666675600119,0.5128205133755525,1.0461635241370585e-23,47.077161393201074,2.1275264132071235e+99,2.5981946278900848e+17,1.1809975581318576e+17,-6.055756725330576e-18,1.802988485768749e+98,black
623.023023023023,69681790.9367413,14601.613430236712,99501048.81697075,4382382.996497536,0.6666666675600119,0.5128205133755521,9.277523612913029e-24,53.08572753338068,2.815782723717754e+99,2.704337241760462e+17,1.2292442008002109e+17,2.935761038146728e-17,2.3862565455235206e+98,black
623.8238238238239,69681790.9367413,14618.084134307803,99501048.81697075,4382383.040238486,0.6666666675600116,0.5128205133755523,8.22743695438579e-24,59.861180758348894,3.726690441051935e+99,2.8148160413647117e+17,1.2794618369839605e+17,-1.9092047656048996e-15,3.1582122381796065e+98,black
624.6246246246246,69681790.9367413,14634.548244822507,99501048.81697075,4382383.0839619255,0.6666666675600132,0.5128205133755506,7.296205502961807e-24,67.50140062656956,4.932277453951911e+99,2.929808170509915e+17,1.3317309865954163e+17,9.515736665174257e-17,4.1798961474168737e+98,black
625.4254254254255,69681790.9367413,14651.00576442036,99501048.81697075,4382383.12766786,0.6666666675600132,0.5128205133755506,6.470376502012747e-24,76.11675928916915,6.527872724487064e+99,3.049498009761596e+17,1.3861354589825435e+17,8.892593753479431e-18,5.532095529226327e+98,black
626.2262262262262,69681790.9367413,14667.456695739838,99501048.81697075,4382383.1713563,0.6666666675600132,0.5128205133755506,5.738019859885278e-24,85.83171594819774,8.639644201874606e+99,3.1740774720828826e+17,1.4427624873104016e+17,-5.996533661099467e-17,7.321732374470008e+98,black
627.0270270270271,69681790.9367413,14683.901041418367,99501048.81697075,4382383.21502725,0.6666666675600135,0.51282051337555,5.088555805399428e-24,96.78661481927416,1.1434575256795721e+100,3.30374631055154e+17,1.501702868432518e+17,-1.399156407495632e-16,9.690318014233665e+98,black
627.8278278278278,69681790.9367413,14700.338804092306,99501048.81697075,4382383.258680717,0.6666666675600135,0.51282051337555,4.512602050349607e-24,109.13971257230938,1.5133668499350892e+100,3.43871243864769e+17,1.5630511084762227e+17,4.094175541228662e-18,1.2825142796060079e+99,black
628.6286286286287,69681790.9367413,14716.769986396968,99501048.81697075,4382383.302316709,0.6666666675600135,0.51282051337555,4.0018382510832885e-24,123.06946453916787,2.0029421041477023e+100,3.57919226362643e+17,1.6269055743756496e+17,3.6626015528984904e-17,1.6974085628370361e+99,black
629.4294294294294,69681790.9367413,14733.194590966605,99501048.81697075,4382383.345935233,0.6666666675600132,0.5128205133755502,3.5488858111459295e-24,138.7771027152215,2.6508953019155606e+100,3.7254110335091283e+17,1.6933686515950582e+17,1.4252277785890247e-15,2.2465214423013224e+99,black
630.2302302302303,69681790.9367413,14749.612620434425,99501048.81697075,4382383.389536295,0.6666666675600116,0.5128205133755519,3.1472012885936257e-24,156.48954279720786,3.508461820821869e+100,3.877603198250604e+17,1.76254690829573e+17,2.4974400136844908e-17,2.9732727295100583e+99,black
631.031031031031,69681790.9367413,14766.024077432568,99501048.81697075,4382383.433119901,0.6666666675600118,0.5128205133755517,2.790981868116893e-24,176.46266225294727,4.643451719601921e+100,4.03601278566041e+17,1.8345512662092784e+17,-1.5231937189788848e-17,3.9351285759338323e+99,black
631.8318318318319,69681790.9367413,14782.428964592129,99501048.81697075,4382383.47668606,0.6666666675600119,0.5128205133755517,2.4750815324043065e-24,198.9849967786724,6.1456116593067594e+100,4.200893792681889e+17,1.909497178491769e+17,-1.577344734782467e-16,5.208145473988779e+99,black
632.6326326326326,69681790.9367413,14798.827284543147,99501048.81697075,4382383.520234779,0.6666666675600109,0.5128205133755528,2.1949367217431066e-24,224.38190854363714,8.133721409779874e+100,4.372510592655491e+17,1.987504814843406e+17,-1.9061666650265439e-16,6.892984245576165e+99,black
633.4334334334335,69681790.9367413,14815.219039914613,99501048.81697075,4382383.563766065,0.6666666675600117,0.512820513375552,1.9465004079184103e-24,253.02028643740587,1.0764986081039414e+101,4.551138359220198e+17,2.0686992541909997e+17,5.986955774269109e-18,9.122869560202899e+99,black
634.2342342342342,69681790.9367413,14831.604233334449,99501048.81697075,4382383.607279923,0.6666666675600117,0.512820513375552,1.7261836300308785e-24,285.3138462204302,1.4247466748199785e+101,4.737063507531991e+17,2.153210685241815e+17,-5.177055554887807e-18,1.2074124362881179e+100,black
635.0350350350351,69681790.9367413,14847.98286742955,99501048.81697075,4382383.650776363,0.6666666675600119,0.5128205133755517,1.5308036476463169e-24,321.7291071450686,1.8856532392417143e+101,4.930584153507531e+17,2.2411746152306963e+17,2.0173722557447435e-16,1.5980112196963682e+100,black
635.8358358358358,69681790.9367413,14864.354944825736,99501048.81697075,4382383.69425539,0.666666667560009,0.5128205133755545,1.3575379622881599e-24,362.7921313863984,2.495663405644624e+101,5.132010591828716e+17,2.3327320871948723e+17,1.0908948131473305e-16,2.114968987834428e+100,black
636.6366366366367,69681790.9367413,14880.720468147798,99501048.81697075,4382383.737717012,0.6666666675600101,0.5128205133755537,1.2038835430572731e-24,409.09612364212404,3.3030122955040894e+101,5.341665793475255e+17,2.4280299061251168e+17,-1.3906346977106198e-17,2.7991629622916024e+100,black
637.4374374374374,69681790.9367413,14897.079440019455,99501048.81697075,4382383.781161234,0.6666666675600111,0.5128205133755527,1.0676206673449248e-24,461.3100006867558,4.371539126459212e+101,5.559885923582246e+17,2.5272208743555677e+17,1.1287420199641312e-16,3.704694174965435e+100,black
638.2382382382383,69681790.9367413,14913.431863063392,99501048.81697075,4382383.824588063,0.6666666675600125,0.5128205133755513,9.46780854273858e-25,520.188054677781,5.785735148539997e+101,5.787020880453993e+17,2.6304640365699974e+17,1.8929134987541003e-15,4.903165380118643e+100,black
639.039039039039,69681790.9367413,14929.777739901227,99501048.81697075,4382383.8679975085,0.6666666675600125,0.5128205133755512,8.396184276282334e-25,586.5808498116446,7.657424591358709e+101,6.023434856597357e+17,2.7379249348169814e+17,-7.175688360237025e-18,6.4893428740328064e+100,black
639.8398398398399,69681790.9367413,14946.11707315355,99501048.81697075,4382383.911389575,0.6666666675600125,0.5128205133755512,7.4458529746418315e-25,661.4475097450796,1.0134606902480698e+102,6.269506922675192e+17,2.8497758739432714e+17,1.3915300148566102e-17,8.588649917356527e+100,black
640.6406406406406,69681790.9367413,14962.449865439883,99501048.81697075,4382383.954764271,0.6666666675600124,0.5128205133755513,6.603085960915974e-25,745.8695732880589,1.341315945620311e+102,6.525631635315196e+17,2.966196197870544e+17,4.157060735909714e-16,1.136708428491789e+101,black
641.4414414414415,69681790.9367413,14978.776119378714,99501048.81697075,4382383.998121604,0.6666666675600147,0.5128205133755488,5.8557084535156295e-25,841.0666185308118,1.775232609696754e+102,6.792219669749763e+17,3.087372577158982e+17,7.132256239629672e-17,1.5044344149972494e+101,black
642.2422422422422,69681790.9367413,14995.095837587472,99501048.81697075,4382384.0414615795,0.6666666675600142,0.5128205133755491,5.1929236868238695e-25,948.4138811138216,2.3495216237593815e+102,7.069698478300175e+17,3.2134993083182605e+17,-5.696956213901627e-18,1.991120020135069e+101,black
643.0430430430431,69681790.9367413,15011.409022682546,99501048.81697075,4382384.084784205,0.6666666675600141,0.5128205133755491,4.605156938950101e-25,1069.4621211583158,3.109593543050722e+102,7.358512975762097e+17,3.344778625346407e+17,-2.4829313191971667e-17,2.6352487652972227e+101,black
643.8438438438438,69681790.9367413,15027.715677279266,99501048.81697075,4382384.1280894885,0.6666666675600136,0.5128205133755497,4.0839172133746487e-25,1205.9600258583407,4.1155492697815e+102,7.659126252790053e+17,3.481421023995479e+17,-4.6483840932148804e-15,3.487753618458899e+101,black
644.6446446446447,69681790.9367413,15044.015803991933,99501048.81697075,4382384.171377434,0.6666666675600118,0.5128205133755515,3.621674576306606e-25,1359.8794713674345,5.44693239084353e+102,7.972020318426173e+17,3.6236455992846246e+17,9.084093968846414e-18,4.6160443990199397e+101,black
645.4454454454454,69681790.9367413,15060.309405433783,99501048.81697075,4382384.21464805,0.6666666675600118,0.5128205133755515,3.211751377748252e-25,1533.444008917572,7.209018900166456e+102,8.297696872962296e+17,3.771680396801044e+17,-5.664620977648636e-18,6.109338050988521e+101,black
646.2462462462463,69681790.9367413,15076.596484217018,99501048.81697075,4382384.257901347,0.666666667560012,0.5128205133755513,2.848225784821124e-25,1729.160986687097,9.541141650725185e+102,8.63667811237608e+17,3.925762778352763e+17,-1.5378196722401893e-16,8.085713263326431e+101,black
647.047047047047,69681790.9367413,15092.877042952787,99501048.81697075,4382384.301137327,0.6666666675600142,0.5128205133755491,2.5258462337790346e-25,1949.857771456054,1.2627707772703738e+103,8.989507565629596e+17,4.086139802558908e+17,-3.1406103449683245e-16,1.0701447265003173e+102,black
647.8478478478479,69681790.9367413,15109.1510842512,99501048.81697075,4382384.344355998,0.6666666675600139,0.5128205133755495,2.239955564862734e-25,2198.722593314915,1.6712780234290647e+103,9.35675096617441e+17,4.2530686209883686e+17,9.164194428157152e-18,1.4163373079907334e+102,black
648.6486486486486,69681790.9367413,15125.418610721312,99501048.81697075,4382384.387557367,0.6666666675600139,0.5128205133755495,1.98642374403483e-25,2479.350603476737,2.2119376547772735e+103,9.73899715905891e+17,4.4268168904813235e+17,3.8519396450956774e-17,1.8745234362519264e+102,black
649.4494494494495,69681790.9367413,15141.679624971153,99501048.81697075,4382384.430741442,0.6666666675600136,0.5128205133755497,1.7615881996780152e-25,2795.7958105541256,2.9275010620810575e+103,1.0136859045094094e+18,4.607663202315498e+17,2.9642068149385835e-15,2.4809331034585233e+102,black
650.2502502502502,69681790.9367413,15157.934129607687,99501048.81697075,4382384.47390823,0.6666666675600105,0.5128205133755528,1.5622009123499861e-25,3152.629645581764,3.874549741478697e+103,1.0550974563589943e+18,4.7958975289045203e+17,-5.233637552389184e-17,3.283516730066691e+102,black
651.0510510510511,69681790.9367413,15174.182127236845,99501048.81697075,4382384.5170577355,0.6666666675600114,0.5128205133755522,1.3853814932418037e-25,3555.007001827991,5.127969343423316e+103,1.0982007715239917e+18,4.991821688745418e+17,-8.37359806982832e-19,4.3457367317146733e+102,black
651.8518518518518,69681790.9367413,15190.42362046352,99501048.81697075,4382384.560189969,0.6666666675600117,0.5128205133755519,1.2285755735027607e-25,4008.7407034179746,6.786871079643519e+103,1.1430649626791724e+18,5.195749830359876e+17,2.1826353388272148e-16,5.751585660714845e+102,black
652.6526526526527,69681790.9367413,15206.658611891553,99501048.81697075,4382384.603304937,0.6666666675600096,0.5128205133755541,1.0895179033145719e-25,4520.385478559357,8.982428709478124e+103,1.189761965921363e+18,5.4080089360061965e+17,1.1186684744592788e-15,7.612227719896713e+102,black
653.4534534534534,69681790.9367413,15222.887104123742,99501048.81697075,4382384.646402642,0.6666666675600107,0.512820513375553,9.661996276375832e-26,5097.332650462389,1.1888250796869928e+104,1.2383666561131057e+18,5.628939345968662e+17,-2.6570206411962292e-17,1.0074788810906719e+103,black
654.2542542542543,69681790.9367413,15239.109099761848,99501048.81697075,4382384.689483095,0.6666666675600114,0.5128205133755523,8.568392658871636e-26,5747.916913880357,1.573410839989142e+104,1.2889569669384832e+18,5.858895304265833e+17,-4.5394147322889376e-17,1.333399016939951e+103,black
655.055055055055,69681790.9367413,15255.324601406594,99501048.81697075,4382384.7325463025,0.6666666675600113,0.5128205133755525,7.59856976307438e-26,6481.536739783707,2.0824103677605175e+104,1.3416140158634068e+18,6.09824552665185e+17,-7.291646804558818e-15,1.7647545489495912e+103,black
655.8558558558559,69681790.9367413,15271.533611657658,99501048.81697075,4382384.7755922675,0.6666666675600103,0.5128205133755536,6.738517332597406e-26,7308.790147560749,2.756071605419923e+104,1.396422234200975e+18,6.347373791822614e+17,2.6624947256345535e-17,2.3356539028982396e+103,black
656.6566566566567,69681790.9367413,15287.736133113665,99501048.81697075,4382384.818621003,0.6666666675600111,0.5128205133755526,5.975810877249142e-26,8241.62780613392,3.647662733433928e+104,1.453469502490174e+18,6.606679556773517e+17,-3.543376329139355e-17,3.0912396046050235e+103,black
657.4574574574575,69681790.9367413,15303.932168372221,99501048.81697075,4382384.861632514,0.6666666675600116,0.512820513375552,5.299432186350614e-26,9293.525675724894,4.827684226602487e+104,1.512847291405276e+18,6.876578597296709e+17,-1.0976744157500712e-15,4.09125781915465e+103,black
658.2582582582583,69681790.9367413,15320.121720029878,99501048.81697075,4382384.904626806,0.6666666675600096,0.512820513375554,4.699610157451639e-26,10479.679684282262,6.389443513578549e+104,1.5746508084215805e+18,7.157503674643548e+17,2.5226168903697303e-17,5.414782638625888e+103,black
659.0590590590591,69681790.9367413,15336.304790682154,99501048.81697075,4382384.947603885,0.6666666675600107,0.5128205133755529,4.167679641020519e-26,11817.225250910555,8.456433042635433e+104,1.6389791504729702e+18,7.449905229422591e+17,-6.982928183203467e-18,7.1664686801995205e+103,black
659.8598598598599,69681790.9367413,15352.48138292353,99501048.81697075,4382384.99056376,0.6666666675600115,0.5128205133755521,3.695956261954258e-26,13325.484827575625,1.1192095157051798e+105,1.7059354628457377e+18,7.754252103844262e+17,-2.1258320787684934e-16,9.484826404281186e+103,black
660.6606606606607,69681790.9367413,15368.651499347441,99501048.81697075,4382385.033506437,0.6666666675600088,0.5128205133755548,3.277625409551357e-26,15026.247035129263,1.48127459146149e+105,1.775627104563774e+18,8.071032293471698e+17,-1.0905687969347081e-15,1.2553174503910932e+104,black
661.4614614614615,69681790.9367413,15384.815142546287,99501048.81697075,4382385.076431924,0.6666666675600104,0.5128205133755532,2.90664379227706e-26,16944.081426102057,1.960467977192748e+105,1.8481658205299976e+18,8.400753729681805e+17,2.2373943302345366e-17,1.6614135399938544e+104,black
662.2622622622623,69681790.9367413,15400.972315111436,99501048.81697075,4382385.119340225,0.6666666675600113,0.5128205133755523,2.5776521351593516e-26,19106.69342139645,2.5946807646287347e+105,1.9236679207003295e+18,8.743945094092406e+17,-9.289536623572486e-18,2.1988820039226565e+104,black
663.063063063063,69681790.9367413,15417.123019633209,99501048.81697075,4382385.16223135,0.6666666675600124,0.5128205133755512,2.2858977586264706e-26,21545.324548361245,3.4340618406704187e+105,2.0022544665772035e+18,9.101156666260014e+17,1.8119022734635787e-15,2.9102218988732366e+104,black
663.8638638638639,69681790.9367413,15433.267258700895,99501048.81697075,4382385.205105306,0.66666666756001,0.5128205133755536,2.0271659203426294e-26,24295.203762174235,4.544983292862087e+105,2.0840514653219643e+18,9.472961206008928e+17,-2.3476801514099203e-17,3.851680756662785e+104,black
664.6646646646647,69681790.9367413,15449.405034902748,99501048.81697075,4382385.247962097,0.6666666675600111,0.5128205133755525,1.7977189281938132e-26,27396.05637040439,6.015288626357592e+105,2.1691900717970721e+18,9.859954871804872e+17,3.1500260058312096e-17,5.097702225726773e+104,black
665.4654654654655,69681790.9367413,15465.536350825983,99501048.81697075,4382385.29080173,0.6666666675600117,0.5128205133755519,1.594242144836394e-26,30892.677912787098,7.961238782815686e+105,2.2578067988623647e+18,1.0262758176647109e+18,5.035122001220134e-16,6.746812527809903e+104,black
666.2662662662663,69681790.9367413,15481.66120905678,99501048.81697075,4382385.333624215,0.6666666675600099,0.5128205133755538,1.413796103780342e-26,34835.581286588524,1.0536705201355196e+106,2.3500437362623053e+18,1.0682016983010476e+18,-5.581030781414404e-17,8.929411187589152e+104,black
667.0670670670671,69681790.9367413,15497.77961218029,99501048.81697075,4382385.376429556,0.6666666675600108,0.5128205133755529,1.253774045265605e-26,39281.726466071064,1.394533684128204e+106,2.4460487784554624e+18,1.1118403538433916e+18,4.097228317461823e-18,1.1818082068883087e+105,black
667.8678678678679,69681790.9367413,15513.891562780613,99501048.81697075,4382385.419217759,0.6666666675600115,0.5128205133755522,1.1118642584871146e-26,44295.3433577199,1.8456663245332193e+106,2.5459758617511967e+18,1.157261755341453e+18,1.315965965199298e-16,1.5641240038417113e+105,black
668.6686686686687,69681790.9367413,15529.997063440835,99501048.81697075,4382385.4619888365,0.6666666675600095,0.5128205133755541,9.86016686155905e-27,49948.85967838089,2.442740695535377e+106,2.6499852111341747e+18,1.2045387323337157e+18,-1.8835133985795123e-15,2.0701192335045566e+105,black
669.4694694694695,69681790.9367413,15546.096116742987,99501048.81697075,4382385.504742792,0.6666666675600104,0.5128205133755532,8.744133089598297e-27,56323.94726060362,3.23296905096367e+106,2.7582435971720387e+18,1.2537470896236536e+18,-2.829508867052997e-17,2.7398042804776864e+105,black
670.2702702702703,69681790.9367413,15562.188725268086,99501048.81697075,4382385.54747963,0.6666666675600113,0.5128205133755523,7.754418820912005e-27,63512.70190034767,4.278836842398863e+106,2.8709246034186184e+18,1.3049657288266447e+18,9.313475510297301e-18,3.6261329172871725e+105,black
671.0710710710711,69681790.9367413,15578.274891596102,99501048.81697075,4382385.590199362,0.6666666675600115,0.5128205133755521,6.876726444345293e-27,71618.97379134598,5.6630436095267935e+106,2.988208904740987e+18,1.3582767748822666e+18,1.7441876211105357e-16,4.799189499598978e+105,black
671.8718718718719,69681790.9367413,15594.35461830598,99501048.81697075,4382385.632901992,0.66666666756001,0.5128205133755538,6.098376639501018e-27,80759.86776587553,7.495042252043644e+106,3.1102845570171034e+18,1.4137657077350467e+18,4.6795706851513565e-17,6.351730722070885e+105,black
672.6726726726727,69681790.9367413,15610.427907975625,99501048.81697075,4382385.675587526,0.6666666675600111,0.5128205133755527,5.408125208731176e-27,91067.43501468175,9.919693760678103e+106,3.2373472986680453e+18,1.4715214993945654e+18,-1.2161248599825738e-17,8.406520136167886e+105,black
673.4734734734735,69681790.9367413,15626.49476318192,99501048.81697075,4382385.718255971,0.6666666675600116,0.5128205133755522,4.7960006411980484e-27,102690.58072502038,1.3128721759937793e+107,3.3696008645088415e+18,1.5316367565949274e+18,-7.519644615385395e-17,1.1126035389777798e+106,black
674.2742742742743,69681790.9367413,15642.555186500707,99501048.81697075,4382385.760907334,0.6666666675600098,0.512820513375554,4.25316006242557e-27,115797.21519489017,1.7375872603359445e+107,3.507257312420634e+18,1.5942078692821064e+18,1.3310655163516963e-16,1.4725315765558858e+106,black
675.0750750750751,69681790.9367413,15658.609180506803,99501048.81697075,4382385.803541623,0.6666666675600107,0.5128205133755531,3.7717614883581205e-27,130576.67949894899,2.2996979770682132e+107,3.650537363368423e+18,1.6593351651674644e+18,-7.2088507739742e-18,1.9488965907357752e+106,black
675.8758758758759,69681790.9367413,15674.65674777399,99501048.81697075,4382385.846158846,0.6666666675600115,0.5128205133755523,3.344850538483736e-27,147242.4807477008,3.0436519111617105e+107,3.799670755309138e+18,1.7271230705950623e+18,-6.201748089346766e-17,2.5793660264082306e+106,black
676.6766766766767,69681790.9367413,15690.69789087502,99501048.81697075,4382385.888759008,0.666666667560012,0.5128205133755518,2.966259971455664e-27,166035.3764541237,4.028275472994504e+107,3.954896611557987e+18,1.7976802779809024e+18,-3.786953148580821e-15,3.413792773724157e+106,black
677.4774774774775,69681790.9367413,15706.732612381618,99501048.81697075,4382385.931342116,0.6666666675600107,0.5128205133755531,2.630520591885382e-27,187226.85256504867,5.331425458614516e+107,4.116463824203148e+18,1.871119920092339e+18,2.748454742882131e-17,4.518157168317388e+106,black
678.2782782782783,69681790.9367413,15722.760914864486,99501048.81697075,4382385.973908177,0.6666666675600115,0.5128205133755522,2.332782241246735e-27,211123.04540171984,7.05614539306435e+107,4.2846314531843016e+18,1.9475597514474092e+18,-1.6282825269409517e-17,5.979784231410468e+106,black
679.0790790790791,69681790.9367413,15738.782800893281,99501048.81697075,4382386.016457199,0.6666666675600119,0.5128205133755518,2.068743731512045e-27,238069.16416655414,9.33881345515355e+107,4.4596691416739953e+18,2.0271223371245425e+18,-4.1660259362791473e-16,7.914248690808094e+106,black
679.8798798798799,69681790.9367413,15754.79827303664,99501048.81697075,4382386.058989188,0.6666666675600128,0.5128205133755509,1.834590709325298e-27,268454.4779046702,1.2359926261705577e+108,4.641857548428887e+18,2.1099352492858568e+18,-9.858498734387218e-17,1.0474513781106422e+107,black
680.6806806806807,69681790.9367413,15770.807333862176,99501048.81697075,4382386.101504147,0.6666666675600129,0.5128205133755508,1.6269405530876256e-27,302717.9389626808,1.63583712136845e+108,4.831488797803103e+18,2.1961312717286828e+18,5.178985705128786e-18,1.3863026452275003e+107,black
681.4814814814815,69681790.9367413,15786.809985936468,99501048.81697075,4382386.144002088,0.6666666675600129,0.5128205133755508,1.4427935069258507e-27,341354.5241825164,2.1650315956478327e+108,5.028866948146201e+18,2.2858486127937267e+18,-1.948050590673483e-16,1.834772538684604e+107,black
682.2822822822823,69681790.9367413,15802.806231825065,99501048.81697075,4382386.186483016,0.666666667560013,0.5128205133755507,1.2794893456167303e-27,384922.3854362859,2.865420859401295e+108,5.234308479335904e+18,2.379231126970864e+18,-4.9471076536424994e-15,2.428322762204487e+107,black
683.0830830830831,69681790.9367413,15818.796074092495,99501048.81697075,4382386.228946937,0.6666666675600129,0.5128205133755507,1.1346689444387946e-27,434050.9128003856,3.792386548997603e+108,5.44814280022812e+18,2.476428545558235e+18,3.485152445834898e-18,3.213886905930173e+107,black
683.883883883884,69681790.9367413,15834.77951530226,99501048.81697075,4382386.271393859,0.6666666675600129,0.5128205133755507,1.0062401987827995e-27,489449.8268509539,5.019226299628922e+108,5.670712776837206e+18,2.5775967167441833e+18,-5.233659576800034e-17,4.25358160985502e+107,black
684.6846846846847,69681790.9367413,15850.756558016825,99501048.81697075,4382386.313823788,0.6666666675600129,0.5128205133755506,8.923478011881685e-28,551919.431429916,6.642949583695081e+108,5.902375282093952e+18,2.6828978554972503e+18,-2.203284665306053e-15,5.629618291267018e+107,black
685.4854854854856,69681790.9367413,15866.727204797648,99501048.81697075,4382386.356236733,0.6666666675600127,0.5128205133755508,7.913464391986784e-28,622362.1749950844,8.791948507034709e+108,6.143501768062489e+18,2.7925008036647675e+18,1.6386191045216702e-16,7.450803819520941e+107,black
686.2862862862863,69681790.9367413,15882.691458205143,99501048.81697075,4382386.398632698,0.6666666675600129,0.5128205133755507,7.017770268482885e-28,701795.6875718111,1.163615011320029e+109,6.394478861533331e+18,2.9065813006969687e+18,-3.342692088760081e-17,9.86114416372906e+107,black
687.0870870870872,69681790.9367413,15898.64932079871,99501048.81697075,4382386.441011691,0.6666666675600128,0.5128205133755508,6.223456264120035e-28,791367.4816408787,1.5400452965403795e+109,6.655708983948489e+18,3.02532226543113e+18,-3.063984316534922e-16,1.305123132661339e+108,black
687.8878878878879,69681790.9367413,15914.600795136717,99501048.81697075,4382386.483373718,0.6666666675600129,0.5128205133755507,5.519047559216929e-28,892371.5293342167,2.038251047230314e+109,6.927610996651259e+18,3.148914089386935e+18,9.270364855148578e-17,1.727331395957893e+108,black
688.6886886886888,69681790.9367413,15930.545883776524,99501048.81697075,4382386.525718788,0.6666666675600129,0.5128205133755507,4.894368124109449e-28,1006266.9554164186,2.697626713242508e+109,7.210620872496859e+18,3.277554942044027e+18,-1.049937477799457e-17,2.2861243332563625e+108,black
689.4894894894895,69681790.9367413,15946.484589274442,99501048.81697075,4382386.568046907,0.6666666675600129,0.5128205133755507,4.340393714182437e-28,1134699.1160940274,3.5703108770083153e+109,7.505192394899193e+18,3.411451088590542e+18,2.1535081145502035e-17,3.025687183905352e+108,black
690.2902902902904,69681790.9367413,15962.416914185775,99501048.81697075,4382386.610358081,0.6666666675600118,0.5128205133755517,3.8491215038186634e-28,1279523.3681620378,4.725308989531426e+109,7.811797885436163e+18,3.550817220652801e+18,-5.288892124368979e-15,4.0044991436707003e+108,black
691.0910910910911,69681790.9367413,15978.342861064802,99501048.81697075,4382386.652652316,0.6666666675600129,0.5128205133755506,3.413454475972615e-28,1442831.8718607733,6.2539498143805254e+109,8.130928961178791e+18,3.695876800535812e+18,-4.3106857207580527e-17,5.299957469814006e+108,black
691.891891891892,69681790.9367413,15994.262432464784,99501048.81697075,4382386.694929617,0.6666666675600129,0.5128205133755506,3.027098897236108e-28,1626983.8146431295,8.277107035210247e+109,8.463097322959621e+18,3.8468624195270984e+18,1.3205738416560987e-17,7.014497487466315e+108,black
692.6926926926927,69681790.9367413,16010.175630937943,99501048.81697075,4382386.737189996,0.6666666675600128,0.5128205133755507,2.684473397301518e-28,1834639.4924703173,1.0954757058457363e+110,8.808835575843227e+18,4.004016170837827e+18,3.8055947776965466e-16,9.283692422421497e+108,black
693.4934934934936,69681790.9367413,16026.082459035504,99501048.81697075,4382386.779433456,0.666666667560013,0.5128205133755505,2.380628339364529e-28,2068798.7409820107,1.449862877202389e+110,9.168698083115739e+18,4.1675900377798784e+18,-7.505042575412402e-17,1.2286973535613466e+109,black
694.2942942942943,69681790.9367413,16041.982919307648,99501048.81697075,4382386.821660005,0.666666667560013,0.5128205133755505,2.111174316676997e-28,2332844.2717243666,1.9188945509900774e+110,9.543261855160992e+18,4.3378462978004475e+18,1.209616565064852e-17,1.626181822872947e+109,black
695.0950950950952,69681790.9367413,16057.87701430355,99501048.81697075,4382386.86386965,0.666666667560013,0.5128205133755505,1.8722187422948295e-28,2630590.5394809153,2.539658305428323e+110,9.933127474650403e+18,4.515057943022908e+18,1.9876012306378506e-16,2.1522528012104432e+109,black
695.8958958958959,69681790.9367413,16073.76474657135,99501048.81697075,4382386.906062397,0.6666666675600128,0.5128205133755507,1.6603096159853492e-28,2966338.8466523136,3.36123957671451e+110,1.033892005952816e+19,4.699509117967343e+18,6.679111664780701e-15,2.8485081158597545e+109,black
696.6966966966968,69681790.9367413,16089.646118658186,99501048.81697075,4382386.948238253,0.6666666675600128,0.5128205133755507,1.4723856559380825e-28,3344939.4807354105,4.4486029746286527e+110,1.076129026533778e+19,4.891495575153535e+18,-8.415885747045125e-18,3.77000252087174e+109,black
697.4974974974975,69681790.9367413,16105.521133110158,99501048.81697075,4382386.990397224,0.6666666675600128,0.5128205133755507,1.3057320748730745e-28,3771861.782550299,5.8877292065016233e+110,1.1200915328494934e+19,5.091325149315879e+18,7.846582747732575e-17,4.989601022459004e+109,black
698.2982982982984,69681790.9367413,16121.389792472368,99501048.81697075,4382387.03253932,0.6666666675600127,0.5128205133755508,1.157941361678143e-28,4253273.157437172,7.792413799744947e+110,1.165850015218185e+19,5.299318250991749e+18,2.9862775003316637e-15,6.603740508258429e+109,black
699.0990990990991,69681790.9367413,16137.252099288879,99501048.81697075,4382387.074664545,0.6666666675600128,0.5128205133755507,1.0268785020199377e-28,4796128.170832313,1.031326521596413e+111,1.213477843660186e+19,5.515808380273573e+18,-1.430683984173581e-17,8.740055267766212e+109,black
699.8998998999,69681790.9367413,16153.108056102747,99501048.81697075,4382387.116772908,0.6666666675600128,0.5128205133755507,9.106501354977863e-29,5408269.015318084,1.3649613861400683e+111,1.263051385540878e+19,5.741142661549446e+18,1.7251708520387243e-17,1.1567469374068372e+110,black
700.7007007007007,69681790.9367413,16168.957665456,99501048.81697075,4382387.158864411,0.6666666675600129,0.5128205133755506,8.075772037791121e-29,6098538.8005119255,1.8065273670731925e+111,1.314650128019528e+19,5.975682400088764e+18,2.419373888990256e-16,1.5309553958247397e+110,black
701.5015015015016,69681790.9367413,16184.80092988967,99501048.81697075,4382387.200939067,0.6666666675600131,0.5128205133755503,7.161706945853313e-29,6876909.302405042,2.3909402574465627e+111,1.3683568055005587e+19,6.219803661366179e+18,-5.562894771318632e-16,2.0262205571581046e+110,black
702.3023023023023,69681790.9367413,16200.637851943744,99501048.81697075,4382387.242996878,0.666666667560013,0.5128205133755505,6.351101311214503e-29,7754625.017640914,3.164411134239072e+111,1.42425753229141e+19,6.473897874051866e+18,1.7626915483620062e-17,2.681704351050061e+110,black
703.1031031031032,69681790.9367413,16216.468434157212,99501048.81697075,4382387.285037852,0.666666667560013,0.5128205133755505,5.632244962028913e-29,8744365.603774015,4.1881003907641303e+111,1.4824419406799268e+19,6.738372457636033e+18,-1.3278511773491906e-17,3.549237619291636e+110,black
703.9039039039039,69681790.9367413,16232.292679068034,99501048.81697075,4382387.327061995,0.6666666675600127,0.5128205133755508,4.9947531550610913e-29,9860429.05214876,5.542953851155274e+111,1.5430033246523902e+19,7.013651475692683e+18,-5.329917025366566e-16,4.697418517928197e+110,black
704.7047047047048,69681790.9367413,16248.110589213164,99501048.81697075,4382387.3690693155,0.6666666675600129,0.5128205133755506,4.429416555597637e-29,11118938.239556028,7.336103371303088e+111,1.60603878948295e+19,7.300176315831591e+18,9.352859933083737e-18,6.2170367553416e+110,black
705.5055055055055,69681790.9367413,16263.922167128536,99501048.81697075,4382387.411059819,0.6666666675600129,0.5128205133755506,3.9280681975489854e-29,12538073.842549166,9.709338038819898e+111,1.671649407433986e+19,7.598406397427206e+18,-2.2075056900432542e-17,8.2282525752711e+110,black
706.3063063063064,69681790.9367413,16279.72741534907,99501048.81697075,4382387.453033513,0.666666667560013,0.5128205133755506,3.483465501815636e-29,14138336.979151718,1.2850315812185674e+112,1.7399403798173841e+19,7.908819908260836e+18,-5.664937467637837e-16,1.0890098145920061e+111,black
707.1071071071071,69681790.9367413,16295.526336408668,99501048.81697075,4382387.494990406,0.6666666675600127,0.5128205133755508,3.0891856485362215e-29,15942845.372124916,1.7007402133150414e+112,1.8110212056762257e+19,8.23191457125557e+18,8.3608899968053e-17,1.4413052655212213e+111,black
707.907907907908,69681790.9367413,16311.31893284023,99501048.81697075,4382387.5369305,0.6666666675600127,0.5128205133755508,2.7395327917408593e-29,17977667.312237184,2.2509308840830985e+112,1.885005857357725e+19,8.56820844253511e+18,-1.4022411067063305e-17,1.9075685458331347e+111,black
708.7087087087087,69681790.9367413,16327.105207175624,99501048.81697075,4382387.578853805,0.6666666675600126,0.5128205133755508,2.429455776016501e-29,20272198.24602731,2.979108628849812e+112,1.9620129632585634e+19,8.918240742084379e+18,-2.6293651593787833e-16,2.524668329533739e+111,black
709.5095095095096,69681790.9367413,16342.88516194572,99501048.81697075,4382387.620760325,0.6666666675600096,0.5128205133755538,2.1544751665006448e-29,22859585.42833299,3.942852392867765e+112,2.042165998036011e+19,9.282572718345505e+18,-2.7611462830105518e-15,3.3414003329387837e+111,black
710.3103103103103,69681790.9367413,16358.658799680365,99501048.81697075,4382387.662650071,0.6666666675600109,0.5128205133755527,1.9106185380657479e-29,25777206.774191596,5.218367951202565e+112,2.1255934805894554e+19,9.66178854813389e+18,3.0905638053509433e-17,4.4223457213581064e+111,black
711.1111111111112,69681790.9367413,16374.426122908391,99501048.81697075,4382387.704523048,0.6666666675600116,0.5128205133755521,1.694363088867543e-29,29067210.82771148,6.906513701449571e+112,2.2124291801301164e+19,1.0056496273318713e+19,-4.150528425587053e-17,5.852977713092856e+111,black
711.911911911912,69681790.9367413,16390.187134157622,99501048.81697075,4382387.746379265,0.6666666675600128,0.5128205133755509,1.5025847492420853e-29,32777125.648405783,9.140775804685527e+112,2.3028123306690744e+19,1.0467328775768523e+19,9.139713925679196e-16,7.746420173462309e+111,black
712.7127127127128,69681790.9367413,16405.941835954887,99501048.81697075,4382387.788218722,0.6666666675600097,0.512820513375554,1.332513050767578e-29,36960545.41109092,1.2097823290202888e+113,2.3968878542678077e+19,1.08949447921264e+19,-1.545606348481368e-17,1.0252392618816008e+112,black
713.5135135135135,69681790.9367413,16421.69023082597,99501048.81697075,4382387.83004143,0.6666666675600108,0.5128205133755529,1.1816911035211512e-29,41677904.638100855,1.6011477744143388e+113,2.494806593408896e+19,1.134002997004044e+19,3.2121910001975985e-17,1.3569048935714738e+112,black
714.3143143143144,69681790.9367413,16437.432321295673,99501048.81697075,4382387.871847395,0.6666666675600117,0.512820513375552,1.0479401033533098e-29,46997351.24853998,2.1191202202359432e+113,2.5967255528598098e+19,1.1803297967544592e+19,4.133896935500309e-16,1.7958645934202908e+112,black
715.1151151151151,69681790.9367413,16453.16810988777,99501048.81697075,4382387.913636626,0.6666666675600095,0.5128205133755542,9.293278564456144e-30,52995731.03680931,2.8046571213284863e+113,2.7028081514172404e+19,1.2285491597351092e+19,-1.2081675163848308e-16,2.376828068922446e+112,black
715.915915915916,69681790.9367413,16468.897599125023,99501048.81697075,4382387.955409125,0.6666666675600104,0.5128205133755533,8.241408664504626e-30,59759697.8023975,3.711965698358767e+113,2.8132244839360197e+19,1.2787384017891e+19,1.322972310141422e-17,3.145733642676921e+112,black
716.7167167167167,69681790.9367413,16484.620791529207,99501048.81697075,4382387.997164903,0.6666666675600113,0.5128205133755525,7.308595809787528e-30,67386965.16806892,4.9127892465001566e+113,2.9281515940623307e+19,1.3309779973010594e+19,1.4415261996340704e-16,4.163380717373015e+112,black
717.5175175175176,69681790.9367413,16500.337689621058,99501048.81697075,4382388.038903967,0.6666666675600087,0.5128205133755549,6.481364398406927e-30,75987718.17049551,6.50208006803e+113,3.047773758108957e+19,1.3853517082313441e+19,-2.024091266978856e-16,5.51023734578814e+112,black
718.3183183183183,69681790.9367413,16516.048295920322,99501048.81697075,4382388.080626319,0.6666666675600099,0.5128205133755537,5.747764079206797e-30,85686205.01542765,8.605507602684679e+113,3.1722827805273137e+19,1.4419467184215065e+19,-1.4330324366467015e-17,7.292803053122614e+112,black
719.1191191191192,69681790.9367413,16531.75261294573,99501048.81697075,4382388.122331969,0.666666667560011,0.5128205133755526,5.097197114598289e-30,96622531.99224153,1.1389395443490462e+114,3.3018783014504854e+19,1.5008537733865845e+19,3.857343743256394e-17,9.652030036856326e+112,black
719.91991991992,69681790.9367413,16547.450643215012,99501048.81697075,4382388.164020925,0.6666666675600115,0.5128205133755521,4.520265283514395e-30,108954687.47753116,1.5073872984289406e+114,3.4367681167998603e+19,1.5621673258181186e+19,1.1668320437820415e-15,1.2774468630753735e+113,black
720.7207207207208,69681790.9367413,16563.142389244873,99501048.81697075,4382388.205693189,0.6666666675600097,0.5128205133755539,4.008634112819734e-30,122860824.26695174,1.995028163469199e+114,3.57716851146922e+19,1.6259856870314641e+19,-5.006328119247764e-18,1.6907018334484735e+113,black
721.5215215215215,69681790.9367413,16578.827853551025,99501048.81697075,4382388.247348773,0.6666666675600108,0.5128205133755528,3.554912475837912e-30,138541833.2062813,2.6404211957892556e+114,3.723304606119875e+19,1.6924111845999434e+19,-9.966166668072951e-18,2.2376450811773353e+113,black
722.3223223223224,69681790.9367413,16594.507038648182,99501048.81697075,4382388.288987679,0.6666666675600116,0.5128205133755521,3.152545818650058e-30,156224245.3009515,3.49459933390119e+114,3.875410718143585e+19,1.7615503264289024e+19,2.4365270324975148e-17,2.9615248592382975e+113,black
723.1231231231232,69681790.9367413,16610.17994705002,99501048.81697075,4382388.330609918,0.6666666675600095,0.5128205133755542,2.7957214716926666e-30,176163504.22844473,4.625104708285547e+114,4.033730737371349e+19,1.8335139715324312e+19,6.310368035597434e-16,3.919580261258939e+113,black
723.923923923924,69681790.9367413,16625.846581269234,99501048.81697075,4382388.372215492,0.6666666675600107,0.512820513375553,2.479284678764833e-30,198647656.52900285,6.121329376757177e+114,4.198518517131193e+19,1.9084175077869048e+19,-1.8070023357471194e-17,5.187567268438285e+113,black
724.7247247247248,69681790.9367413,16641.50694381751,99501048.81697075,4382388.413804413,0.6666666675600114,0.5128205133755523,2.1986641303851244e-30,224001512.78378186,8.101583791523522e+114,4.370038281281185e+19,1.9863810369459917e+19,-7.085347016115138e-17,6.865748975867391e+113,black
725.5255255255256,69681790.9367413,16657.161037205515,99501048.81697075,4382388.455376685,0.6666666675600117,0.512820513375552,1.9498059257359792e-30,252591339.89379674,1.07224519203772e+115,4.5485650478712365e+19,2.0675295672141963e+19,-5.814382522610315e-15,9.086823661336612e+113,black
726.3263263263264,69681790.9367413,16672.80886394293,99501048.81697075,4382388.496932315,0.6666666675600104,0.5128205133755533,1.7291150091984687e-30,284830152.2451204,1.4191172756253688e+115,4.734385070112038e+19,2.1519932136872874e+19,3.868793462025235e-17,1.2026417590045499e+114,black
727.1271271271272,69681790.9367413,16688.450426538428,99501048.81697075,4382388.538471308,0.6666666675600113,0.5128205133755525,1.5334032354562664e-30,321183678.1977211,1.878202725396034e+115,4.927796295359135e+19,2.2399074069814223e+19,-2.888566749956229e-17,1.5916972249118931e+114,black
727.927927927928,69681790.9367413,16704.085727499652,99501048.81697075,4382388.579993672,0.6666666675600117,0.512820513375552,1.3598433129082271e-30,362177088.09086394,2.48580264526015e+115,5.129108842847124e+19,2.3314131103850545e+19,-7.281684288983081e-16,2.1066124112374152e+114,black
728.7287287287288,69681790.9367413,16719.714769333277,99501048.81697075,4382388.621499415,0.66666666756001,0.5128205133755536,1.2059279600456586e-30,408402580.9593877,3.2899615721074456e+115,5.338645500940988e+19,2.4266570458822656e+19,-1.255688680332761e-16,2.7881030272096995e+114,black
729.5295295295296,69681790.9367413,16735.337554544963,99501048.81697075,4382388.662988541,0.666666667560011,0.5128205133755527,1.0694336847601521e-30,460527939.5598929,4.354266484741801e+115,5.556742244700855e+19,2.525791929409478e+19,1.1760178107552887e-17,3.6900563430015274e+114,black
730.3303303303304,69681790.9367413,16750.954085639343,99501048.81697075,4382388.704461057,0.6666666675600116,0.5128205133755521,9.483886633297331e-31,519306177.2946367,5.762874794914997e+115,5.783748774591012e+19,2.6289767157231858e+19,-5.872200010662837e-17,4.883792199080508e+114,black
731.1311311311312,69681790.9367413,16766.564365120084,99501048.81697075,4382388.745916971,0.6666666675600095,0.5128205133755541,8.410442550573776e-31,585586416.3943737,7.627168897039857e+115,6.020029077196063e+19,2.736376853270936e+19,1.2225116334201044e-15,6.463702455118524e+114,black
731.931931931932,69681790.9367413,16782.16839548983,99501048.81697075,4382388.787356291,0.6666666675600107,0.5128205133755529,7.458497410560804e-31,660326154.5087577,1.0094563469479734e+116,6.265962008844165e+19,2.84816454947462e+19,8.725377843736352e-18,8.554714804643843e+114,black
732.7327327327328,69681790.9367413,16797.76617925022,99501048.81697075,4382388.82877902,0.6666666675600116,0.5128205133755521,6.614299222524028e-31,744605096.9096582,1.3360161944075625e+116,6.52194190307221e+19,2.9645190468510036e+19,1.627111702771207e-17,1.1322171139047143e+115,black
733.5335335335336,69681790.9367413,16813.357718901898,99501048.81697075,4382388.870185167,0.6666666675600121,0.5128205133755516,5.865652529842797e-31,839640754.1305523,1.768218385193914e+116,6.788379202908006e+19,3.085626910412729e+19,1.6924923312878959e-15,1.4984901569439953e+115,black
734.3343343343344,69681790.9367413,16828.943016944515,99501048.81697075,4382388.911574736,0.666666667560013,0.5128205133755506,5.201742231994568e-31,946806030.368142,2.3402382926418338e+116,7.0657011189821235e+19,3.211682326810056e+19,-2.396778791924697e-17,1.983252790374436e+115,black
735.1351351351352,69681790.9367413,16844.522075876714,99501048.81697075,4382388.952947738,0.6666666675600129,0.5128205133755507,4.612977347439383e-31,1067649056.7323169,3.0973070477078973e+116,7.354352314525836e+19,3.3428874156935623e+19,2.5149982497595135e-17,2.624836481108388e+115,black
735.935935935936,69681790.9367413,16860.09489819613,99501048.81697075,4382388.994304179,0.6666666675600131,0.5128205133755505,4.090852460374558e-31,1203915555.8590775,4.099288084441832e+116,7.654795618352295e+19,3.4794525537964958e+19,1.430894544477395e-16,3.473972952916807e+115,black
736.7367367367368,69681790.9367413,16875.66148639942,99501048.81697075,4382389.035644064,0.6666666675600129,0.5128205133755506,3.627824849788547e-31,1357574060.9705794,5.42541070046106e+116,7.967512766965362e+19,3.6215967122569806e+19,-1.0910876289173771e-16,4.59780567835683e+115,black
737.5375375375376,69681790.9367413,16891.221842982202,99501048.81697075,4382389.076967398,0.6666666675600129,0.5128205133755506,3.217205525798552e-31,1530844353.7013597,7.18053492761104e+116,8.293005176984714e+19,3.7695478077203235e+19,9.2177919646633e-18,6.0851990911957965e+115,black
738.3383383383384,69681790.9367413,16906.775970439136,99501048.81697075,4382389.118274189,0.6666666675600129,0.5128205133755506,2.85306259915824e-31,1726229531.5100026,9.503443092753426e+116,8.631794749127213e+19,3.923543067785096e+19,-6.893803925020106e-17,8.053765332841887e+115,black
739.1391391391392,69681790.9367413,16922.323871263867,99501048.81697075,4382389.159564444,0.6666666675600144,0.512820513375549,2.5301355879945523e-31,1946552167.9276755,1.2577813704367595e+117,8.984424705032023e+19,4.0838294113781916e+19,4.3590846995856356e-15,1.0659164156243724e+116,black
739.93993993994,69681790.9367413,16937.865547949037,99501048.81697075,4382389.20083817,0.6666666675600128,0.5128205133755506,2.2437594238293824e-31,2194995088.022569,1.6646745399295004e+117,9.35146045827282e+19,4.250663844669461e+19,7.24407870578376e-17,1.4107411355334746e+116,black
740.7407407407408,69681790.9367413,16953.401002986302,99501048.81697075,4382389.242095374,0.6666666675600128,0.5128205133755506,1.989797059063409e-31,2475147348.1301336,2.203197939660173e+117,9.733490520952391e+19,4.424313873160175e+19,-3.671870488765796e-17,1.8671168980170953e+116,black
741.5415415415416,69681790.9367413,16968.930238866305,99501048.81697075,4382389.28333606,0.6666666675600129,0.5128205133755505,1.7645797023551136e-31,2791056084.0821004,2.9159340428957e+117,1.0131127447334442e+20,4.605057930606564e+19,-9.433391604594632e-16,2.471130544826865e+116,black
742.3423423423424,69681790.9367413,16984.453258078705,99501048.81697075,4382389.324560236,0.6666666675600128,0.5128205133755506,1.5648538185242536e-31,3147284976.943523,3.8592407833438614e+117,1.0545008816024388e+20,4.793185825465628e+19,1.1407538815778419e-16,3.270543036732086e+116,black
743.1431431431432,69681790.9367413,16999.97006311216,99501048.81697075,4382389.36576791,0.6666666675600128,0.5128205133755506,1.3877341273288065e-31,3548980180.866599,5.107707926421547e+117,1.0975798252275388e+20,4.988999205579719e+19,-1.9113014299588827e-17,4.328566039340293e+116,black
743.943943943944,69681790.9367413,17015.480656454332,99501048.81697075,4382389.406959087,0.6666666675600128,0.5128205133755506,1.2306619221271518e-31,4001944665.467036,6.760055079801036e+117,1.142418649205728e+20,5.1928120418442174e+19,-2.339397191653886e-16,5.7288602371195226e+116,black
744.7447447447448,69681790.9367413,17030.985040591884,99501048.81697075,4382389.448133775,0.6666666675600131,0.5128205133755502,1.0913681062877115e-31,4512722046.689354,8.946937714573228e+117,1.1890892489596215e+20,5.404951131634644e+19,-6.544904897025901e-15,7.582150605570534e+116,black
745.5455455455456,69681790.9367413,17046.48321801049,99501048.81697075,4382389.489291981,0.6666666675600129,0.5128205133755505,9.678404133633152e-32,5088691117.196941,1.1841278439813086e+118,1.2376664570159065e+20,5.625756622799575e+19,-4.553058462124693e-18,1.0034981728655158e+117,black
746.3463463463464,69681790.9367413,17061.975191194826,99501048.81697075,4382389.530433706,0.6666666675600129,0.5128205133755505,8.582943374857255e-32,5738172441.893749,1.5671940451840848e+118,1.288228162993279e+20,5.855582559060359e+19,-6.794779267688514e-17,1.3281305467661736e+117,black
747.1471471471472,69681790.9367413,17077.46096262857,99501048.81697075,4382389.571558964,0.6666666675600128,0.5128205133755506,7.611473540354508e-32,6470548558.476016,2.074182435403862e+118,1.3408554384921046e+20,6.0947974476913844e+19,-3.771701169139692e-15,1.7577817249185268e+117,black
747.947947947948,69681790.9367413,17092.940534794405,99501048.81697075,4382389.612667758,0.666666667560013,0.5128205133755503,6.749960581730978e-32,7296399519.457276,2.7451819310793683e+118,1.3956326670861982e+20,6.343784850391811e+19,-7.692945749982784e-18,2.3264253653214988e+117,black
748.7487487487488,69681790.9367413,17108.41391017403,99501048.81697075,4382389.653760096,0.666666667560013,0.5128205133755503,5.985958909712231e-32,8227655733.732014,3.6332502416956805e+118,1.452647679625004e+20,6.602943998295474e+19,-3.3618557303323035e-18,3.0790256285556625e+117,black
749.5495495495496,69681790.9367413,17123.881091248142,99501048.81697075,4382389.694835985,0.6666666675600129,0.5128205133755505,5.308431602658922e-32,9277770315.659758,4.808609283538496e+118,1.5119918950633095e+20,6.872690432105951e+19,-2.702077947338136e-17,4.0750926131682167e+117,black
750.3503503503504,69681790.9367413,17139.34208049644,99501048.81697075,4382389.735895429,0.6666666675600129,0.5128205133755505,4.707590964980958e-32,10461913431.457056,6.3641978128490594e+118,1.573760467044063e+20,7.153456668382106e+19,1.5198953067345368e-16,5.393387976990729e+117,black
751.1511511511512,69681790.9367413,17154.796880397655,99501048.81697075,4382389.776938436,0.6666666675600129,0.5128205133755506,4.17475713211969e-32,11797191450.467659,8.423020339733697e+118,1.6380524364696158e+20,7.445692893043707e+19,-1.4690323334439737e-17,7.138152830282795e+117,black
751.951951951952,69681790.9367413,17170.245493429487,99501048.81697075,4382389.817965011,0.6666666675600129,0.5128205133755506,3.702232679481545e-32,13302894067.209019,1.114787342095596e+119,1.704970890305698e+20,7.749867683207719e+19,7.813044355694319e-17,9.44735035674234e+117,black
752.7527527527528,69681790.9367413,17185.68792206868,99501048.81697075,4382389.858975164,0.6666666675600131,0.5128205133755503,3.283191423895235e-32,15000772964.17642,1.4754218415385207e+119,1.7746231268731083e+20,8.06646875851413e+19,2.5784682760265362e-15,1.250357492829255e+118,black
753.5535535535536,69681790.9367413,17201.124168790964,99501048.81697075,4382389.899968898,0.6666666675600129,0.5128205133755506,2.91157981119894e-32,16915356041.016132,1.9527218584995387e+119,1.8471208278917923e+20,8.396003763144514e+19,-9.167768629895808e-18,1.654849032626728e+118,black
754.3543543543544,69681790.9367413,17216.554236071086,99501048.81697075,4382389.940946222,0.6666666675600129,0.5128205133755506,2.582029465380205e-32,19074301749.493603,2.5844287710190243e+119,1.9225802375535277e+20,8.739001079788762e+19,3.72626350861753e-17,2.1901938737449365e+118,black
755.1551551551552,69681790.9367413,17231.978126382804,99501048.81697075,4382389.981907141,0.6666666675600129,0.5128205133755507,2.289779635938059e-32,21508798653.04164,3.420493319822966e+119,2.0011223489099717e+20,9.096010676863507e+19,1.1575441554194704e-15,2.8987231523923444e+118,black
755.955955955956,69681790.9367413,17247.395842198886,99501048.81697075,4382390.022851664,0.6666666675600132,0.5128205133755502,2.03060842312444e-32,24254015983.016277,4.5270253458519585e+119,2.08287309787532e+20,9.46760499034236e+19,-1.5478918048133847e-16,3.8364621575016603e+118,black
756.7567567567568,69681790.9367413,17262.807385991102,99501048.81697075,4382390.063779794,0.6666666675600131,0.5128205133755503,1.8007717875326172e-32,27349611700.475605,5.991521270692665e+119,2.1679635651542535e+20,9.854379841610241e+19,2.574219862882444e-17,5.077560398892091e+118,black
757.5575575575576,69681790.9367413,17278.212760230246,99501048.81697075,4382390.104691538,0.6666666675600132,0.5128205133755502,1.5969494629515026e-32,30840305403.055065,7.929782670655664e+119,2.2565301864193098e+20,1.0256955392815042e+20,3.3779648900987694e-16,6.720154805640394e+118,black
758.3583583583584,69681790.9367413,17293.61196738611,99501048.81697075,4382390.145586909,0.6666666675600131,0.5128205133755503,1.4161969911331349e-32,34776524353.256165,1.049507301449329e+120,2.3487149710743585e+20,1.0675977141247081e+20,-4.993180524868186e-16,8.894129673299402e+118,black
759.1591591591592,69681790.9367413,17309.005009927507,99501048.81697075,4382390.186465908,0.666666667560013,0.5128205133755505,1.255903185557102e-32,39215131960.81507,1.3890236612298228e+120,2.444665729955271e+20,1.1112116954342138e+20,1.3622423686703944e-17,1.1771386959574773e+119,black
759.95995995996,69681790.9367413,17324.391890322244,99501048.81697075,4382390.227328541,0.666666667560013,0.5128205133755505,1.1137524097057138e-32,44220249242.9382,1.8383738052997926e+120,2.544536312332503e+20,1.1566074146965919e+20,3.4978811110299724e-17,1.557943902796435e+119,black
760.7607607607608,69681790.9367413,17339.772611037166,99501048.81697075,4382390.268174816,0.6666666675600132,0.5128205133755502,9.876911249134317e-33,49864181129.40514,2.4330890411316273e+120,2.6484868525960793e+20,1.203857660270945e+20,4.349145765042974e-15,2.0619398653657862e+119,black
761.5615615615616,69681790.9367413,17355.147174538106,99501048.81697075,4382390.309004738,0.6666666675600127,0.5128205133755507,8.758982245349595e-33,56228460994.10335,3.220195079479525e+120,2.756684027017985e+20,1.2530381940990838e+20,-3.811951258278344e-18,2.728978880914852e+119,black
762.3623623623624,69681790.9367413,17370.515583289936,99501048.81697075,4382390.349818315,0.6666666675600127,0.5128205133755507,7.767587258726482e-33,63405028502.533745,4.2619304820323664e+120,2.8693013210041795e+20,1.3042278731837176e+20,1.3004854160265314e-17,3.611805493247768e+119,black
763.1631631631632,69681790.9367413,17385.87783975652,99501048.81697075,4382390.390615554,0.6666666675600127,0.5128205133755507,6.888404398121126e-33,71497557790.68214,5.640668029528895e+120,2.986519307264286e+20,1.3575087760292204e+20,1.1801911400452386e-16,4.780227143668554e+119,black
763.963963963964,69681790.9367413,17401.23394640074,99501048.81697075,4382390.43139646,0.6666666675600105,0.5128205133755531,6.1087328113046694e-33,80622955162.42676,7.465428156000314e+120,3.1085259353454386e+20,1.412966334247927e+20,-1.1569851343100753e-16,6.32663403050874e+119,black
764.7647647647648,69681790.9367413,17416.58390568449,99501048.81697075,4382390.472161041,0.6666666675600113,0.5128205133755523,5.417309205901102e-33,90913047941.47325,9.880499483508158e+120,3.2355168329939924e+20,1.4706894695427246e+20,2.179500464931856e-17,8.373304647040813e+119,black
765.5655655655656,69681790.9367413,17431.927720068696,99501048.81697075,4382390.5129093025,0.6666666675600117,0.5128205133755519,4.8041451376021745e-33,102516488875.37541,1.3076848106180712e+121,3.3676956198289605e+20,1.530770736285892e+20,1.282266071141257e-16,1.1082074666254839e+120,black
766.3663663663664,69681790.9367413,17447.26539201327,99501048.81697075,4382390.553641251,0.6666666675600118,0.5128205133755518,4.2603827150952004e-33,115600903602.97308,1.7307217785654182e+121,3.5052742338293786e+20,1.5933064699224454e+20,-1.0104137987998372e-15,1.466713371665608e+120,black
767.1671671671672,69681790.9367413,17462.596923977173,99501048.81697075,4382390.5943568945,0.6666666675600121,0.5128205133755515,3.778166637184688e-33,130355312208.0648,2.2906115070535385e+121,3.6484732711598975e+20,1.6583969414363172e+20,1.80965330094136e-17,1.941196192418253e+120,black
767.967967967968,69681790.9367413,17477.922318418347,99501048.81697075,4382390.635056238,0.6666666675600121,0.5128205133755515,3.350530713533985e-33,146992859841.49203,3.031625961623331e+121,3.797522339878656e+20,1.7261465181266615e+20,3.0163338815716005e-18,2.5691745437485857e+120,black
768.7687687687688,69681790.9367413,17493.24157779377,99501048.81697075,4382390.675739289,0.6666666675600127,0.5128205133755509,2.9712972296794742e-33,165753895858.83185,4.01235912021203e+121,3.952660428095419e+20,1.7966638309524632e+20,1.8843792428289946e-15,3.400304339162737e+120,black
769.5695695695696,69681790.9367413,17508.55470455944,99501048.81697075,4382390.716406057,0.6666666675600127,0.512820513375551,2.6349877025270043e-33,186909445955.44638,5.310360154365636e+121,4.114136287169436e+20,1.8700619487133794e+20,3.379480231359544e-17,4.500305215564099e+120,black
770.3703703703704,69681790.9367413,17523.861701170365,99501048.81697075,4382390.757056541,0.6666666675600127,0.512820513375551,2.3367437370839508e-33,210765127458.15604,7.02826544788073e+121,4.2822088305623145e+20,1.9464585593465068e+20,1.3542410458198977e-17,5.956157159220958e+120,black
771.1711711711712,69681790.9367413,17539.16257008057,99501048.81697075,4382390.797690752,0.6666666675600129,0.5128205133755508,2.0722568411095647e-33,237665564334.511,9.301914327836465e+121,4.457147548984577e+20,2.025976158629353e+20,-1.1059694219363248e-16,7.882978243929207e+120,black
771.971971971972,69681790.9367413,17554.457313743093,99501048.81697075,4382390.838308697,0.6666666675600126,0.512820513375551,1.83770618377014e-33,267999365699.89017,1.2311090240407138e+122,4.639232942502389e+20,2.1087422465919952e+20,-6.339664423304149e-17,1.043312732237893e+121,black
772.7727727727728,69681790.9367413,17569.745934609993,99501048.81697075,4382390.878910382,0.6666666675600127,0.5128205133755509,1.6297033991495022e-33,302204739742.8232,1.6293736704695585e+122,4.8287569702965e+20,2.194889531952955e+20,1.5115701637142093e-18,1.3808251444657277e+121,black
773.5735735735736,69681790.9367413,17585.02843513235,99501048.81697075,4382390.919495812,0.6666666675600127,0.5128205133755509,1.4452436372340082e-33,340775824168.55133,2.1564772137767427e+122,5.026023518795356e+20,2.2845561449069802e+20,-1.0079421295454497e-16,1.827523062522664e+121,black
774.3743743743744,69681790.9367413,17600.304817760265,99501048.81697075,4382390.960064994,0.6666666675600141,0.5128205133755493,1.2816621552458372e-33,384269824611.5482,2.854099128897868e+122,5.231348888932136e+20,2.377885858605516e+20,-2.2674598811644857e-16,2.418728075337177e+121,black
775.1751751751752,69681790.9367413,17615.575084942855,99501048.81697075,4382391.000617935,0.6666666675600127,0.5128205133755508,1.136595822233251e-33,433315064140.1028,3.7774022306064244e+122,5.445062303307934e+20,2.475028319685425e+20,5.271336042838941e-17,3.2011883310223937e+121,black
775.975975975976,69681790.9367413,17630.839239128258,99501048.81697075,4382391.041154643,0.6666666675600127,0.5128205133755508,1.0079489808063503e-33,488620060137.53815,4.9993945435565726e+122,5.667506434073251e+20,2.576139288215114e+20,-4.574668566842891e-17,4.236775036912351e+121,black
776.7767767767768,69681790.9367413,17646.09728276362,99501048.81697075,4382391.0816751225,0.6666666675600127,0.5128205133755508,8.938631728491764e-34,550983759686.7429,6.616702240395598e+122,5.8990379523753686e+20,2.6813808874433485e+20,-1.333823195822876e-15,5.607374779996269e+121,black
777.5775775775776,69681790.9367413,17661.349218295134,99501048.81697075,4382391.122179381,0.6666666675600127,0.5128205133755507,7.926902918606269e-34,621307081320.1526,8.757210129463794e+122,6.140028100251295e+20,2.7909218637505875e+20,3.698581219260699e-17,7.421364516494738e+121,black
778.3783783783784,69681790.9367413,17676.595048167994,99501048.81697075,4382391.162667425,0.6666666675600127,0.5128205133755507,7.029687740766756e-34,700605929869.9586,1.1590173845729907e+123,6.390863285884635e+20,2.904937857220287e+20,-1.212538515330437e-17,9.82218122519484e+121,black
779.1791791791792,69681790.9367413,17691.83477482641,99501048.81697075,4382391.20313926,0.6666666675600127,0.5128205133755507,6.234024844267591e-34,790025872433.3109,1.5339603342704248e+123,6.65194570317947e+20,3.0236116832633926e+20,-1.128481675825908e-16,1.2999663849749361e+122,black
779.97997997998,69681790.9367413,17707.06840071363,99501048.81697075,4382391.243594893,0.666666667560013,0.5128205133755503,5.528419923059867e-34,890858687464.8326,2.030197595338294e+123,6.923693976646101e+20,3.147133625748226e+20,8.191245800261024e-16,1.7205064367273674e+122,black
780.7807807807808,69681790.9367413,17722.295928271906,99501048.81697075,4382391.28403433,0.6666666675600129,0.5128205133755503,4.902679666698769e-34,1004561026067.5946,2.6869679639256225e+123,7.206543832631151e+20,3.2757017421050675e+20,-2.318795945950995e-17,2.277091494852222e+122,black
781.5815815815816,69681790.9367413,17737.517359942536,99501048.81697075,4382391.32445758,0.6666666675600129,0.5128205133755503,4.347764505732014e-34,1132775455067.6956,3.5562040146936307e+123,7.500948797969781e+20,3.4095221808953544e+20,-1.610107380777575e-17,3.013732215842059e+122,black
782.3823823823824,69681790.9367413,17752.732698165823,99501048.81697075,4382391.364864648,0.6666666675600124,0.5128205133755509,3.8556580242640726e-34,1277354185864.5273,4.706638547207161e+123,7.807380927179023e+20,3.5488095123541e+20,-3.111407932111121e-15,3.988676734921321e+122,black
783.1831831831832,69681790.9367413,17767.941945381095,99501048.81697075,4382391.40525554,0.6666666675600129,0.5128205133755503,3.4192511532012484e-34,1440385831848.8682,6.229239470662245e+123,8.126331559359182e+20,3.69378707243599e+20,-2.462015700228335e-17,5.279016500561224e+122,black
783.983983983984,69681790.9367413,17783.14510402671,99501048.81697075,4382391.445630262,0.6666666675600129,0.5128205133755503,3.0322394712118645e-34,1624225580931.3606,8.24440287769257e+123,8.458312106015988e+20,3.844687320916355e+20,9.301452617535901e-18,6.986782099739466e+122,black
784.7847847847848,69681790.9367413,17798.34217654004,99501048.81697075,4382391.485988821,0.6666666675600128,0.5128205133755505,2.689032129788658e-34,1831529219060.4194,1.0911473082680666e+124,8.803854871067874e+20,4.00175221412176e+20,2.4687160763435264e-16,9.247011087017518e+122,black
785.5855855855856,69681790.9367413,17813.53316535749,99501048.81697075,4382391.526331224,0.6666666675600128,0.5128205133755505,2.3846710867284786e-34,2065291496239.3994,1.4441342399240913e+124,9.163513904351875e+20,4.1652335928872154e+20,9.215322441911896e-17,1.2238425762068577e+123,black
786.3863863863864,69681790.9367413,17828.71807291449,99501048.81697075,4382391.566657477,0.6666666675600127,0.5128205133755507,2.1147594812582747e-34,2328889389286.9546,1.9113126954701363e+124,9.537865889997948e+20,4.335393586362702e+20,-4.4866837058538146e-18,1.619756521584862e+123,black
787.1871871871872,69681790.9367413,17843.896901645476,99501048.81697075,4382391.606967586,0.6666666675600127,0.5128205133755507,1.8753981161013072e-34,2626130886322.3843,2.5296237142446157e+124,9.927511071094954e+20,4.5125050323158866e+20,1.3420623104405468e-16,2.143748910376794e+123,black
787.987987987988,69681790.9367413,17859.06965398394,99501048.81697075,4382391.647261557,0.6666666675600128,0.5128205133755506,1.6631291288896802e-34,2961309997727.3066,3.3479587881318725e+124,1.033307421213223e+21,4.696851914605558e+20,3.3058274026123957e-15,2.8372532102812486e+123,black
788.7887887887888,69681790.9367413,17874.23633236238,99501048.81697075,4382391.687539398,0.6666666675600128,0.5128205133755506,1.4748860391901878e-34,3339268788281.93,4.431025841474725e+124,1.0755205600758392e+21,4.88872981852654e+20,-2.191802352488974e-18,3.755106645317564e+123,black
789.5895895895897,69681790.9367413,17889.396939212325,99501048.81697075,4382391.727801114,0.6666666675600128,0.5128205133755506,1.3079494495116697e-34,3765467326606.0522,5.864465858244721e+124,1.1194582090465395e+21,5.088446404756997e+20,3.407144152510573e-17,4.969886320546374e+123,black
790.3903903903904,69681790.9367413,17904.551476964334,99501048.81697075,4382391.768046713,0.6666666675600129,0.5128205133755506,1.15990776034276e-34,4246062562406.83,7.761624741744758e+124,1.1651908185867813e+21,5.2963219026671875e+20,1.4554008672239565e-15,6.577648086224371e+123,black
791.1911911911913,69681790.9367413,17919.69994804799,99501048.81697075,4382391.808276199,0.666666667560013,0.5128205133755505,1.0286223317006982e-34,4787997271011.562,1.0272515875753201e+125,1.2127917172319346e+21,5.512689623781519e+20,-1.0102810858770945e-16,8.705521928604407e+123,black
791.991991991992,69681790.9367413,17934.842354891898,99501048.81697075,4382391.848489581,0.666666667560013,0.5128205133755505,9.121965879086164e-35,5399100350094.473,1.3595682080580475e+125,1.262337229167611e+21,5.737896496216412e+20,2.115404416447478e-17,1.1521764475068203e+124,black
792.7927927927929,69681790.9367413,17949.978699923704,99501048.81697075,4382391.888686868,0.6666666675600131,0.5128205133755503,8.08948619282188e-35,6088199917505.795,1.7993894920364827e+125,1.313906796609355e+21,5.972303620951612e+20,1.9029301515258198e-16,1.5249063491834599e+124,black
793.5935935935936,69681790.9367413,17965.108985570067,99501048.81697075,4382391.928868062,0.6666666675600159,0.5128205133755476,7.1738688492456e-35,6865250844035.308,2.381493274750754e+125,1.3675831071817547e+21,6.216286850826152e+20,3.970318505808092e-18,2.018214639619283e+124,black
794.3943943943945,69681790.9367413,17980.233214256685,99501048.81697075,4382391.96903317,0.6666666675600148,0.5128205133755485,6.3618866562678e-35,7741478563476.276,3.151908045922538e+125,1.4234522265014053e+21,6.470237393188203e+20,5.699762183507148e-18,2.671108513493676e+124,black
795.1951951951952,69681790.9367413,17995.351388408282,99501048.81697075,4382392.009182197,0.6666666675600142,0.512820513375549,5.641809556004814e-35,8729541237496.171,4.17155254448124e+125,1.4816037361760915e+21,6.73456243716405e+20,9.283844223996844e-17,3.5352140207468137e+124,black
795.995995995996,69681790.9367413,18010.463510448608,99501048.81697075,4382392.049315153,0.6666666675600134,0.5128205133755498,5.003235170005341e-35,9843712617984.43,5.521052764810686e+125,1.5421308774417076e+21,7.009685806553214e+20,4.9347376056475466e-15,4.678858275263293e+124,black
796.7967967967968,69681790.9367413,18025.56958280045,99501048.81697075,4382392.089432041,0.6666666675600159,0.512820513375547,4.4369385244023177e-35,11100088248538.613,7.307117267921959e+125,1.6051307006669593e+21,7.296048639395269e+20,-3.878033739820922e-17,6.192472260950813e+124,black
797.5975975975977,69681790.9367413,18040.66960788562,99501048.81697075,4382392.129532871,0.6666666675600148,0.5128205133755481,3.934738784086379e-35,12516817983921.94,9.670974910343756e+125,1.6707042209658438e+21,7.59411009529929e+20,2.0386402059329634e-17,8.195741449443859e+124,black
798.3983983983984,69681790.9367413,18055.763588124955,99501048.81697075,4382392.169617646,0.666666667560014,0.5128205133755491,3.489381070719107e-35,14114368186510.197,1.2799542184313682e+126,1.7389565801671216e+21,7.904348091668735e+20,5.443614860269046e-16,1.0847069647723463e+125,black
799.1991991991993,69681790.9367413,18070.851525938342,99501048.81697075,4382392.209686376,0.6666666675600162,0.5128205133755467,3.0944316573024495e-35,15915817387475.842,1.6940203200485884e+126,1.809997215400804e+21,8.227260070003654e+20,1.9309408467679117e-16,1.4356104407191437e+125,black
800.0,69681790.9367413,18085.933423744667,99501048.81697075,4382392.249739066,0.6666666675600154,0.5128205133755476,2.7441850252657625e-35,17947189683879.137,2.242037100467458e+126,1.8839400345716486e+21,8.563363793507493e+20,-3.199468557132277e-19,1.9000314410741174e+125,black
