time,S,SR,C,CR,M1,M2,TH1,TH2,TC,Treg,IL10,IFNgamma,IL2,color
0.0,1.0,0.0,0.0,0.0,85000.0,15000.0,71000.0,12000.0,56000.0,8000.0,0.0085,0.12,0.0094,black
0.5012531328320802,6.771911203171779,0.0,1.9187486301017231,0.0,59447.426420242125,26337.523443874747,65860.91431616327,10694.243557923239,66738.99673004875,8202.300480357175,2588.467450485645,863.2197205134064,4369.8116516493665,black
1.0025062656641603,35.93131192472239,0.0,15.529075686374023,0.0,39057.94353520126,30554.028170676327,61090.67800365705,9529.837220728496,79537.45066580297,8410.569715761285,5537.361903055654,1732.7145718768725,8280.439259115186,black
1.5037593984962405,158.5745937256585,0.0,82.86953514250986,0.0,25531.39215708528,30901.238126055578,56665.879120510566,8492.1776540785,94790.24988550229,8624.146648604294,8306.10820934938,2598.1020003007584,11853.908800821613,black
2.0050125313283207,599.1796950928743,0.0,351.0103070851019,0.0,16677.266681105226,29178.133864677377,52561.55225274775,7567.490589808666,112968.06055845188,8843.151824660907,10650.2591495202,3449.338259415929,15207.401430330066,black
2.506265664160401,1976.344740449673,0.0,1256.5685764124576,0.0,10892.18565076973,26454.03781165838,48754.4990184539,6743.48316312023,134631.8084181198,9067.718852345415,12487.615618072417,4278.303948148052,18455.845250797014,black
3.007518796992481,5777.139938011888,0.0,3923.0457677898376,0.0,7113.654493140243,23361.04748856944,45223.19245602334,6009.196256608976,160449.98737744088,9297.98710942745,13824.201067483978,5078.552458900098,21714.585605514814,black
3.508771929824561,15156.764117184723,0.0,10893.79066097662,0.0,4645.90289471303,20260.659423007288,41947.66198529536,5354.862251373316,191219.28767654827,9534.10035218496,14710.427875219018,5845.0726634202865,25102.19517919618,black
4.010025062656641,36084.336039124624,0.0,27293.4551723686,0.0,3034.2550722301826,17347.33794037673,38909.382380960145,4771.776269906229,227889.1799163874,9776.206351990275,15215.302401318313,6574.078550355964,28743.493638195254,black
4.511278195488721,78717.74012819743,0.0,62401.88926287629,0.0,1981.7221088224596,14713.97216803995,36091.16968938466,4252.180859807263,271591.21355599666,10024.45681285156,15411.732593819534,7262.824909929179,32772.85560787187,black
5.012531328320802,158722.6544435639,0.0,131444.36429972053,0.0,1294.3370608096407,12393.198839877365,33477.08433043028,3789.1630209516975,323673.93395491876,10279.00738825286,15368.64285372287,7909.446532655654,37337.89653961434,black
5.513784461152882,298127.4555896057,0.0,257207.40488676183,0.0,845.4222520623478,10383.288596632958,31052.341085168046,3376.5623536873786,385744.49541600735,10540.017740170028,15147.194278696534,8512.818284039238,42603.63924539506,black
6.015037593984962,525300.7815775882,0.0,470968.2847009171,0.0,552.2468618684547,8664.161957628936,28803.22554802433,3008.8891647920223,459718.25431186415,10807.651618998863,14799.414321042565,9072.433603705442,48757.28007200998,black
6.516290726817042,873782.689211685,0.0,812254.28788874,0.0,360.7811857796295,7207.120827008697,26717.016605066787,2681.251467955203,547877.8726279107,11082.076955464865,14368.18098518184,9588.299219639952,56013.693385101804,black
7.017543859649122,1379958.935367491,0.0,1327145.6364459847,0.0,235.73966702483412,5980.605974499103,24781.914514293487,2389.2899204363675,652943.7557184167,11363.465960403795,13887.914859814953,10060.844108297333,64621.836864708755,black
7.518796992481203,2079855.5598236872,0.0,2065153.070128262,0.0,154.07814454017682,4953.465593281825,22986.974187496286,2129.119837013227,778157.9978305581,11651.995230370927,13385.59078325327,10490.840953775933,74872.24883494522,black
8.020050125313283,3005551.6046107193,0.0,3075037.428628747,0.0,100.74703175316382,4096.68574971965,21322.04329942784,1897.2795134744745,927384.4257609484,11947.845857985229,12881.843304377948,10879.338560372042,87105.86335902823,black
8.521303258145362,4181795.889220638,0.0,4400188.832876582,0.0,65.91780991500596,3384.1881189598503,19777.704876008647,1690.6841742852068,1105227.8277641374,12251.20354636758,12392.040903631694,11227.603852863693,101724.41020796385,black
9.022556390977442,5623355.6038538255,0.0,6074278.285431639,0.0,43.17171436554567,2793.077613567392,18345.224038126973,1506.5849330154363,1317176.0468472554,12562.258727252029,11927.265512499194,11537.072259230232,119202.71634407512,black
9.523809523809524,7333454.224577667,0.0,8117822.545363474,0.0,28.316808109252598,2303.5792912880697,17016.498600831022,1342.5322203187015,1569769.3231266378,12881.20668245894,11495.17061869635,11809.305412965923,140103.28478778104,black
10.025062656641603,9303434.325752286,0.0,10536102.9186269,0.0,18.61544084740355,1898.8122585749643,15784.013249312997,1196.3431933925015,1870802.110766149,13208.247668479924,11100.71242623585,12045.955238491008,165093.597494584,black
10.526315789473683,11513568.657652866,0.0,13318617.29637384,0.0,12.279721156641346,1564.4899510996886,14640.797033100887,1066.0726936438243,2229563.597109629,13543.587043970769,10746.760082090217,12248.733595099646,194966.67335050975,black
11.027568922305765,13934784.379504679,0.0,16439991.14002383,0.0,8.142021669883468,1288.5993340848122,13580.383938428302,949.987366376091,2657124.34588062,13887.435399998933,10434.596658262046,12419.386753973966,230665.51321194562,black
11.528822055137844,16530980.082764765,0.0,19862077.908309072,0.0,5.439794094912488,1061.0885423228756,12596.776315978923,846.5425983089112,3166677.9096067804,14240.008692954132,10164.324774972578,12559.674070454701,273312.1841874392,black
12.030075187969924,19261600.69518196,0.0,23536867.114479933,0.0,3.675037209053962,873.5782953980208,11684.410957219057,754.3619661823132,3773947.952651458,14601.528380104994,9935.190960332418,12671.350291266635,324242.43880117766,black
12.531328320802004,22084174.79772543,0.0,27409788.78675542,0.0,2.522518884691834,719.1038603619213,10838.12762744004,672.2189230719745,4497673.447736199,14972.221557865407,9745.84198627854,12756.15100489303,385046.93572119006,black
13.032581453634084,24956590.079629615,0.0,31423039.828550193,0.0,1.7698381765283775,591.8893175203052,10053.139877510368,599.0204787908168,5360186.9180441955,15352.321102912567,9594.52505860621,12815.780803797608,457620.3326663006,black
13.533834586466165,27838964.658387285,0.0,35518636.35147687,0.0,1.2782813590385802,487.1530823422866,9325.007969248021,533.7926572656625,6388103.568105268,15742.065816364702,9479.242200307875,12851.903780609591,544219.7652090235,black
14.035087719298245,30695049.00510531,0.0,39640992.310072005,0.0,0.9572579831097827,400.942195703039,8649.61376132383,475.6675374101927,7613142.568482197,16141.700571272644,9397.86763850459,12866.13602752931,647534.5149894851,black
14.536340852130325,33493155.7678594,0.0,43738919.38940491,0.0,0.7476057044969837,329.9922740387709,8023.137413743637,423.8717050764332,9073105.837256452,16551.47646370194,9348.235584383763,12860.039849789422,770769.0162817895,black
15.037593984962406,36206659.07884726,0.0,47767023.508133434,0.0,0.6106870848024544,271.60986912782136,7442.035779280805,377.7159624371156,10813044.521256678,16971.650967681308,9328.204527678685,12835.11944065841,917741.761568166,black
15.538847117794486,38814131.31701092,0.0,51686533.4227801,0.0,0.5212689858692402,223.5741112521854,6903.022359793025,336.5861578801585,12886649.172043463,17402.488094273514,9335.703066098458,12792.81779776356,1093003.157500808,black
16.040100250626566,41299196.59181755,0.0,55465635.77497575,0.0,0.4628722808016197,184.05476869065782,6403.048714208894,299.9350144043111,15357906.514351103,17844.258554992586,9368.76135204342,12734.514688938481,1301975.967490995,black
16.541353383458645,43650180.26626117,0.0,59079410.84968086,0.0,0.42473486656793763,151.54417232774685,5939.287213163446,267.27484779016555,18303073.93066801,18297.239929753592,9425.531451114237,12661.525500811254,1551122.674181629,black
17.042606516290725,45859626.532981314,0.0,62509468.32707658,0.0,0.3998282850819069,124.80078099657885,5509.1150428544415,238.17107766252602,21813032.590895332,18761.71683950434,9504.299252561703,12575.100825339985,1848144.9259246206,black
17.543859649122805,47923744.73945736,0.0,65743376.87261699,0.0,0.383562427497247,102.80247567877093,5110.09936771771,212.23644510690175,25996091.83855638,19237.981123656893,9603.490033227246,12476.426658815204,2202221.221351445,black
18.045112781954884,49841832.37912203,0.0,68773969.60880472,0.0,0.37293960944143656,84.70795637921788,4739.983568044521,189.12585990720106,30981331.371061046,19726.332022413102,9721.669336398925,12366.62510480551,2624290.166228189,black
18.546365914786968,51615710.175795585,0.0,71598592.67832628,0.0,0.3660021187590134,69.82486907620007,4396.6744747108005,168.53180884769512,36922584.345466144,20227.076364062945,9857.540469760585,12246.755487389577,3127388.0429912726,black
19.047619047619047,53249193.53868139,0.0,74218348.67219906,0.0,0.3614714229908319,57.58351093097154,4078.230528805298,150.18026398873678,44003184.32023325,20740.528757327374,10009.939638267166,12117.815794045388,3727051.1094977953,black
19.548872180451127,54747615.36365701,0.0,76637372.25384521,0.0,0.3585125447969542,47.515151458924365,3782.850799154764,133.827036476558,52441622.5119736,21267.011788816406,10177.82949634075,11980.74437896854,4441795.040806504,black
20.050125313283207,56117407.83406807,0.0,78862162.7614654,0.0,0.3565801815124337,39.23416845488576,3508.864795587054,119.254527376094,62498289.937915936,21806.856225677246,10360.291718981132,11836.421867561578,5293686.308420022,black
20.551378446115287,57365745.421454154,0.0,80900988.29828314,0.0,0.3553182096855353,32.42333333188097,3254.7230202664337,106.26883229713634,74483512.48961762,22360.40122351472,10556.519044623426,11685.673211542695,6309023.1282282695,black
21.052631578947366,58500247.46502001,0.0,82763367.8504641,0.0,0.3544940540632569,26.821694507127866,3018.9882036108947,94.69716129202041,88767126.88477221,22927.994539675266,10765.807126664995,11529.269851717145,7519146.98982938,black
21.553884711779446,59528736.22586871,0.0,84459632.11545415,0.0,0.3539558256022931,22.21460263628788,2800.3271751724583,84.38553969613022,105789892.98704869,23509.99275199569,10987.546439591333,11367.93195206998,8961409.808950614,black
22.05513784461153,60459044.87459744,0.0,86000559.67896494,0.0,0.35360432938994063,18.42550072899765,2597.5033234587554,75.19675932107151,126077094.65381803,24106.761483127848,11221.214414669603,11202.330674593572,10680326.547202177,black
22.55639097744361,61298869.21023254,0.0,87397082.60641253,0.0,0.3533747837210148,15.30916794924904,2409.3696020093557,67.00855274060162,150254748.80161405,24718.675630559934,11466.367925259807,11033.090469260693,12728948.866255369,black
23.05764411027569,62055656.797215775,0.0,88660054.08328335,0.0,0.35322488128984886,12.746160404390519,2234.8620421361056,59.71196637770581,179068922.86498067,25346.1196024638,11722.636199663768,10860.791357885948,15170502.204347886,black
23.55889724310777,62736527.46127909,0.0,89800070.15142347,0.0,0.35312699225615235,10.63823731046544,2072.993735607744,53.209910745988,213408756.74122787,25989.487559505757,11989.714207452782,10685.971194366763,18080336.791550323,black
24.06015037593985,63348219.56293023,0.0,90827337.5943798,0.0,0.35306307226404954,8.904598173205109,1922.849253222275,47.41586855551373,254333899.62602502,26649.18366276564,12267.356541254581,10509.127887030965,21548252.80770503,black
24.561403508771928,63897057.064040095,0.0,91751580.42334329,0.0,0.3530213369975461,7.47878737309013,1783.5794676806272,42.25274349356322,303107208.3783007,27325.622327915484,12555.371798321401,10330.721571605141,25681271.432150345,black
25.062656641604008,64388933.04445819,0.0,92581978.05085799,0.0,0.3529940904162959,6.306147905415766,1654.396751465872,37.65183436240479,361233716.4116484,28019.22848581512,12853.61745346534,10151.176725712126,30606937.293546304,black
25.563909774436087,64829305.96169984,0.0,93327128.99746947,0.0,0.35297630643091266,5.341726933242017,1534.570522556726,33.551920924081514,430507075.6038702,28730.437849687667,13161.99520603207,9970.884217856186,36477254.225940965,black
26.065162907268167,65223205.54603762,0.0,93995034.77546522,0.0,0.3529647026306996,4.548553036965182,1423.423112774266,29.898449288495407,513064904.3179435,29459.69718904299,13480.446777610376,9790.203285604672,43473375.77972044,black
26.56641604010025,65575245.76784709,0.0,94593099.37888697,0.0,0.35295713535834383,3.896219231604694,1320.3259353876356,26.642806005469676,611454749.4361371,30207.4646105223,13808.950133445063,9609.463439162886,51811195.22492918,black
27.06766917293233,65889642.79547242,0.0,95128140.54547854,0.0,0.3529522046485561,3.359717505225057,1224.6959302997705,23.741671201948364,728712697.8735887,30974.209845841724,14147.516098484168,9428.966287798454,61748007.54415074,black
27.56892230576441,66170236.27829079,0.0,95606409.62437986,0.0,0.35294899622317893,2.9184802468829547,1135.9922667043056,21.15644215688144,868457063.3153824,31760.414547017528,14496.18533820971,9248.987287632897,73590448.98651683,black
28.07017543859649,66420512.64345549,0.0,96033617.47435273,0.0,0.35294691299469555,2.5555918477825363,1053.7132845632827,18.852719643885663,1035000039.151885,32566.57258906032,14855.025674540866,9069.777410206274,87703959.18074004,black
28.57142857142857,66643629.39068813,0.0,96414964.32919565,0.0,0.3529455650253686,2.2571402715397673,977.3936576063783,16.79985020681524,1233480762.968919,33393.19038033019,15224.129707889013,8891.564731959714,104524057.78657047,black
29.07268170426065,66842439.61356514,0.0,96755172.00281677,0.0,0.35294469766227166,2.0116837481226804,906.6017618057682,14.970518277593001,1470023898.6116893,34240.787180749605,15603.61271768409,8714.555945390017,124569783.65240775,black
29.57393483709273,67019516.17447856,0.0,97058517.17189968,0.0,0.3529441446041046,1.8098121551996358,840.9372344443284,13.340382709077513,1751928629.4463313,35109.89542807579,15993.610815225536,8538.937793127561,148459711.19297698,black
30.075187969924812,67177175.12029646,0.0,97328864.77642564,0.0,0.3529437972502355,1.6437862766917142,780.0287099712824,11.887752886307691,2087893894.535169,36001.06107243897,16394.279324414383,8364.87842659056,176931038.20031738,black
30.576441102756892,67317498.05271888,0.0,97569700.82527933,0.0,0.352943584683337,1.5072411128067436,723.5317198413479,10.593300106532219,2488286818.0631194,36914.84391935807,16805.79136771591,8192.528691186142,210862334.09974748,black
31.07769423558897,67442353.26690313,0.0,97784164.0934086,0.0,0.35294346059654236,1.394941869703535,671.1267444606116,9.439800387600197,2965462615.3729753,37851.81798145106,17228.336636510758,8022.023340276225,251300650.63029128,black
31.57894736842105,67553415.5489774,0.0,97975076.35583916,0.0,0.3529433947558684,1.3025832752745714,622.5174062211528,8.411905282186082,3534145846.571459,38812.57183906139,17662.120326771266,7853.482180313377,299493831.4717738,black
32.08020050125313,67652184.58167785,0.0,98144970.92876329,0.0,0.35294336742454996,1.2266245289023956,577.4287934075962,7.495937648592374,4211884783.3059406,39797.70901002881,18107.362222722484,7687.011149685624,356929017.9033345,black
32.581453634085214,67740001.95122091,0.0,98296119.38492678,0.0,0.35294336572169,1.164153557699754,535.6059054950271,6.679709660199689,5019592908.174465,40807.848328837295,18564.295912777874,7522.703333902306,425378538.5834263,black
33.08270676691729,67818066.7804874,0.0,98430556.38453306,0.0,0.3529433812441903,1.1127753760449781,496.81221104811937,5.952360632273811,5982194257.477263,41843.62433537922,19033.168123581134,7360.639919805859,506954599.6130188,black
33.583959899749374,67887450.0362965,0.0,98550102.6184281,0.0,0.35294340851368655,1.0705202683993404,460.82831006517625,5.304212507991691,7129392520.367024,42905.687673580826,19514.238159414024,7200.891091519445,604174462.4292456,black
34.08521303258145,67949107.57389487,0.0,98656385.90094167,0.0,0.3529434439622779,1.0357682756186162,427.45069320280095,4.726641080781857,8496587626.815394,43994.70550013974,20007.777435553828,7043.516870837924,720038120.7513229,black
34.58646616541353,68003891.99150367,0.0,98750860.47858472,0.0,0.3529434852701331,1.0071870899362254,396.49059086510175,4.211961239502475,10125968109.373781,45111.36190363215,20514.069095379356,6888.567904746,858120873.610792,black
35.08771929824561,68052563.37320088,0.0,98834824.64039737,0.0,0.35294353093289615,0.9836809776316111,367.77290564832,3.7533247093836732,12067812945.242613,46256.3583342531,21033.407702131502,6736.086202707728,1022683650.950347,black
35.58897243107769,68095799.00059211,0.0,98909436.72810487,0.0,0.3529435799791708,0.9643487713117026,341.13522210417995,3.3446289281019443,14382043050.866045,47430.41404446055,21566.0989972434,6586.105826316293,1218804496.2164268,black
36.09022556390977,68134202.11353523,0.0,98975729.65112211,0.0,0.35294363178601823,0.9484493213663615,316.42688822229445,2.980435844479082,17140070305.608519,48634.26654079995,22112.459718066613,6438.65353382745,1452535263.2808745,black
36.59147869674185,68168309.79829016,0.0,99034624.0141855,0.0,0.3529436859584661,0.9353730820777938,293.5081634370733,2.655899559275556,20427001160.123367,49868.67204719398,22672.81746864235,6293.749382025774,1731088362.9128807,black
37.092731829573935,68198600.07837303,0.0,99086939.9650416,0.0,0.352943742250821,0.9246187430891126,272.24942834115984,2.366701845258557,24344262827.079197,51134.4059799881,23247.51063790619,6151.407287791817,2063059321.3152711,black
37.59398496240601,68225498.27951816,0.0,99133407.86706015,0.0,0.3529438005152839,0.9157740103628152,252.53045163654156,2.10899468858785,29012733094.893806,52432.26343505125,23836.888360378394,6011.635551652131,2458692018.5768323,black
38.095238095238095,68249382.73581006,0.0,99174677.89754294,0.0,0.3529438606683968,0.9084997998011041,234.23971017766203,1.879349086928408,34576470342.41834,53763.05968723732,24441.310514984612,5874.437345505497,2930194791.6121116,black
38.59649122807017,68270589.89944895,0.0,99211328.6673626,0.0,0.3529439226691339,0.9025172375514293,217.27375826123543,1.6747094229762995,41207158850.8497,55127.6307025214,25061.147758181316,5739.811166627462,3492117155.5105777,black
39.097744360902254,68289418.91194211,0.0,99243874.95179099,0.0,0.35294398650459946,0.8975969686414242,201.5366425964215,1.4923528063230973,49109406591.42647,56526.83366313305,25696.781588032944,5607.751259962813,4161798768.5964727,black
39.59899749373433,68306135.6899028,0.0,99272774.61629708,0.0,0.3529440521806936,0.8935503640450156,186.93935964667386,1.3298528426180483,58527058963.37468,57961.547506015915,26348.60443630644,5478.248010624127,4959904494.967706,black
40.100250626566414,68320976.57416005,0.0,99298434.81489128,0.0,0.35294411971602263,0.8902222890830487,173.39935227446145,1.1850473479347314,69750723306.83974,59432.67347495279,27017.019786022545,5351.288308422779,5911062075.084711,black
40.6015037593985,68334151.58660258,0.0,99321217.5324541,0.0,0.3529441891379287,0.8874851559219109,160.84004284248192,1.0560095787575963,83126736384.30978,60941.13568670227,27702.442312233554,5226.855886168656,7044622081.825019,black
41.10275689223057,68345847.3351437,0.0,99341444.53653346,0.0,0.35294426047990496,0.8852340321539225,149.19040013092504,0.941022594762213,99067851547.12216,62487.88171150338,28405.298044090807,5104.931633386619,8395563612.562173,black
41.60401002506266,68356229.6034151,0.0,99359401.79839289,0.0,0.3529443337799151,0.8833826179330307,138.3845376215948,0.8385564132519053,118065975366.95784,64073.883168312575,29126.024546524397,4985.493887011517,10005573664.718683,black
42.10526315789473,68365445.65828718,0.0,99375343.43770288,0.0,0.3529444090793039,0.8818599374388166,128.36134087709473,0.7472476512623826,140707346748.8883,65700.13633514677,29865.07112008733,4868.518700540018,11924333501.281517,black
42.606516290726816,68373626.30507389,0.0,99389495.24021411,0.0,0.3529444864220952,0.8806076178303551,119.06412190797597,0.6658813844607111,167690626933.97812,67367.66277491675,30622.899017719843,4753.9800930362535,14211051701.873775,black
43.10776942355889,68380887.7173102,0.0,99402057.79306059,0.0,0.35294456585454226,0.8795776513683168,110.44029857311403,0.5933749814401599,199848458603.4701,69077.50997714297,31399.981677368338,4641.85027931056,16936291205.486565,black
43.609022556390975,68387333.06527129,0.0,99413209.27799997,0.0,0.35294464742484327,0.8787305549098684,102.44109720017826,0.5287636983034842,238173159325.61624,70830.75201595794,32196.804969552635,4532.099882515347,20184146721.232483,black
44.11027568922306,68393053.96492653,0.0,99423107.95890807,0.0,0.35294473118296704,0.8780338562188725,95.02127674464985,0.47118784186929025,283847342226.571,72628.49022480784,33013.8674591149,4424.698130330065,24054839700.461266,black
44.611528822055135,68398131.76677878,0.0,99431894.39620003,0.0,0.352944817180548,0.8774608490572745,88.13887292727782,0.41988133068146377,338280408746.4699,74471.85388827743,33851.68068050769,4319.613035838526,28667810943.21416,black
45.11278195488722,68402638.70200334,0.0,99439693.41752192,0.0,0.3529449054708298,0.8769895693315016,81.7549609030324,0.37416150161578815,403152039561.3624,76362.00095147321,34710.76942608747,4216.811564135996,34165406269.582516,black
45.614035087719294,68406638.90146677,0.0,99446615.87103523,0.0,0.35294499610863916,0.8766019530412796,75.83343511931545,0.33342002644579866,480464025624.42975,78300.11874740956,35591.67204697716,4116.259785640906,40717268980.83763,black
46.11528822055138,68410189.30154589,0.0,99452760.18487135,0.0,0.3529450891503805,0.8762831437525748,70.34080511897614,0.2971148175330191,572602039172.4896,80287.42474285648,36494.940766146756,4017.923017025923,48525574690.501816,black
46.616541353383454,68413340.4491918,0.0,99458213.75387892,0.0,0.3529451846540449,0.8760209230341507,65.24600613201008,0.264762814860025,682409249660.7808,82325.16730311468,37421.142003435474,3921.7659506280665,57831269962.902756,black
47.11779448621554,68416137.21732372,0.0,99463054.17251657,0.0,0.3529452826792283,0.8758052420374679,60.52022338672498,0.23593355854444514,813274058006.4298,84414.62647620197,38370.85671230903,3827.7527731412197,68921507418.56763,black
47.61904761904761,68418619.44046403,0.0,99467350.33077647,0.0,0.35294538328715613,0.8756278362473688,56.13672914493345,0.21024346120119258,969234654655.2053,86557.11479694047,39344.68072820112,3735.847274346699,82138506587.35582,black
48.1203007518797,68420822.47943056,0.0,99471163.38818267,0.0,0.3529454865407135,0.8754819086427507,52.07073154070357,0.18735070400753612,1155103629011.977,88753.97811145133,40343.225128344944,3646.012946586982,97890114029.70546,black
48.62155388471178,68422777.72295149,0.0,99474547.63930473,0.0,0.3529455925044778,0.8753618691171485,48.299234367379555,0.16695068853366432,1376616475017.6091,91006.59642257469,41367.11660304523,3558.21307564368,116662388555.0387,black
49.122807017543856,68424513.03320454,0.0,99477551.28276631,0.0,0.35294570124475505,0.875263120169674,44.80090701996788,0.14877198382397772,1640608575449.4395,93316.38475674574,42416.99783838466,3472.410823637543,139034599891.3225,black
49.62406015037594,68426053.14151457,0.0,99480217.10442798,0.0,0.3529458128296176,0.8751818806502504,41.55596385737152,0.13257271480139476,1955226126291.8584,95684.79405287164,43493.52791039593,3388.5693045279822,165697103631.76135,black
50.125313283208015,68427419.9997577,0.0,99482583.08425775,0.0,0.3529459273289443,0.8751150408019357,38.546052302216175,0.11813734393872151,2330177509822.5757,98113.31207376713,44597.38269076436,3306.6516527516255,197472644038.7566,black
50.6265664160401,68428633.09240822,0.0,99484682.93536195,0.0,0.35294604481446257,0.875060043042989,35.75414904542519,0.10527380337402714,2777032873215.975,100603.46434072238,45729.25526415717,3226.6210855035483,235341742061.18533,black
51.127819548872175,68429709.71361883,0.0,99486546.58271883,0.0,0.352946165359791,0.8750147839181458,33.16446376853714,0.09381093931002772,3309581156977.987,103156.815091789,46889.85635730239,3148.44095913131,280472951981.47595,black
51.62907268170426,68430665.2132387,0.0,99488200.58832687,0.0,0.35294628904048436,0.8749775334601828,30.762349839298267,0.08359623469368699,3944255590795.2876,105774.9682643873,48079.914779966566,3072.074820080193,334258920385.9405,black
52.130325814536334,68431513.21524115,0.0,99489668.52874039,0.0,0.35294641593407994,0.8749468688700475,28.5342214753491,0.0744937798695304,4700640784579.961,108459.56850285055,49300.177878001894,2997.4864507985985,398359359982.1895,black
52.63157894736842,68432265.81164557,0.0,99490971.33030261,0.0,0.35294654612014453,0.8749216199734607,26.46747690775028,0.06638246421270019,5602077065442.731,111212.30219154125,50551.41199865673,2924.6399109843696,474752264596.9466,black
53.1328320802005,68432933.73467642,0.0,99492127.56680037,0.0,0.3529466796803239,0.8749008243625432,24.55042710963705,0.059154364673269094,6676380707597.765,114034.89851418635,51834.402968360635,2853.4995745271044,565794945608.7556,black
53.63408521303258,68433526.50959674,0.0,99493153.72373989,0.0,0.3529468166983928,0.8748836905027653,22.772229686931663,0.05271330979044635,7956702278811.182,116929.13054009805,53149.95658321492,2784.0301624768813,674296773172.5408,black
54.13533834586466,68434052.5903803,0.0,99494064.43297566,0.0,0.3529469572603068,0.8748695673909359,21.12282755730165,0.04697360007190478,9482549591707.08,119896.81633796227,54498.89911243581,2716.1967723469365,803605867008.3849,black
54.63659147869674,68434519.48014654,0.0,99494872.68101032,0.0,0.3529471014542559,0.8748579196009234,19.592892070526677,0.04185886771043893,11301006825355.738,122939.82011789399,55882.07781501357,2649.9649040364625,957712411790.5096,black
55.13784461152882,68434933.83806676,0.0,99495589.99391317,0.0,0.3529472493707186,0.8748483067604162,18.17377024858165,0.037301060465293696,13468187435448.635,126060.05340247782,57300.36146986626,2585.300482639628,1141371785128.3857,black
55.639097744360896,68435301.57425885,0.0,99496226.60147658,0.0,0.35294740110251843,0.8748403666719461,16.857435847078534,0.03323953618860963,16050965688126.41,129259.47622752794,58754.64091978057,2522.1698783882207,1360251297721.8494,black
56.14035087719298,68435627.93401858,0.0,99496791.58293755,0.0,0.35294755674488176,0.8748338014310462,15.63644396127519,0.029620255948347163,19129040248024.47,132540.09837332368,60245.82962944705,2460.539923957748,1621105073704.1877,black
56.64160401002506,68435917.57258452,0.0,99497292.99633066,0.0,0.3529477163954967,0.8748283660093589,14.503888919925263,0.026395065011557185,22797393497964.973,135903.98062709218,61774.864257909285,2400.3779293505672,1931982467565.4648,black
57.14285714285714,68436174.62149891,0.0,99497737.99330895,0.0,0.3529478801545742,0.8748238588649953,13.453365228834674,0.02352105212088997,27169222478517.44,139353.2360775323,63342.7052457605,2341.6516945542544,2302476448861.3677,black
57.64411027568922,68436402.74750866,0.0,99498132.92106286,0.0,0.35294804812491065,0.8748201142201785,12.478931343249817,0.02095997853925332,32379431891830.547,142890.031442193,64950.337417433424,2284.3295201592423,2744019619487.46,black
58.1453634085213,68436605.20484443,0.0,99498483.41278552,0.0,0.3529482204119517,0.8748169957101106,11.575076064180013,0.018677769265340285,38588796955183.875,146516.58842853946,66598.77059894126,2228.3802161064414,3270236997878.919,black
58.64661654135338,68436784.88162145,0.0,99498794.46797,0.0,0.3529483971238581,0.8748143911595745,10.73668736859924,0.01664405965012934,45988924556220.625,150235.18512956225,68289.04025144097,2173.7731087231414,3897366455895.1675,black
59.14786967418546,68436944.34102276,0.0,99499070.52368042,0.0,0.35294857837157384,0.8748122082870298,9.959023497264171,0.014831791382179977,54808165807155.414,154048.15745480603,70022.20812100101,2120.478046193976,4644759782736.371,black
59.64912280701754,68437085.857851,0.0,99499315.51781069,0.0,0.35294876426889465,0.8748103711715054,9.237686136617093,0.013216852465642435,65318662441891.54,157957.9005977174,71799.3629049692,2068.4654026029248,5535479837242.198,black
60.150375939849624,68437211.45096995,0.0,99499532.94523077,0.0,0.3529489549325396,0.8748088173468385,8.568595543103486,0.01177775640067735,77844744490112.56,161966.87054023222,73621.62093534695,2017.7060806723287,6597012215188.509,black
60.6516290726817,68437322.9120969,0.0,99499725.9076201,0.0,0.35294915048222403,0.8748074954118663,7.947967469221039,0.01049535629763052,92772938363365.17,166077.58559554926,75490.1268795898,1968.1715133155244,7862113392176.642,black
61.152882205513784,68437421.83135694,0.0,99499897.1576967,0.0,0.35294935104073466,0.8748063630649536,7.372291760803392,0.009352590121045891,110563894182927.62,170292.62799005804,77406.05445926578,1919.8336641110207,9369821514131.82,black
61.65413533834586,68437509.61996269,0.0,99500049.1384729,0.0,0.3529495567340059,0.8748053854875065,6.83831250448979,0.008334253673748186,131766600397869.36,174614.64548541477,79370.60718701461,1872.665026798058,11166661025953.53,black
62.15538847117794,68437587.53034307,0.0,99500184.01809573,0.0,0.35294976769119935,0.8748045340145033,6.343009613099531,0.007426798300360411,157035324313439.75,179046.3530417864,81385.01912226535,1826.638623885836,13308078309515.969,black
62.65664160401002,68437656.67400767,0.0,99500303.72076905,0.0,0.35294998404478406,0.8748037850410771,5.883581744774253,0.006618150618718359,187149801296307.56,183590.53452330534,83450.55564618032,1781.728004461718,15860152633266.328,black
63.1578947368421,68437718.03740153,0.0,99500409.95419751,0.0,0.3529502059306202,0.8748031191232367,5.457430459277432,0.005897551880463381,223039295640757.03,188250.04444680933,85568.51425630813,1737.9072412771814,18901635208684.043,black
63.65914786967418,68437772.49597625,0.0,99500504.23394354,0.0,0.3529504334880436,0.8748025202382482,5.062145521843642,0.005255414823393337,265811275542444.7,193027.80977496156,87740.22538143954,1695.1509271842792,22526379272804.793,black
64.16040100250626,68437820.8266784,0.0,99500587.90504451,0.0,0.3529506668599533,0.8748019751763322,4.695491271467524,0.004683196111000085,316785587051095.6,197926.83175488003,89967.05321717552,1653.4341709896887,26846236185909.273,black
64.66165413533834,68437863.71903245,0.0,99500662.16119839,0.0,0.352950906192901,0.8748014730403526,4.355393976532371,0.0041732826618606595,377535181523425.75,202950.18780342967,92250.3965827278,1612.7325927882628,31994506910587.516,black
65.16290726817043,68437901.78497729,0.0,99500728.06179075,0.0,0.3529511516371831,0.8748010048343263,4.039930106265788,0.003718890356429497,449934653329376.56,208101.03344036266,94591.68979948852,1573.0223188331058,38130055376677.53,black
65.6641604010025,68437935.56759587,0.0,99500786.54700664,0.0,0.35295140334693464,0.8748005631249768,3.7473154516893343,0.0033139737734647,536218085554427.94,213382.6042705193,96992.4035919172,1534.2799759947218,45442210659431.6,black
66.16541353383458,68437965.54886255,0.0,99500838.45124204,0.0,0.35295166148022633,0.8748001417633642,3.4758950345371624,0.0029531457551245535,639047988734493.1,218798.2180163376,99454.04601130991,1496.4826858575714,54156609245190.14,black
66.66666666666666,68437992.1565191,0.0,99500884.51500677,0.0,0.35295192619916343,0.8747997356559218,3.224133747068907,0.0026316057304655205,761597459902377.0,224351.27660194537,101978.16338302827,1459.6080584985327,64542157662443.06,black
67.16791979949875,68438015.77017681,0.0,99500925.39548804,0.0,0.3529521976699872,0.8747993405761278,2.9906076698364696,0.0023450758436301825,907648097098137.6,230045.26829014573,104566.3412777817,1423.634185988137,76919330321697.48,black
67.66917293233082,68438036.72673206,0.0,99500961.67592575,0.0,0.35295247606317953,0.8747989530095914,2.773996018306536,0.0020897440369441454,1081706690913171.5,235883.76987363762,107220.20550757216,1388.539635652127,91670058629390.78,black
68.1704260651629,68438055.32517277,0.0,99500993.87393267,0.0,0.35295276155356964,0.874798570026626,2.5730736727867844,0.0018622133315624463,1289144293816191.0,241870.44892184885,109941.42314692543,1354.3034431277808,109249516523999.1,black
68.67167919799499,68438071.83084373,0.0,99501022.4488789,0.0,0.35295305432044394,0.8747981891774215,2.386704249408161,0.0016594566308325064,1536361958610481.8,248009.0660847918,112731.70358004936,1320.905105246608,130200166108018.61,black
69.17293233082707,68438086.47923227,0.0,99501047.80844508,0.0,0.3529533545476582,0.8747978084058075,2.2138336729752863,0.0014787764450185268,1830988260334268.5,254303.4774553888,115592.79957457546,1288.3245727723393,155168496792076.22,black
69.67418546365914,68438099.47932783,0.0,99501070.31443861,0.0,0.35295366242375287,0.8747974259783028,2.053484215335541,0.0013177690015138564,2182114696774695.2,260757.6369917539,118526.50838255913,1256.5422430206766,184924974491043.16,black
70.17543859649122,68438111.01660356,0.0,99501090.28795533,0.0,0.35295397814207163,0.8747970404257357,1.9047489655485552,0.0011742922630022254,2600576231482481.5,267375.5990009484,121534.67286942729,1225.5389523850263,220387816455801.78,black
70.67669172932331,68438121.25566247,0.0,99501108.01396026,0.0,0.3529543019008827,0.8747966504952049,1.7667867005799374,0.001046437428031421,3099285635963890.5,274161.52068577404,124619.1826715836,1195.295968790289,262651325357329.3,black
71.17794486215539,68438130.3425858,0.0,99501123.74535327,0.0,0.35295463390350273,0.8747962551105415,1.6388171275122543,0.0009325035348285942,3693631948530668.0,281119.66475620045,127781.9753833968,1165.794984094861,313019656985866.6,black
71.67919799498746,68438138.40701704,0.0,99501137.70657699,0.0,0.35295497435842466,0.8747958533397633,1.520116470362169,0.0008309748304325641,4401955345123647.0,288254.40210707154,131025.03777431879,1137.0181064591834,373047063541079.56,black
72.18045112781954,68438145.56401162,0.0,99501150.09681894,0.0,0.3529553234794487,0.8747954443682794,1.4100133765439775,0.0007405006040332887,5246113075308371.0,295570.21456376824,134350.4070368947,1108.947852697522,444585854309683.3,black
72.68170426065163,68438151.9156785,0.0,99501161.09285325,0.0,0.3529556814858161,0.874795027476821,1.3078851198288037,0.0006598772162050868,6252153927286359.0,303071.69769755536,137760.17206645012,1081.5671406281147,529843553717278.75,black
73.1829573934837,68438157.55263683,0.0,99501170.85156271,0.0,0.3529560486023467,0.8747946020232624,1.213154078323846,0.0005880320849229449,7451122034372605.0,310763.5637123791,141256.47477325797,1054.8592814354,631451020521400.0,black
73.68421052631578,68438162.55530891,0.0,99501179.51217699,0.0,0.3529564250595803,0.874794167427635,1.1252844675517353,0.0005240094152904046,8880014826492475.0,318650.64440493175,144841.51142801036,1028.8079720567234,752543630141806.8,black
74.18546365914787,68438166.9950675,0.0,99501187.19825904,0.0,0.352956811093921,0.8747937231597731,1.0437793101529134,0.0004669574831087643,1.0582924686341108e+16,326737.8941998394,148517.53404143872,1003.3972876047246,896858025182519.0,black
74.68671679197995,68438170.93525422,0.0,99501194.01946796,0.0,0.35295720694778554,0.8747932687291189,0.9681776250736236,0.00041611730310085315,1.261239954028687e+16,335030.39326187974,152286.85177894952,978.6116738354696,1068847419745733.0,black
75.18796992481202,68438174.43208313,0.0,99501200.07312348,0.0,0.35295761286975524,0.874792803676302,0.8980518203412607,0.0003708125310115812,1.5031064368367024e+16,343533.35068718926,156151.83241116488,954.4359396713653,1273819015533220.8,black
75.6892230576441,68438177.53544281,0.0,99501205.44559443,0.0,0.3529580291147321,0.874792327566181,0.8330052746808349,0.00033044046522939287,1.7913553667919476e+16,352252.10777545796,160114.90380127667,930.8552497869595,1518097769950798.5,black
76.19047619047619,68438180.28960821,0.0,99501210.21353115,0.0,0.3529584559440991,0.8747918399820847,0.7726700942961571,0.00029446402821238705,2.1348814504866916e+16,361192.1413851725,164178.55543015155,907.8551172648315,1809221569946064.0,black
76.69172932330827,68438182.73387215,0.0,99501214.44495878,0.0,0.35295889362588295,0.8747913405210372,0.7167050321276011,0.00026240462102506535,2.5442851218214468e+16,370359.06737401104,168345.33996014122,885.4213963279951,2156173834084581.5,black
77.19298245614034,68438184.90310612,0.0,99501218.20024796,0.0,0.35295934243492355,0.8747908287897954,0.6647935578183701,0.00023383575591610952,3.0321996472978216e+16,379758.6441265564,172617.8748385841,863.540275154468,2569660720425312.0,black
77.69423558897243,68438186.82825765,0.0,99501221.53297618,0.0,0.35295980265304555,0.8747903044015491,0.6166420674735021,0.00020837738221867635,3.6136809598029336e+16,389396.77617153747,176998.8439420019,842.1982687790108,3062441494134675.0,black
78.19548872180451,68438188.53679192,0.0,99501224.49069211,0.0,0.35296027456923545,0.874789766973169,0.5719782230867921,0.00018569083008117705,4.306672250533986e+16,399279.5178908739,181490.99926202573,821.382212086396,3649722249456709.5,black
78.69674185463658,68438190.05308355,0.0,99501227.115594,0.0,0.3529607584798227,0.8747892161229021,0.5305494122433813,0.00016547430475298777,5.132557655231019e+16,409413.0773228571,186097.1626341118,801.0792528999773,4349625135334252.0,black
79.19799498746866,68438191.39876446,0.0,99501229.44513173,0.0,0.35296125468866574,0.8747886514684332,0.4921213193861788,0.00014745887147586846,6.116822119670187e+16,419803.82006184984,190820.22751012922,781.2768451688455,5183747563454330.0,black
79.69924812030075,68438192.59303242,0.0,99501231.51254115,0.0,0.3529617635073422,0.8747880726252508,0.45647660056635764,0.00013140487756422856,7.289837807316898e+16,430458.2732569598,195663.16077593734,761.9627422563236,6177828655412114.0,black
80.20050125313283,68438193.65292495,0.0,99501233.3473182,0.0,0.35296228525534473,0.8747874792052557,0.423413654181928,0.00011709876406741297,8.68780131537245e+16,441383.1297121964,200629.00461509067,743.1249903321524,7362543493598232.0,black
80.7017543859649,68438194.59356244,0.0,99501234.97563988,0.0,0.3529628202602811,0.8747868708155742,0.39274548075199245,0.00010435022459412611,1.0353850619305606e+17,452585.2520906874,205720.87841984528,724.7519218702788,8774449684361489.0,black
81.203007518797,68438195.4283639,0.0,99501236.42073749,0.0,0.3529633688580797,0.8747862470575345,0.3642986252780329,9.298967349857076e-05,1.2339396212553253e+17,464071.6772255956,210941.98075066466,706.8321492538207,1.0457115442501388e+16,black
81.70426065162907,68438196.16923828,0.0,99501237.70322832,0.0,0.35296393139320026,0.8747856075257779,0.33791219621043106,8.286598974298944e-05,1.470570751766878e+17,475849.6205404423,216295.5913454565,689.35455848842,1.2462464007496088e+16,black
82.20551378446115,68438196.82675457,0.0,99501238.84140968,0.0,0.3529645082188496,0.8747849518074795,0.31343695547155287,7.384450641881637e-05,1.7525803521744806e+17,487926.4805816196,221785.07317980437,672.3083030248929,1.4852375876912076e+16,black
82.70676691729322,68438197.41029245,0.0,99501239.85151996,0.0,0.3529650996972034,0.8747842794816568,0.29073447438865657,6.580521917735717e-05,2.08867059754219e+17,500309.84366593097,227413.8745794854,655.6827976918161,1.7700598297090222e+16,black
83.20802005012531,68438197.92817612,0.0,99501240.7479703,0.0,0.3529657061996332,0.8747835901185507,0.2696763507631495,5.8641189735103215e-05,2.489212468675439e+17,513007.4886460861,233185.53138660296,639.4677127384198,2.109502093591421e+16,black
83.70927318295739,68438198.38779315,0.0,99501241.54355031,0.0,0.35296632810693895,0.8747828832790633,0.2501434826477719,5.225712321182304e-05,2.9665657770837894e+17,526027.3917971383,239103.6691806945,623.6529679879338,2.514038795876699e+16,black
84.21052631578947,68438198.7956998,0.0,99501242.24961032,0.0,0.35296696580958825,0.8747821585142426,0.232025394724261,4.656810037341031e-05,3.535460560534509e+17,539377.7318269406,245172.00555621047,608.2287271013139,2.9961530194240164e+16,black
84.71177944862156,68438199.15771462,0.0,99501242.87622353,0.0,0.3529676197079608,0.8747814153648039,0.21521961347192697,4.149844791343665e-05,4.213451618557104e+17,553066.8950137608,251394.3524577935,593.1853919511,3.5707217129936348e+16,black
85.21303258145363,68438199.47900139,0.0,99501243.4323297,0.0,0.35296829021259923,0.874780653360678,0.19963108759302076,3.698073174249649e-05,5.021460213704899e+17,567103.4804742852,257774.61857482503,578.5135971049755,4.255474760112807e+16,black
85.71428571428571,68438199.76414284,0.0,99501243.92586258,0.0,0.3529689777444668,0.874779872020584,0.1851716504169235,3.2954859891630614e-05,5.984419654199918e+17,581496.3055653259,264316.8117967465,564.2042044184367,5.071542083012293e+16,black
86.21553884711778,68438200.01720609,0.0,99501244.36386316,0.0,0.35296968273521123,0.8747790708516168,0.17175952124260413,2.9367283094457295e-05,7.132044678898066e+17,596254.4114226138,271025.0417306922,550.2482977358633,6.044105663783478e+16,black
86.71679197994987,68438200.24180055,0.0,99501244.75258018,0.0,0.3529704056274349,0.8747782493488481,0.15931884279918088,2.6170282412643677e-05,8.499748386707249e+17,611387.0686401672,277903.5222830199,536.6371776991315,7.203176603207535e+16,black
87.21804511278195,68438200.44112949,0.0,99501245.09755923,0.0,0.35297114687497283,0.8747774069949354,0.14777925220842025,2.3321334426710048e-05,1.0129735004635642e+18,626903.7830937962,284956.5743063582,523.3623566628193,8.58452119537285e+16,black
87.71929824561403,68438200.61803573,0.0,99501245.40372187,0.0,0.3529719069431764,0.8747765432597375,0.1370754830225163,2.0782545546324012e-05,1.2072302213619387e+18,642814.3019124065,292188.6283138351,510.41555371493985,1.0230764593631019e+17,black
88.22055137844612,68438200.77504228,0.0,99501245.67543589,0.0,0.3529726863092055,0.8747756575999301,0.1271469960866205,1.8520147914601536e-05,1.438739322095148e+18,659128.6196008495,299604.227262192,497.7886898020656,1.2192706126214904e+17,black
88.7218045112782,68438200.91438816,0.0,99501245.91657755,0.0,0.35297348546232726,0.8747747494586253,0.11793763713813375,1.650405019936655e-05,1.7146446471566774e+18,675856.9843181652,307208.0294055299,485.47388295761675,1.4530886848175494e+17,black
89.22305764411027,68438201.03806047,0.0,99501246.13058695,0.0,0.3529743049042229,0.8747738182649887,0.10939531920623875,1.4707437295140332e-05,2.0434600075903268e+18,693009.9043151676,315004.81122148404,473.4634436320208,1.7317457700586874e+17,black
89.72431077694235,68438201.14782277,0.0,99501246.32051715,0.0,0.35297514514930173,0.8747728634338529,0.10147172801540687,1.31064136103159e-05,2.4353318977935636e+18,710598.1545354064,322999.4704116618,461.7498701234009,2.063840592413453e+17,black
90.22556390977444,68438201.24524009,0.0,99501246.48907758,0.0,0.3529760067250235,0.8747718843653283,0.09412204872672533,1.1679685193858401e-05,2.90235259330894e+18,728632.7833836607,331197.02897822997,450.3258441073872,2.4596208430229718e+17,black
90.72681704260651,68438201.33170143,0.0,99501246.63867281,0.0,0.35297689017222916,0.8747708804444086,0.08730471247148863,1.0408276472452932e-05,3.458933291039623e+18,747125.1196662099,339602.63637858327,439.18422626461097,2.9312994006226554e+17,black
91.22807017543859,68438201.40843944,0.0,99501246.7714369,0.0,0.35297779604547924,0.8747698510405695,0.0809811612434467,9.275277829541728e-06,4.1222488058216223e+18,766086.7797072476,348221.5727600783,428.3180520043931,3.4934311930441786e+17,black
91.72932330827066,68438201.47654814,0.0,99501246.88926369,0.0,0.35297872491340126,0.8747687955073614,0.07511562982011696,8.265620668294058e-06,4.91276754626757e+18,785529.6746459027,357059.25227686064,417.7205272831245,4.16336232928659e+17,black
92.23057644110276,68438201.53699838,0.0,99501246.99383399,0.0,0.3529796773590464,0.8747677131819934,0.06967494347963533,7.365876965813942e-06,5.854883123437058e+18,805466.0179184566,366121.226490873,407.3850245157934,4.961765361101451e+17,black
92.73182957393483,68438201.5906518,0.0,99501247.08663942,0.0,0.3529806539802539,0.8747666033849099,0.06462833036906558,6.564080651915911e-06,6.977667082036985e+18,825908.3329304502,375413.18785917666,397.30507857910595,5.913277190789889e+17,black
93.23308270676691,68438201.63827308,0.0,99501247.1690038,0.0,0.35298165539002596,0.8747654654193578,0.05994724746300814,5.8495684362340896e-06,8.315765982168174e+18,846869.4609235105,384940.97330978094,387.4743829046238,7.047259309971075e+17,black
93.734335839599,68438201.68054087,0.0,99501247.24210192,0.0,0.35298268221691154,0.8747642985709447,0.05560521912813568,5.212837966048883e-06,9.910470513528906e+18,868362.5690418272,394710.5679082243,377.8867856603384,8.398703828568458e+17,black
94.23558897243107,68438201.71805745,0.0,99501247.30697647,0.0,0.3529837351053997,0.8747631021071854,0.05157768738058917,4.6454214278111776e-06,1.1810989632390816e+19,890401.1586033514,404728.1086172099,368.53628601908827,1.00093132519082e+18,black
94.73684210526315,68438201.75135732,0.0,99501247.36455277,0.0,0.3529848147163234,0.8747618752770413,0.04784187298930041,4.139772910811859e-06,1.4075969037556658e+19,912999.0735809163,414999.8881516597,359.41703051222277,1.1928787324751432e+18,black
95.23809523809523,68438201.78091483,0.0,99501247.41565195,0.0,0.352985921727273,0.8747606173104455,0.044376646639721955,3.689168034618655e-06,1.6775300843586669e+19,936170.5092985991,425532.3589316073,350.5233094669196,1.4216356652672832e+18,black
95.73934837092732,68438201.80715097,0.0,99501247.46100287,0.0,0.35298705683302045,0.8747593274178186,0.04116240942924012,3.2876145049291797e-06,1.9992280293151957e+19,959930.0213487934,436332.13713541173,341.8495535255612,1.6942610424394342e+18,black
96.2406015037594,68438201.83043942,0.0,99501247.5012523,0.0,0.3529882207459543,0.8747580047895718,0.03818098201835199,2.929772407923161e-06,2.3826176057709335e+19,984292.5347355884,447406.0068558392,333.39033024558125,2.0191674632696445e+18,black
96.74185463659147,68438201.85111171,0.0,99501247.53697424,0.0,0.3529894141965253,0.874756648595599,0.03541550181072664,2.610883182844457e-06,2.839529344349533e+19,1009273.353250206,458760.92436162586,325.1403407781996,2.4063808011701683e+18,black
97.24310776942356,68438201.86946212,0.0,99501247.56867813,0.0,0.35299063793370405,0.8747552579847555,0.032850327580570604,2.3267063278717353e-06,3.3840625024665027e+19,1034888.1690843772,470404.0224671935,317.09441662447693,2.8678495793772534e+18,black
97.74436090225564,68438201.88575181,0.0,99501247.59681602,0.0,0.352991892725449,0.874753832084324,0.030470951007890667,2.0734629972823144e-06,4.033020135363942e+19,1061153.0726876976,482342.6150132662,309.24751646712656,3.4178136752179246e+18,black
98.24561403508771,68438201.9002126,0.0,99501247.62178916,0.0,0.3529931793591875,0.8747523699994678,0.02826391462131037,1.8477857395847358e-06,4.806427600060901e+19,1088084.562875163,494584.2014612049,301.5947230765339,4.073243730237487e+18,black
98.74686716791979,68438201.91305016,0.0,99501247.64395365,0.0,0.35299449864230803,0.8747508708126697,0.02621673568435744,1.6466737080086988e-06,5.7281504924305244e+19,1115699.5571912231,507136.4716039399,294.1312402894576,4.85436482568871e+18,black
99.24812030075188,68438201.92444703,0.0,99501247.6636255,0.0,0.35299585140266565,0.8747493335831574,0.02431783559471425,1.4674527475071135e-06,6.826631085426629e+19,1144015.4025368693,520007.3103964665,286.85239005888894,5.785280582723942e+18,black
99.74937343358395,68438201.93456525,0.0,99501247.6810851,0.0,0.3529972384890996,0.8747477573463149,0.02255647439711107,1.3077398273093853e-06,8.135765992537581e+19,1173049.886066428,533204.8029089321,279.7536095735753,6.894716944983256e+18,black
100.25062656641603,68438201.94354859,0.0,99501247.69658138,0.0,0.35299866077196446,0.8747461411130786,0.020922690039516575,1.1654113459184766e-06,9.69595214043708e+19,1202821.2463609164,546737.2394054341,272.830448445721,8.216908596095248e+18,black
100.75187969924812,68438201.95152466,0.0,99501247.71033525,0.0,0.3530001191436738,0.8747444838693176,0.01940724202902494,1.038574886891733e-06,1.1555333325484184e+20,1233348.184884961,560613.1205517115,266.0785659654087,9.792655363490773e+18,black
101.2531328320802,68438201.95860675,0.0,99501247.72254275,0.0,0.35300161451925893,0.8747427845751999,0.018001559168826994,9.255440497340412e-07,1.3771285824238494e+20,1264649.8777344918,574841.1627550042,259.49372842029663,1.167058121036514e+19,black
101.75438596491227,68438201.96489535,0.0,99501247.73337784,0.0,0.3530031478369406,0.8747410421645423,0.01669769108055627,8.248160210101013e-07,1.6412188891835364e+20,1296745.9876825833,589430.3036394363,253.07180647916752,1.39086346580302e+19,black
102.25563909774435,68438201.97047965,0.0,99501247.74299492,0.0,0.35300472005871586,0.8747392555441427,0.0154882632379686,7.350515874232743e-07,1.9559534791596913e+20,1329656.676531011,604389.707660359,246.8087726379341,1.6575876946601888e+19,black
102.75689223057644,68438201.97543882,0.0,99501247.75153102,0.0,0.353006332170959,0.874737423593097,0.01436643525754762,6.550573249281337e-07,2.3310443462848174e+20,1363402.6177752868,619728.7718611863,240.70069872671715,1.9754613109420954e+19,black
103.25814536340852,68438201.97984315,0.0,99501247.75910774,0.0,0.353007985185038,0.8747355451620987,0.013325862210128377,5.837697269553014e-07,2.7780659418768772e+20,1398005.0095911124,635457.1317763269,234.74375347664326,2.354293171699541e+19,black
103.75939849624059,68438201.98375496,0.0,99501247.76583304,0.0,0.3530096801379472,0.8747336190727203,0.012360658734771894,5.202410606538923e-07,3.310812335986806e+20,1433485.58815044,651584.6674839403,228.9342001450232,2.8057731668081537e+19,black
104.26065162907267,68438201.98722962,0.0,99501247.77180263,0.0,0.35301141809295417,0.8747316441166758,0.011465365751890166,4.636267629904556e-07,3.9457228710397765e+20,1469866.6412754671,668121.5098122974,223.26839419760486,3.3438329423932305e+19,black
104.76190476190476,68438201.9903162,0.0,99501247.77710159,0.0,0.35301320014026505,0.8747296190550683,0.010634919587362892,4.1317420905584256e-07,4.702389442560871e+20,1507171.022439178,685078.0467036626,217.74278104660675,3.985075799749854e+19,black
105.26315789473684,68438201.99305837,0.0,99501247.7818053,0.0,0.35301502739770496,0.8747275426176127,0.009864623333017193,3.682127031802038e-07,5.6041610605255826e+20,1545422.1651211916,702464.9297396805,212.3538938432696,4.7492890354704876e+19,black
105.76441102756891,68438201.99549475,0.0,99501247.78598075,0.0,0.35301690101141636,0.8747254135018445,0.009150120281488337,3.281445597223797e-07,6.678864346719562e+20,1584644.0975279708,720293.0808323784,207.09835132367974,5.660054532427894e+19,black
106.265664160401,68438201.99765973,0.0,99501247.78968735,0.0,0.35301882215657454,0.874723230372306,0.00848736928521304,2.9243715489554887e-07,7.959662201018e+20,1624861.4576866096,738573.6990849801,201.97285570664747,6.7454764430628176e+19,black
106.76691729323308,68438201.99958375,0.0,99501247.79297781,0.0,0.35302079203812176,0.8747209918597116,0.007872621900189043,2.606158439080623e-07,9.486077133073576e+20,1666099.5089216887,757318.2678268394,196.97419064244252,8.039048419628109e+19,black
107.26817042606515,68438202.00129388,0.0,99501247.79589896,0.0,0.3530228118915193,0.8747186965600932,0.00730240118522884,2.3225764920906794e-07,1.1305210837102876e+21,1708384.1557249366,776538.5618269232,192.09921921121105,9.580687152143419e+19,black
107.76942355889723,68438202.00281408,0.0,99501247.79849236,0.0,0.35302488298351853,0.8747163430339243,0.0067734820367994575,2.0698563588598325e-07,1.3473197643090926e+21,1751741.9600276398,796246.6546903608,187.34488196992595,1.1417964106704255e+20,black
108.27067669172932,68438202.00416571,0.0,99501247.80079482,0.0,0.3530270066129516,0.874713929805221,0.006282872948224147,1.8446389940129404e-07,1.6056936694566253e+21,1796200.1578860453,816454.926442718,182.70819504674043,1.360757347274913e+20,black
108.7719298245614,68438202.00536764,0.0,99501247.80283906,0.0,0.3530291841115418,0.8747114553606208,0.0058277990900789224,1.6439309900170052e-07,1.9136156304018603e+21,1841786.6765902166,837176.07130675,178.18624828164073,1.6217081616803568e+20,black
109.27318295739347,68438202.00643668,0.0,99501247.8046541,0.0,0.35303141684473444,0.8747089181484384,0.0054056866160893,1.4650647739125406e-07,2.2805874187727342e+21,1888530.1522071206,858423.1056765314,173.77620341231244,1.9327012027250118e+20,black
109.77443609022556,68438202.0073877,0.0,99501247.80626579,0.0,0.35303370621254887,0.8747063165776983,0.005014148105765869,1.305663137287227e-07,2.7179329499743293e+21,1936459.9475689305,880209.3762939587,169.47529230416356,2.303333008888949e+20,black
110.27568922305764,68438202.00823395,0.0,99501247.8076969,0.0,0.35303605365045093,0.8747036490171416,0.00465096906142325,1.1636076276561473e-07,3.239147712517521e+21,1985606.1707178566,902548.5686327625,165.28081522346127,2.7450404348437817e+20,black
110.77694235588972,68438202.00898716,0.0,99501247.80896775,0.0,0.3530384606302488,0.8747009137942096,0.004314095383257797,1.0370103810107839e-07,3.8603152088561924e+21,2035999.693819118,925454.7154953141,161.1901391525688,3.271453567416437e+20,black
111.27819548872179,68438202.00965774,0.0,99501247.81009638,0.0,0.3530409286610101,0.8746981091940003,0.004001621751598257,9.241890207386625e-08,4.6006032556108294e+21,2087672.1725538913,948942.2058276021,157.20069614628503,3.8988163189990215e+20,black
111.77944862155388,68438202.01025492,0.0,99501247.81109878,0.0,0.35304345929000236,0.8746952334581994,0.003711780850641203,8.23644289147466e-08,5.482855458780162e+21,2140656.066004455,973025.7937579333,153.3099817283133,4.6464876777282175e+20,black
112.28070175438596,68438202.01078694,0.0,99501247.81198911,0.0,0.35304605410365786,0.8746922847839852,0.0034429333727204656,7.3404011409089e-08,6.534296115522168e+21,2194984.657043988,997720.6078650249,149.51555332690663,5.537539081876016e+20,black
112.78195488721803,68438202.01126106,0.0,99501247.81277998,0.0,0.3530487147285615,0.8746892613229043,0.0031935587465741796,6.541858455846415e-08,7.787370293847347e+21,2250692.0732438737,1023042.1606813222,145.8150287487556,6.599466351793221e+20,black
113.28320802005013,68438202.01168375,0.0,99501247.81348255,0.0,0.35305144283246426,0.8746861611797202,0.0029622465371723574,5.830204261767182e-08,9.280745013795506e+21,2307813.3083115965,1049006.3584374993,142.20608469020814,7.865038148533922e+20,black
113.7844611528822,68438202.01206075,0.0,99501247.81410673,0.0,0.35305424012532205,0.8746829824112334,0.0027476884684612822,5.195982845425604e-08,1.1060502424092248e+22,2366384.2440727237,1075629.511054267,138.6864552849291,9.373307140513597e+20,black
114.28571428571428,68438202.01239714,0.0,99501247.81466137,0.0,0.35305710836036014,0.8746797230250711,0.0025486710239047,4.630767646991374e-08,1.3181561791791638e+22,2426441.673010789,1102928.3423877752,135.2539306871258,1.117081507947757e+21,black
114.78696741854635,68438202.01269747,0.0,99501247.81515424,0.0,0.35306004933516466,0.8746763809784461,0.0023640685829762493,4.127049236721973e-08,1.5709374186363306e+22,2488023.3213792006,1130920.000735028,131.90635568948895,1.3313028973456298e+21,black
115.28822055137844,68438202.01296575,0.0,99501247.81559226,0.0,0.3530630648928014,0.874672954176886,0.0021928370547801735,3.6781354862977685e-08,1.872194215115644e+22,2551167.872899742,1159622.0696059244,128.64162837501365,1.58660526727519e+21,black
115.78947368421052,68438202.01320554,0.0,99501247.81598161,0.0,0.35306615692296267,0.8746694404729296,0.0020340079727933914,3.278062607259017e-08,2.2312226684255448e+22,2615914.9930624967,1189052.5787686836,125.45769880188656,1.8908666684222792e+21,black
116.2907268170426,68438202.01341999,0.0,99501247.81632775,0.0,0.3530693273631428,0.874665837664791,0.0018866830173303415,2.9215158735228603e-08,2.6591015803148978e+22,2682305.354042519,1219230.0155756008,122.35256772064139,2.2534759158291455e+21,black
116.79197994987469,68438202.01361191,0.0,99501247.81663555,0.0,0.35307257819984295,0.8746621434949894,0.0017500289347505912,2.603758973736415e-08,3.169034321151783e+22,2750380.6602488514,1250173.3365762404,119.32428532280615,2.6856223064188665e+21,black
117.29323308270676,68438202.01378383,0.0,99501247.81690925,0.0,0.3530759114698067,0.8746583556489465,0.0016232728246720546,2.3205710539781066e-08,3.7767562559938623e+22,2820183.6745219654,1281901.9794253604,116.37095002028104,3.2006408953261835e+21,black
117.79448621553884,68438202.01393794,0.0,99501247.81715274,0.0,0.3530793292612857,0.8746544717535465,0.0015056977685341828,2.068190613606218e-08,4.5010203019745736e+22,2891758.2449960904,1314435.8750930633,113.49070725470223,3.8144239852078713e+21,black
118.29573934837092,68438202.01407619,0.0,99501247.81736934,0.0,0.35308283371533733,0.8746504893756614,0.0013966387747891575,1.8432655082505456e-08,5.3641756007986505e+22,2965149.332643269,1347795.460384822,110.68174833606854,4.5459115266626914e+21,black
118.796992481203,68438202.01420033,0.0,99501247.81756209,0.0,0.35308642702715504,0.8746464060206395,0.001295479017785723,1.642808395083955e-08,6.392857162593086e+22,3040403.0395164844,1382001.6907792632,107.94230930991938,5.417675562172924e+21,black
119.29824561403508,68438202.01431194,0.0,99501247.81773368,0.0,0.3530901114474322,0.8746422191307556,0.0012016463490730506,1.4641570279232134e-08,7.618807761511355e+22,3117566.6377095566,1417076.053591758,105.27066985237262,6.456616747802903e+21,black
119.79949874686716,68438202.01441239,0.0,99501247.81788647,0.0,0.35309388928375846,0.8746379260836228,0.0011146100613943508,1.3049388742322755e-08,9.079857445608657e+22,3196688.5990520515,1453040.5814721088,102.66515219234472,7.694794446313673e+21,black
120.30075187969925,68438202.01450285,0.0,99501247.81802258,0.0,0.35309776290205325,0.8746335241905638,0.0010338778870669987,1.1630395835375895e-08,1.0821090886249247e+23,3277818.6255578087,1489917.8662447853,100.1241200602936,9.170416006321803e+21,black
120.80200501253132,68438202.0145845,0.0,99501247.81814384,0.0,0.3531017347280334,0.8746290106949434,0.0009589932137722836,1.0365748879980415e-08,1.289623858869032e+23,3361007.680646228,1527731.0731004216,97.64597766283835,1.092901575431968e+22,black
121.3032581453634,68438202.01465824,0.0,99501247.81825192,0.0,0.353105807248718,0.874624382770457,0.0008895325020074421,9.238655615134201e-09,1.536933489277214e+23,3446308.021155953,1566503.9551474918,95.22916868262493,1.3024860080006226e+22,black
121.80451127819548,68438202.01472494,0.0,99501247.8183483,0.0,0.3531099830139708,0.8746196375193779,0.0008251028895943339,8.2341510444314e-09,1.8316693927352903e+23,3533773.2301710267,1606260.8683332852,92.87217530282405,1.5522621973943607e+22,black
122.30576441102757,68438202.01478536,0.0,99501247.8184343,0.0,0.35311426463808077,0.8746147719707618,0.0007653399696953986,7.338898572275402e-09,2.182926449155477e+23,3623458.2506801593,1647026.7867435785,90.5735172556594,1.8499376689630285e+22,black
122.80701754385964,68438202.01484019,0.0,99501247.81851104,0.0,0.3531186548013824,0.8746097830786033,0.0007099057297691248,6.541012785093138e-09,2.601543652647453e+23,3715419.4200902376,1688827.3182905905,88.3317508943802,2.2046980109357583e+22,black
123.30827067669172,68438202.01488999,0.0,99501247.81857958,0.0,0.3531231562519164,0.8746046677199494,0.0006584866398094072,5.829901521592014e-09,3.100438578309995e+23,3809714.5056157885,1731688.720799104,86.14546828810495,2.6274903208545753e+22,black
123.8095238095238,68438202.01493531,0.0,99501247.81864084,0.0,0.35312777180713145,0.8745994226929661,0.000610791879055021,5.1961251322604145e-09,3.6950059892665846e+23,3906402.740566577,1775637.9185008283,84.0132963389782,3.1313610081469576e+22,black
124.31077694235589,68438202.01497665,0.0,99501247.81869559,0.0,0.35313250435562793,0.874594044714954,0.0005665516911398955,4.6312710570654e-09,4.403592884038172e+23,4005544.8615561808,1820702.5189473885,81.93389592109389,3.7318583766451495e+22,black
124.81203007518796,68438202.01501442,0.0,99501247.81874456,0.0,0.3531373568589464,0.8745885304203183,0.0005255158583811983,4.12784205396113e-09,5.2480646430871735e+23,4107203.1466548727,1866910.830352543,79.9059610406534,4.447512409792957e+22,black
125.31328320802004,68438202.01504901,0.0,99501247.81878841,0.0,0.3531423323533991,0.8745828763584845,0.0004874522865761931,3.6791565923468597e-09,6.254479744840314e+23,4211441.454510833,1914291.879374552,77.9282180168373,5.3004065638854724e+22,black
125.81453634085213,68438202.01508072,0.0,99501247.81882769,0.0,0.3531474339519475,0.8745770789917664,0.0004521456923033824,3.2792600873058292e-09,7.453893871280596e+23,4318325.264464207,1962875.429349844,75.99942468288464,6.316859213486021e+22,black
126.3157894736842,68438202.0151099,0.0,99501247.81886294,0.0,0.3531526648461266,0.8745711346931768,0.0004193963853032198,2.9228457946144318e-09,8.883318215245594e+23,4427921.717679221,2012691.99898943,74.11836960688377,7.528235776255259e+22,black
126.81704260651628,68438202.01513672,0.0,99501247.81889458,0.0,0.353158028308017,0.8745650397441874,0.0003890191390523849,2.605184315048189e-09,1.058686156192513e+24,4540299.659320255,2063772.881549841,72.28387133179116,8.971916578627214e+22,black
127.31829573934836,68438202.01516148,0.0,99501247.81892301,0.0,0.35316352769226556,0.8745587903324321,0.0003608421431431768,2.3220607708510874e-09,1.261709138592115e+24,4655529.681798255,2116150.1644905987,70.49477763420731,1.069245032789396e+23,black
127.81954887218045,68438202.0151844,0.0,99501247.81894855,0.0,0.3531691664381561,0.8745523825493511,0.00033470603154280525,2.0697188193013983e-09,1.5036655963666383e+24,4773684.169114764,2169856.749630582,68.7499648014486,1.2742928783746912e+23,black
128.32080200501252,68438202.01520565,0.0,99501247.81897156,0.0,0.3531749480717323,0.8745458123877805,0.0003104629812367883,1.8448107592264844e-09,1.7920217556690297e+24,4894837.342331334,2224926.37381595,67.04833692646619,1.518662504918024e+23,black
128.82205513784461,68438202.01522537,0.0,99501247.81899229,0.0,0.35318087620797184,0.8745390757394799,0.00028797587615839675,1.6443530672916153e-09,2.1356756319547345e+24,5019065.306192964,2281393.6301126075,65.3888252201736,1.809894603483692e+23,black
129.32330827067668,68438202.01524374,0.0,99501247.81901099,0.0,0.3531869545530155,0.8745321683925975,0.00026711753167535455,1.465686773077725e-09,2.545231602549308e+24,5146446.096934767,2339293.989536513,63.770387340755356,2.156975934517498e+23,black
129.82456140350877,68438202.01526089,0.0,99501247.8190279,0.0,0.3531931869064505,0.8745250860290762,0.000247769975247488,1.3064421462934218e-09,3.03332763349899e+24,5277059.731302003,2398663.8233355084,62.19200673953831,2.5706166387370816e+23,black
130.32581453634086,68438202.01527692,0.0,99501247.81904319,0.0,0.3531995771636508,0.8745178242219924,0.00022982377918714822,1.1645072268202836e-09,3.615025258535841e+24,5410988.256814117,2459540.425836612,60.65269202302037,3.0635807277803465e+23,black
130.82706766917292,68438202.01529196,0.0,99501247.81905708,0.0,0.35320612931817497,0.8745103784328307,0.0002131774417482967,1.0379997793325298e-09,4.308274343887786e+24,5548315.803304523,2521962.037873193,59.15147633065705,3.6510799526885636e+23,black
131.328320802005,68438202.01530607,0.0,99501247.81906965,0.0,0.3532128474642232,0.8745027440086902,0.0001977368130436922,9.252422997724632e-10,5.134466980114957e+24,5689128.635768445,2585967.8708067117,57.68741672801888,4.351243203767693e+23,black
131.82957393483707,68438202.01531936,0.0,99501247.81908111,0.0,0.35321973579915517,0.874494916179423,0.00018341456254354827,8.247397415563679e-10,6.119097593471193e+24,5833515.208551899,2651598.131158082,56.259593614942716,5.185675926996449e+23,black
132.33082706766916,68438202.01533192,0.0,99501247.81909156,0.0,0.35322679862606954,0.8744868900547016,0.00017012968514365525,7.35159665502396e-10,7.292549646016776e+24,5981566.220916097,2718894.0458642165,54.867110148305066,6.180126819037123e+23,black
132.83208020050125,68438202.01534376,0.0,99501247.81910108,0.0,0.3532340403564472,0.8744786606210143,0.00015780704300939532,6.553145497068358e-10,8.691033200211624e+24,6133374.674011917,2787897.8881755103,53.50909167906034,7.36528237350101e+23,black
133.33333333333331,68438202.015355,0.0,99501247.81910978,0.0,0.35324146551285945,0.874470222738586,0.00014637694060434415,5.841460243028193e-10,1.0357702278811464e+25,6289035.929300417,2858653.0042106216,52.18468520319036,8.777713796114697e+23,black
133.8345864661654,68438202.01536566,0.0,99501247.81911777,0.0,0.3532490787317429,0.8744615711382249,0.0001357747304999901,5.207108216268273e-10,1.2343986500089847e+25,6448647.768456038,2931203.8401852045,50.89305882622326,1.0461005509145526e+24,black
134.3358395989975,68438202.01537576,0.0,99501247.81912512,0.0,0.3532568847662421,0.8744527004180892,0.00012594044773697784,4.641682551061712e-10,1.47111780793737e+25,6612310.45479004,3005595.9703316456,49.63340124098811,1.246710006795718e+24,black
134.83709273182956,68438202.01538539,0.0,99501247.81913187,0.0,0.35326488848912263,0.8744436050403764,0.00011681847066977909,4.1376906050192085e-10,1.7532323166525178e+25,6780126.796232889,3081876.1255274275,48.40492121827755,1.4857900989384175e+24,black
135.33834586466165,68438202.01539458,0.0,99501247.81913808,0.0,0.3532730948957547,0.8744342793279324,0.00010835720637679047,3.6884545126228513e-10,2.0894475884544406e+25,6952202.209915101,3160092.2226500516,47.20684711010117,1.7707182953937632e+24,black
135.83959899749374,68438202.01540336,0.0,99501247.81914382,0.0,0.3532815091071708,0.8744247174607733,0.00010050879885640672,3.288022558574991e-10,2.4901384622226976e+25,7128644.788387032,3240293.3946769517,46.038426365219394,2.110286832500661e+24,black
136.3408521303258,68438202.01541175,0.0,99501247.81914912,0.0,0.3532901363731972,0.8744149134725268,9.322885835867131e-05,2.931090193569124e-10,2.967669347320609e+25,7309565.367519377,3322530.0215493464,44.89892505665394,2.5149740232792167e+24,black
136.8421052631579,68438202.0154198,0.0,99501247.81915405,0.0,0.35329898207566307,0.8744048612467841,8.647621032168086e-05,2.61292964323548e-10,3.5367757611038554e+25,7495077.596126895,3406853.7618193976,43.7876274208803,2.99726759430244e+24,black
137.34335839598998,68438202.0154275,0.0,99501247.81915864,0.0,0.3533080517316864,0.8743945545133621,8.021266249276595e-05,2.329327175192505e-10,4.215019033544275e+25,7685298.007359121,3493317.5851005255,42.70383540841411,3.5720500285977766e+24,black
137.84461152882204,68438202.01543489,0.0,99501247.81916289,0.0,0.35331735099704215,0.874383986844477,7.440278891727009e-05,2.0765271908817138e-10,5.023328210054101e+25,7880346.091902959,3581975.805341318,41.646868245509495,4.2570578053286727e+24,black
138.34586466165413,68438202.01544203,0.0,99501247.81916688,0.0,0.35332688566961057,0.8743731516508212,6.901372957316463e-05,1.8511823995594076e-10,5.986645873970037e+25,8080344.373043147,3672884.114943925,40.616062006695564,5.07342870698449e+24,black
138.8471177944862,68438202.01544887,0.0,99501247.81917062,0.0,0.35333666169291084,0.8743620421775476,6.401500451836253e-05,1.6503094126842713e-10,7.134697818112027e+25,8285418.483627575,3766099.619748293,39.61076919788431,6.046354083413365e+24,black
139.34837092731829,68438202.01545548,0.0,99501247.81917413,0.0,0.35334668515972006,0.8743506515001547,5.937834149947788e-05,1.4712491688895754e-10,8.502910315362532e+25,8495697.244986134,3861680.874904369,38.6303583497871,7.205856199770771e+24,black
139.84962406015038,68438202.01546186,0.0,99501247.8191774,0.0,0.3533569623157797,0.8743389725202714,5.5077516047006425e-05,1.3116316639434982e-10,1.0133503292578424e+26,8711312.747852275,3959687.9216546253,37.67421362138749,8.587714655088945e+24,black
140.35087719298244,68438202.01546802,0.0,99501247.81918053,0.0,0.3533674995635928,0.8743269979613406,5.108820315257653e-05,1.1693445173194782e-10,1.2076793141578532e+26,8932400.435338423,4060182.325050159,36.741734413220215,1.023457045938498e+25,black
140.85213032581453,68438202.01547396,0.0,99501247.81918345,0.0,0.35337830346631316,0.8743147203641978,4.7387839689342254e-05,1.0425049579370024e-10,1.4392745368777037e+26,9159099.188017277,4163227.212624013,35.83233499021499,1.2197241838434937e+25,black
141.35338345864662,68438202.01547973,0.0,99501247.81918624,0.0,0.3533893807517277,0.8743021320825413,4.395549679738141e-05,9.294348570695414e-11,1.7152824994555875e+26,9391551.41116229,4268887.314045933,34.9454441138693,1.4536292368835226e+25,black
141.85463659147868,68438202.01548529,0.0,99501247.81918888,0.0,0.3534007383163364,0.8742892252782953,4.077176151231169e-05,8.286384768959711e-11,2.044220180058161e+26,9629903.124202391,4377229.0017836075,34.080504683518704,1.7323899831660988e+25,black
142.35588972431077,68438202.01549068,0.0,99501247.81919138,0.0,0.3534123832295295,0.8742759919168588,3.781862696767567e-05,7.387826392604505e-11,2.4362378476021652e+26,9874304.052446945,4488320.332795836,33.23697338648069,2.06460834550223e+25,black
142.85714285714286,68438202.0154959,0.0,99501247.81919377,0.0,0.35342432273786667,0.8742624237622403,3.5079390550057044e-05,6.586790513322873e-11,2.9034322760737248e+26,10124907.721138647,4602231.091283836,32.414320356852805,2.46053582727023e+25,black
143.35839598997492,68438202.01550095,0.0,99501247.81919603,0.0,0.35343656426945785,0.8742485123720763,3.2538559430881e-05,5.872685535129742e-11,3.460220023278267e+26,10381871.551893385,4719032.832527555,31.612028842750917,2.9323898503393865e+25,black
143.859649122807,68438202.01550587,0.0,99501247.81919819,0.0,0.35344911543845065,0.8742342490925293,3.0181762940661458e-05,5.2360708049084157e-11,4.123782293138275e+26,10645356.96158781,4838798.9278345555,30.8295948817791,3.4947307570172157e+25,black
144.36090225563908,68438202.01551062,0.0,99501247.81920025,0.0,0.3534619840496244,0.874219625053063,2.7995671290045885e-05,4.6685314906787795e-11,4.914595108631734e+26,10915529.463756386,4961604.610629587,30.066526984528334,4.164911109149849e+25,black
144.86215538847117,68438202.01551524,0.0,99501247.81920223,0.0,0.35347517810309564,0.8742046311610924,2.596792017795905e-05,4.162567066767975e-11,5.857061155290658e+26,11192558.772562103,5087527.023714003,29.32234582590445,4.963611148714012e+25,black
145.36340852130326,68438202.01551971,0.0,99501247.8192041,0.0,0.3534887057991348,0.8741892580965056,2.4087040860444617e-05,3.71149192574947e-11,6.980262792434812e+26,11476618.909405643,5216645.267724473,28.596583944093073,5.9154769429303586e+25,black
145.86466165413532,68438202.01552407,0.0,99501247.81920592,0.0,0.3535025755430986,0.874173496306055,2.234239528468994e-05,3.309346798072883e-11,8.318859468785279e+26,11767888.312240403,5349040.450821626,27.888785446971855,7.0498809059698976e+25,black
146.3659147869674,68438202.01552834,0.0,99501247.81920767,0.0,0.35351679595048097,0.8741573359976137,2.0724115921346768e-05,2.950819803771253e-11,9.91415723451287e+26,12066549.947661838,5484795.739639751,27.19850572578631,8.401828165096721e+25,black
146.8671679197995,68438202.01553245,0.0,99501247.81920937,0.0,0.3535313758520828,0.8741407671342964,1.9223049954836134e-05,2.631176088547877e-11,1.1815383351444205e+27,12372791.425841415,5623996.411529512,26.525311175909845,1.0013036738808775e+26,black
147.36842105263156,68438202.01553646,0.0,99501247.81921098,0.0,0.35354632429930544,0.8741237794284389,1.7830707516015173e-05,2.3461951106053696e-11,1.4081205334753453e+27,12686805.118377684,5766729.908126607,25.868778924512483,1.1933224860305443e+26,black
147.86967418546365,68438202.01554035,0.0,99501247.81921254,0.0,0.3535616505695701,0.8741063623354351,1.6539213664390446e-05,2.0921147460462047e-11,1.6781541299400048e+27,13008788.27913834,5913085.8902799785,25.228496564967486,1.4221645169383943e+26,black
148.37092731829574,68438202.01554415,0.0,99501247.81921405,0.0,0.35357736417186486,0.874088505047429,1.534126384829617e-05,1.8655814712562067e-11,1.9999717473768501e+27,13338943.16816899,6063156.294373992,24.604061897829897,1.6948913113829037e+26,black
148.8721804511278,68438202.01554781,0.0,99501247.8192155,0.0,0.35359347485242343,0.8740701964868545,1.4230082591134499e-05,1.663605961373148e-11,2.383503945746391e+27,13677477.178746833,6217035.3900800925,23.995082678223653,2.0199185981443122e+26,black
149.3734335839599,68438202.01555142,0.0,99501247.81921692,0.0,0.353609992600538,0.8740514252998259,1.319938517000941e-05,1.4835235158139478e-11,2.840585656672237e+27,14024602.967658864,6374819.839574178,23.401176369479252,2.407275980293646e+26,black
149.87468671679198,68438202.01555492,0.0,99501247.81921828,0.0,0.3536269276545085,0.874032179849371,1.2243342070008903e-05,1.3229587859099462e-11,3.3853213825795737e+27,14380538.58878633,6536608.75825681,22.821969902867608,2.8689164259880427e+26,black
150.37593984962405,68438202.01555832,0.0,99501247.8192196,0.0,0.3536442905077323,0.8740124482085037,1.135654601308853e-05,1.1797943368048314e-11,4.0345204294056247e+27,14745507.630079582,6702503.777014503,22.25709944327879,3.419085109750803e+26,black
150.87719298245614,68438202.01556161,0.0,99501247.81922089,0.0,0.3536620919149365,0.8739922181531365,1.053398137509017e-05,1.0521426266852852e-11,4.8082156036531915e+27,15119739.354009314,6872609.106061204,21.706210160698983,4.074758986245589e+26,black
151.3784461152882,68438202.01556483,0.0,99501247.8192221,0.0,0.35368034289855627,0.8739714771548257,9.77099581791101e-06,9.383210317289893e-12,5.730281379413114e+27,15503468.84158212,7047031.600399903,21.168956007342498,4.8561706606344405e+26,black
151.8796992481203,68438202.01556796,0.0,99501247.81922331,0.0,0.3536990547552618,0.8739502123733451,9.063273976372198e-06,8.368295855877258e-12,6.82917061006252e+27,15896937.14001146,7225880.826945799,20.644999500298123,5.787432720525456e+26,black
152.38095238095238,68438202.01557103,0.0,99501247.81922445,0.0,0.3537182390626378,0.8739284106490903,8.406813050978367e-06,7.463311382665233e-12,8.138792518733187e+27,16300391.414136007,7409269.133352826,20.134011509554593,6.897281795691748e+26,black
152.88220551378444,68438202.01557401,0.0,99501247.81922558,0.0,0.3537379076860179,0.8739060584953032,7.797900168512508e-06,6.6563367133135435e-12,9.699559059952045e+27,16714085.10168117,7597311.718587073,19.635671051271107,8.21996530522443e+26,black
153.38345864661653,68438202.01557693,0.0,99501247.8192267,0.0,0.35375807278547805,0.8738831420901164,7.23309138242166e-06,5.9367453500303644e-12,1.1559631940730278e+28,17138278.07246106,7790126.705291307,19.149665086163605,9.796298255065754e+26,black
153.88471177944862,68438202.01557975,0.0,99501247.81922773,0.0,0.35377874682299115,0.8738596472684149,6.709192194221802e-06,5.295063981908315e-12,1.3776408780927992e+28,17573236.79162067,7987835.213985972,18.6756883228805,1.1674922695945284e+27,black
154.38596491228068,68438202.0155825,0.0,99501247.81922875,0.0,0.3537999425697473,0.8738355595135074,6.223239485757709e-06,4.722847252487427e-12,1.6418294273563268e+28,18019234.48702125,8190561.439153443,18.21344302624388,1.3913808706692679e+27,black
154.88721804511277,68438202.01558518,0.0,99501247.81922978,0.0,0.3538216731136418,0.8738108639486079,5.772484760124228e-06,4.212566134784606e-12,1.9566810998715096e+28,18476551.320873834,8398432.727253277,17.762638830236135,1.658204321957915e+27,black
155.38847117794487,68438202.0155878,0.0,99501247.81923072,0.0,0.35384395186693623,0.8737855453281199,5.354378596458193e-06,3.757508434547101e-12,2.3319115023751393e+28,18945474.56572849,8611579.656717308,17.322992555614814,1.9761961884917545e+27,black
155.88972431077693,68438202.01559034,0.0,99501247.81923166,0.0,0.35386679257409326,0.8737595880287219,4.966556230688507e-06,3.3516901034670685e-12,2.77909939193363e+28,19426298.784930307,8830136.119975116,16.894228032040733,2.3551689762593945e+27,black
156.39097744360902,68438202.01559284,0.0,99501247.8192326,0.0,0.35389020931979176,0.8737329760402484,4.606824180683143e-06,2.9897761872785842e-12,3.3120439701058257e+28,19919326.017655186,9054239.407561187,16.476075924608026,2.8068169238701633e+27,black
156.8922305764411,68438202.01559529,0.0,99501247.81923352,0.0,0.3539142165371231,0.8737056929563636,4.273147840147535e-06,2.6670103615170596e-12,3.9471906948852374e+28,20424865.968641516,9284030.294356607,16.068273564667287,3.345076860132286e+27,black
157.39348370927317,68438202.01559763,0.0,99501247.81923439,0.0,0.35393882901597434,0.8736777219650235,3.963639971108027e-06,2.3791521215901212e-12,4.704138750069954e+28,20943236.202737432,9519653.1280196,15.670564784835205,3.9865582628409427e+27,black
157.89473684210526,68438202.01559994,0.0,99501247.81923524,0.0,0.3539640619116,0.8736490458387209,3.676550029896036e-06,2.1224207952820342e-12,5.6062458315955095e+28,21474762.344385426,9761255.919660384,15.28269975808749,4.7510557895688403e+27,black
158.39598997493732,68438202.0156022,0.0,99501247.81923607,0.0,0.35398993075338775,0.8736196469245117,3.4102542662601557e-06,1.8934456362414957e-12,6.681348913072693e+28,22019778.282169566,10008990.436817162,14.904434840834046,5.6621600959186e+27,black
158.8972431077694,68438202.01560438,0.0,99501247.81923689,0.0,0.35401645145382055,0.8735895071338152,3.1632465396060326e-06,1.6892213376183186e-12,7.962623231136977e+28,22578626.378554426,10263012.298791995,14.535532419877434,6.747985789208717e+27,black
159.3984962406015,68438202.01560654,0.0,99501247.81923765,0.0,0.3540436403176396,0.8735586079319874,2.934129800427045e-06,1.5070683769011816e-12,9.489605998020223e+28,23151657.684946507,10523481.074406017,14.175760763159229,8.042038981500438e+27,black
159.89974937343356,68438202.0156086,0.0,99501247.8192384,0.0,0.3540715140512112,0.8735269303276604,2.721608188741357e-06,1.3445976669730248e-12,1.1309416430285383e+29,23739232.16221424,10790560.382235767,13.824893874199919,9.584251212254292e+27,black
160.40100250626566,68438202.01561064,0.0,99501247.81923914,0.0,0.35410008977210206,0.8734944548618444,2.524479704844828e-06,1.1996790454963175e-12,1.347820974030273e+29,24341718.906804547,11064417.993393479,13.482711350141237,1.1422211644496405e+28,black
160.90225563909775,68438202.0156126,0.0,99501247.8192399,0.0,0.3541293850188669,0.8734611615967887,2.341629410929161e-06,1.070413185619696e-12,1.606290995846152e+29,24959496.38259778,11345225.936915658,13.148998243301955,1.3612635558218215e+28,black
161.4035087719298,68438202.01561454,0.0,99501247.81924063,0.0,0.35415941776105075,0.873427030104596,2.1720231251125974e-06,9.551065562981948e-13,1.9143275056832237e+29,25592952.658647414,11633160.607826604,12.823544926159792,1.6223114455175002e+28,black
161.9047619047619,68438202.01561642,0.0,99501247.81924129,0.0,0.35419020640941185,0.8733920394555869,2.0147015722172446e-06,8.522491009304141e-13,2.2814358099103455e+29,26242485.65295334,11928402.877944432,12.50614695967493,1.9334201779171373e+28,black
162.406015037594,68438202.01561826,0.0,99501247.81924194,0.0,0.35422176982636694,0.873356168206409,1.8687749582101173e-06,7.604943390232916e-13,2.7189440361028473e+29,26908503.382421568,12231138.209499134,12.196604964872567,2.3041898611355056e+28,black
162.90726817042605,68438202.01562005,0.0,99501247.8192426,0.0,0.35425412733666517,0.8733193943878879,1.733417937623299e-06,6.786416277000754e-13,3.24035269335734e+29,27591424.21916827,12541556.771634413,11.89472449760349,2.746061604576611e+28,black
163.40852130325814,68438202.01562181,0.0,99501247.81924325,0.0,0.3542872987382919,0.8732816954926113,1.607864945488064e-06,6.056203484506385e-13,3.861751267436395e+29,28291677.153328497,12859853.55986619,11.600315926404278,3.272670565666478e+28,black
163.9097744360902,68438202.01562351,0.0,99501247.81924391,0.0,0.3543213043136088,0.873243048462249,1.491405867379903e-06,5.404758100221254e-13,4.602314705467811e+29,29009702.06253454,13186228.51857276,11.313194313380531,3.900266699598288e+28,black
164.4110275689223,68438202.01562518,0.0,99501247.81924452,0.0,0.3543561648407321,0.8732034296745965,1.383382023087427e-06,4.823566810882146e-13,5.4848951113458435e+29,29745949.98823396,13520886.666593913,11.033179298037938,4.648216196113096e+28,black
164.91228070175438,68438202.01562677,0.0,99501247.81924509,0.0,0.3543919016051542,0.8731628149303439,1.2831824411871805e-06,4.3050378656161226e-13,6.536726909766401e+29,30500883.41901989,13864038.226017414,10.760094983988738,5.539599076139814e+28,black
165.41353383458645,68438202.01562837,0.0,99501247.81924565,0.0,0.354428536411612,0.873121179439561,1.1902404034540308e-06,3.842401194785535e-13,7.790267238636269e+29,31274976.581152417,14215898.754234206,10.493769828461941,6.601921388752206e+28,black
165.91478696741854,68438202.01562989,0.0,99501247.81924622,0.0,0.35446609159620585,0.8730784978078979,1.1040302395628778e-06,3.429619364703057e-13,9.284197502336264e+29,32068715.736453272,14576689.279345058,10.234036534548194,7.867963985120691e+28,black
166.41604010025063,68438202.0156314,0.0,99501247.81924677,0.0,0.35450459003877344,0.8730347440224935,1.0240643539534548e-06,3.0613081917764e-13,1.1064616992082875e+30,32882599.487760477,14946636.439003594,9.980731946111671,9.37679406119174e+28,black
166.9172932330827,68438202.01563285,0.0,99501247.81924734,0.0,0.3545440551755216,0.8729898914375898,9.498904680417377e-07,2.732665967398692e-13,1.3186465405598281e+30,33717139.09213567,15325972.622783277,9.733696945302734,1.1174970682831933e+29,black
167.41854636591478,68438202.01563425,0.0,99501247.81924781,0.0,0.35458451101192073,0.8729439127598456,8.810890621797882e-07,2.439410358831751e-13,1.5715218160483546e+30,34572858.7820203,15714936.118157476,9.492776352607185,1.3317981492076456e+29,black
167.91979949874687,68438202.01563567,0.0,99501247.8192483,0.0,0.35462598213586494,0.872896780033348,8.172710028975498e-07,2.1777221529353138e-13,1.8728906817161958e+30,35450296.094542414,16113771.260184376,9.257818829369384,1.5871954929962438e+29,black
168.42105263157893,68438202.01563703,0.0,99501247.8192488,0.0,0.3546684937311026,0.8728484646243136,7.580753420052993e-07,1.9441950999932698e-13,2.232052695581751e+30,36350002.209181145,16522728.584990839,9.028676782727826,1.891570081020565e+29,black
168.92230576441102,68438202.01563834,0.0,99501247.81924926,0.0,0.3547120715909395,0.8727989372054786,7.031672751087649e-07,1.7357911956042957e-13,2.6600907808030194e+30,37272542.29400123,16942064.98715172,8.805206272903543,2.2543142210416853e+29,black
169.4235588972431,68438202.01563962,0.0,99501247.81924978,0.0,0.35475674213221997,0.8727481677401712,6.522362479903475e-07,1.5498008104963883e-13,3.170213218967318e+30,38218495.8606739,17372043.88106302,8.587266922783282,2.686621372031977e+29,black
169.92481203007517,68438202.01564085,0.0,99501247.81925024,0.0,0.35480253240958776,0.8726961254660637,6.049942001502964e-07,1.3838071423297683e-13,3.7781612295170656e+30,39188457.128508985,17812935.366411015,8.374721829740416,3.20183155046815e+29,black
170.42606516290726,68438202.01564209,0.0,99501247.81925066,0.0,0.35484947013003215,0.8726427788785993,5.611739355623808e-07,1.2356545202316465e-13,4.502694704789161e+30,40183035.39772525,18265016.397840567,8.167437479638211,3.8158429701951256e+29,black
170.92731829573933,68438202.01564331,0.0,99501247.81925106,0.0,0.35489758366772073,0.8725880957140904,5.205276114459151e-07,1.1034201445504803e-13,5.366171100919894e+30,41202855.43219426,18728570.958929647,7.965283662961787,4.547602627938685e+29,black
171.42857142857142,68438202.01564446,0.0,99501247.81925148,0.0,0.35494690207912366,0.8725320429324828,4.828253364908115e-07,9.853888887237733e-14,6.395235336256735e+30,42248557.85189828,19203890.24057926,7.7681333930255825,5.419690962976473e+29,black
171.9298245614035,68438202.0156456,0.0,99501247.8192519,0.0,0.3549974551184321,0.8724745866997848,4.478538706172967e-07,8.800308313892329e-14,7.621641993318305e+30,43320799.53534799,19691272.823930606,7.575862826205411,6.459018638460011e+29,black
172.43107769423557,68438202.01564674,0.0,99501247.81925231,0.0,0.355049273253273,0.8724156923701554,4.15415418912677e-07,7.85981222515528e-14,9.083235193077209e+30,44420254.03221375,20191024.867924742,7.388351184144706,7.697656943349307e+29,black
172.93233082706766,68438202.01564781,0.0,99501247.81925271,0.0,0.35510238768072566,0.8723553244676484,3.8532651292425993e-07,7.020226196002673e-14,1.082511637847613e+31,45547611.986429274,20703460.301622424,7.205480677886168,9.173827439460401e+29,black
173.43358395989975,68438202.01564884,0.0,99501247.81925313,0.0,0.3551568303436396,0.87229344666761,3.574169729812439e-07,6.270689586191035e-14,1.290103604240709e+31,46703581.57003282,21228901.02140465,7.027136433881322,1.0933081391956251e+30,black
173.9348370927318,68438202.01564988,0.0,99501247.81925352,0.0,0.35521263394725966,0.8722300217777257,3.3152894567652896e-07,5.601513499471754e-14,1.5375052345711223e+31,47888888.928019494,21767677.09317826,6.853206421831252,1.3029705377821136e+30,black
174.4360902255639,68438202.01565093,0.0,99501247.81925389,0.0,0.3552698319761583,0.8721650117187137,3.0751601106456924e-07,5.004054122401808e-14,1.8323507806374937e+31,49104278.634483725,22320126.959713433,6.683581384313347,1.5528396446196406e+30,black
174.937343358396,68438202.01565188,0.0,99501247.81925425,0.0,0.35532845871147933,0.8720983775046636,2.852423545256817e-07,4.47059977555742e-14,2.1837385056055427e+31,50350514.160337746,22886597.653242975,6.518154768149884,1.8506258522215635e+30,black
175.43859649122805,68438202.01565282,0.0,99501247.81925456,0.0,0.35538854924849317,0.8720300792230143,2.6458199861294396e-07,3.994270190853519e-14,2.602511435725747e+31,51628378.35290094,23467445.013457485,6.356822657475223,2.205518165884941e+30,black
175.93984962406014,68438202.01565374,0.0,99501247.81925488,0.0,0.3554501395144684,0.8719600760141728,2.4541809053709e-07,3.568926689925203e-14,3.1015919514668793e+31,52938673.92766108,24063033.911033213,6.199483708459612,2.628467755498613e+30,black
176.44110275689223,68438202.01565468,0.0,99501247.81925517,0.0,0.3555132662868581,0.8718883260507693,2.2764224125951644e-07,3.1890920822764186e-14,3.6963805427869833e+31,54282223.972515315,24673738.47683247,6.046039085648721,3.132525883738943e+30,black
176.9423558897243,68438202.0156556,0.0,99501247.8192555,0.0,0.3555779672118051,0.8718147865165462,2.1115391245536357e-07,2.849879230039878e-14,4.405231033251808e+31,55659872.464809194,25299942.336921383,5.896392399878734,3.7332466383735843e+30,black
177.4436090225564,68438202.01565644,0.0,99501247.81925581,0.0,0.35564428082296584,0.8717394135848833,1.9585984787938586e-07,2.5469273404161584e-14,5.250016937294053e+31,57072484.80149802,25942038.853552334,5.750449647728056,4.4491668960404936e+30,black
177.94486215538845,68438202.01565726,0.0,99501247.81925613,0.0,0.3557122465606538,0.8716621623969522,1.816735459185126e-07,2.276345148696809e-14,6.256806427134813e+31,58520948.34276212,26600431.37226181,5.608119152467774,5.302378328113571e+30,black
178.44611528822054,68438202.0156581,0.0,99501247.81925644,0.0,0.3557819047913044,0.8715829870395048,1.6851477034787244e-07,2.0346602455473613e-14,7.456666737308051e+31,60006172.96942045,27275533.475240227,5.469311506473473,6.319209099452215e+30,black
178.94736842105263,68438202.01565892,0.0,99501247.81925674,0.0,0.35585329682725897,0.8715018405222911,1.5630909652320577e-07,1.818773883152425e-14,8.886622828880787e+31,61529091.6544894,27967769.241131354,5.333939515062549,7.531036295706564e+30,black
179.4486215538847,68438202.01565972,0.0,99501247.81925705,0.0,0.35592646494687197,0.8714186747551088,1.4498749044295702e-07,1.625920666966296e-14,1.0590799895635236e+32,63090661.049248464,28677573.51142585,5.201918141721492,8.975254148895581e+30,black
179.94987468671678,68438202.01566046,0.0,99501247.81925733,0.0,0.3560014524149359,0.8713334405244837,1.3448591829940497e-07,1.453632604141358e-14,1.2621784969193724e+32,64691862.08417966,29405392.16361551,5.0731644546888885,1.0696427940055307e+31,black
180.45112781954887,68438202.01566122,0.0,99501247.81925762,0.0,0.3560783035034272,0.8712460874699818,1.2474498430975216e-07,1.2997070369292422e-14,1.504224962972398e+32,66333700.5851578,30151682.39127976,4.947597574860522,1.274766917780265e+31,black
180.95238095238093,68438202.01566197,0.0,99501247.8192579,0.0,0.3561570635125695,0.8711565640601551,1.1570959478037212e-07,1.162178040769562e-14,1.7926883913458126e+32,68017207.90528002,30916912.991280906,4.825138624983897,1.519227450301251e+31,black
181.45363408521303,68438202.01566267,0.0,99501247.81925818,0.0,0.3562377787922139,0.871064817568121,1.0732864650252456e-07,1.0392909119157576e-14,2.1364701075867518e+32,69743441.57273082,31701564.65824824,4.705710680110175,1.8105678877949012e+31,black
181.95488721804512,68438202.01566333,0.0,99501247.81925847,0.0,0.3563204967635333,0.870970794046781,9.955473771800736e-08,9.294794104155564e-15,2.546178433807969e+32,71513485.95508859,32506130.28653553,4.589238719272571,2.15777833374663e+31,black
182.45614035087718,68438202.01566398,0.0,99501247.81925867,0.0,0.3564052659410275,0.8708744383036765,9.234390001984239e-08,8.313454603434719e-15,3.034456037431973e+32,73328452.94049256,33331115.279842407,4.475649578360673,2.571572913090802e+31,black
182.95739348370927,68438202.01566464,0.0,99501247.8192589,0.0,0.35649213595483753,0.8707756938754894,8.565534967161362e-08,7.4364104148976e-15,3.6163700551986385e+32,75189482.63609773,34177037.868693806,4.364871904161157,3.0647203857765037e+31,black
183.45864661654133,68438202.0156653,0.0,99501247.8192591,0.0,0.356581157573364,0.870674503002191,7.945125693894382e-08,6.652520355043276e-15,4.3098770306001236e+32,77097744.0842545,35044429.435976274,4.256836109536137,3.6524381615428986e+31,black
183.95989974937342,68438202.01566596,0.0,99501247.81925936,0.0,0.3566723827261851,0.8705708066008411,7.369653212853888e-08,5.951838151697384e-15,5.13637701206985e+32,79054435.99686673,35933834.85073696,4.151474329710765,4.352861874655654e+31,black
184.4611528822055,68438202.01566653,0.0,99501247.81925957,0.0,0.3567658645272703,0.8704645442390457,6.835862712460934e-08,5.325483883470511e-15,6.12137391002529e+32,81060787.50838529,36845812.810453504,4.048720379642858,5.187605008519473e+31,black
184.96240601503757,68438202.01566708,0.0,99501247.81925976,0.0,0.3568616572984822,0.8703556541080784,6.340735130012661e-08,4.765529285452265e-15,7.295262489154515e+32,83118058.94791327,37780936.19199091,3.9485097124476116,6.1824258382938085e+31,black
185.46365914786966,68438202.01566765,0.0,99501247.81925996,0.0,0.3569598165933622,0.8702440729956722,5.881470076185663e-08,4.264895422719892e-15,8.694266281963348e+32,85227542.63090692,38739792.411465615,3.850779378851347,7.368022272881993e+31,black
185.96491228070175,68438202.01566821,0.0,99501247.81926014,0.0,0.3570603992211904,0.8701297362584905,5.455469996330307e-08,3.817261395229455e-15,1.0361555364741834e+33,87390563.67096819,39722983.79324209,3.7554679876488573,8.780979122699413e+31,black
186.46616541353382,68438202.01566878,0.0,99501247.81926033,0.0,0.3571634632713144,0.8700125777942851,5.060325478975424e-08,3.4169828823957114e-15,1.2348578487906662e+33,89608480.81224132,40731127.94829497,3.6625156671394317,1.0464897023692533e+32,black
186.9674185463659,68438202.01566935,0.0,99501247.81926051,0.0,0.3572690681377352,0.8698925300137512,4.693801628450946e-08,3.0590194646054507e-15,1.4716650667155753e+33,91882687.28293481,41764858.16217355,3.5718640275173734,1.2471737853571591e+32,black
187.468671679198,68438202.01566991,0.0,99501247.81926072,0.0,0.3573772745439432,0.8697695238120907,4.353825424555536e-08,2.7388697738943092e-15,1.7538845225710176e+33,94214611.67050467,42824823.79281229,3.4834561241934465,1.4863428157439348e+32,black
187.96992481203006,68438202.01567037,0.0,99501247.81926091,0.0,0.35748814456799144,0.8696434885402946,4.0384739977738807e-08,2.4525136285052607e-15,2.0902248671459718e+33,96605718.81904975,43911690.67843792,3.3972364220240987,1.771377006062631e+32,black
188.47117794486215,68438202.01567085,0.0,99501247.81926109,0.0,0.35760174166779657,0.8695143519761572,3.7459637537277855e-08,2.196360397476046e-15,2.4910647987379976e+33,99057510.7494829,45026141.55582896,3.3131507604260495,2.1110718633451003e+32,black
188.97243107769424,68438202.01567133,0.0,99501247.81926128,0.0,0.357718130706652,0.869382040295038,3.4746402853565366e-08,1.9672029229750717e-15,2.968773326250763e+33,101571527.60305405,46168876.48918988,3.231146319354381,2.5159095985266782e+32,black
189.4736842105263,68438202.01567179,0.0,99501247.81926148,0.0,0.35783737797894277,0.8692464780403832,3.2229690157656064e-08,1.7621764007141229e-15,3.5380914487550664e+33,104149348.60882054,47340613.30991031,3.151171586122657,2.99838258370129e+32,black
189.9749373433584,68438202.01567227,0.0,99501247.81926166,0.0,0.35795955123604517,0.8691075880940268,2.98952651882085e-08,1.5787216836242937e-15,4.216587029105875e+33,106792593.07567143,48542088.067485265,3.073176323044273,3.573378838237586e+32,black
190.47619047619045,68438202.01567273,0.0,99501247.81926185,0.0,0.35808471971239486,0.8689652916462857,2.7729924684010223e-08,1.4145525317969293e-15,5.025196898224454e+33,109502921.40952705,49774055.491878465,2.9971115358747804,4.258641439187526e+32,black
190.97744360902254,68438202.0156732,0.0,99501247.81926204,0.0,0.358212954151708,0.8688195081658712,2.5721421707730962e-08,1.2676263832126787e-15,5.988872918179188e+33,112282036.1563568,51037289.4676214,2.9229294430352155,5.075316032371819e+32,black
191.47869674185463,68438202.01567361,0.0,99501247.8192622,0.0,0.3583443268333349,0.8686701553696352,2.3858396378540743e-08,1.1361182657522916e-15,7.137351940027492e+33,115131683.07166564,52332583.519943565,2.8505834455972576,6.0486033390256126e+32,black
191.9799498746867,68438202.015674,0.0,99501247.81926233,0.0,0.3584789115987271,0.8685171491921729,2.2130311621814093e-08,1.0183975119752836e-15,8.506073415089745e+33,118053652.21712545,53660751.31324122,2.780028098011237,7.208536792471326e+32,black
192.4812030075188,68438202.01567437,0.0,99501247.81926242,0.0,0.3586167838779972,0.8683604037553097,2.0527393572556624e-08,9.130069747273994e-16,1.0137272976026012e+34,121049779.0850378,55022627.16219681,2.7112190795586586,8.590909301742983e+32,black
192.98245614035088,68438202.01567474,0.0,99501247.8192625,0.0,0.3587580207165465,0.8681998313374908,1.9040576295461022e-08,8.186444742129041e-16,1.2081285732787323e+34,124121945.75133327,56419066.55586967,2.6441131665113584,1.023837773968052e+33,black
193.48370927318294,68438202.01567511,0.0,99501247.81926262,0.0,0.3589027008017383,0.8680353423431088,1.766145050892424e-08,7.341462362530408e-16,1.4398099499009735e+34,127272082.05783512,57850946.69508849,2.578668204979689,1.2201779236484082e+33,black
193.98496240601503,68438202.01567549,0.0,99501247.81926274,0.0,0.3590509044895899,0.8678668452717907,1.6382216023044617e-08,6.584721074009952e-16,1.715920587982107e+34,130502166.82452798,59319167.04348259,2.514843084432764,1.454169989819431e+33,black
194.48621553884712,68438202.01567587,0.0,99501247.81926289,0.0,0.35920271383145447,0.8676942466876815,1.5195637622573322e-08,5.906923556872016e-16,2.044980634045717e+34,133814229.09259108,60824649.89249702,2.4525977118741333,1.7330344356367125e+33,black
194.98746867167918,68438202.01567625,0.0,99501247.81926301,0.0,0.3593582126006667,0.8675174511887512,1.4095004145299614e-08,5.299758864085141e-16,2.4371441329835145e+34,137210349.39898115,62368340.94074839,2.391892986656601,2.065376383889854e+33,black
195.48872180451127,68438202.01567662,0.0,99501247.81926318,0.0,0.3595174863191161,0.8673363613761664,1.307409052442266e-08,4.755797207715161e-16,2.904512358712228e+34,140692661.0833629,63951209.88808429,2.3326907759204127,2.461451151457456e+33,black
195.98997493734333,68438202.01567699,0.0,99501247.81926332,0.0,0.3596806222837195,0.8671508778237574,1.212712258023528e-08,4.2683960161375537e-16,3.4615072320272514e+34,144263351.62820712,65574251.044718556,2.2749538906394067,2.933480705115296e+33,black
196.49122807017542,68438202.01567736,0.0,99501247.81926347,0.0,0.3598477095927543,0.8669608990476255,1.1248744361974598e-08,3.831616050559288e-16,4.125316348411685e+34,147924664.0329022,67238483.95582776,2.2186460622599937,3.4960308037473813e+33,black
196.99248120300751,68438202.01567765,0.0,99501247.81926356,0.0,0.3600188391720174,0.8667663214759266,1.0433987855124223e-08,3.4401464999604746e-16,4.916423347896763e+34,151678898.2227367,68944954.04199752,2.163731919918408,4.166460464329363e+33,black
197.49373433583958,68438202.01567793,0.0,99501247.81926367,0.0,0.36019410380076905,0.8665670394188808,9.67824488285303e-09,3.089238090111999e-16,5.859239993759395e+34,155528412.4936433,70694733.25592446,2.110176968221819,4.9654576218417023e+33,black
197.99498746867167,68438202.0156782,0.0,99501247.81926376,0.0,0.36037359813742104,0.8663629450390499,8.977241042653857e-09,2.774643346081837e-16,6.982859464137065e+34,159475624.99360982,72488920.75578475,2.057947565579386,5.917677511994169e+33,black
198.49624060150376,68438202.01567848,0.0,99501247.81926385,0.0,0.36055741874492503,0.8661539283219323,8.327011530772682e-09,2.49256324037703e-16,8.321954101246936e+34,163523015.2416841,74328643.59569098,2.007010903069671,7.052503475648811e+33,black
198.99749373433582,68438202.01567876,0.0,99501247.81926395,0.0,0.3607456641158154,0.8659398770469305,7.72387871769657e-09,2.2395995415378975e-16,9.917845320900964e+34,167673125.68553406,76215057.433674,1.9573349838310823,8.404953661798859e+33,black
199.4987468671679,68438202.01567905,0.0,99501247.81926404,0.0,0.3609384346968572,0.8657206767587413,7.1644313478710214e-09,2.012712251734414e-16,1.1819778697619192e+35,171928563.29853642,78149347.25763223,1.9088886029624275,1.0016761608173222e+34,black
200.0,68438202.01567933,0.0,99501247.81926413,0.0,0.36113583291324924,0.8654962107392277,6.645505245997935e-09,1.8091815876896008e-16,1.4086443570909167e+35,176292001.21739706,80132728.12970461,1.861641327920976,1.1937664043168195e+34,green
200.2809364548495,68474131.83200106,0.0,97719206.44373031,0.0,0.3612485308830553,0.8653680576599891,6.3712791331830865e-09,1.7044037945716716e-16,1.5541916212822151e+35,178785817.859572,81266281.14879677,1.8356739886438889,1.3171115434622054e+34,green
200.561872909699,68572946.93794818,0.0,96297326.18518494,0.0,0.3613627339373995,0.8652381918747426,6.108368933504833e-09,1.6058014332837755e-16,1.7147774613698966e+35,181314911.88912424,82415869.34396848,1.810068858070784,1.453201238452004e+34,green
200.8428093645485,68722648.4294017,0.0,95176378.4970879,0.0,0.36147846093974634,0.8651065918831203,5.856307697058758e-09,1.513005745522136e-16,1.891955729044931e+35,183879782.338459,83581719.54813121,1.7848208838920148,1.6033523127531388e+34,green
201.12374581939798,68912975.20880733,0.0,94306815.69328223,0.0,0.3615957309559661,0.8649732359532423,5.614647742448602e-09,1.4256702143419713e-16,2.0874408262380384e+35,186480935.29876927,84764061.80273628,1.759925084266739,1.7690176493577483e+34,green
201.40468227424748,69135170.86600353,0.0,93647052.15341288,0.0,0.3617145632555498,0.864838102120276,5.3829598618150075e-09,1.3434692123283487e-16,2.3031242941749002e+35,189118884.02038527,85963129.4033883,1.735376546843949,1.9518002493045472e+34,green
201.685618729097,69381783.23318174,0.0,93162090.50592692,0.0,0.36183497731278513,0.864701168185042,5.160832558518902e-09,1.2660967323123896e-16,2.541093116433986e+35,191794149.0140462,87179158.94587782,1.7111704277931756,2.1534687427447834e+34,green
201.9665551839465,69646491.04913376,0.0,92822415.23655644,0.0,0.3619569928079116,0.8645624117126423,4.947871316288388e-09,1.193265195697065e-16,2.8036499127773265e+35,194507258.15360638,88412390.37286589,1.6873019508487193,2.375974502358146e+34,green
202.247491638796,69923953.41834909,0.0,92603094.97200635,0.0,0.36208062962825305,0.8644218100311161,4.743697898526579e-09,1.1247043336217328e-16,3.0933352196885465e+35,197258746.78019363,89663067.02122875,1.6637664063672168,2.6214705251646585e+34,green
202.5284280936455,70209678.66488531,0.0,92483048.72571374,0.0,0.36220590786932694,0.8642793402301213,4.547949676532055e-09,1.060160136482092e-16,3.412952072940002e+35,200049157.80784076,90931435.67007223,1.6405591503983508,2.892332265208693e+34,green
202.80936454849498,70499909.85681826,0.0,92444441.9871895,0.0,0.36233284783592784,0.8641349791596478,4.3602789854397926e-09,9.993938676107569e-17,3.765593130067696e+35,202879041.83061156,92217746.58942531,1.6176756037685203,3.191180618707206e+34,green
203.09030100334448,70791524.77392247,0.0,92472186.44018672,0.0,0.36246147004318385,0.8639887034287601,4.180352506742173e-09,9.421811371873835e-17,4.154670595607583e+35,205748957.23124194,93522253.58962247,1.5951112511772993,3.5209072844194827e+34,green
203.37123745819397,71081948.45735429,0.0,92553523.00621994,0.0,0.36259179521758456,0.8638404894043744,4.007850676285015e-09,8.883110326637837e-17,4.583949237701551e+35,208659470.29131818,94845214.07138471,1.5728616403064901,3.8847027438217013e+34,green
203.65217391304347,71369076.77544816,0.0,92677672.47056748,0.0,0.36272384429797927,0.8636903132100685,3.842467116697858e-09,8.375853022594697e-17,5.057582816808771e+35,211611155.30301347,96186889.07660896,1.5509223809416095,4.286087132896217e+34,green
203.93311036789297,71651209.6543236,0.0,92835541.29498851,0.0,0.3628576384365429,0.8635381507249298,3.6839080932426497e-09,7.898175882556685e-17,5.580154278149669e+35,214604594.68240544,97547543.33987592,1.5292891441056289,4.728944303524751e+34,green
204.2140468227425,71926992.80599935,0.0,93019472.8523262,0.0,0.36299319899970933,0.8633839775824398,3.531891992114307e-09,7.44832707034293e-17,6.156720096408568e+35,217640379.08439612,98927445.34068656,1.5079576612047936,5.217559403744867e+34,green
204.49498327759198,72195366.9367962,0.0,93223036.31700516,0.0,0.36313054756906993,0.8632277691693978,3.3861488202752357e-09,7.024659730133493e-17,6.792859203679956e+35,220719107.51925832,100326867.35643749,1.4869237231863628,5.756660342111222e+34,green
204.77591973244148,72455523.53495912,0.0,93440846.94264263,0.0,0.3632697059422352,0.8630695006248867,3.2464197259220987e-09,6.625625637620807e-17,7.494726971173156e+35,223841387.47082973,101746085.51614588,1.4661831797080915,6.351463534902912e+34,green
205.05685618729098,72706866.45109892,0.0,93668412.69267255,0.0,0.3634106961336595,0.86290914683928,3.1124565387466358e-09,6.249769237989078e-17,8.269114770206276e+35,227007835.01637992,103185379.85493425,1.4457319383193012,7.007724381542064e+34,green
205.33779264214047,72948978.56865408,0.0,93902003.0820563,0.0,0.3635535403754257,0.862746682453294,2.9840213291627763e-09,5.89572204681331e-17,9.123515685823863e+35,230219074.94817224,104645034.36928591,1.4255659636533733,7.7317929541003375e+34,green
205.61872909698997,73181592.94746657,0.0,94138536.847419,0.0,0.36369826111798886,0.862582081857086,2.8608859857256887e-09,5.562197391813033e-17,1.0066197021447051e+36,233475740.89674577,106125337.07308227,1.4056812766315032,8.530675441917683e+34,green
205.89966555183946,73404567.89025386,0.0,94375485.62678316,0.0,0.36384488103087714,0.8624153191894003,2.742831809986278e-09,5.24798547448538e-17,1.1106280294122637e+36,236778475.45594102,107626580.05443263,1.3860739536775648,9.412101944186305e+34,green
206.18060200668896,73617865.44691691,0.0,94610791.30647656,0.0,0.3639934230033489,0.862246368336763,2.629649128065231e-09,4.951948732107243e-17,1.2253829495738226e+36,240127930.30969432,109149059.53330801,1.366740125943923,1.038460126759063e+35,green
206.46153846153845,73821532.92610925,0.0,94842795.06345274,0.0,0.3641439101450029,0.8620752029327298,2.521136918255162e-09,4.6730174817014354e-17,1.351994847375694e+36,243524766.36062574,110693075.91999027,1.3476759785480477,1.1457583452353643e+35,green
206.74247491638795,74015687.03364782,0.0,95070176.43958834,0.0,0.36429636578634156,0.8619017963571849,2.4171024539889828e-09,4.410185828714475e-17,1.491688837311521e+36,246969653.8604461,112258933.87434794,1.3288777498197748,1.2641430824692675e+35,green
207.02341137123744,74200500.30212955,0.0,95291901.03776792,0.0,0.3644508134792839,0.861726121735698,2.317360961542891e-09,4.162507824261383e-17,1.645816618098053e+36,250463272.5422087,113846942.36595067,1.3103417305590674,1.3947598458478494e+35,green
207.30434782608697,74376189.51474963,0.0,95507175.63456033,0.0,0.3646072769976279,0.8615481519389355,2.2217352918614965e-09,3.9290938556712084e-17,1.8158695517524344e+36,254006311.7544317,115457414.73503399,1.292064263304128,1.5388725014873355e+35,green
207.58528428093646,74543005.86314492,0.0,95715409.6839694,0.0,0.36476578033745954,0.8613678595821337,2.1300556059285344e-09,3.7091072561777e-17,2.0034930944201218e+36,257599470.5971182,117090668.75432652,1.2740417416097234,1.6978755037482824e+35,green
207.86622073578596,74701226.60877165,0.0,95916182.32644504,0.0,0.3649263477175065,0.8611852170246305,2.0421590731168125e-09,3.501761120251015e-17,2.2105027177994945e+36,261243458.0596999,118747026.6917518,1.256270609335573,1.8733073879683024e+35,green
208.14715719063545,74851148.04719746,0.0,96109214.14790097,0.0,0.3650890035794357,0.8610001963694633,1.957889581989738e-09,3.306315312137126e-17,2.438901476172952e+36,264938993.16093263,120426815.37401699,1.2387473599446646,2.0668656577765483e+35,green
208.42809364548495,74993079.59775901,0.0,96294343.03200926,0.0,0.3652537725880917,0.8608127694630306,1.877097463032681e-09,3.122073655688818e-17,2.690899387946049e+36,268686805.0907704,122130366.25110117,1.221468535811355,2.2804232101268825e+35,green
208.70903010033445,75127338.86467306,0.0,96471503.54454969,0.0,0.36542067963167435,0.8606229078948218,1.7996392228294834e-09,2.948381294539526e-17,2.96893482041143e+36,272487633.3542469,123858015.46165597,1.2044307275391282,2.516046457979173e+35,green
208.98996655518394,75254247.53382027,0.0,96640709.36042596,0.0,0.365589749821854,0.8604305829972168,1.7253772892047347e-09,2.784622212123825e-17,3.27569808340159e+36,276342227.91739154,125610103.89933114,1.1876305732878598,2.7760153249202842e+35,green
209.27090301003344,75374127.98780169,0.0,96802038.31417915,0.0,0.36576100849382215,0.8602357658453582,1.654179766885845e-09,2.6302169018910275e-17,3.614157461448813e+36,280251349.3552106,127386977.28003858,1.1710647581104756,3.06284530631656e+35,green
209.55183946488293,75487300.53611875,0.0,96955619.70828114,0.0,0.3659344812062747,0.8600384272570983,1.5859202032449008e-09,2.4846201784722877e-17,3.987587934973761e+36,284215769.00176084,129188986.2101677,1.1547300132988556,3.3793118093041565e+35,green
209.83277591973246,75594081.17147292,0.0,97101623.5654177,0.0,0.3661101937413273,0.8598385377930219,1.5204773637096138e-09,2.347319121284446e-17,4.3996028698032687e+36,288236269.10234654,131016486.25576597,1.1386231157388647,3.728477008312598e+35,green
210.11371237458195,75694779.77433641,0.0,97240251.55123249,0.0,0.36628817210435904,0.8596360677565491,1.4577350164398179e-09,2.2178311424407636e-17,4.8541889802728796e+36,292313642.9678696,132869838.01269777,1.1227408872743798,4.113719474812685e+35,green
210.39464882943145,75789698.69873387,0.0,97371729.33251543,0.0,0.36646844252378336,0.8594309871941201,1.3975817258909978e-09,2.0957021714500902e-17,5.355744905539338e+36,296448695.1313625,134749407.17779607,1.1070801940801873,4.538766869106748e+35,green
210.67558528428094,75879131.68087083,0.0,97496300.16639997,0.0,0.36665103145074357,0.8592232658954642,1.3399106548950478e-09,1.9805049495545542e-17,5.909123771174637e+36,300642241.50673604,136655564.62102032,1.0916379460436274,5.007732009476139e+35,green
210.95652173913044,75963363.02040249,0.0,97614219.54469277,0.0,0.3668359655587306,0.8590128733939544,1.2846193749091099e-09,1.8718374270641528e-17,6.519680148875746e+36,304895109.54977274,138588686.45863527,1.0764110961548652,5.525152668545412e+35,green
211.23745819397993,76042666.99088669,0.0,97725750.74081968,0.0,0.3670232717431215,0.858799778967053,1.2316096840939113e-09,1.7693212574036708e-17,7.193321867970759e+36,309208138.42139745,140549154.1274248,1.0613966399056642,6.096035481338381e+35,green
211.51839464882943,76117307.44208391,0.0,97831161.12800205,0.0,0.36721297712063544,0.8585839516368475,1.1807874328992355e-09,1.6726003820005015e-17,7.936567180346967e+36,313582179.15325737,142537354.459956,1.0465916146965488,6.725904390132413e+35,green
211.79933110367892,76187537.56198503,0.0,97930719.15518466,0.0,0.3674051090287049,0.858365360170683,1.132062356846857e-09,1.5813397004929677e-17,8.756607832219408e+36,318018094.81564504,144553679.76090708,1.031993099252234,7.42085409510975e+35,green
212.08026755852842,76253599.77100185,0.0,98024691.8828117,0.0,0.36759969502476103,0.8581439730818895,1.0853479162129767e-09,1.4952238210642776e-17,9.66137865198344e+36,322516760.68779564,146598527.88447604,1.01759821304521,8.187609027113919e+35,green
212.36120401337791,76315725.72477028,0.0,98113342.99430269,0.0,0.36779676288542906,0.8579197586306118,1.0405611423272802e-09,1.413955886056574e-17,1.0659634329543315e+37,327079064.43059504,148672302.31288353,1.0034041157273672,9.033588414877343e+35,green
212.6421404682274,76374136.40538391,0.0,98196931.21050586,0.0,0.3679963406056319,0.8576926848247388,9.976224902129006e-10,1.3372564682649576e-17,1.1761034126760076e+37,331705906.261729,150775412.2359868,0.9894080065695482,9.966978073536506e+35,green
212.92307692307693,76429042.28394364,0.0,98275709.04496825,0.0,0.36819845639760035,0.8574627194209428,9.564556973090126e-10,1.2648625336593776e-17,1.2976235343265018e+37,336398199.1333112,152908272.63201934,0.9756071239089185,1.0996809612948443e+36,green
213.20401337792643,76480643.53979586,0.0,98349921.84624301,0.0,0.3684031386897859,0.8572298299258224,9.169876480213071e-10,1.1965264664644898e-17,1.4316996436368637e+37,341156868.9120242,155071304.34947303,0.9619987446040438,1.213304782744409e+36,green
213.48494983277592,76529130.32414107,0.0,98419807.08147086,0.0,0.368610416125675,0.8569939835971604,8.791482438636368e-10,1.1320151528564543e-17,1.5796290799308528e+37,345982854.5618074,157264934.19013867,0.9485801834975719,1.338668711807226e+36,green
213.76588628762542,76574683.05754684,0.0,98485593.82170257,0.0,0.3688203175625012,0.8567551474452939,8.428702789565008e-10,1.071109119686429e-17,1.7428432291733608e+37,350877108.3291306,159489594.9933206,0.9353487928864044,1.4769857874365949e+36,green
214.04682274247492,76617472.75260483,0.0,98547502.39541024,0.0,0.36903287206985314,0.8565132882346019,8.080893206647035e-10,1.0136017249315987e-17,1.9229213744628163e+37,355840595.93088794,161745725.72124353,0.9223019619992632,1.629594385139659e+36,green
214.3277591973244,76657661.3543549,0.0,98605744.18130247,0.0,0.3692481089281752,0.8562683724851141,7.747435951589887e-10,9.592983967099849e-18,2.1216059771863808e+37,360874296.7449495,164033771.5456664,0.9094371164815412,1.7979711671089287e+36,green
214.6086956521739,76695402.0923468,0.0,98660521.5159854,0.0,0.3694660576271596,0.8560203664742404,7.427738777013198e-10,9.080159179475193e-18,2.340819537537514e+37,365979204.003409,166354183.9357227,0.8967517178873411,1.9837453707964906e+36,green
214.8896321070234,76730839.83923776,0.0,98712027.69550714,0.0,0.3696867478640246,0.8557692362386294,7.121233874563188e-10,8.595817539105322e-18,2.582683196679746e+37,371156324.9885643,168707420.74700245,0.8842432631785967,2.1887145734595733e+36,green
215.1705685618729,76764111.47172943,0.0,98760447.05308251,0.0,0.3699102095416794,0.8555149475761544,6.827376866443528e-10,8.138334200327424e-18,2.8495372614210693e+37,376406681.23167145,171093946.31189474,0.8719092842311837,2.41486208595241e+36,green
215.45150501672242,76795346.23040587,0.0,98805955.09790763,0.0,0.37013647276677,0.855257466048032,6.545645838551677e-10,7.706178875829302e-18,3.143963849148772e+37,381731308.7145092,173514231.53120804,0.8597473473479177,2.664376143348975e+36,green
215.73244147157192,76824666.07568593,0.0,98848718.7023612,0.0,0.3703655678476051,0.8549967569810767,6.275540413519986e-10,7.297910249016838e-18,3.4688118729411067e+37,387131258.07379544,175968753.96708685,0.847755052778346,2.9396710787664333e+36,green
216.0133779264214,76852186.03765704,0.0,98888896.32683688,0.0,0.3705975252919589,0.8547327854700938,6.016580862002163e-10,6.9121707204767775e-18,3.8272246079044586e+37,392607594.8084952,178457997.93724245,0.8359300342452365,3.243410684667824e+36,green
216.2943143812709,76878014.55802347,0.0,98926638.27319054,0.0,0.3708323758047477,0.8544655163804143,5.768307250636138e-10,6.547681468449105e-18,4.2226701060398704e+37,398161399.490061,180982454.61051694,0.8242699584776737,3.578533988172677e+36,green
216.5752508361204,76902253.82280034,0.0,98962086.95923147,0.0,0.3710701502855775,0.8541949143505749,5.530278625164266e-10,6.203237804314135e-18,4.658974753578794e+37,403793767.97564733,183542622.10379866,0.8127725247506651,3.9482836894771386e+36,green
216.8561872909699,76925000.08471644,0.0,98995377.20794834,0.0,0.3713108798261596,0.8539209437951463,5.302072227261991e-10,5.87770480532021e-18,5.140360295558824e+37,409505811.6243416,186139005.58030915,0.8014354644311701,4.3562375386130734e+36,green
217.1371237458194,76946343.97456852,0.0,99026636.54622665,0.0,0.3715545957075925,0.8536435689077125,5.083282743685944e-10,5.570013207855523e-18,5.671484686227276e+37,415298657.51645344,188772117.34927997,0.7902565405304618,4.806342954434138e+36,green
217.4180602006689,76966370.8010062,0.0,99055985.50872564,0.0,0.37180132939750543,0.8533627536640066,4.873521586401961e-10,5.2791555455218985e-18,6.257487159690226e+37,421173448.6759058,191442476.9670399,0.7792335472627329,5.30295522008108e+36,green
217.69899665551839,76985160.8384155,0.0,99083537.94336152,0.0,0.37205111254706164,0.8530784618252031,4.672416202424353e-10,5.004182517344127e-18,6.9040379584365745e+37,427131344.2957736,194150611.3395319,0.7683643096098567,5.85087962579873e+36,green
217.97993311036788,77002789.60273847,0.0,99109401.3155017,0.0,0.37230397698781925,0.8527906569413722,4.479609412127139e-10,4.7441995721634564e-18,7.617393198618452e+37,433173519.96701014,196897054.82628015,0.7576466828922209,6.455417964936356e+36,green
218.26086956521738,77019328.11518694,0.0,99133677.00853424,0.0,0.37255995472844494,0.8524993023550996,4.294758774868281e-10,4.498363696330005e-18,8.404455406055446e+37,439301167.9104115,199682349.3458284,0.7470785523455477,7.122419835646153e+36,green
218.5418060200669,77034843.15393008,0.0,99156460.61895292,0.0,0.37281907795127883,0.8522043612052734,4.1175359807826863e-10,4.2658803923446754e-18,9.272840304994842e+37,445515497.2118609,202507044.48266903,0.7366578327036141,7.858339241527521e+36,green
218.8227424749164,77049397.49390677,0.0,99177842.24449274,0.0,0.3730813790087478,0.8519057964310434,3.94762626768114e-10,4.046000837099289e-18,1.0230950510062301e+38,451817734.0609018,205371697.59568527,0.7263824677867968,8.670297042432716e+36,green
219.1036789297659,77063050.13499895,0.0,99197906.7641944,0.0,0.3733468904196235,0.8516035707759546,3.784727862003048e-10,3.8380192088138435e-18,1.1288056829931971e+38,458209121.9926847,208276873.9281274,0.7162504300963524,9.56614985588221e+36,green
219.3846153846154,77075856.51884118,0.0,99216734.10954942,0.0,0.37361564486512194,0.8512976467922595,3.6285514428454374e-10,3.641270172649266e-18,1.245438797425153e+38,464690922.1333377,211223146.7191445,0.70625972041436,1.0554566079882508e+37,green
219.66555183946488,77087868.73459756,0.0,99234399.52612345,0.0,0.3738876751848436,0.8509879868454118,3.4788196281021237e-10,3.455126515381417e-18,1.3741229526744312e+38,471264413.4488064,214211097.31689367,0.6964083674092411,1.1645109768436449e+37,green
219.94648829431438,77099135.71405566,0.0,99250973.82524133,0.0,0.3741630143725485,0.8506745531187447,3.335266481813271e-10,3.27899692028296e-18,1.5161033147464124e+38,477930892.99721646,217241315.29325017,0.6866944272467849,1.2848333175826914e+37,green
220.22742474916387,77109703.41642061,0.0,99266523.62548965,0.0,0.3744416955717655,0.8503573076183383,3.197637041838834e-10,3.112323873736799e-18,1.6727537055446606e+38,484691676.1848031,220314398.5601391,0.6771159832065968,1.4175878860558697e+37,green
220.50836120401337,77119615.00319806,0.0,99281111.5839176,0.0,0.3747237520712311,0.8500362121780776,3.0656868670270734e-10,2.9545816957548717e-18,1.8455898962968496e+38,491548097.0254636,223430953.4875137,0.6676711453038984,1.5640592341510397e+37,green
220.78929765886286,77128911.00357188,0.0,99294796.61693403,0.0,0.3750092173001569,0.849711228464907,2.939181603065305e-10,2.805274686932374e-18,2.0362842742474293e+38,498501508.40397936,226591595.02300188,0.6583580499166021,1.7256646391940063e+37,green
221.0702341137124,77137629.47067876,0.0,99307634.11098014,0.0,0.37529812482332064,0.8493823179842813,2.817896566248813e-10,2.6639353849144855e-18,2.246682025018085e+38,505553282.3429628,229796946.81324562,0.6491748594175883,1.9039678178133172e+37,green
221.35117056856188,77145806.12918866,0.0,99319676.12313496,0.0,0.37559050833597996,0.8490494420858202,2.7016163444232586e-10,2.5301229237956807e-18,2.4788189868018424e+38,512704810.2735799,233047641.32695672,0.640119761812111,2.1006940566132328e+37,green
221.63210702341138,77153474.51459043,0.0,99330971.57186146,0.0,0.3758864016586038,0.8487125619691664,2.590134414395572e-10,2.403421490323136e-18,2.734941349464434e+38,519957503.3101023,236344319.97971314,0.6311909703802613,2.3177469063274255e+37,green
221.91304347826087,77160666.10457997,0.0,99341566.41814855,0.0,0.3761858387314213,0.8483716386900526,2.4832527751317814e-10,2.2834388711115257e-18,3.0175273889986595e+38,527312792.5283441,239687633.26052126,0.6223867233244181,2.5572266008480995e+37,green
222.19397993311037,77167410.44293775,0.0,99351503.83733621,0.0,0.3764888536087828,0.8480266331665797,2.3807815960905954e-10,2.169805085439423e-18,3.3293114475976747e+38,534772129.2480355,243078240.8601676,0.6137052834216172,2.821450379321998e+37,green
222.47491638795987,77173735.25627236,0.0,99360824.38193479,0.0,0.3767954804533321,0.8476775061857098,2.2825388800696596e-10,2.0621710985309796e-18,3.6733103916974145e+38,542336985.3191932,246516811.8013869,0.6051449376807675,3.112974908220253e+37,green
222.75585284280936,77179666.56399758,0.0,99369566.13576932,0.0,0.37710575352998615,0.8473242184099771,2.188350139962342e-10,1.9602076105077744e-18,4.052852803327176e+38,550008853.4125403,250004024.57087132,0.5967039970046508,3.4346210197710832e+37,green
223.03678929765886,77185228.78189413,0.0,99377764.85978635,0.0,0.37741970719971957,0.8469667303844198,2.0980480888560177e-10,1.8636039165297504e-18,4.471611188333792e+38,557789247.3140342,253540567.2531472,0.588380795856634,3.7895010070650267e+37,green
223.31772575250835,77190444.81960005,0.0,99385454.12987326,0.0,0.3777373759131522,0.8466050025437355,2.0114723429148794e-10,1.7720668338536536e-18,4.933637511546229e+38,565679702.2235626,257127137.66634518,0.5801736919320325,4.18104873860121e+37,green
223.59866220735785,77195336.17235349,0.0,99392665.46703427,0.0,0.3780587942039358,0.8462389952196642,1.9284691365271484e-10,1.6853196918661366e-18,5.44340240476875e+38,573681775.0578631,260764443.4998914,0.572081065834055,4.613052885400194e+37,green
223.87959866220734,77199923.00730565,0.0,99399428.46027456,0.0,0.3783839966819383,0.8458686686486022,1.8488910492027958e-10,1.6031013813079886e-18,6.005838424567383e+38,581797044.7577283,264453202.45414615,0.5641013207542713,5.08969358014506e+37,green
224.16053511705687,77204224.24470024,0.0,99405770.88253132,0.0,0.3787130180262226,0.8454939829794473,1.772596743744525e-10,1.5251654592107787e-18,6.626387781106508e+38,590027112.5995575,268194142.3820181,0.5562328821575352,5.615582865347989e+37,green
224.44147157190636,77208257.63420956,0.0,99411718.79999246,0.0,0.379045892977818,0.8451148982816815,1.699450715219632e-10,1.451279306202837e-18,7.31105499696666e+38,598373602.5113142,271988001.4325815,0.5484741974713021,6.195809319467068e+37,green
224.72240802675586,77212039.8266975,0.0,99417296.67512847,0.0,0.3793826563322808,0.8447313745536911,1.6293230502937153e-10,1.3812233331094109e-18,8.06646500856079e+38,606838161.3929546,275835528.1967256,0.5408237357792821,6.835987295394629e+37,green
225.00334448160535,77215586.44167197,0.0,99422527.46376048,0.0,0.3797233429320432,0.8443433717313291,1.5620891964925515e-10,1.3147902338953311e-18,8.899927269109603e+38,615422459.441387,279737481.85486335,0.533279987519364,7.542311245012631e+37,green
225.28428093645485,77218912.13067181,0.0,99427432.70647116,0.0,0.3800679876585467,0.843950849696722,1.4976297409879543e-10,1.2517842822299688e-18,9.819506476791734e+38,624128190.4800309,283694632.3267306,0.5258414641857545,8.321615658302966e+37,green
225.56521739130434,77222030.63682465,0.0,99432032.61466016,0.0,0.3804166254241596,0.8435537682873225,1.4358301985097315e-10,1.1920206690692583e-18,1.0834100609051062e+39,632957072.2930341,287707760.4233038,0.5185066980352708,9.181441194116386e+37,green
225.84615384615384,77224954.85079665,0.0,99436346.15152913,0.0,0.3807692911638745,0.8431520873052112,1.3765808080113874e-10,1.1353248788469698e-18,1.1953527021486572e+39,641910846.9642215,291777658.0008669,0.5112742417977321,1.0130107645333387e+38,green
226.12709030100334,77227696.86334625,0.0,99440391.10827416,0.0,0.3811260198267853,0.8427457665266507,1.3197763377247824e-10,1.0815321019767025e-18,1.3188617441228e+39,650991281.2208364,295905128.1172575,0.5041426683903871,1.1176794441724938e+38,green
226.40802675585283,77230268.01468046,0.0,99444184.17574835,0.0,0.38148684636734165,0.8423347657118933,1.2653158982604508e-10,1.030486681531739e-18,1.455132277686642e+39,660200166.7821445,300090985.190324,0.4971105706363296,1.2331629471927544e+38,green
226.68896321070235,77232678.94080324,0.0,99447741.0118481,0.0,0.38185180573637795,0.8419190446152439,1.213102763419427e-10,9.820415920758013e-19,1.605482875668917e+39,669539320.7129703,304336055.1586227,0.4901765609868375,1.3605787081947429e+38,green
226.96989966555185,77234939.61703375,0.0,99451076.30486289,0.0,0.3822209328719161,0.8414985629953822,1.1630441983997595e-10,9.360579487538598e-19,1.771368351581935e+39,679010585.782233,308641175.6443897,0.4833392712475875,1.5011596199855015e+38,green
227.25083612040135,77237059.39886312,0.0,99454203.83301839,0.0,0.38259426268974067,0.8410732806259439,1.1150512950919496e-10,8.924045448565293e-19,1.9543938366188104e+39,688615830.8265566,313007196.11881775,0.4765973523086875,1.6562659632371624e+38,green
227.53177257525084,77239047.0603092,0.0,99457136.52043083,0.0,0.3829718300737441,0.8406431573063649,1.0690388141706278e-10,8.509574161802574e-19,2.156330311064237e+39,698356951.1190206,317434978.06967014,0.46994947387847474,1.8273985686994656e+38,green
227.81270903010034,77240910.82991841,0.0,99459886.48967926,0.0,0.38335366986604086,0.8402081528729874,1.0249250337029893e-10,8.115994306098155e-19,2.3791317406744076e+39,708235868.74313,321925395.1712672,0.4633943242210284,2.016213339555627e+38,green
228.09364548494983,77242658.42455733,0.0,99462465.11119269,0.0,0.3837398168568498,0.8397682272104336,9.826316040032974e-11,7.742199014329432e-19,2.6249539833254917e+39,718254532.9720725,326479333.4568762,0.4569306098973412,2.22453727400579e+38,green
228.37458193979933,77244297.0811261,0.0,99464883.04963745,0.0,0.384130305774143,0.8393233402632433,9.420834084782331e-11,7.387142230018803e-19,2.896175649671512e+39,728414920.6533437,331097691.4935405,0.45055705551010355,2.454386143790652e+38,green
228.65551839464882,77245833.58632061,0.0,99467150.30748215,0.0,0.38452517127305985,0.8388734520477807,9.032084302127834e-11,7.04983527418187e-19,3.195421118572529e+39,738719036.5988107,335781380.55938166,0.44427240345204594,2.707983998791623e+38,green
228.93645484949832,77247274.30456054,0.0,99469276.26590516,0.0,0.3849244479250871,0.8384185226644113,8.659376240632166e-11,6.729343610197695e-19,3.525585931349339e+39,749168913.9802953,340531324.8234092,0.43807541365779296,2.9877846875856477e+38,green
229.2173913043478,77248625.20419562,0.0,99471269.72320417,0.0,0.38532817020700194,0.8379585123099459,8.302047940263802e-11,6.424783794966856e-19,3.8898648090144346e+39,759766614.730751,345348461.527875,0.4319648633591776,3.296495600861281e+38,green
229.4983277591973,77249891.88209416,0.0,99473138.93085484,0.0,0.3857363724895792,0.8374933812903577,7.959464756709969e-11,6.135320605564389e-19,4.2917825653063136e+39,770514229.9511181,350233741.1732063,0.42593954684396923,3.6371038689053864e+38,green
229.7792642140468,77251079.58671322,0.0,99474891.62736037,0.0,0.38614908902606165,0.8370230900337696,7.63101823418885e-11,5.860164331006311e-19,4.735228212790045e+39,781413880.3229308,355188127.7055549,0.4199982752179664,4.012905265078193e+38,green
230.06020066889633,77252193.23974253,0.0,99476535.07002364,0.0,0.3865663539403933,0.8365475991037136,7.316125024789174e-11,5.5985682195739705e-19,5.224492594004414e+39,792467716.5267636,360212598.7070004,0.41413987617040854,4.427536096615958e+38,green
230.34113712374582,77253237.45641,0.0,99478076.06476745,0.0,0.38698820121521577,0.8360668692126622,7.014225852390412e-11,5.349826072517712e-19,5.764309899727548e+39,803677919.6665953,365308145.5884419,0.40836319374265984,4.885008389601846e+38,green
230.62207357859532,77254216.56453012,0.0,99479520.99412028,0.0,0.3874146646796276,0.8355808612358308,6.724784519348042e-11,5.113269975673506e-19,6.359903478205983e+39,815046701.7001776,370475773.7852212,0.4026670881001196,5.389748710346478e+38,green
230.90301003344482,77255134.6223734,0.0,99480875.84347911,0.0,0.38784577799670666,0.8350895362252541,6.447286954157948e-11,4.888268160880024e-19,7.017036376483255e+39,826576305.8754897,375716502.95551056,0.397050435307314,5.9466409970223466e+38,green
231.1839464882943,77255995.43542802,0.0,99482146.22575279,0.0,0.38828157465079727,0.8345928554241308,6.181240298427248e-11,4.674222989689768e-19,7.742067104946082e+39,838269007.1733692,381031367.18150884,0.3915121271061253,6.5610738177537885e+38,green
231.4648829431438,77256802.57212307,0.0,99483337.40448579,0.0,0.388722087934561,0.8340907802814429,5.926172031514356e-11,4.470569052206656e-19,8.542011162726665e+39,850127112.7564023,386421415.1734826,0.38605107069711375,7.238992510788432e+38,green
231.7458193979933,77257559.3785763,0.0,99484454.31555356,0.0,0.3891673509357933,0.8335832724668412,5.68162913129587e-11,4.2767713743895625e-19,9.424608921008413e+39,862152962.4241658,391887710.476694,0.38066618852389106,7.986956712722393e+38,green
232.0267558528428,77258268.99242705,0.0,99485501.58751762,0.0,0.38961739652400745,0.8330702938858023,5.4471772695608666e-11,4.0923237274920337e-19,1.0398400519723708e+40,874348929.0749075,397431331.6812556,0.3753564180605001,8.812203830278025e+38,green
232.30769230769232,77258934.35581079,0.0,99486483.56072171,0.0,0.39007225733678513,0.8325518066950525,5.222400040608843e-11,3.916747033723015e-19,1.1472808503189564e+40,886717419.1737592,403053372.6349544,0.3701207116017612,9.722719070503652e+38,green
232.58862876254182,77259558.22752784,0.0,99487404.30520637,0.0,0.3905319657658978,0.8320277733182571,5.006898221679651e-11,3.7495878625419753e-19,1.2658228994173612e+40,899260873.2275695,408754942.65908533,0.3649580360565432,1.0727312706931165e+39,green
232.8695652173913,77260143.19445662,0.0,99488267.6375145,0.0,0.3909965539431986,0.8314981564619746,4.800289063899685e-11,3.59041701233e-19,1.3966132287711884e+40,911981766.2664592,414537166.76733965,0.35986737274391645,1.1835705328574153e+39,green
233.1505016722408,77260691.68225756,0.0,99489077.13645554,0.0,0.39146605372628773,0.8309629191318734,4.602205612491025e-11,3.4388281725094024e-19,1.540917384024505e+40,924882608.3321826,420401185.88778746,0.35484771719215163,1.3058621898517933e+39,green
233.4314381270903,77261205.96541204,0.0,99489836.15789282,0.0,0.39194049668395403,0.8304220246492072,4.412296055026366e-11,3.294436661432687e-19,1.7001316724159702e+40,937965944.9734024,426348157.0880027,0.3498980789405196,1.4407895528954534e+39,green
233.7123745819398,77261688.17663714,0.0,99490547.84861368,0.0,0.3924199140813937,0.8298754366675484,4.230223096585257e-11,3.156878235696105e-19,1.875796673832823e+40,951234357.7479674,432379253.803371,0.3450174813438584,1.5896581981640223e+39,green
233.9933110367893,77262140.31571531,0.0,99491215.15933944,0.0,0.3929043368652106,0.8293231191897756,4.055663360686593e-11,3.0258079667152183e-19,2.0696121474516792e+40,964690464.7322949,438495666.0686277,0.34020496137986433,1.753908599535988e+39,green
234.2742474916388,77262564.25777452,0.0,99491840.85692756,0.0,0.39339379564820054,0.8287650365853122,3.888306814949579e-11,2.9008991807241757e-19,2.2834534791032697e+40,978336921.037964,444698600.75267226,0.3354595694590718,1.9351300670373942e+39,green
234.55518394648828,77262961.76105377,0.0,99492427.53581661,0.0,0.39388832069392227,0.8282011536076117,3.727856220446979e-11,2.7818424585042343e-19,2.5193898274908843e+40,992176419.3356086,450989281.79670185,0.3307803692374841,2.1350761249930636e+39,green
234.83612040133778,77263334.47418517,0.0,99492977.62876005,0.0,0.39438794190105964,0.8276314354118883,3.5740266037880435e-11,2.668344691441488e-19,2.7797041459579755e+40,1006211690.3862287,457368950.4557165,0.32616643743181695,2.3556814796262614e+39,green
235.11705685618728,77263683.9430231,0.0,99493493.4168935,0.0,0.3948926887875783,0.8270558475730865,3.426544750979116e-11,2.5601281906401484e-19,3.066915272352059e+40,1020445503.580014,463838865.5434388,0.32161686363731945,2.59908073928234e+39,green
235.39799331103677,77264011.61704819,0.0,99493977.03917608,0.0,0.39540259047468157,0.8264743561040843,3.285148722176257e-11,2.456929846075458e-19,3.3838023019796916e+40,1034880667.4827884,470400303.6806976,0.31713075014813696,2.867629069475331e+39,green
235.6789297658863,77264318.85537289,0.0,99494430.50124511,0.0,0.39591767567056846,0.8258869274741295,3.149587386455898e-11,2.358500332886775e-19,3.7334314781901995e+40,1049520030.390189,477054559.5473281,0.31270721178017774,3.1639249815182236e+39,green
235.9598662207358,77264606.93237293,0.0,99494855.68372005,0.0,0.3964379726540009,0.8252935286274992,3.0196199757881643e-11,2.264603362133695e-19,4.1191858621097843e+40,1064366480.8896792,483802946.13763183,0.30834537569645276,3.4908354763654275e+39,green
236.2408026755853,77264877.04296827,0.0,99495254.34999016,0.0,0.3969635092576828,0.8246941270023804,2.8950156574111057e-11,2.1750149734479943e-19,4.54479806729448e+40,1079422948.4305167,490646795.0194529,0.30404438123484984,3.85152378584409e+39,green
236.52173913043478,77265130.30757532,0.0,99495628.15351763,0.0,0.3974943128514585,0.8240886905499643,2.7755531238544657e-11,2.089522867203066e-19,5.014386377321545e+40,1094692403.9017813,497587456.5969189,0.2998033797383107,4.249479980782394e+39,green
236.80267558528428,77265367.77675046,0.0,99495978.64468637,0.0,0.39803041032533343,0.8234771877537476,2.6610201998782486e-11,2.0079257739287705e-19,5.532494594623185e+40,1110177860.218579,504626300.3768957,0.295621534387378,4.688554741207637e+39,green
237.08361204013377,77265590.43554468,0.0,99496307.27722459,0.0,0.3985718280723263,0.8228595876490375,2.5512134656329645e-11,1.93003285885692e-19,6.104136007151196e+40,1125882372.9165418,511764715.23921645,0.29149802003507547,5.172996616231512e+39,green
237.36454849498327,77265799.20758674,0.0,99496615.41422775,0.0,0.3991185919711562,0.8222358598426494,2.4459378953688916e-11,1.8556631595875014e-19,6.734841897553091e+40,1141809040.7547343,519004109.7107284,0.28743202304409454,5.7074931335214e+39,green
237.64548494983276,77265994.95891193,0.0,99496904.33380632,0.0,0.39967072736877296,0.8216059745327928,2.3450065110543974e-11,1.7846450549934627e-19,7.430715064616919e+40,1157961006.3270895,526345912.2432194,0.2834227411262491,6.297216156457009e+39,green
237.9264214046823,77266178.5015526,0.0,99497175.23438235,0.0,0.40022825906273635,0.8209699025291375,2.248240050288044e-11,1.7168157635869995e-19,8.198488875002984e+40,1174341456.682496,533791571.49527496,0.27946938318417097,6.9478719279708e+39,green
238.20735785953178,77266350.59690462,0.0,99497429.23965578,0.0,0.40079121128345274,0.8203276152730509,2.1554666479130706e-11,1.6520208696705424e-19,9.045592415829647e+40,1190953623.9536524,541342556.6181216,0.2755711691552141,7.665756284603757e+39,green
238.48829431438128,77266511.95888431,0.0,99497667.40326181,0.0,0.4013596076762756,0.8196790848579999,2.0665215307720586e-11,1.5901138757022077e-19,9.980222380269884e+40,1207800785.994823,549000357.5455164,0.2717273298575345,8.45781557650247e+39,green
238.76923076923077,77266663.25688854,0.0,99497890.71313812,0.0,0.4019334712834783,0.8190242840501069,1.9812467250546703e-11,1.5309557793803218e-19,1.1011422378879576e+41,1224886267.028611,556766485.2877328,0.2679371068383185,9.331713880409216e+39,green
239.05016722408027,77266805.11857042,0.0,99498100.09561996,0.0,0.40251282452610737,0.8183631863088527,1.8994907757250937e-11,1.4744146740598486e-19,1.2149170448143689e+41,1242213438.3018832,564642472.2297107,0.26419975222412734,1.0295907159446844e+40,green
239.33110367892976,77266938.13244192,0.0,99498296.41928034,0.0,0.4030976891857245,0.8176957658079149,1.821108477523599e-11,1.4203653711678178e-19,1.3404475597861152e+41,1259785718.750972,572629872.4334191,0.26051452857332913,1.1359725082936486e+40,green
239.61204013377926,77267062.85031441,0.0,99498480.4985307,0.0,0.4036880863860464,0.817021997456134,1.7459606170719544e-11,1.3686890433892279e-19,1.478948433752445e+41,1277606575.676288,580730261.9444993,0.25688070873059043,1.2533461302990422e+40,green
239.89297658862876,77267179.78958695,0.0,99498653.09699768,0.0,0.40428403657449247,0.8163418569185945,1.6739137256173242e-11,1.319272887438547e-19,1.6317598205868674e+41,1295679525.4264753,588945239.1032438,0.2532975756833953,1.3828473055824824e+40,green
240.17391304347825,77267289.435392,0.0,99498814.93068889,0.0,0.40488555950364746,0.8156553206378137,1.604839841982459e-11,1.2720098053258409e-19,1.800360344794032e+41,1314008134.0922453,597276424.8599762,0.24976442242056784,1.52572910575808e+40,green
240.45484949832775,77267392.24260749,0.0,99498966.67096199,0.0,0.4054926742126527,0.8149623658550235,1.5386162852946845e-11,1.2267981030655696e-19,1.986381408689107e+41,1332596018.2100246,605725463.0948906,0.24628055179276673,1.6833740751607234e+40,green
240.73578595317724,77267488.6377432,0.0,99499108.94730845,0.0,0.4061053990085323,0.8142629706315372,1.4751254370959625e-11,1.1835412058581018e-19,2.191622978281752e+41,1351446845.4755592,614294020.9424167,0.2428452763749263,1.857307608713853e+40,green
241.01672240802674,77267579.02070984,0.0,99499242.34996377,0.0,0.40672375144746803,0.8135571138701869,1.4142545324417052e-11,1.1421473888103617e-19,2.4180709997913566e+41,1370564335.4676077,622983789.1201719,0.23945791833061666,2.0492127116881384e+40,green
241.29765886287626,77267663.76647763,0.0,99499367.43235517,0.0,0.40734774831603177,0.8128447753368215,1.3558954596220147e-11,1.1025295223325474e-19,2.667916616148258e+41,1389952260.38188,631796482.2625699,0.23611780927829457,2.2609462848720015e+40,green
241.57859531772576,77267743.22663157,0.0,99499484.71339668,0.0,0.4079774056123877,0.81212593568185,1.2999445681455889e-11,1.0646048313826401e-19,2.9435773686035087e+41,1409614445.7753484,640733839.2591436,0.2328242901594216,2.494557092037521e+40,green
241.85953177257525,77267817.73082969,0.0,99499594.67964114,0.0,0.40861273852747587,0.8114005764618213,1.2463024846486398e-11,1.0282946677901154e-19,3.2477205893764255e+41,1429554771.3210976,649797623.5976588,0.2295767111084205,2.7523055842180155e+40,green
242.14046822742475,77267887.58817056,0.0,99499697.78729807,0.0,0.4092537614261885,0.8106686801610226,1.1948739363991591e-11,9.935242949242517e-20,3.583289210987674e+41,1449777171.5738466,658989623.7120782,0.226374431324446,3.0366857720242214e+40,green
242.42140468227424,77267953.08847523,0.0,99499794.46412574,0.0,0.40990048782855176,0.8099302302130866,1.145567582085078e-11,9.602226840219777e-20,3.953530242590902e+41,1470285636.7462986,668311653.3354493,0.22321681894494488,3.3504493581287193e+40,green
242.70234113712374,77268014.50348951,0.0,99499885.11120531,0.0,0.4105529303909251,0.8091852110225904,1.0982958495844686e-11,9.283223215239924e-20,4.362026188450903e+41,1491084213.4964807,677765551.8577844,0.22010325092097813,3.6966323630948947e+40,green
242.98327759197323,77268072.08801118,0.0,99499970.10460442,0.0,0.4112111008872318,0.8084336079866349,1.0529747804302465e-11,8.977590268079547e-20,4.81272971270922e+41,1512177005.726211,687353184.6890004,0.21703311289428395,4.078584502296938e+40,green
243.26421404682273,77268126.08094688,0.0,99500049.7969369,0.0,0.41187501019023326,0.8076754075163854,1.0095238806932958e-11,8.684717797416851e-20,5.310001886084166e+41,1533568175.3908713,697076443.626998,0.21400579907605427,4.500001598377487e+40,green
243.54515050167225,77268176.70630315,0.0,99500124.51882541,0.0,0.4125446682528605,0.8069105970585644,9.678659780182227e-12,8.404025575104346e-20,5.858654383885111e+41,1555261943.3206244,706937247.2309425,0.21102071212740267,4.964961342276686e+40,green
243.82608695652175,77268224.1741157,0.0,99500194.58027285,0.0,0.41322008408961736,0.8061391651168746,9.2792708455958e-12,8.13496180207283e-20,6.463996044972577e+41,1577262590.0532558,716937541.1998271,0.20807726304150012,5.477962749978032e+40,green
244.10702341137124,77268268.68132064,0.0,99500260.27194819,0.0,0.4139012657580683,0.8053611012733414,8.896362655725765e-12,7.877001646984568e-20,7.131884240106289e+41,1599574456.6787953,727079298.7563927,0.20517487102735324,6.043969695006715e+40,green
244.38795986622074,77268310.41257145,0.0,99500321.86639215,0.0,0.41458822034042675,0.804576396209556,8.529255134280605e-12,7.629645863111881e-20,7.868781549572241e+41,1622201945.6960838,737364521.036476,0.2023129633952058,6.668458940316967e+40,green
244.66889632107024,77268349.54100506,0.0,99500379.61914779,0.0,0.41528095392525716,0.8037850417278036,8.177296268245229e-12,7.392419479079539e-20,8.681818295031534e+41,1645149521.881459,747795237.4838669,0.19949097544353658,7.357473131384294e+40,green
244.94983277591973,77268386.22895999,0.0,99500433.76982054,0.0,0.4159794715893067,0.8029870307720597,7.839860949860745e-12,7.164870559452606e-20,9.578861534581208e+41,1668421713.169732,758373506.2507522,0.1967083503476351,8.117679266596027e+40,green
245.23076923076923,77268420.62864992,0.0,99500484.54307204,0.0,0.41668377737948115,0.8021823574488369,7.516349866374234e-12,6.94656903128538e-20,1.0568591184372072e+42,1692023111.5476177,769101414.6038204,0.19396453904973085,8.956433207096918e+40,green
245.51170568561872,77268452.88279498,0.0,99500532.14955224,0.0,0.41739387429498076,0.8013710170478665,7.206188435617281e-12,6.737105573052182e-20,1.1660584007906316e+42,1715958373.959817,779981079.3361175,0.1912590001506548,9.881850854160005e+40,green
245.79264214046822,77268483.125214,0.0,99500576.78677313,0.0,0.4181097642696116,0.8005530060625947,6.9088257854945924e-12,6.536090562503708e-20,1.286540628088404e+42,1740232223.2279012,791014647.1847211,0.18859119980301295,1.0902886678717583e+41,green
246.0735785953177,77268511.48137955,0.0,99500618.63992812,0.0,0.41883144815428835,0.7997283222104781,6.623733775595826e-12,6.343153080258105e-20,1.4194716033269392e+42,1764849448.9822078,802204295.2543305,0.18596061160584898,1.202942036717995e+41,green
246.3545150501672,77268538.06893855,0.0,99500657.88266034,0.0,0.4195589256997449,0.7988969644530579,6.350406059169871e-12,6.157939966051835e-20,1.5661375852721932e+42,1789814908.6069121,813552231.4468431,0.18336671650077677,1.3272352417563676e+41,green
246.6354515050167,77268562.99820031,0.0,99500694.67778294,0.0,0.4202921955394676,0.7980589330157964,6.088357183815986e-12,5.98011492480364e-20,1.7279577346078333e+42,1815133528.198467,825060694.8970106,0.18080900266956204,1.4643709615323579e+41,green
246.91638795986623,77268586.3725941,0.0,99500729.17795452,0.0,0.42103125517287066,0.7972142294076563,5.837121729276917e-12,5.809357679756502e-20,1.906497845813601e+42,1840810303.5376062,836731956.4142572,0.1782869654331315,1.6156761405203225e+41,green
247.19732441471572,77268608.28909837,0.0,99500761.5263125,0.0,0.42177610094872625,0.7963628564404028,5.596253480817303e-12,5.645363170155701e-20,2.103485498118606e+42,1866850301.0750916,848568318.9307474,0.175800107151992,1.782614828914423e+41,green
247.47826086956522,77268628.83864295,0.0,99500791.85706683,0.0,0.4225267280488704,0.7955048182476121,5.365324636707713e-12,5.487840791031103e-20,2.320826771716913e+42,1893258658.9314086,860572117.9557927,0.17334793712803762,1.9668023489130195e+41,green
247.7591973244147,77268648.10648642,0.0,99500820.29605685,0.0,0.4232831304721981,0.7946401203033646,5.143925048414954e-12,5.336513672811525e-20,2.560624691318971e+42,1920040587.910603,872745722.0366865,0.17092997150772696,2.1700209248470008e+41,green
248.0401337792642,77268666.17256972,0.0,99500846.96127336,0.0,0.42404530101896676,0.7937687694406048,4.931661492144384e-12,5.191117998610073e-20,2.825199575307688e+42,1947201372.528454,885091533.2260562,0.16854573318661106,2.3942369282273053e+41,green
248.3210702341137,77268683.11184786,0.0,99500871.96334802,0.0,0.42481323127542436,0.7928907738691469,4.728156970441673e-12,5.051402357147036e-20,3.1171114874107604e+42,1974746372.0552037,897611987.5558294,0.16619475171519257,2.641619904585881e+41,green
248.6020066889632,77268698.99460083,0.0,99500895.4060124,0.0,0.42558691159878004,0.7920061431933094,4.533050042615953e-12,4.9171271293910376e-20,3.439185008372302e+42,2002681021.5730205,910309555.5179013,0.16387656320609864,2.914563566417739e+41,green
248.8829431438127,77268713.88672526,0.0,99500917.38652834,0.0,0.4263663311025336,0.7911148884291557,4.345994182789189e-12,4.7880639070965645e-20,3.794536566756482e+42,2031010833.0484383,923186742.5516053,0.16159071024254773,3.215708954878956e+41,green
249.16387959866222,77268727.85000774,0.0,99500937.99609141,0.0,0.42715147764218236,0.7902170220213219,4.16665716444101e-12,4.663994941534135e-20,4.186604594304742e+42,2059741396.4199548,936246089.5380768,0.15933674178809437,3.547969995174144e+41,green
249.44481605351172,77268740.94238123,0.0,99500957.32020931,0.0,0.4279423378013223,0.7893125578594139,3.9947204703434595e-12,4.5447126207796125e-20,4.619182796205833e+42,2088878380.701016,949490173.3016092,0.1571142130976319,3.914561691700547e+41,green
249.7257525083612,77268753.21816534,0.0,99500975.43905659,0.0,0.4287388968781603,0.7884015112939503,3.829878726852303e-12,4.430018974049307e-20,5.096456860093575e+42,2118427535.0986125,962921607.1181074,0.154922685629637,4.319031237368186e+41,green
250.0066889632107,77268764.7282917,0.0,99500992.42780724,0.0,0.42954113887245626,0.7874838991518349,3.671839161534563e-12,4.3197252016182557e-20,5.623044956713667e+42,2148394690.147684,976543041.2307261,0.1527617269596383,4.765292336198838e+41,green
250.2876254180602,77268775.52051534,0.0,99501008.35694663,0.0,0.43034904647291095,0.7865597397513361,3.5203210831843523e-12,4.2136512289730966e-20,6.204042426677107e+42,2178785758.861589,990357163.3728099,0.15063091069489176,5.257663073456063e+41,green
250.5685618729097,77268785.63961272,0.0,99501023.2925639,0.0,0.4311626010450184,0.7856290529165544,3.375055383288906e-12,4.11162528389351e-20,6.845071082962193e+42,2209606737.898833,1004366699.2982252,0.14852981639024637,5.800907697426554e+41,green
250.8494983277592,77268795.1275676,0.0,99501037.29662618,0.0,0.43198178261939846,0.7846918599913587,3.2357840580729864e-12,4.013483495257582e-20,7.552333609136106e+42,2240863708.746311,1018574413.3191966,0.14645802946518371,6.4002827196079196e+41,green
251.1304347826087,77268804.02374513,0.0,99501050.42723566,0.0,0.4328065698806286,0.7837481838527709,3.10225975026018e-12,3.919069512405634e-20,8.332673576593862e+42,2272562838.9192863,1032983108.8517526,0.14441514112201387,7.0615877767756e+41,green
251.41137123745818,77268812.36505523,0.0,99501062.73887067,0.0,0.43363694015658977,0.7827980489237792,2.9742453097486914e-12,3.828234143985542e-20,9.193641664732029e+42,2304710383.1783376,1047595628.9688841,0.14240074826521343,7.791221749774147e+41,green
251.69230769230768,77268820.18610574,0.0,99501074.28261162,0.0,0.4344728694083457,0.7818414811855616,2.8515133724111102e-12,3.7408350152398035e-20,1.0143568721571223e+43,2337312684.763532,1062414856.9615304,0.14041445342188763,8.596244679298998e+41,green
251.97324414715717,77268827.51934594,0.0,99501085.10635304,0.0,0.4353143322205699,0.7808785081890987,2.7338459562789925e-12,3.656736242770574e-20,1.119164637499699e+43,2370376176.6460495,1077443716.9075007,0.13845586466334275,9.484446080507388e+41,green
252.25418060200667,77268834.39520119,0.0,99501095.25500223,0.0,0.43616130179253865,0.7799091590661582,2.6210340743875205e-12,3.5758081258554313e-20,1.2348015971519303e+43,2403907382.7975097,1092685174.2484405,0.13652459552775206,1.0464420314848464e+42,green
252.5351170568562,77268840.84219924,0.0,99501104.77066556,0.0,0.4370137499297054,0.7789334645396317,2.512877363598689e-12,3.497926853450518e-20,1.362386670598636e+43,2437912919.477266,1108142236.3749645,0.1346202649439004,1.1545649750837637e+42,green
252.8160535117057,77268846.88708848,0.0,99501113.69282317,0.0,0.4378716470358731,0.7779514569332047,2.409183728739199e-12,3.422974226054509e-20,1.5031543889345514e+43,2472399496.537896,1123817953.2200632,0.13274249715599262,1.2738596516396396e+42,green
253.09698996655518,77268852.55494905,0.0,99501122.05849282,0.0,0.4387349621059804,0.7769631701803419,2.3097690014240908e-12,3.350837391659205e-20,1.6584668403839695e+43,2507373918.7491713,1139715417.8609047,0.13089092164951086,1.4054803732069594e+42,green
253.37792642140468,77268857.8692967,0.0,99501129.90238345,0.0,0.43960366271951573,0.7759686398325701,2.2144566129586138e-12,3.281408595050281e-20,1.8298268500660487e+43,2542843087.140748,1155837767.1291513,0.12906517307810572,1.55070072039518e+42,green
253.65886287625418,77268862.85218054,0.0,99501137.25703907,0.0,0.44047771503457733,0.7749679030670406,2.1230772807373788e-12,3.21458493976322e-20,2.0188925214913417e+43,2578814000.363851,1172188182.2299054,0.12726489119150775,1.7109258656708716e+42,green
253.93979933110367,77268867.52427445,0.0,99501144.15297395,0.0,0.44135708378259086,0.7739609986933521,2.0354687075853876e-12,3.150268162038566e-20,2.227493280710523e+43,2615293756.0722284,1188769889.3694162,0.12548972076444376,1.8877061700939282e+42,green
254.22073578595317,77268871.90496285,0.0,99501150.61879915,0.0,0.44224173226370195,0.7729479671596223,1.951475293503765e-12,3.088364416151914e-20,2.457647577924524e+43,2652289552.322635,1205586160.391663,0.12373931152654526,2.0827521846820885e+42,green
254.50167224080266,77268876.01242112,0.0,99501156.68134122,0.0,0.4431316223428551,0.771928850557784,1.8709478593129597e-12,3.028784070534914e-20,2.711582418539026e+43,2689808688.995122,1222640313.4239416,0.12201331809323435,2.2979512021520305e+42,green
254.7826086956522,77268879.86369096,0.0,99501162.36575349,0.0,0.44402671444657477,0.770903692628097,1.793743381696551e-12,2.971441514125616e-20,2.9917549116649807e+43,2727858569.233429,1239935713.531588,0.1203113998975734,2.5353855183604943e+42,green
255.06354515050168,77268883.4747513,0.0,99501167.69562042,0.0,0.4449269675604616,0.769872538762855,1.7197247391819498e-12,2.916254972428106e-20,3.300876045822692e+43,2766446700.905742,1257475773.3819604,0.118633221123066,2.7973525812060426e+42,green
255.34448160535118,77268886.86058432,0.0,99501172.69305556,0.0,0.4458323392274143,0.7688354360092763,1.6487604685996827e-12,2.8631463327772814e-20,3.641936920439564e+43,2805580698.0861254,1275263953.9178143,0.11697845063739443,3.086387220711899e+42,green
255.62541806020067,77268890.03523776,0.0,99501177.37879312,0.0,0.44674278554659286,0.767792433071559,1.5807245315956782e-12,2.8120409783438884e-20,4.018237688586871e+43,2845268282.5568986,1293303765.0402052,0.11534676192708201,3.4052861767689747e+42,green
255.90635451505017,77268893.01188324,0.0,99501181.77227417,0.0,0.447658261173132,0.7667435803120926,1.5154960907753213e-12,2.762867630428497e-20,4.4334194892589246e+43,2885517285.3322725,1311598766.3010464,0.11373783303306664,3.757135160389398e+42,green
256.18729096989966,77268895.8028708,0.0,99501185.89172713,0.0,0.4485787193186181,0.7656889297518069,1.452959295087723e-12,2.7155581986279205e-20,4.891499680034252e+43,2926335648.203541,1330152567.6054714,0.1121513464871728,4.145338711893954e+42,green
256.46822742474916,77268898.4197802,0.0,99501189.75424357,0.0,0.44950411175233834,0.7646285350696505,1.3930030740635326e-12,2.6700476384703547e-20,5.396910709087568e+43,2967731425.3061185,1348968829.9241235,0.11058698924947005,4.5736531432951156e+42,green
256.74916387959865,77268900.87346894,0.0,99501193.37584898,0.0,0.45043438880331405,0.7635624516011816,1.3355209405457853e-12,2.6262738161458018e-20,5.95454300469212e+43,3009712784.708767,1368051266.0155306,0.10904445264650495,5.046222885332921e+42,green
257.03010033444815,77268903.17411734,0.0,99501196.77156931,0.0,0.4513694993631261,0.7624907363362647,1.2804108015590433e-12,2.5841773799707233e-20,6.569792295186879e+43,3052288010.025277,1387403641.1586885,0.10752343231039473,5.567620589142093e+42,green
257.31103678929765,77268905.33127077,0.0,99501199.9554934,0.0,0.45230939088954214,0.761413447915859,1.2275747769847148e-12,2.543701638251854e-20,7.24861181928199e+43,3095465502.0489683,1407029773.8960156,0.10602362811877059,6.142891372273601e+42,green
257.59197324414714,77268907.35387921,0.0,99501202.94083126,0.0,0.4532540094109533,0.7603306466278889,1.1769190257173054e-12,2.504792443226408e-20,7.997569930000512e+43,3139253780.4103055,1426933536.7868137,0.10454474413555845,6.777601635594448e+42,green
257.87290969899664,77268909.25033446,0.0,99501205.73996903,0.0,0.45420329953162836,0.7592423944021899,1.1283535789954098e-12,2.4673980807777793e-20,8.823913651341649e+43,3183661485.2579565,1447118857.1713862,0.1030864885525861,7.477892924866668e+42,green
258.15384615384613,77268911.02850485,0.0,99501208.36452028,0.0,0.455157204437791,0.7581487548045175,1.0817921806095227e-12,2.4314691656383897e-20,9.735638801260787e+43,3228697378.963641,1467589717.94597,0.10164857363200441,8.250541357001608e+42,green
258.4347826086956,77268912.69576801,0.0,99501210.82537423,0.0,0.45611566590452807,0.757049793029614,1.0371521337040697e-12,2.396958541809176e-20,1.0741567360409815e+44,3274370347.85109,1488350158.348624,0.10023071564951201,9.103023186789e+42,green
258.7157190635451,77268914.25904138,0.0,99501213.13274093,0.0,0.457078624303532,0.755945575893326,9.943541539010885e-13,2.363821187938363e-20,1.1851432834998821e+44,3320689403.949458,1509404274.7562377,0.0988326348383719,1.0043587148305197e+43,green
258.9966555183946,77268915.72481099,0.0,99501215.2961936,0.0,0.4580460186116837,0.7548361718237665,9.53322228484427e-13,2.3320141274160642e-20,1.3075974439140946e+44,3367663686.771556,1530756221.4928148,0.09745405533420873,1.1081334270459638e+43,green
259.27759197324417,77268917.09915827,0.0,99501217.3247084,0.0,0.4590177864204786,0.7537216508515145,9.139834813949306e-13,2.3014963429548986e-20,1.4427041008777259e+44,3415302465.1172132,1552410211.6491878,0.09609470512057626,1.2226305939643057e+43,green
259.5585284280936,77268918.38778539,0.0,99501219.22670159,0.0,0.4599938639462996,0.7526020845988511,8.762680437973353e-13,2.2722286954390253e-20,1.5917705654229076e+44,3463615138.9021807,1574370517.914334,0.09475431597528411,1.3489581062907424e+43,green
259.83946488294316,77268919.59603883,0.0,99501221.01006453,0.0,0.46097418604153856,0.7514775462680269,8.401089299872162e-13,2.244173846833969e-20,1.7562392257629007e+44,3512611241.0128813,1596641473.4184456,0.09343262341747302,1.4883383269178676e+43,green
260.12040133779266,77268920.72893162,0.0,99501222.68219638,0.0,0.46195868620656705,0.7503481106285566,8.054419184174395e-13,2.2172961869617703e-20,1.9377015036061416e+44,3562300439.1873956,1619227472.5879233,0.0921293666554284,1.6421199183104587e+43,green
260.40133779264215,77268921.79116413,0.0,99501224.25003475,0.0,0.4629472966025594,0.7492138540035436,7.72205437637145e-13,2.1915617639599307e-20,2.137913253390224e+44,3612692537.923083,1642132972.012476,0.0908442885351218,1.8117908927037633e+43,green
260.68227424749165,77268922.78714354,0.0,99501225.72008464,0.0,0.46393994806516436,0.7480748542550296,7.403404569356154e-13,2.1669382182453783e-20,2.3588117522131378e+44,3663797480.4111605,1665362491.3244743,0.08957713548947042,1.9989930103503166e+43,green
260.96321070234114,77268923.72100218,0.0,99501227.0984452,0.0,0.4649365701190267,0.7469311907683717,7.097903814983502e-13,2.143394719819009e-20,2.602534445006285e+44,3715625350.4986625,1688920614.0907526,0.08832765748830389,2.205537665259781e+43,green
261.24414715719064,77268924.59661461,0.0,99501228.39083529,0.0,0.4659370909931555,0.7457829444356486,6.805009518902043e-13,2.12090190875492e-20,2.871439626795154e+44,3768186374.678148,1712811988.7170198,0.08709560798902924,2.433423412538503e+43,green
261.52508361204013,77268925.41761371,0.0,99501229.602617,0.0,0.46694143763713647,0.7446301976380973,6.524201476862267e-13,2.0994318387254206e-20,3.1681292619008676e+44,3821490924.105551,1737041329.365064,0.08588074388798413,2.684855306695908e+43,green
261.80602006688963,77268926.18740582,0.0,99501230.73881799,0.0,0.467949535738185,0.7434730342275839,6.254980950791414e-13,2.0789579234216075e-20,3.4954741609229064e+44,3875549516.6465926,1761613416.88294,0.08468282547246826,2.9622662380705397e+43,green
262.0869565217391,77268926.90918481,0.0,99501231.80415235,0.0,0.46896130973903405,0.7423115395071137,5.99686978299379e-13,2.0594548857367765e-20,3.856641759102057e+44,3930372818.952116,1786533099.748304,0.08350161637344439,3.268340473815607e+43,green
262.3678929765886,77268927.58594531,0.0,99501232.80304016,0.0,0.4699766828566527,0.7411458002103839,5.74940954690366e-13,2.040898709587162e-20,4.255126764886274e+44,3985971648.5628014,1811805295.0251014,0.08233688351889859,3.606039631259887e+43,green
262.6488294314381,77268928.22049521,0.0,99501233.73962578,0.0,0.47099557710178774,0.7399759044803884,5.512160732881639e-13,2.0232665942512145e-20,4.694784975166986e+44,4042356976.0436425,1837434989.3337843,0.08118839708785137,3.978631334887637e+43,green
262.9297658862876,77268928.81546722,0.0,99501234.61779508,0.0,0.4720179132993216,0.7388019418470786,5.284701967610169e-13,2.0065369111152876e-20,5.179870584563328e+44,4099539927.148617,1863427239.8352513,0.0800559304650103,4.389720834376094e+43,green
263.2107023411371,77268929.37332991,0.0,99501235.44119161,0.0,0.47304361110943766,0.7376240032040913,5.066629265699804e-13,1.9906891627194828e-20,5.7150773495956305e+44,4157531785.015985,1889787175.2287126,0.07893926019605495,4.843285889488249e+43,green
263.4916387959866,77268929.89639781,0.0,99501236.21323161,0.0,0.474072589049585,0.7364421807845525,4.857555312178087e-13,1.975703944003447e-20,6.305584006129176e+44,4216343992.3946342,1916519996.7636614,0.07783816594354583,5.34371525943197e+43,green
263.7725752508361,77268930.38684118,0.0,99501236.93711826,0.0,0.4751047645172303,0.7352565681359661,4.657108774586416e-13,1.9615629056573664e-20,6.9571043795502005e+44,4275988153.901928,1943630979.2661726,0.07675243044344793,5.895851169110846e+43,green
264.0535117056856,77268930.84669483,0.0,99501237.61585498,0.0,0.4761400538133889,0.7340672600942013,4.464933643463214e-13,1.948248719488694e-20,7.675942672543138e+44,4336476038.313483,1971125472.1797085,0.07568183946226123,6.505036163172702e+43,green
264.3344481605351,77268931.27786669,0.0,99501238.25225784,0.0,0.4771783721669199,0.7328743527565897,4.2806886000419724e-13,1.93574504572015e-20,8.469054465441653e+44,4397819580.885347,1999008900.6206543,0.0746261817547487,7.177164801222339e+43,green
264.61538461538464,77268931.68214568,0.0,99501238.84896727,0.0,0.4782196337595755,0.7316779434541459,4.104046410041233e-13,1.924036502139316e-20,9.344114019410373e+44,4460030885.70901,2027286766.4487784,0.07358524902225427,7.918740694416222e+43,green
264.8963210702341,77268932.06120917,0.0,99501239.40845898,0.0,0.4792637517517888,0.7304781307229263,3.9346933424696644e-13,1.9131086350246437e-20,1.0309588533680575e+45,4523122228.099759,2055964649.3528469,0.072558835871602,8.736939435323232e+43,green
265.17725752508363,77268932.41662987,0.0,99501239.93305433,0.0,0.4803106383091865,0.7292750142745418,3.772328612413953e-13,1.9029478917770527e-20,1.1374820075270968e+45,4587106057.0187845,2085048207.9515836,0.07154673977456862,9.639678029891424e+43,green
265.45819397993307,77268932.74988243,0.0,99501240.42492984,0.0,0.48136020462981133,0.7280686949658401,3.616663846820516e-13,1.8935415951904416e-20,1.255011597426323e+45,4651994997.529573,2114543180.91021,0.07054876102792135,1.0635691503613748e+44,green
265.7391304347826,77268933.0623495,0.0,99501240.8861263,0.0,0.48241236097203744,0.7268592747677768,3.467422572321174e-13,1.884877919298241e-20,1.3846848558927728e+45,4717801853.289045,2144455388.07278,0.06956470271401322,1.1734617422821022e+44,green
266.0200668896321,77268933.35532749,0.0,99501241.31855723,0.0,0.4834670166831623,0.7256468567334909,3.324339724193849e-13,1.876945866737012e-20,1.52775651959695e+45,4784539609.073907,2174790731.610524,0.06859437066192806,1.2947089149127692e+44,green
266.3010033444816,77268933.63003202,0.0,99501241.72401676,0.0,0.48452408022865673,0.7244315449656075,3.187161175585871e-13,1.8697352475715872e-20,1.6856109700611968e+45,4852221433.342785,2205555197.1864557,0.06763757340916715,1.428483872933326e+44,green
266.5819397993311,77268933.88760276,0.0,99501242.10418713,0.0,0.48558345922205526,0.7232134445827847,3.0556432861639147e-13,1.863236659529694e-20,1.8597756291298038e+45,4920860680.834568,2236754855.136432,0.06669412216387072,1.5760810416355446e+44,green
266.8628762541806,77268934.12910844,0.0,99501242.46064569,0.0,0.4866450604554664,0.7219926616855289,2.929552469388806e-13,1.857441469597256e-20,2.0519357385174082e+45,4990470895.203523,2268395861.6669374,0.06576383076756605,1.7389285919640334e+44,green
267.1438127090301,77268934.35555102,0.0,99501242.79487139,0.0,0.48770878993068395,0.720769303321298,2.8086647776467624e-13,1.8523417969286838e-20,2.263950666450645e+45,5061065811.69167,2300484460.0698004,0.06484651565843547,1.918602259704076e+44,green
267.4247491638796,77268934.56787004,0.0,99501243.1082509,0.0,0.4887745528908765,0.7195434774489166,2.6927655044999657e-13,1.8479304970294497e-20,2.497871899161088e+45,5132659359.838979,2333026981.954098,0.06394199583509658,2.116840592509548e+44,green
267.7056856187291,77268934.76694638,0.0,99501243.40208444,0.0,0.48984225385283664,0.7183152929023277,2.5816488033504113e-13,1.8442011471711347e-20,2.7559628913604638e+45,5205265666.2319,2366029848.4954906,0.06305009282088754,2.3355617723395405e+44,green
267.9866220735786,77268934.95360602,0.0,99501243.67759113,0.0,0.49091179663976414,0.7170848593537037,2.4751173218395806e-13,1.8411480330018515e-20,3.040720967756002e+45,5278899057.290772,2399499571.703221,0.06217063062865087,2.5768821760645875e+44,green
268.2675585284281,77268935.12862341,0.0,99501243.93591401,0.0,0.49198308441456323,0.7158522872759444,2.3729818513344275e-13,1.8387661363175867e-20,3.35490148750889e+45,5353574062.096651,2433442755.705043,0.061303435726008194,2.8431368538212874e+44,green
268.5484949832776,77268935.29272467,0.0,99501244.17812492,0.0,0.4930560197136279,0.7146176879045844,2.2750609908773487e-13,1.8370511239625595e-20,3.701544505476712e+45,5429305415.258154,2467866098.0503273,0.060448337001119394,3.1369021232855605e+44,green
268.8294314381271,77268935.44659069,0.0,99501244.40522875,0.0,0.49413050448109275,0.7133811731991412,2.181180825003257e-13,1.835999337829128e-20,4.084004188211342e+45,5506108059.818816,2502776391.0315914,0.059605165728919655,3.4610204984844178e+44,green
269.11036789297657,77268935.59085986,0.0,99501244.61816773,0.0,0.49520644010352455,0.7121428558039293,2.0911746148514665e-13,1.8356077859301276e-20,4.505981269352969e+45,5583997150.2056265,2538180523.0247393,0.0587737555378269,3.818628194367173e+44,green
269.39130434782606,77268935.72613071,0.0,99501244.81782539,0.0,0.49628372744502797,0.7109028490083664,2.0048825020251696e-13,1.8358741345188993e-20,4.971558858932512e+45,5662988055.219232,2574085479.848246,0.057953942376914216,4.213185473671892e+44,green
269.67224080267556,77268935.8529645,0.0,99501245.00503007,0.0,0.4973622668827409,0.7096612667068058,1.9221512246654321e-13,1.8367967012337566e-20,5.48524195065436e+45,5743096361.066447,2610498346.1415734,0.05714556448353967,4.648510127673482e+44,green
269.9531772575251,77268935.97188748,0.0,99501245.18055852,0.0,0.49844195834269295,0.7084182233579183,1.8428338452507838e-13,1.838374449247658e-20,6.052001014492404e+45,5824337874.435695,2647426306.763095,0.05634846235142803,5.128814419061681e+44,green
270.23411371237455,77268936.08339304,0.0,99501245.34513898,0.0,0.49952270133599924,0.7071738339436581,1.7667894896210682e-13,1.8406069824030996e-20,6.677320090582089e+45,5906728625.615883,2684876648.2077703,0.05556247869919761,5.6587458394766974e+44,green
270.5150501672241,77268936.18794385,0.0,99501245.4994543,0.0,0.5006043949953647,0.7059282139278416,1.6938830967751496e-13,1.843494541316872e-20,7.367249854356392e+45,5990284871.659498,2722856760.0449095,0.054787458439325844,6.243432079963425e+44,green
270.79598662207354,77268936.28597364,0.0,99501245.64414473,0.0,0.5016869381118682,0.7046814792143693,1.6239851789901108e-13,1.8470380004394326e-20,8.128466163008981e+45,6075023099.59035,2761374136.376246,0.05402324864754812,6.8885306466181944e+44,green
271.0769230769231,77268936.37788917,0.0,99501245.77981059,0.0,0.5027702291720013,0.7034337461051234,1.5569715918415575e-13,1.8512388660567743e-20,8.968334652684363e+45,6160960029.65675,2800436377.3146477,0.053269698532683304,7.600283603970253e+44,green
271.3578595317726,77268936.46407177,0.0,99501245.90701476,0.0,0.5038541663949322,0.7021851312575721,1.492723313712016e-13,1.8560992752235567e-20,9.894982008780263e+45,6248112618.630692,2840051190.4837494,0.05252665940688004,8.385577973543089e+44,green
271.6387959866221,77268936.54487903,0.0,99501246.02628501,0.0,0.5049386477699659,0.7009357516421129,1.431126234399561e-13,1.8616219956188643e-20,1.0917374601455552e+46,6336498063.153683,2880226392.5387807,0.051793984656278415,9.25201237411541e+44,green
271.9197324414716,77268936.62064621,0.0,99501246.13811617,0.0,0.5060235710941738,0.6996857244991876,1.372070952448199e-13,1.867810426317067e-20,1.2045405245047307e+46,6426133803.129957,2920969910.708939,0.051071529712080316,1.020797054665084e+45,green
272.2006688963211,77268936.69168767,0.0,99501246.24297224,0.0,0.5071088340101612,0.6984351672962025,1.315452580842259e-13,1.8746685994685022e-20,1.3289988922609777e+46,6517037525.167629,2962289784.36155,0.050359152022023894,1.1262702476788579e+45,green
272.4816053511706,77268936.75829817,0.0,99501246.3412883,0.0,0.5081943340439453,0.6971841976842837,1.2611705607183637e-13,1.882201182886052e-20,1.4663168400777033e+46,6609227166.068565,3004194166.5883703,0.0496567110222555,1.2426413898964277e+45,green
272.76254180602007,77268936.82075408,0.0,99501246.43347223,0.0,0.5092799686429155,0.6959329334549051,1.2091284827645248e-13,1.8904134835355393e-20,1.61782307569998e+46,6702720916.367611,3046691325.8143306,0.048964068109594146,1.3710365048305666e+45,green
273.04347826086956,77268936.87931453,0.0,99501246.51990649,0.0,0.5103656352138422,0.6946814924964192,1.1592339159896808e-13,1.8993114519295525e-20,1.7849835947854713e+46,6797537223.9218645,3089789647.42902,0.048281086614182976,1.5126979616826843e+45,green
273.32441471571906,77268936.93422246,0.0,99501246.60094973,0.0,0.511451231160911,0.6934299927505244,1.111398243558085e-13,1.9089016874257073e-20,1.969415865963989e+46,6893694797.550775,3133497635.441279,0.04760763177252175,1.66899649657974e+45,green
273.60535117056855,77268936.98570569,0.0,99501246.67693816,0.0,0.5125366539237481,0.6921785521687048,1.0655365053993623e-13,1.9191914444324497e-20,2.1729044818744162e+46,6991212610.727675,3177823914.1571703,0.04694357070087604,1.8414444761648557e+45,green
273.88628762541805,77268937.03397782,0.0,99501246.74818707,0.0,0.5136218010154092,0.6909272886686719,1.0215672473115032e-13,1.9301886395264086e-20,2.3974184268862403e+46,7090109905.323568,3222777229.881694,0.04628877236905698,2.0317105312596303e+45,green
274.16722408026754,77268937.07923916,0.0,99501246.81499209,0.0,0.5147065700603023,0.6896763200908463,9.794123762925551e-14,1.9419018594878628e-20,2.6451301295665053e+46,7190406195.403877,3268366452.6445866,0.045643107574566806,2.2416357030225763e+45,green
274.44816053511704,77268937.12167747,0.0,99501246.87763035,0.0,0.5157908588320165,0.6884257641549084,9.389970218400687e-14,1.954340370261362e-20,2.9184364830740404e+46,7292121271.078856,3314600577.9505105,0.04500644891710524,2.4732512568425317e+45,green
274.72909698996654,77268937.16146886,0.0,99501246.9363618,0.0,0.5168745652910258,0.6871757384164552,9.002494029758788e-14,1.9675141268513823e-20,3.219982038190217e+46,7395275202.408556,3361488728.554034,0.04437867077343111,2.728798337449472e+45,green
275.01003344481603,77268937.19877836,0.0,99501246.99143007,0.0,0.5179575876222408,0.685926360223793,8.631007007563496e-14,1.981433784163235e-20,3.5526845919843443e+46,7499888343.362933,3409040156.259684,0.04375964927257495,3.010749654224168e+45,green
275.2909698996655,77268937.23376082,0.0,99501247.04306363,0.0,0.5190398242723763,0.6846777466749027,8.274849360450943e-14,1.996110708802321e-20,3.919763421228516e+46,7605981335.838055,3457264243.7474895,0.043149262271397155,3.3218334078209366e+45,green
275.571906354515,77268937.26656137,0.0,99501247.09147671,0.0,0.5201211739871127,0.6834300145746052,7.93338852327898e-14,2.0115569918452355e-20,4.3247704321558816e+46,7713575113.729066,3506170506.4243355,0.04254738933048711,3.665059688267871e+45,green
275.8528428093646,77268937.29731612,0.0,99501247.13687022,0.0,0.5212015358480149,0.6821832803919665,7.60601803364626e-14,2.02778546259901e-20,4.771624529629558e+46,7822690907.060789,3555768594.3015046,0.04195391169039866,4.043749601381172e+45,green
276.133779264214,77268937.32615262,0.0,99501247.17943244,0.0,0.5222808093091893,0.6809376602179668,7.292156454759594e-14,2.0448097033653677e-20,5.264649536592624e+46,7933350246.176776,3606068293.8987937,0.041368712248216706,4.461567403892263e+45,green
276.41471571906357,77268937.35319056,0.0,99501247.21934001,0.0,0.523358894233643,0.679693269723472,6.99124634275947e-14,2.0626440652295277e-20,5.808616032397049e+46,8045574965.987591,3657079530.175549,0.04079167553445099,4.9225559596587437e+45,green
276.695652173913,77268937.3785421,0.0,99501247.25675847,0.0,0.5244356909293263,0.6784502241175338,6.702753256650194e-14,2.0813036848938835e-20,6.408787513220265e+46,8159387210.279188,3708812368.4890246,0.04022268769025204,5.431175858661488e+45,green
276.97658862876256,77268937.40231241,0.0,99501247.29184309,0.0,0.5255111001848248,0.677208638106053,6.426164809091901e-14,2.100804502579419e-20,7.070971322720657e+46,8274809436.082268,3761277016.5804462,0.039661636444944935,5.992348578577097e+45,green
277.25752508361205,77268937.42460014,0.0,99501247.32473941,0.0,0.5265850233046807,0.6759686258508357,6.160989756356712e-14,2.121163281018779e-20,7.801574844465272e+46,8391864418.103382,3814483826.589156,0.03910841109387651,6.611504105479335e+45,green
277.53846153846155,77268937.44549774,0.0,99501247.35558395,0.0,0.5276573621443119,0.6747303009290698,5.906757125840624e-14,2.1423976255672458e-20,8.607667500802499e+46,8510575253.2188015,3868443297.095278,0.03856290247657142,7.29463347525667e+45,green
277.81939799331104,77268937.46509191,0.0,99501247.38450468,0.0,0.5287280191445101,0.673493776293254,5.6630153795776046e-14,2.164526005459326e-20,9.497049157619147e+46,8630965365.031885,3923166075.1912465,0.03802500295519296,8.048346743745381e+45,green
278.10033444816054,77268937.48346399,0.0,99501247.41162157,0.0,0.5297968973654872,0.6722591642316079,5.4293316122702244e-14,2.1875677762406463e-20,1.047832559668857e+47,8753058508.494946,3978662958.5826597,0.037494606393304486,8.879936946346615e+45,green
278.38127090301003,77268937.50069016,0.0,99501247.43704714,0.0,0.5308639005204501,0.6710265763289899,5.205290782416395e-14,2.2115432034069113e-20,1.1560991786961043e+47,8876878774.596506,4034944897.718846,0.03697160813492678,9.79745066691654e+45,green
278.66220735785953,77268937.51684192,0.0,99501247.46088687,0.0,0.531928933008678,0.6697961234283504,4.990494975158718e-14,2.2364734872831396e-20,1.2755523758332919e+47,9002450595.11481,4092022997.9535527,0.03645590498388789,1.0809765896892741e+46,green
278.943143812709,77268937.53198625,0.0,99501247.48323968,0.0,0.5329918999480816,0.6685679155927501,4.784562695558911e-14,2.2623807891792356e-20,1.4073479970452782e+47,9129798747.438671,4149908521.7362404,0.03594739518346062,1.1926677941062154e+46,green
279.2240802675585,77268937.54618602,0.0,99501247.50419831,0.0,0.5340527072072188,0.6673420620679651,4.5871281910271755e-14,2.289288258858808e-20,1.5527613152362087e+47,9258948359.456415,4208612890.834331,0.035445978396284376,1.3158994196917543e+46,green
279.505016722408,77268937.55950011,0.0,99501247.52384971,0.0,0.5351112614367498,0.6661186712457077,4.397840801720263e-14,2.3172200633617543e-20,1.7131993701619663e+47,9389924914.514051,4268147688.5869184,0.03495155568456696,1.4518638730186723e+46,green
279.7859531772575,77268937.5719838,0.0,99501247.5422754,0.0,0.5361674701003064,0.6648978506274857,4.2163643377364054e-14,2.3462014172215854e-20,1.8902145829324936e+47,9522754256.443546,4328524662.1903515,0.034464029490562396,1.6018767651970903e+46,green
280.066889632107,77268937.58368886,0.0,99501247.55955188,0.0,0.5372212415047586,0.6636797067891254,4.0423764820187516e-14,2.3762586141225213e-20,2.0855197776844827e+47,9657462594.662222,4389755725.01614,0.0339833036173214,1.767389642105561e+46,green
280.3478260869565,77268937.59466386,0.0,99501247.57575078,0.0,0.5382724848298569,0.6624643453459786,3.875568217889942e-14,2.4074190600418434e-20,2.3010047548662332e+47,9794076509.344341,4451852958.961677,0.033509283209709875,1.9500040295477283e+46,green
280.628762541806,77268937.60495432,0.0,99501247.59093936,0.0,0.5393211101572342,0.6612518709188403,3.715643280216792e-14,2.439711307927183e-20,2.5387545774666258e+47,9932622956.665785,4514828616.834182,0.03304187473569261,2.151486930056542e+46,green
280.9096989966555,77268937.61460295,0.0,99501247.60518058,0.0,0.5403670284987464,0.660042387100593,3.562317629215932e-14,2.4731650939590918e-20,2.8010697461148096e+47,10073129274.122963,4578695124.768384,0.032580985967877785,2.3737879204363655e+46,green
281.19063545150505,77268937.6236498,0.0,99501247.61853357,0.0,0.5414101518241389,0.6588359964236029,3.415318945978741e-14,2.507811375453522e-20,3.0904884593140523e+47,10215623185.92696,4643465084.678414,0.032126525965319036,2.6190580163679345e+46,green
281.4715719063545,77268937.63213237,0.0,99501247.6310537,0.0,0.5424503930880177,0.657632800327884,3.274386148808233e-14,2.5436823704597538e-20,3.409811173143791e+47,10360132808.473936,4709151276.744346,0.031678405055571325,2.889670485715179e+46,green
281.75250836120404,77268937.64008586,0.0,99501247.64279294,0.0,0.5434876662561148,0.6564328991300502,3.139268929518607e-14,2.5808115991136524e-20,3.762127699117521e+47,10506686655.893023,4775766661.933963,0.031236534816996994,3.1882438128115695e+46,green
282.0334448160535,77268937.6475433,0.0,99501247.65379997,0.0,0.5445218863308289,0.6552363919930739,3.0097273088658037e-14,2.6192339268074137e-20,4.150847101405788e+47,10655313645.672567,4843324384.560156,0.030800828061318803,3.5176670350897717e+46,green
282.314381270903,77268937.65453559,0.0,99501247.66412048,0.0,0.545552969376032,0.654043376896865,2.885531210325926e-14,2.6589856092411996e-20,4.579730683608661e+47,10806043104.366076,4911837774.874515,0.030371198816416218,3.8811276979735724e+46,green
282.5953177257525,77268937.66109176,0.0,99501247.67379731,0.0,0.546580832541126,0.652853950609689,2.766460051459711e-14,2.7001043394239794e-20,5.052928383527706e+47,10958904773.378803,4981320351.69761,0.029947562309361683,4.282142697904977e+46,green
282.876254180602,77268937.66723901,0.0,99501247.68287055,0.0,0.5476053940843372,0.6516682086604385,2.65230235214041e-14,2.742629296694786e-20,5.575018928595182e+47,11113928814.836206,5051785825.086471,0.029529834949693592,4.724592312368954e+46,green
283.1571906354515,77268937.67300287,0.0,99501247.69137788,0.0,0.5486265733952411,0.6504862453117689,2.5428553589478726e-14,2.7866011978384224e-20,6.1510541403490155e+47,11271145817.535471,5123248099.039816,0.029117934312922422,5.212757746058658e+46,green
283.438127090301,77268937.6784072,0.0,99501247.6993546,0.0,0.549644291016504,0.6493081535341156,2.4379246850612848e-14,2.8320623503729583e-20,6.786607816352946e+47,11430586802.981152,5195721274.241532,0.028711779124267055,5.751362556231496e+46,green
283.7190635451505,77268937.68347447,0.0,99501247.70683381,0.0,0.5506584686648316,0.6481340249806009,2.337323965013344e-14,2.8790567080903904e-20,7.48782966345654e+47,11592283231.506239,5269219650.842981,0.028311289242617957,6.345618358861677e+46,green
284.0,77268937.68822567,0.0,99501247.7138465,0.0,0.5516690292511199,0.6469639499628441,2.2408745236883543e-14,2.9276299289343114e-20,8.261504802559163e+47,11756267008.4798,5343757731.284648,0.02791638564472397,7.00127525640629e+46,red
284.20100502512565,77247883.17393833,0.0,100824665.52953783,0.0,0.5523898053521712,0.6461293192593538,2.1743188613344994e-14,2.96337841981041e-20,8.863648812882485e+47,11875016175.761898,5397734625.503171,0.027637224126369982,7.511566790578612e+46,red
284.40201005025125,77188900.29361413,0.0,101967731.39077556,0.0,0.5531086635533343,0.6452968413253412,2.1097399522620054e-14,2.999977332523022e-20,9.509680396496918e+47,11994964819.401932,5452256736.248026,0.027360854199758235,8.059051183472213e+46,red
284.6030150753769,77097706.79993394,0.0,102948608.85850035,0.0,0.5538255767766123,0.6444665479368038,2.0470790854759956e-14,3.03744509846106e-20,1.0202798319969861e+48,12116125055.253067,5507329570.725202,0.02708724794926676,8.64643925421201e+46,red
284.8040201005025,76979347.46623443,0.0,103784016.3929119,0.0,0.5545405182734846,0.643638470498168,1.9862792936638256e-14,3.075800652536947e-20,1.0946434497990165e+48,12238509121.516724,5562958691.753525,0.026816377738365392,9.276639405076693e+46,red
285.00502512562815,76838267.4501211,0.0,104489282.84202091,0.0,0.5552534616279816,0.6428126400385611,1.927285301497274e-14,3.1150634461359906e-20,1.1744270980279991e+48,12362129380.011917,5619149718.341639,0.026548216206887375,9.952772017186733e+46,red
285.20603015075375,76678377.9793513,0.0,105078415.32690182,0.0,0.5559643807596998,0.6419890872081468,1.8700434753640247e-14,3.155253460423474e-20,1.2600258182979128e+48,12486998317.423326,5675908326.255305,0.026282736268265234,1.0678184900830084e+47,red
285.4070351758794,76503115.02334914,0.0,105564174.8538283,0.0,0.5566732499267047,0.6411678422745887,1.8145017746130694e-14,3.196391220042938e-20,1.3518634451653635e+48,12613128546.562542,5733240248.590705,0.026019911106795045,1.1456469874283078e+47,red
285.60804020100505,76315491.78256302,0.0,105958155.97913972,0.0,0.5573800437283204,0.640348935119641,1.7606097042386663e-14,3.2384978072152635e-20,1.450394704502647e+48,12740532807.642302,5791151276.353624,0.02575971417492761,1.2291480546632959e+47,red
285.80904522613065,76118145.58548024,0.0,106270867.9149286,0.0,0.5580847371078057,0.6395323952358661,1.708318268975073e-14,3.281594876250551e-20,1.5561074651127338e+48,12869223969.563221,5849647259.044345,0.025502119190587015,1.3187351399260836e+47,red
286.0100502512563,75913379.80195619,0.0,106511815.04832248,0.0,0.5587873053549189,0.6387182517234802,1.6575799287532605e-14,3.325704668484518e-20,1.6695251544286335e+48,12999215031.213736,5908734105.248518,0.025247100134515917,1.4148518257870178e+47,red
286.2110552763819,75703201.28562646,0.0,106689575.46740091,0.0,0.559487724108369,0.6379065332873257,1.6083485554795465e-14,3.370850027650278e-20,1.7912093500763352e+48,13130519122.78306,5968417783.233972,0.024994631247647354,1.5179740254884624e+47,red
286.41206030150755,75489353.8004964,0.0,106811876.47677717,0.0,0.5601859693581549,0.6370972682339728,1.560579391099961e-14,3.417054415699218e-20,1.921762560644344e+48,13263149507.087467,6028704321.5535555,0.02474468702850288,1.6286123395291505e+47,red
286.61306532663315,75273347.86117938,0.0,106885666.44719486,0.0,0.5608820174477913,0.6362904844689488,1.5142290069080285e-14,3.464341929081894e-20,2.0618312087913675e+48,13397119580.909937,6089599809.654078,0.024497242230616702,1.7473145837215465e+47,red
286.8140703517588,75056487.34989811,0.0,106917182.5732813,0.0,0.5615758450764232,0.6354862094940946,1.4692552640629e-14,3.512737315503397e-20,2.212108832079829e+48,13532442876.353346,6151110398.491391,0.024252271859985564,1.8746685017626186e+47,red
287.0150753768844,74839893.25567569,0.0,106912014.3290436,0.0,0.562267429300827,0.6346844704050509,1.425617275278915e-14,3.5622659911653775e-20,2.373339516885592e+48,13669133062.20732,6213242301.151692,0.024009751172544155,2.011304675326828e+47,red
287.21608040201005,74624524.83351755,0.0,106875162.5399814,0.0,0.5629567475373009,0.6338852938888716,1.3832753676535704e-14,3.6129540585091597e-20,2.5463215826845727e+48,13807203945.3289,6276001793.479088,0.023769655671665738,2.157899646342916e+47,red
287.4170854271357,74411198.45710771,0.0,106811094.10476656,0.0,0.5636437775634421,0.6330887062217637,1.342191046599737e-14,3.664828324474049e-20,2.7319115349532865e+48,13946669472.037155,6339395214.709517,0.0235319611056878,2.315179266909626e+47,red
287.6180904522613,74200604.41143392,0.0,106723792.48054364,0.0,0.5643284975198148,0.6322947332669573,1.3023269608480789e-14,3.7179163192847334e-20,2.93102830587013e+48,14087543729.521858,6403428968.111062,0.02329664346546241,2.483922293110345e+47,red
287.81909547738695,73993321.83956291,0.0,106616804.08363663,0.0,0.5650108859115052,0.6315034004727007,1.26364686849067e-14,3.772246315784298e-20,3.144657804637292e+48,14229840947.266441,6468109521.630734,0.023063678981931127,2.6649642412181126e+47,red
288.02010050251255,73789832.04708385,0.0,106493280.81976995,0.0,0.5656909216095662,0.6307147328703837,1.2261156040309801e-14,3.8278473493262045e-20,3.373857798745101e+48,14373575498.48526,6533443408.54779,0.022833044123724073,2.859201524360328e+47,red
288.2211055276382,73590530.33296706,0.0,106356018.94727059,0.0,0.5663685838523537,0.6299287550727868,1.1896990464148019e-14,3.884749238243734e-20,3.6197631518313325e+48,14518761901.575441,6599437228.133647,0.022604715594783133,3.067595891382563e+47,red
288.4221105527638,73395736.5117724,0.0,106207494.52311486,0.0,0.5670438522467511,0.6291454912724564,1.1543640880084321e-14,3.9429826049106075e-20,3.883591442426488e+48,14665414821.583334,6666097646.318466,0.02237867033200879,3.2911791884971064e+47,red
288.62311557788945,73205704.26213118,0.0,106049895.65212154,0.0,0.5677167067692868,0.6283649652402056,1.1200786045003069e-14,4.0025788974124255e-20,4.1666489931135725e+48,14813549071.685823,6733431396.364467,0.02215488550293061,3.531058468740404e+47,red
288.8241206030151,73020629.43315789,0.0,105885151.78788073,0.0,0.5683871277671415,0.6275872003237397,1.0868114256947361e-14,4.063570411843791e-20,4.470337338263214e+48,14963179614.686575,6801445279.546042,0.021933338503400946,3.788421473104512e+47,red
289.0251256281407,72840657.417473,0.0,105714960.3021444,0.0,0.569055095959049,0.6268122194464065,1.0545323071746533e-14,4.125990315251417e-20,4.796160163975428e+48,15114321564.52741,6870146165.836748,0.021714006955311733,4.0645425118436825e+47,red
289.22613065326635,72665889.69508348,0.0,105540810.55166878,0.0,0.5697205924360904,0.6260400451060697,1.0232119028047362e-14,4.1898726692396785e-20,5.1457307531340116e+48,15266990187.81493,6939540994.603222,0.021496868704334118,4.360788773842489e+47,red
289.42713567839195,72496389.63589303,0.0,105364005.6442792,0.0,0.57038359866238,0.6252706993741047,9.928217380521624e-15,4.2552524542593396e-20,5.520779973678803e+48,15421200905.362587,7009636775.306124,0.021281901817680672,4.6786270963380805e+47,red
289.6281407035176,72332187.64300136,0.0,105185682.10589138,0.0,0.5710440964756479,0.624504203894517,9.633341840991125e-15,4.32216559459783e-20,5.923164848688369e+48,15576969293.748304,7080440588.208144,0.021069084581890007,5.0196312277021266e+47,red
289.8291457286432,72173285.70772944,0.0,105006827.62985036,0.0,0.571702068087717,0.6237405798831815,9.347224327244888e-15,4.390648984092054e-20,6.354877751315396e+48,15734311086.887844,7151959585.089178,0.02085839550063353,5.385489619758936e+47,red
290.03015075376885,72019661.44092844,0.0,104828297.08127044,0.0,0.5723574960848762,0.6229798481272022,9.069604719316359e-15,4.460740512584318e-20,6.818056269928088e+48,15893242177.624071,7224200989.968707,0.020649813292544138,5.778013788074785e+47,red
290.23115577889445,71871271.63792102,0.0,104650826.91560948,0.0,0.5730103634281508,0.6222220289843902,8.800230622996586e-15,4.5324790931424555e-20,7.314993791947246e+48,16053778619.332249,7297172099.835489,0.02044331688906661,6.199147281311368e+47,red
290.4321608040201,71728055.42766428,0.0,104475048.1562796,0.0,0.5736606534534715,0.6214671423828618,8.538857140377142e-15,4.605904690067272e-20,7.848150859793735e+48,16215936627.541586,7370880285.38462,0.02023888543232952,6.650975304910095e+47,red
290.63316582914575,71589937.05254598,0.0,104301498.068964,0.0,0.5743083498717417,0.6207152078207518,8.28524664719907e-15,4.681058347708261e-20,8.42016735337741e+48,16379732581.573122,7445332991.762022,0.020036498273038408,7.135735045235254e+47,red
290.83417085427135,71456828.3183519,0.0,104130630.65218589,0.0,0.5749534367688053,0.6199662443660441,8.039168576826521e-15,4.757982220113596e-20,9.033875562126062e+48,16545183026.194191,7520537739.316485,0.019836134968390023,7.655826747564628e+47,red
291.035175879397,71328630.751936,0.0,103962826.0616196,0.0,0.5755958986053165,0.6192202706565166,7.80039921062274e-15,4.836719601535225e-20,9.692314207720224e+48,16712304673.289562,7596502124.359271,0.01963777528000744,8.21382559976308e+47,red
291.2361809045226,71205237.49758893,0.0,103798399.06627966,0.0,0.5762357202165098,0.6184773048998014,7.568721474566884e-15,4.91731495781778e-20,1.0398743491296123e+49,16881114403.549511,7673233819.931412,0.019441399171895808,8.812494484149446e+47,red
291.43718592964825,71086534.98222473,0.0,103637606.63512313,0.0,0.5768728868118763,0.6177373648735547,7.343924741896531e-15,4.9998139586926707e-20,1.1156661234711216e+49,17051629268.174877,7750740576.578744,0.019246986808418538,9.454797656535129e+47,red
291.63819095477385,70972404.37392092,0.0,103480654.73492661,0.0,0.5775073839747417,0.6170004679257413,7.12580464162629e-15,5.084263511008105e-20,1.196982020110125e+49,17223866490.599407,7829030223.1347885,0.019054518552293762,1.014391542466229e+48,red
291.8391959798995,70862722.85777256,0.0,103327704.42075641,0.0,0.578139197661752,0.6162666309750267,6.914162872739861e-15,5.1707117929177366e-20,1.284224667489561e+49,17397843468.22945,7908110667.511522,0.018863974962610764,1.0883259893979558e+48,red
292.04020100502515,70757364.74860245,0.0,103178877.28573807,0.0,0.5787683142022666,0.6155358705112787,6.708807023913588e-15,5.259208289060343e-20,1.3778260399114413e+49,17573577774.20124,7987989897.498145,0.018675336792866336,1.1676491863656523e+48,red
292.24120603015075,70656202.45952754,0.0,103034260.33668683,0.0,0.5793947202976568,0.6148082025961769,6.509550398582405e-15,5.349803826754904e-20,1.4782495962660933e+49,17751087159.15595,8068675981.56791,0.018488584989020663,1.2527538951407828e+48,red
292.4422110552764,70559107.34197584,0.0,102893910.350498,0.0,0.5800184030205175,0.6140836428639269,6.3162118452124424e-15,5.442550613245077e-20,1.5859925749619779e+49,17930389553.03262,8150177069.69312,0.01830370068757274,1.3440615042050932e+48,red
292.643216080402,70465950.41219376,0.0,102757857.76548192,0.0,0.5806393498137877,0.6133622065220803,6.1286155926047104e-15,5.537502274019389e-20,1.7015884558056383e+49,18111503066.879276,8232501394.168322,0.018120665213655008,1.442024115089553e+48,red
292.84422110552765,70376602.97670782,0.0,102626110.15275533,0.0,0.581257548489783,0.6126439083524561,5.946591090099241e-15,5.634713892242604e-20,1.8256096016268357e+49,18294445994.682262,8315657270.441859,0.017939460079146995,1.5471267810397223e+48,red
293.04522613065325,70290937.16862398,0.0,102498655.31159167,0.0,0.5818729872291434,0.6119287627121653,5.769972852517601e-15,5.734242049326934e-20,1.9586700921445569e+49,18479236815.21411,8399653097.955788,0.017760066980807905,1.659889908597115e+48,red
293.2462311557789,70208826.40474123,0.0,102375464.02577232,0.0,0.5824856545796937,0.6112167835347345,5.598600309717186e-15,5.836144866679785e-20,2.1014287646528162e+49,18665894193.900024,8484497360.994296,0.0175824677984278,1.7808718344515742e+48,red
293.4472361809045,70130145.77284941,0.0,102256492.51636103,0.0,0.5830955394552229,0.6105079843313276,5.432317660608692e-15,5.940482048659525e-20,2.2545924760903712e+49,18854436984.703274,8570198629.540688,0.017406644592997345,1.9106715899071317e+48,red
293.64824120603015,70054772.35720803,0.0,102141684.62131603,0.0,0.583702631134179,0.6098023781920656,5.270973731513221e-15,6.047314926776969e-20,2.418919603059238e+49,19044884232.029594,8656765560.14302,0.01723257960489577,2.0499318669993944e+48,red
293.8492462311558,69982585.50957753,0.0,102030973.73040794,0.0,0.5843069192582844,0.6090999777874404,5.11442183872382e-15,6.156706505177331e-20,2.59522379681492e+49,19237255172.650818,8744206896.788494,0.017060255252097055,2.1993422006906525e+48,red
294.0502512562814,69913467.07221967,0.0,101924284.50042775,0.0,0.5849083938310724,0.6084007953698226,4.9625196551500896e-15,6.268721507441107e-20,2.7843780119893406e+49,19431569237.64797,8832531471.786663,0.01688965412839394,2.359642383041859e+48,red
294.25125628140705,69847301.55865157,0.0,101821534.37347707,0.0,0.5855070452163446,0.6077048427750614,4.8151290809239786e-15,6.383426424742474e-20,2.987318829003381e+49,19627846054.373955,8921748206.661577,0.016720759001639798,2.5316261262740993e+48,red
294.45226130653265,69783976.2973065,0.0,101722634.91888294,0.0,0.5861028641365522,0.6070121314241751,4.67211611784673e-15,6.50088956540405e-20,3.205051091338497e+49,19826105448.436085,9011866113.052923,0.016553552812008012,2.716144992659794e+48,red
294.6532663316583,69723381.54262707,0.0,101627493.01691379,0.0,0.586695841671104,0.6063226723251286,4.533350747568373e-15,6.621181105891123e-20,3.438652881138719e+49,20026367445.698654,9102894293.626286,0.016388018670268817,2.9141126111345612e+48,red
294.8542713567839,69665410.55773078,0.0,101536011.90120627,0.0,0.5872859692545994,0.6056364760747001,4.398706813380292e-15,6.74437314328413e-20,3.689280856934781e+49,20228652274.305683,9194841942.99259,0.016224139856083314,3.1265092007922445e+48,red
295.05527638190955,69609959.67217936,0.0,101448092.07435189,0.0,0.5878732386749906,0.6049535528604312,4.268061905525103e-15,6.870539749277691e-20,3.9581759811379076e+49,20432980366.724163,9287718348.636827,0.016061899816314614,3.354386424693202e+48,red
295.2562814070352,69556928.31816946,0.0,101363632.11054236,0.0,0.5884576420716746,0.6042739124626609,4.141297249905449e-15,6.999757025744836e-20,4.2466696640684934e+49,20639372361.80789,9381532891.85618,0.015901282163355786,3.5988725966682787e+48,red
295.4572864321608,69506219.04790565,0.0,101282529.35679017,0.0,0.5890391719335162,0.6035975642566417,4.018297600106212e-15,7.132103161919718e-20,4.5561903568662494e+49,20847849106.88218,9476295048.707605,0.01574227067347462,3.861178268530788e+48,red
295.65829145728645,69457737.53479077,0.0,101204680.54405339,0.0,0.5896178210968044,0.6029245172147345,3.8989511326157355e-15,7.267658493238479e-20,4.888270623750873e+49,21058431659.849583,9572014390.965,0.015584849285174843,4.1426022235177624e+48,red
295.85929648241205,69411392.56060624,0.0,101129982.31752813,0.0,0.5901935827431429,0.6022547799086826,3.783149345166782e-15,7.40650556189531e-20,5.244554730997353e+49,21271141291.316967,9668700587.08602,0.01542900209757383,4.4445379076249524e+48,red
296.0603015075377,69367095.9907539,0.0,101058331.69525379,0.0,0.5907664503972779,0.6015883605119614,3.670786958089502e-15,7.548729179155851e-20,5.626806787729837e+49,21485999486.743977,9766363403.188692,0.015274713368796423,4.7684803285846906e+48,red
296.2613065326633,69324762.73927322,0.0,100989626.46252288,0.0,0.591336417924862,0.6009252668022033,3.56176181860121e-15,7.694416489488065e-20,6.036919481419182e+49,21703027948.613274,9865012704.037863,0.015121967514384917,5.116033458829903e+48,red
296.46231155778895,69284310.72525261,0.0,100923765.5094484,0.0,0.5919034795301584,0.600265506163694,3.4559748079323742e-15,7.843657036555827e-20,6.476923448675531e+49,21922248598.622658,9964658454.041618,0.014970749105724865,5.4889181768437635e+48,red
296.66331658291455,69245660.82198365,0.0,100860649.11775161,0.0,0.5924676297536864,0.599609085589941,3.353329751216983e-15,7.996542831138322e-20,6.948997330455417e+49,22143683579.89936,10065310718.257793,0.014821042868486681,5.888980788521637e+48,red
296.8643216080402,69208736.80011645,0.0,100800179.20266756,0.0,0.5930288634698087,0.5989560116863099,3.2537333300538207e-15,8.153168421024094e-20,7.455478558724264e+49,22367355259.236645,10166979663.4106,0.014672833681082792,6.318202168410498e+48,red
297.06532663316585,69173465.26587316,0.0,100742259.51487592,0.0,0.5935871758842631,0.5983062906727291,3.157094997669594e-15,8.313630962945646e-20,7.99887493071354e+49,22593286229.3531,10269675558.917578,0.014526106573140235,6.778707568401415e+48,red
297.26633165829145,69139775.59529191,0.0,100686795.80717379,0.0,0.5941425625316408,0.5976599283864592,3.0633268965975145e-15,8.478030296607657e-20,8.581877025420776e+49,22821499311.174637,10373408777.926867,0.014380846723988521,7.272777140187216e+48,red
297.4673366834171,69107599.86532485,0.0,100633695.96986397,0.0,0.5946950192728102,0.5970169302849256,2.972343778804525e-15,8.646469020877181e-20,9.20737152635789e+49,23052017556.139633,10478189798.365004,0.01423703946116263,7.80285722572715e+48,red
297.6683417085427,69076872.78253594,0.0,100582870.13861874,0.0,0.5952445422922921,0.5963773014486138,2.8840629281878307e-15,8.819052572193931e-20,9.878455514201945e+49,23284864248.52731,10584029203.995266,0.014094670258920956,8.371572469662798e+48,red
297.86934673366835,69047531.61003555,0.0,100534230.77803595,0.0,0.5957911280955839,0.5957410465840234,2.798404085375633e-15,8.995889305271102e-20,1.0598451802119236e+50,23520062907.80962,10690937685.48673,0.0139537247367781,8.981738815355427e+48,red
298.07035175879395,69019516.0932188,0.0,100487692.74387483,0.0,0.5963347735064365,0.5951081700266809,2.7152893747597596e-15,9.177090576150742e-20,1.1370925388117975e+50,23757637291.026955,10798926041.494116,0.013814188658052305,9.636377447557756e+48,red
298.2713567839196,68992768.38479498,0.0,100443173.3265744,0.0,0.596875475664085,0.5944786757442088,2.6346432336963178e-15,9.362770827685661e-20,1.2199701106904124e+50,23997611395.187767,10908005179.748539,0.013676047928427446,1.0338729751613824e+49,red
298.47236180904525,68967232.96953474,0.0,100400592.27841863,0.0,0.5974132320204354,0.5938525673394479,2.5563923438090726e-15,9.55304767751891e-20,1.3088882568358046e+50,24240009459.692486,11018186118.159288,0.013539288594529374,1.1092273363015463e+49,red
298.67336683417085,68942856.58910236,0.0,100359871.82645251,0.0,0.597948040337207,0.5932298480536337,2.4804655643324437e-15,9.748042008633686e-20,1.404287247576569e+50,24484855968.781895,11129479985.926718,0.013403896842516515,1.190073938624229e+49,red
298.8743718592965,68919588.16729026,0.0,100320936.67301224,0.0,0.5984798986830354,0.5926105207696226,2.4067938674358016e-15,9.947878062552955e-20,1.5066394426197839e+50,24732175654.010258,11241898024.6664,0.013269858996684555,1.2768130869659378e+49,red
299.0753768844221,68897378.73592624,0.0,100283713.98556693,0.0,0.5990088054305334,0.5919945880151668,2.3353102754663265e-15,1.0152683535261689e-19,1.6164516297787392e+50,24981993496.74339,11355451589.544617,0.013137161518085074,1.3698742625243756e+49,red
299.27638190954775,68876181.36168684,0.0,100248133.37733486,0.0,0.5995347592533157,0.5913820519662368,2.265949800058932e-15,1.0362589675940597e-19,1.7342675344532045e+50,25234334730.682022,11470152150.425335,0.013005791003158011,1.4697182495366357e+49,red
299.47738693467335,68855951.07400833,0.0,100214126.8800376,0.0,0.6000577591229862,0.5907729144503895,2.198649383050891e-15,1.0577731388583823e-19,1.8606705116288664e+50,25489224844.410572,11586011293.028742,0.012875734182377769,1.5768394166346558e+49,red
299.678391959799,68836644.79426466,0.0,100181628.90993889,0.0,0.6005778043060895,0.5901671769501781,2.133347839155515e-15,1.0798247336599272e-19,1.9962864345487316e+50,25746689583.971745,11703040720.101526,0.012746977918912907,1.6917681648718307e+49,red
299.8793969849246,68818221.26634169,0.0,100150576.22825311,0.0,0.6010948943610304,0.589564840606606,2.069985800334217e-15,1.1024280050465368e-19,2.1417867934095448e+50,26006754955.46706,11821252252.598925,0.012619509207299191,1.8150735537369286e+49,red
300.08040201005025,68800640.98872589,0.0,100120907.89682584,0.0,0.6016090291349595,0.5889659062226189,2.008505661824885e-15,1.1255976038550294e-19,2.2978920204598077e+50,26269447227.68375,11940657830.878767,0.01249331517212595,1.947366119033763e+49,red
300.2814070351759,68783866.14818974,0.0,100092565.2299373,0.0,0.6021202087606304,0.5883703742666363,1.9488515297693345e-15,1.1493485901171958e-19,2.4653750568702314e+50,26534792934.74804,12061269515.90752,0.01236838306673553,2.089300895652768e+49,red
300.4824120603015,68767860.55515118,0.0,100065491.74294016,0.0,0.6026284336532262,0.5877782448761176,1.8909691703999665e-15,1.1736964448010584e-19,2.645065180180546e+50,26802818878.805393,12183099490.47858,0.012244700271935796,2.2415806611699852e+49,red
300.68341708542715,68752589.58075346,0.0,100039633.09839246,0.0,0.6031337045071593,0.5871895178611659,1.8348059607321535e-15,1.1986570818957868e-19,2.83785211008905e+50,27073552132.727722,12306160060.442814,0.012122254294725465,2.404959415329737e+49,red
300.88442211055275,68738020.0957108,0.0,100014937.05024272,0.0,0.6036360222928461,0.5866041927081608,1.7803108407243125e-15,1.2242468608520224e-19,3.0446904141307783e+50,27347020042.84798,12430463655.95156,0.012001032767032235,2.580246113670186e+49,red
301.0854271356784,68724120.41093901,0.0,99991353.38657665,0.0,0.6041353882534544,0.5860222685834264,1.727434266855917e-15,1.2504825993866665e-19,3.2666042338242846e+50,27623250231.722355,12556022832.712181,0.01188102344446348,2.768308672732482e+49,red
301.286432160804,68710860.21999185,0.0,99968833.87135772,0.0,0.6046318039016313,0.585443744336926,1.6761281670869311e-15,1.2773815866644154e-19,3.504692355922974e+50,27902270600.92041,12682850273.256294,0.01176221420506948,2.9700782677313735e+49,red
301.48743718592965,68698210.54330185,0.0,99947332.18555026,0.0,0.6051252710162074,0.584868618505986,1.6263458971526348e-15,1.3049615968658755e-19,3.760133652667338e+50,28184109333.843338,12810958788.220812,0.011644593048118997,3.186553942938464e+49,red
301.6884422110553,68686143.67422727,0.0,99926803.8679565,0.0,0.6056157916388809,0.5842968893190461,1.5780421981585506e-15,1.3332409031550238e-19,4.0341929191401225e+50,28468794898.570774,12940361317.641922,0.011528148092887096,3.418807558593369e+49,red
301.8894472361809,68674633.12688918,0.0,99907206.25606088,0.0,0.6061033680708839,0.5837285546994327,1.5311731554331462e-15,1.3622382920567554e-19,4.328227135544035e+50,28756356050.736263,13071070932.262152,0.011412867577455105,3.6679890979187217e+49,red
302.09045226130655,68663653.5857858,0.0,99888498.42713147,0.0,0.6065880028696304,0.5831636122691572,1.485696158603977e-15,1.391973078257701e-19,4.643692186370822e+50,29046821836.431828,13203100834.850601,0.011298739857522545,3.935332361331255e+49,red
302.29145728643215,68653180.8571579,0.0,99870641.13979624,0.0,0.607069698845349,0.5826020593527342,1.4415698628586297e-15,1.4224651198421372e-19,4.9821500689397255e+50,29340221595.141895,13336464361.536552,0.011185753405230968,4.222161075372702e+49,red
302.4924623115578,68643191.82208046,0.0,99853596.77627912,0.0,0.6075484590577005,0.58204389298102,1.398754151356832e-15,1.453734833976482e-19,5.345276627560668e+50,29636584962.706814,13471174983.156528,0.01107389680799955,4.5298954470853687e+49,red
302.6934673366834,68633664.39124875,0.0,99837329.2854538,0.0,0.6080242868123829,0.5814891098950691,1.3572100987587583e-15,1.4858032130554806e-19,5.734869851351921e+50,29935941874.316315,13607246306.614952,0.010963158767372316,4.86005919606101e+49,red
302.89447236180905,68624577.46142456,0.0,99821804.12684777,0.0,0.6084971856577234,0.580937706550007,1.3168999358363576e-15,1.51869184132377e-19,6.152858776683832e+50,30238322567.53322,13744692076.258564,0.010853528097876904,5.214287098884667e+49,red
303.0954773869347,68615910.87350747,0.0,99806988.21570884,0.0,0.6089671593812617,0.5803896791189193,1.2777870151363865e-15,1.5524229119874299e-19,6.601313038918903e+50,30543757585.34771,13883526175.264715,0.01074499372589474,5.594333083829646e+49,red
303.2964824120603,68607645.3721898,0.0,99792849.86922358,0.0,0.6094342120063211,0.5798450234967529,1.2398357776622097e-15,1.5870192448292554e-19,7.082453119563626e+50,30852277779.26239,14023762627.043682,0.010637544688542505,6.002078914884501e+49,red
303.49748743718595,68599762.56715918,0.0,99779358.75396557,0.0,0.6098983477885747,0.57930373530423,1.2030117205466801e-15,1.6225043043441335e-19,7.598661341464103e+50,31163914312.408585,14165415596.65516,0.0105311701325648,6.43954350971542e+49,red
303.69849246231155,68592244.89580178,0.0,99766485.83462785,0.0,0.6103595712126024,0.5787658098917718,1.1672813656832489e-15,1.658902218408143e-19,8.152493663772403e+50,31478698662.69405,14308499392.239037,0.01042585931323787,6.908892935400424e+49,red
303.8994974874372,68585075.58737066,0.0,99754203.32409127,0.0,0.6108178869884436,0.5782312423434339,1.1326122292909388e-15,1.6962377974996771e-19,8.746692338606111e+50,31796662625.982525,14453028466.460648,0.010321601593284298,7.412451134412046e+49,red
304.1005025125628,68578238.62856884,0.0,99742484.63485618,0.0,0.6112733000481447,0.5777000274808459,1.0989727923810016e-15,1.7345365544863565e-19,9.384199487923803e+50,32117838319.30536,14599017417.970602,0.010218386441798542,7.952711430443996e+49,red
304.30150753768845,68571718.73051159,0.0,99731304.33186783,0.0,0.6117258155423053,0.5771721598671598,1.0663324721029378e-15,1.7738247249974807e-19,1.0068171672390377e+51,32442258184.10563,14746480992.879398,0.010116203433183245,8.532348874907199e+49,red
304.50251256281405,68565501.29701732,0.0,99720638.08674335,0.0,0.6121754388366192,0.5766476338110027,1.0346615939394608e-15,1.8141292883965827e-19,1.0801995519540783e+51,32769954989.514973,14895434086.246864,0.010015042246096145,9.154233491136361e+49,red
304.7035175879397,68559572.3941908,0.0,99710462.63341346,0.0,0.6126221755084177,0.5761264433704328,1.0039313647292827e-15,1.8554779893749433e-19,1.1589304493686514e+51,33100961835.66357,15045891743.586721,0.009914892662407544,9.82144448617512e+49,red
304.90452261306535,68553918.72124949,0.0,99700755.72517219,0.0,0.6130660313432116,0.5756085823568982,9.741138464892726e-16,1.897899360181683e-19,1.2433996885332574e+51,33435312157.023506,15197869162.386278,0.009815744566168171,1.0537285496044669e+50,red
305.10552763819095,68548527.58255628,0.0,99691496.09313487,0.0,0.6135070123312347,0.5750940443391953,9.451819310158583e-16,1.9414227435123534e-19,1.3340255114606895e+51,33773039725.785965,15351381693.641531,0.009717587942587416,1.1305300944582239e+50,red
305.3065326633166,68543386.86081164,0.0,99682663.40608673,0.0,0.6139451246639903,0.5745828226474292,9.171093152391818e-16,1.9860783160728573e-19,1.4312566438746053e+51,34114178655.272472,15506444843.407717,0.009620412877021726,1.2129293592157802e+50,red
305.5075376884422,68538484.99136852,0.0,99674238.23171231,0.0,0.6143803747308011,0.57407491037697,8.898704773107104e-16,2.0318971128416463e-19,1.5355745171738884e+51,34458763403.38066,15663074274.365578,0.009524209553973161,1.301334336588055e+50,red
305.70854271356785,68533810.93762553,0.0,99666201.99918088,0.0,0.6148127691153631,0.5735703003924081,8.634406533997664e-16,2.0789110520484444e-19,1.647495652063158e+51,34806828776.06478,15821285807.403412,0.009428968256097934,1.3961827559857417e+50,red
305.90954773869345,68529354.16746204,0.0,99658536.9630698,0.0,0.6152423145923058,0.573068985331504,8.377958151803491e-16,2.1271529608933742e-19,1.767574216186511e+51,35158409930.8514,15981095423.215113,0.009334679363224877,1.4979442510055333e+50,red
306.1105527638191,68525104.63067378,0.0,99651226.16859666,0.0,0.6156690181237594,0.5725709576091341,8.129126479856561e-16,2.176656602026411e-19,1.896404767924205e+51,35513542380.39063,16142519263.914366,0.009241333351383737,1.6071226846815465e+50,red
306.3115577889447,68521052.73737317,0.0,99644253.418136,0.0,0.6160928868559282,0.5720762094212296,7.887685296122101e-16,2.227456700811858e-19,2.0346252003947564e+51,35872261996.043175,16305573634.665123,0.009148920791843165,1.7242586444023536e+50,red
306.51256281407035,68517189.33731577,0.0,99637603.23898894,0.0,0.6165139281156742,0.5715847327487069,7.653415097529298e-16,2.2795889733997303e-19,2.1829198998503316e+51,36234605011.50364,16470275005.328577,0.009057432350158328,1.8499321185172492e+50,red
306.713567839196,68513505.70011827,0.0,99631260.85237657,0.0,0.6169321494071088,0.5710965193613912,7.426102900414465e-16,2.3330901556293907e-19,2.342023134400902e+51,36600608026.46046,16636640012.12674,0.00896685878522807,1.9847653681363777e+50,red
306.9145728643216,68509993.49633232,0.0,99625212.1436247,0.0,0.6173475584081963,0.5706115608219283,7.205542046889319e-16,2.3879980327896566e-19,2.512722689670437e+51,36970308010.29276,16804685459.322855,0.008877190948361464,2.1294260081953064e+50,red
307.11557788944725,68506644.7793406,0.0,99619443.63350752,0.0,0.617760162967367,0.5701298484896876,6.991532016960022e-16,2.444351470261152e-19,2.6958637694066316e+51,37343742305.80461,16974428320.918758,0.008788419782353727,2.2846303130564897e+50,red
307.31658291457285,68503451.9680424,0.0,99613942.4507175,0.0,0.6181699711001445,0.5696513735246514,6.783878246228861e-16,2.502190445067859e-19,2.8923531805344982e+51,37720948632.99687,17145885742.369404,0.008700536320571373,2.4511467631648525e+50,red
307.5175879396985,68500407.8302964,0.0,99608696.30542696,0.0,0.618576990985784,0.569176126891292,6.582391949005639e-16,2.5615560783638204e-19,3.103163822954207e+51,38101965092.877335,17319075042.31469,0.008613531686046491,2.6297998499612167e+50,red
307.7185929648241,68497505.46709085,0.0,99603693.46390967,0.0,0.6189812309639264,0.5687040993624356,6.386889946679799e-16,2.622490668885178e-19,3.3293395070366345e+51,38486830171.30919,17494013714.328785,0.008527397090580114,2.8214741585056483e+50,red
307.91959798994975,68494738.2974099,0.0,99598922.72418591,0.0,0.6193826995312656,0.56823528152311,6.197194501180789e-16,2.6850377273933405e-19,3.572000121594136e+51,38875582742.898415,17670719428.68715,0.008442123833854514,3.0271187471137016e+50,red
308.1206030150754,68492100.0437694,0.0,99594373.39266136,0.0,0.6197814053382312,0.5677696637743777,6.0131331533956685e-16,2.7492420121430703e-19,3.8323471793527697e+51,39268262074.92048,17849210034.15135,0.00835770330255443,3.2477518469091553e+50,red
308.321608040201,68489584.71839178,0.0,99590035.26172209,0.0,0.6201773571856892,0.5673072363371514,5.834538566374229e-16,2.815149565401427e-19,4.111669765642749e+51,39664907831.28662,18029503559.77195,0.008274126969497022,3.4844659030871056e+50,red
308.52261306532665,68487186.60999626,0.0,99585898.58825774,0.0,0.6205705640216577,0.566847989255993,5.661248373202625e-16,2.882807751054293e-19,4.4113509217217025e+51,40065560076.55028,18211618216.70961,0.008191386392770566,3.7384329845099507e+50,red
308.72361809045225,68484900.2711755,0.0,99581954.0730755,0.0,0.6209610349380404,0.5663919124028926,5.4931050293840605e-16,2.9522652933276893e-19,4.7328744922205636e+51,40470259279.9539,18395572400.074528,0.008109473214881745,4.010910586627631e+50,red
308.9246231155779,68482720.50633693,0.0,99578192.84117776,0.0,0.6213487791673803,0.5659389954810288,5.329955669614565e-16,3.023572316662825e-19,5.0778324728547226e+51,40879046319.51673,18581384690.78454,0.008028379161911483,4.303247858351498e+50,red
309.1256281407035,68480642.36018176,0.0,99574606.42286801,0.0,0.6217338060796298,0.5654892280285101,5.17165196880256e-16,3.096780386773987e-19,5.4479328924441e+51,41291962486.16379,18769073857.441925,0.007948096042679193,4.6168922817323275e+50,red
309.32663316582915,68478661.10670163,0.0,99571186.73565805,0.0,0.6221161251789429,0.5650425994220937,5.018050007225667e-16,3.1719425529302446e-19,5.8450082706881504e+51,41709049487.89661,18958658858.229214,0.007868615747915414,4.953396839566272e+50,red
309.5276381909548,68476772.23866801,0.0,99567926.06694332,0.0,0.622495746100486,0.5645990988808827,4.869010139683748e-16,3.249113391492326e-19,6.271024691096357e+51,42130349454.00613,19150158842.82409,0.007789930249442698,5.3144277043189915e+50,red
309.7286432160804,68474971.45759547,0.0,99564817.05742024,0.0,0.6228726786072705,0.5641587154700021,4.724396868546157e-16,3.328349050747581e-19,6.728091536504641e+51,42555904939.32807,19343593154.333706,0.0077120315993647005,5.701772488563302e+50,red
309.92964824120605,68473254.66415639,0.0,99561852.68521425,0.0,0.6232469325870066,0.5637214381042506,4.58407872056243e-16,3.4097072970769937e-19,7.218471932883551e+51,42985758928.541336,19538981331.248474,0.007634911929263373,6.117349095664077e+50,red
310.13065326633165,68471617.9490291,0.0,99559026.25069362,0.0,0.6236185180489795,0.5632872555517288,4.447928127338095e-16,3.4932475624989905e-19,7.744593955594092e+51,43419954840.509834,19736343109.415623,0.007558563449404189,6.563215216605216e+50,red
310.3316582914573,68470057.58415914,0.0,99556331.36193961,0.0,0.6239874451209475,0.5628561564374427,4.315821309355027e-16,3.579030993627034e-19,8.309062651245573e+51,43858536532.66816,19935698424.032692,0.007482978447949315,7.04157851800478e+50,red
310.5326633165829,68468570.01441689,0.0,99553761.92084926,0.0,0.6243537240460643,0.5624281292468825,4.1876381634409654e-16,3.6671205020873833e-19,8.914672936830944e+51,44301548305.45152,20137067411.661144,0.007408149290178653,7.554807573585607e+50,red
310.73366834170855,68467151.84963308,0.0,99551312.10984364,0.0,0.6247173651798238,0.5620031623295749,4.063262153577771e-16,3.757580816437588e-19,9.564423438125512e+51,44749034906.77051,20340470412.26034,0.00733406841771866,8.105443591631858e+50,red
310.93467336683415,68465799.85699631,0.0,99548976.37915836,0.0,0.6250783789870307,0.5615812439026097,3.942580204955236e-16,3.8504785356334147e-19,1.0261531337381951e+52,45201041536.530975,20545927971.24203,0.007260728347778901,8.696212997781386e+50,red
311.1356783919598,68464510.95379616,0.0,99546749.43469208,0.0,0.6254367760387939,0.5611623620541384,3.8254826011701676e-16,3.945882184089032e-19,1.100944830281759e+52,45657613851.19963,20753460841.545628,0.007188121672396217,9.330040934591254e+50,red
311.33668341708545,68463282.20049676,0.0,99544626.22639012,0.0,0.6257925670095462,0.5607465047468465,3.711862884479038e-16,4.0438622683790667e-19,1.1811877579150574e+52,46118797968.4157,20963089985.73441,0.007116241057686459,1.001006574504294e+51,red
311.53768844221105,68462110.79412624,0.0,99542601.93714163,0.0,0.6261457626740888,0.5603336598213967,3.601617759014046e-16,4.1444913356323836e-19,1.26727923242344e+52,46584640471.649216,21174836578.112946,0.0070450792431037065,1.0739654512063134e+51,red
311.7386934673367,68460994.06196778,0.0,99540671.97216806,0.0,0.6264963739046624,0.5599238149998436,3.4946469968717184e-16,4.247844033666628e-19,1.359645528114221e+52,47055188414.90632,21388722006.86584,0.0069746290407068905,1.1522419729781623e+51,red
311.9396984924623,68459929.45553903,0.0,99538831.94888346,0.0,0.6268444116680442,0.55951695788902,3.390853346993974e-16,4.353997172919317e-19,1.4587439885798536e+52,47530489327.48215,21604767876.21816,0.00690488333443375,1.2362237191354786e+51,red
312.14070351758795,68458914.54484674,0.0,99537077.68720569,0.0,0.6271898870226715,0.5591130759838928,3.2901424467510973e-16,4.46302979022437e-19,1.5650652910491803e+52,48010591218.76162,21822996008.61759,0.006835835079382051,1.3263265178382985e+51,red
312.34170854271355,68457947.0129048,0.0,99535405.20030063,0.0,0.627532811115793,0.5587121566708895,3.1924227361560933e-16,4.575023214496527e-19,1.6791358761149209e+52,48495542583.0689,22043428446.93876,0.00676747730109799,1.422996505182147e+51,red
312.5427135678392,68457024.65050302,0.0,99533810.68573949,0.0,0.627873195180646,0.5583141872311929,3.0976053746210616e-16,4.690061134372694e-19,1.8015205541459613e+52,48985392404.5656,22266087456.709663,0.0066998030948717206,1.526712334022012e+51,red
312.7437185929648,68456145.35121642,0.0,99532290.51705356,0.0,0.6282110505336634,0.5579191548440077,3.0056041601920264e-16,4.808229667878542e-19,1.9328253021290195e+52,49480190162.1987,22490995528.360756,0.006632805625039914,1.637987544177147e+51,red
312.94472361809045,68455307.10664308,0.0,99530841.23566699,0.0,0.6285463885717073,0.5575270465897922,2.916335451176588e-16,4.929617434171315e-19,2.0737002638623914e+52,49979985834.69828,22718175379.49661,0.006566478124295303,1.7573731049681404e+51,red
313.1457286432161,68454508.00186129,0.0,99529459.54319368,0.0,0.6288792207693306,0.557137849453462,2.8297180901050096e-16,5.054315627431681e-19,2.224842969345069e+52,50484829905.625824,22947649957.190628,0.0065008138930031266,1.8854601435127833e+51,red
313.3467336683417,68453746.21109524,0.0,99528142.2940805,0.0,0.6292095586760684,0.5567515503275589,2.7456733299443073e-16,5.182418092958941e-19,2.3870017882653284e+52,50994773368.47344,23179442440.30286,0.0064358062985244106,2.022882871411309e+51,red
313.54773869346735,68453019.9935805,0.0,99526886.48858327,0.0,0.6295374139137578,0.5563681360153883,2.6641247625089114e-16,5.314021405546352e-19,2.560979635764576e+52,51509867731.814674,23413576241.821293,0.006371448774546014,2.1703217252242317e+51,red
313.74874371859295,68452327.68961947,0.0,99525689.26606005,0.0,0.6298627981738859,0.5559875932341257,2.5849982489928725e-16,5.449224950195005e-19,2.747637947718452e+52,52030165024.50728,23650075011.22671,0.006307734820417378,2.3285067353546363e+51,red
313.9497487437186,68451667.71681903,0.0,99524547.8985685,0.0,0.6301857232149679,0.5556099086178881,2.508221852569641e-16,5.588131005246731e-19,2.9479009463438954e+52,52555717800.94861,23888962636.881546,0.006244658000493904,2.4982211409694194e+51,red
314.1507537688442,68451038.5665013,0.0,99523459.78475328,0.0,0.6305062008599546,0.5552350687207722,2.4337257729897658e-16,5.7308448279993e-19,3.1627602161240826e+52,53086579146.38398,24130263248.442772,0.006182211943486902,2.6803052679017822e+51,red
314.35175879396985,68450438.80028042,0.0,99522422.44401155,0.0,0.6308242429936693,0.5548630600198619,2.3614422831245727e-16,5.877474742887869e-19,3.393279613821586e+52,53622802682.26881,24374001219.29921,0.006120390341820036,2.875660689679329e+51,red
314.5527638190955,68449867.04679693,0.0,99521433.51092356,0.0,0.6311398615602751,0.5544938689181982,2.291305667391521e-16,6.02813223230154e-19,3.640600535817859e+52,54164442571.68478,24620201169.03344,0.0060591869509922,3.085254691371087e+51,red
314.7537688442211,68449321.99860331,0.0,99520490.72993709,0.0,0.631453068560771,0.554127481747719,2.2232521620109154e-16,6.182932030122178e-19,3.905947569864247e+52,54711553524.81079,24868887965.9086,0.005998595588946782,3.310125059207011e+51,red
314.95477386934675,68448802.40919332,0.0,99519591.95029397,0.0,0.6317638760505195,0.5537638847721625,2.157219897035001e-16,6.341992218060889e-19,4.1906345583288016e+52,55264190804.44911,25120086729.380264,0.005938610135447216,3.551385218922737e+51,red
315.15577889447235,68448307.09016876,0.0,99518735.12118858,0.0,0.6320722961368036,0.5534030641899365,2.0931488401003444e-16,6.50543432488196e-19,4.496071103712878e+52,55822410231.607445,25373822832.633755,0.005879224531458787,3.810229748909243e+51,red
315.356783919598,68447834.90853721,0.0,99517918.28714728,0.0,0.6323783409764141,0.5530450061369542,2.030980741849859e-16,6.673383428597459e-19,4.82376954809566e+52,56386268191.13726,25630121905.14702,0.005820432778536625,4.087940294996349e+51,red
315.5577889447236,68447384.78413506,0.0,99517139.5836195,0.0,0.6326820227732687,0.5526896966894354,1.9706590829762186e-16,6.845968261724214e-19,5.175352461357705e+52,56955821637.42919,25889009835.279423,0.005762228938219802,4.385891916404863e+51,red
315.75879396984925,68446955.68716961,0.0,99516397.23277052,0.0,0.6329833537760596,0.5523371218666718,1.9121290228383269e-16,7.02332131969555e-19,5.552560675300911e+52,57531128100.165855,26150512772.886707,0.0057046071314315015,4.705559894322836e+51,red
315.9597989949749,68446546.63587509,0.0,99515689.53946702,0.0,0.633282346275933,0.5519872676337592,1.8553373496031063e-16,7.205578972520592e-19,5.957261902986003e+52,58112245690.13286,26414657131.962334,0.005647561537885186,5.048527036428849e+51,red
316.1608040201005,68446156.69427757,0.0,99515014.88744722,0.0,0.6335790126041996,0.551640119904293,1.8002324318695474e-16,7.392881579794343e-19,6.391459986944599e+52,58699233105.08852,26681469593.305523,0.005591086395496692,5.416491514359865e+51,red
316.36180904522615,68445784.97006302,0.0,99514371.73566632,0.0,0.6338733651300744,0.5512956645430305,1.7467641717275113e-16,7.58537360915129e-19,6.857304820453684e+52,59292149635.69268,26950977107.21623,0.00553517599980222,5.8112752715709565e+51,red
316.56281407035175,68445430.61254478,0.0,99513758.61481035,0.0,0.6341654162584494,0.5509538873685162,1.694883959213304e-16,7.783203758278246e-19,7.357102993295042e+52,59891055171.49581,27223206896.21737,0.005479824703382127,6.23483304516533e+51,red
316.7638190954774,68445092.8107248,0.0,99513174.12396996,0.0,0.6344551784276945,0.5506147741556744,1.6445446281149918e-16,7.9865250805790245e-19,7.893329211722411e+52,60496010206.9881,27498186457.80449,0.005425026915290496,6.689262043832595e+51,red
316.964824120603,68444770.79144526,0.0,99512616.92746767,0.0,0.6347426641074915,0.5502783106383637,1.5957004130934802e-16,8.195495114618537e-19,8.468638552772535e+52,61107075847.71013,27775943567.223316,0.005370777100490396,7.176812332858125e+51,red
317.16582914572865,68444463.8176258,0.0,99512085.75183088,0.0,0.6350278857966978,0.5499444825118992,1.548306908073983e-16,8.410276017441588e-19,9.085879609550726e+52,61724313816.42482,28056506280.275173,0.005317069779294807,7.69989797419558e+51,red
317.3668341708543,68444171.18658273,0.0,99511579.38290468,0.0,0.6353108560212412,0.5496132754355374,1.5023210258763258e-16,8.631034701903022e-19,9.74810859693708e+52,62347786459.3522,28339902936.150986,0.005263899526813118,8.261108980455204e+51,red
317.5678391959799,68443892.22842613,0.0,99511096.66309759,0.0,0.6355915873320443,0.549284675034927,1.4577009590413846e-16,8.857942978110501e-19,1.0458604482966922e+53,62977556752.466644,28626162160.293644,0.005211260972403173,8.863224138107613e+51,red
317.76884422110555,68443626.30453163,0.0,99510636.48875456,0.0,0.6358700923029827,0.5489586669045239,1.414406141823715e-16,9.091177699124114e-19,1.1220885225588606e+53,63613688307.85822,28915312867.28955,0.00515914879912878,9.509224767448028e+51,red
317.96984924623115,68443372.80608316,0.0,99510197.80765112,0.0,0.6361463835288699,0.5486352366099716,1.3723972133105064e-16,9.330920911021634e-19,1.2038725190256892e+53,64256245380.157814,29207384263.7891,0.005107557743222672,1.0202309483268613e+52,red
318.1708542713568,68443131.1526833,0.0,99509779.61660345,0.0,0.6364204736234754,0.548314369690446,1.331635981638256e-16,9.577360007480811e-19,1.2916173839646927e+53,64905292873.02759,29502405851.456913,0.005056482593554809,1.0945910033599155e+52,red
318.3718592964824,68442900.79102851,0.0,99509380.95918874,0.0,0.6366923752175735,0.5479960516609654,1.2920853892701208e-16,9.830687888996374e-19,1.3857575782941827e+53,65560896345.71661,29800407429.951664,0.005005918191106017,1.1743708290628732e+52,red
318.57286432160805,68442681.19364579,0.0,99509000.92357112,0.0,0.6369621009570211,0.5476802680146651,1.2537094793064477e-16,1.0091103126889832e-18,1.4867592289018484e+53,66223122019.683105,30101419099.936172,0.00495585942844688,1.2599654482219124e+52,red
318.77386934673365,68442471.85768807,0.0,99508638.64042807,0.0,0.637229663500867,0.5473670042250375,1.216473362794254e-16,1.0358810132240086e-18,1.595122436513391e+53,66892036785.28313,30405471266.11775,0.0049063012492218516,1.3517986750113556e+52,red
318.9748743718593,68442272.30378589,0.0,99508293.28097293,0.0,0.6374950755194908,0.5470562457481374,1.1803431870090448e-16,1.0634019329899096e-18,1.7113837520046598e+53,67567708208.52729,30712594640.31938,0.004857238647638512,1.450325213563279e+52,red
319.1758793969849,68442082.0749523,0.0,99507964.0550688,0.0,0.637758349692773,0.5467479780247515,1.14528610467754e-16,1.0916947337732716e-18,1.836118832992756e+53,68250204537.90528,31022820244.581852,0.004808666667961954,1.5560329093159033e+52,red
319.37688442211055,68441900.73553881,0.0,99507650.20943016,0.0,0.6380194987082942,0.546442186482535,1.1112702441153825e-16,1.1207817151256158e-18,1.9699452942272977e+53,68939594711.27975,31336179414.29727,0.004760580404014194,1.669445164599414e+52,red
319.5778894472362,68441727.87023996,0.0,99507351.02590735,0.0,0.6382785352595651,0.5461388565381119,1.0782646802511887e-16,1.150685833381844e-18,2.113525765608062e+53,69635948362.84941,31652703801.374138,0.004712974998678629,1.7911235301763336e+52,red
319.7788944723618,68441563.08314419,0.0,99507065.81985106,0.0,0.6385354720442853,0.5458379735991418,1.0462394065115039e-16,1.1814307212509368e-18,2.2675711731518616e+53,70339335830.18285,31972425377.434544,0.004665845643409406,1.9216704857219268e+52,red
319.97989949748745,68441405.99682908,0.0,99506793.93855235,0.0,0.6387903217626335,0.5455395230663522,1.0151653075408016e-16,1.2130407079960193e-18,2.432844259109292e+53,71049828161.32304,32295376437.043476,0.0046191875777457335,2.0617324229739867e+52,red
320.18090452261305,68441256.25149849,0.0,99506534.7597553,0.0,0.6390430971155853,0.5452434903355369,9.850141327313995e-17,1.2455408402213888e-18,2.6101633585328256e+53,71767497121.964,32621589600.970943,0.004572996088831025,2.2120028462142703e+52,red
320.3819095477387,68441113.50416012,0.0,99506287.69023849,0.0,0.6392938108032622,0.5449498607995196,9.557584705402014e-17,1.2789569032856123e-18,2.8004064513392385e+53,72492415202.69948,32951097819.48683,0.00452726651093687,2.3732258062197057e+52,red
320.5829145728643,68440977.42784119,0.0,99506052.16446236,0.0,0.6395424755233089,0.5446586198500845,9.273717235672797e-17,1.3133154433583305e-18,3.004515509323875e+53,73224655626.3454,33283934375.689285,0.004481994224991745,2.546199584172788e+52,red
320.78391959798995,68440847.7108409,0.0,99505827.64327961,0.0,0.6397891039692996,0.5443697528798729,8.998280843759211e-17,1.34864379014218e-18,3.2235011605603904e+53,73964292355.33572,33620132888.86646,0.004437174658114463,2.731780644542717e+52,red
320.9849246231156,68440724.05601752,0.0,99505613.61270523,0.0,0.6400337088291743,0.5440832452842462,8.731025120293054e-17,1.3849700802774196e-18,3.458447693047113e+53,74711400099.19342,33959727317.89245,0.0043928032831522575,2.9308878754636693e+52,red
321.1859296482412,68440606.18010882,0.0,99505409.58274384,0.0,0.6402763027837025,0.5437990824631161,8.471707093257419e-17,1.4223232814530022e-18,3.710518423910682e+53,75466054322.07672,34302751964.657333,0.004348875618223517,3.1445071389073726e+52,red
321.38693467336685,68440493.81308417,0.0,99505215.08627142,0.0,0.6405168985049766,0.5435172498227403,8.220091007083305e-17,1.4607332172420635e-18,3.980961458985862e+53,76228331250.40161,34649241477.53205,0.004305387226265065,3.3736961516829504e+52,red
321.58793969849245,68440386.6975269,0.0,99505029.67796929,0.0,0.640755508654933,0.543237732777487,7.975948108323745e-17,1.5002305926873438e-18,4.271115873209258e+53,76998307880.54138,34999230854.86807,0.004262333714583992,3.619589723058711e+52,red
321.7889447236181,68440284.58804525,0.0,99504852.93330726,0.0,0.6409921458839023,0.5429605167515655,7.739056437677851e-17,1.5408470206556103e-18,4.582418340399564e+53,77776061986.60393,35352755448.53263,0.004219710734413943,3.8834053732199887e+52,red
321.9899497487437,68440187.25071114,0.0,99504684.4475745,0.0,0.6412268228291861,0.5426855871807251,7.509200628206753e-17,1.5826150489880313e-18,4.916410247371657e+53,78561672128.28745,35709850967.47946,0.004177513980475867,4.166449362179391e+52,red
322.19095477386935,68440094.46252476,0.0,99504523.83495514,0.0,0.641459552113663,0.5424129295139206,7.286171709528773e-17,1.6255681884669642e-18,5.274745325412033e+53,79355217658.81584,36070553481.35578,0.00413573919054314,4.470123157128863e+52,red
322.391959798995,68440006.01090433,0.0,99504370.72764717,0.0,0.6416903463444218,0.5421425292149468,7.069766917843032e-17,1.6697409416274886e-18,5.659197839156821e+53,80156778732.95384,36434899424.14556,0.00409438214501105,4.795930372166821e+52,red
322.5929648241206,68439921.6931997,0.0,99504224.77502212,0.0,0.6419192181114215,0.5418743717640404,6.8597895115837e-17,1.7151688324357623e-18,6.071671371132558e+53,80966436315.10353,36802925597.84974,0.004053438666470574,5.145484212824225e+52,red
322.79396984924625,68439841.31622846,0.0,99504085.64282402,0.0,0.6421461799861788,0.5416084426594515,6.65604859256011e-17,1.761888436863847e-18,6.514208247740954e+53,81784272187.48221,37174669176.20346,0.004012904619286438,5.520515464187275e+52,red
322.99497487437185,68439764.69583388,0.0,99503953.01240562,0.0,0.6423712445204838,0.5413447274189819,6.458358932399706e-17,1.8099374143849676e-18,6.98899965111612e+53,82610368958.38329,37550167708.43101,0.003972775909179365,5.922881060267925e+52,red
323.1959798994975,68439691.65646338,0.0,99503826.58000009,0.0,0.64259442424514,0.5410832115814934,6.266540804153909e-17,1.8593545404200585e-18,7.49839646907314e+53,83444810070.52023,37929459123.03849,0.003933048482812534,6.354573278875571e+52,red
323.3969849246231,68439622.03076667,0.0,99503706.05602674,0.0,0.6428157316687328,0.5408238807083853,6.080419818898641e-17,1.9101797397617802e-18,8.04492093487423e+53,84287679809.45515,38312581731.64506,0.0038937183273821474,6.817729605825649e+52,red
323.59798994974875,68439555.65921265,0.0,99503591.16442911,0.0,0.6430351792764238,0.540566720385041,5.899826767193288e-17,1.9624541210078893e-18,8.631279116212151e+53,85139063312.11218,38699574232.85259,0.0038547814702121165,7.31464331882389e+52,red
323.7989949748744,68439492.38972421,0.0,99503481.64204374,0.0,0.6432527795287704,0.5403117162222446,5.724597465244566e-17,2.0162200120327842e-18,9.260374313803264e+53,85999046575.37723,39090475716.15467,0.0038162339783527743,7.847774842206191e+52,red
324.0,68439432.0773301,0.0,99503377.2379985,0.0,0.643468544860572,0.5400588538575662,5.554572605640952e-17,2.071520996529679e-18,9.935321436723245e+53,86867716464.78409,39485325665.88486,0.0037780719581836245,8.419763929426516e+52,black
324.1515151515151,68439388.48509994,0.0,99503301.77714927,0.0,0.6436299808139245,0.5398696562852582,5.429756061689708e-17,2.1142480724922696e-18,1.0476414925098358e+54,87528304293.40363,39785592860.71176,0.0037495583434212017,8.87831773313424e+52,black
324.3030303030303,68439346.43767367,0.0,99503228.99019612,0.0,0.6437903865270401,0.5396816614007338,5.307744264356122e-17,2.157892573798322e-18,1.1046977227126937e+54,88193915579.25856,40088143445.19111,0.003721259924717168,9.361845107734733e+52,black
324.45454545454544,68439305.8803116,0.0,99503158.78240767,0.0,0.6439497672944166,0.5394948630855148,5.188474188473186e-17,2.2024746596490523e-18,1.1648613263017826e+54,88864588523.58612,40392994783.52166,0.0036931750779669098,9.871706155099894e+52,black
324.6060606060606,68439266.76021333,0.0,99503091.06240748,0.0,0.6441081284010353,0.5393092552312162,5.0718842249708086e-17,2.2480149388750695e-18,1.2283015356540337e+54,89540361617.91086,40700164371.85094,0.003665302191314353,1.0409335047915584e+53,black
324.75757575757575,68439229.02644911,0.0,99503025.74205527,0.0,0.644265475122064,0.5391248317399033,4.9579141491420443e-17,2.2945344801145184e-18,1.295196800180255e+54,90221273646.45416,41009669839.37047,0.003637639665068201,1.0976244069324241e+53,black
324.90909090909093,68439192.62989368,0.0,99502962.73633263,0.0,0.6444218127226091,0.5389415865243905,4.8465050896206126e-17,2.34205482217301e-18,1.3657352877840426e+54,90907363688.37999,41321528949.3366,0.003610185911610322,1.157402786257668e+53,black
325.06060606060606,68439157.52316228,0.0,99502901.96323246,0.0,0.6445771464574693,0.5387595135085376,4.7375994979213976e-17,2.3905979846148034e-18,1.4401154141844667e+54,91598671120.02396,41635759600.0837,0.0035829393553045313,1.2204367916817565e+53,black
325.2121212121212,68439123.66054907,0.0,99502843.34365234,0.0,0.6447314815708957,0.5385786066275395,4.6311411187358466e-17,2.4401864786054813e-18,1.5185464011310804e+54,92295235617.165,41952379826.056755,0.0035558984324061864,1.2869037297721075e+53,black
325.3636363636364,68439090.99796763,0.0,99502786.8012918,0.0,0.644884823296355,0.5383988598282121,4.527074960866313e-17,2.4908433179902e-18,1.601248865027195e+54,92997097157.29494,42271407798.84294,0.003529061590972441,1.3569905635823742e+53,black
325.5151515151515,68439059.49289355,0.0,99502732.2625529,0.0,0.645037176856298,0.5382202670692723,4.425347268816621e-17,2.542592030627174e-18,1.6884554372903507e+54,93704296021.91617,42592861828.21607,0.003502427290773163,1.430894438381659e+53,black
325.6666666666667,68439029.10430917,0.0,99502679.65644479,0.0,0.6451885474619322,0.5380428223216127,4.3259054950295905e-17,2.595456669978225e-18,1.7804114188381604e+54,94416872798.85287,42916760363.18716,0.003475994003202545,1.5088232363035318e+53,black
325.8181818181818,68438999.7926502,0.0,99502628.91449128,0.0,0.6453389403129975,0.5378665195685721,4.2286982727417376e-17,2.6494618269619743e-18,1.8773754701036737e+54,95134868384.58022,43243121993.06308,0.0034497602111913726,1.5909961611048147e+53,black
325.969696969697,68438971.51975411,0.0,99502579.97064185,0.0,0.6454883605975484,0.5376913528062006,4.133675389449592e-17,2.7046326420757917e-18,1.9796203385616744e+54,95858323986.57184,43571965448.51368,0.003423724409119956,1.67764435471329e+53,black
326.1212121212121,68438944.24881068,0.0,99502532.76118572,0.0,0.6456368134917381,0.5375173160435193,4.0407877609727064e-17,2.760994817793162e-18,2.0874336259588748e+54,96587281125.66463,43903309602.646614,0.0033978851027317188,1.769011547422782e+53,black
326.27272727272725,68438917.94431393,0.0,99502487.22466902,0.0,0.6457843041596084,0.5373444033027759,3.9499874060988517e-17,2.818574631242347e-18,2.2011185972890674e+54,97321781638.44177,44237173472.09062,0.003372240809047438,1.8653547434653187e+53,black
326.42424242424244,68438892.57201599,0.0,99502443.30181494,0.0,0.645930837752883,0.5371726086196954,3.8612274217994466e-17,2.877398947172935e-18,2.3209950338426198e+54,98061867679.63383,44573576218.08687,0.003346790056280134,1.9669449439344313e+53,black
326.57575757575756,68438868.0988825,0.0,99502400.9354465,0.0,0.6460764194107648,0.5370019260437252,3.774461959001731e-17,2.937495231216758e-18,2.4474001327139574e+54,98807581724.53815,44912537147.588684,0.0033215313837506007,2.074067909079633e+53,black
326.72727272727275,68438844.49304962,0.0,99502360.07041235,0.0,0.646221054259738,0.5368323496382763,3.6896461989052815e-17,2.998891563449852e-18,2.5806894552860792e+54,99558966571.4566,45254075714.36966,0.0032964633418035736,2.187024962106855e+53,black
326.8787878787879,68438821.72378261,0.0,99502320.6535149,0.0,0.6463647474133728,0.5366638734809595,3.606736329831042e-17,3.061616652262537e-18,2.7212379274017983e+54,100316065344.15182,45598211520.14007,0.0032715844917245306,2.3061338367811938e+53,black
327.030303030303,68438799.76143575,0.0,99502282.63344121,0.0,0.6465075039721364,0.536496491663816,3.525689524589803e-17,3.12569984854403e-18,2.8694408939247847e+54,101078921494.32227,45944964315.67195,0.0032468934056571197,2.4317295711227086e+53,black
327.1818181818182,68438778.57741383,0.0,99502245.96069627,0.0,0.6466493290232049,0.5363301982935454,3.446463918360341e-17,3.191171160189881e-18,3.0257152308520382e+54,101847578804.09595,46294354001.93257,0.003222388666521213,2.564165449874619e+53,black
327.3333333333333,68438758.14413486,0.0,99502210.58753851,0.0,0.646790227640282,0.5361649874917276,3.369018587063918e-17,3.258061266938477e-18,3.190500517916425e+54,102622081388.54323,46646400631.22665,0.003198068867931574,2.7038139982342697e+53,black
327.4848484848485,68438738.43499427,0.0,99502176.46791779,0.0,0.6469302048834201,0.5360008533950397,3.293313526224866e-17,3.3264015355446502e-18,3.364260275065038e+54,103402473698.20868,47001124408.34717,0.0031739326141171473,2.851068029716145e+53,black
327.6363636363636,68438719.42433016,0.0,99502143.55741546,0.0,0.6470692657988446,0.5358377901554702,3.219309630306244e-17,3.396224035298018e-18,3.547483266282294e+54,104188800521.6622,47358545691.73499,0.0031499785198409454,3.0063417510867013e+53,black
327.7878787878788,68438701.08739002,0.0,99502111.8131866,0.0,0.6472074154187842,0.5356757919405266,3.146968672509816e-17,3.467561553893883e-18,3.740684874420256e+54,104981106988.06958,47718684994.64731,0.0031262052103205513,3.170071927474805e+53,black
327.93939393939394,68438683.40029839,0.0,99502081.19390428,0.0,0.6473446587613025,0.5355148529334406,3.076253285029962e-17,3.5404476136647476e-18,3.944408550904623e+54,105779438569.78247,48081562986.334854,0.003102611321149214,3.3427191109361332e+53,black
328.09090909090907,68438666.34002593,0.0,99502051.65970574,0.0,0.647481000830135,0.5353549673333677,3.007126939751291e-17,3.614916488180663e-18,4.159227344394222e+54,106583841084.94829,48447200493.228264,0.003079195498217544,3.5247689359273195e+53,black
328.24242424242425,68438649.88435929,0.0,99502023.1721406,0.0,0.6476164466145293,0.5351961293555824,2.9395539293800017e-17,3.6910032192268275e-18,4.38574551269354e+54,107394360700.13966,48815618500.13331,0.0030559563976357952,3.716733485333522e+53,black
328.3939393939394,68438634.0118723,0.0,99501995.69412076,0.0,0.6477510010890882,0.5350383332316694,2.873499348999339e-17,3.7687436341671395e-18,4.6246002224763634e+54,108211043933.00423,49186838151.43526,0.0030328926856567394,3.919152730912187e+53,black
328.54545454545456,68438618.70189808,0.0,99501969.18987224,0.0,0.6478846692136181,0.5348815732097115,2.8089290780391154e-17,3.8481743637020135e-18,4.8764633414855456e+54,109033937654.93423,49560880752.31239,0.003010003038599115,4.1325960521064094e+53,black
328.6969696969697,68438603.93450204,0.0,99501943.62488852,0.0,0.6480174559329793,0.5347258435544708,2.745809762650958e-17,3.929332860030398e-18,5.1420433284651167e+54,109863089093.75667,49937767769.958824,0.0029872861427716613,4.3576638376823185e+53,black
328.8484848484849,68438589.69045603,0.0,99501918.96588576,0.0,0.6481493661769406,0.5345711385475689,2.6841087984793302e-17,4.012257415424425e-18,5.422087225968398e+54,110698545836.4438,50317520834.816475,0.0029647406943977203,4.5949891745495074e+53,black
329.0,68438575.9512133,0.0,99501895.18075939,0.0,0.6482804048600372,0.5344174524876597,2.6237943138196595e-17,4.0969871812262884e-18,5.7173827616799536e+54,111540355831.84421,50700161741.816536,0.002942365399540413,4.8452396285423515e+53,black
329.1515151515151,68438562.69888431,0.0,99501872.23854238,0.0,0.6484105768814326,0.5342647796906015,2.5648351531549707e-17,4.1835621872771095e-18,6.0287605641928504e+54,112388567393.43481,51085712451.630325,0.0029201589740283735,5.10911912219735e+53,black
329.3030303030303,68438549.91621348,0.0,99501850.10936496,0.0,0.648539887124783,0.5341131144896218,2.5072008610624676e-17,4.272023361787587e-18,6.357096499460685e+54,113243229202.09364,51474195091.92966,0.0028981201433820494,5.38736991479721e+53,black
329.45454545454544,68438537.58655669,0.0,99501828.76441571,0.0,0.6486683404581061,0.5339624512354808,2.45086166648175e-17,4.362412551660506e-18,6.703314134496523e+54,114104390308.89369,51865631958.656815,0.0028762476427405563,5.6807746902513125e+53,black
329.6060606060606,68438525.69385967,0.0,99501808.17590408,0.0,0.648795941733652,0.5338127842966285,2.3957884673365373e-17,4.454772543275436e-18,7.068387335248813e+54,114972100137.91814,52260045517.30416,0.0028545402167890837,5.990158758685457e+53,black
329.75757575757575,68438514.22263704,0.0,99501788.31702423,0.0,0.6489226957877791,0.5336641080593606,2.3419528155019577e-17,4.549147083746154e-18,7.453343005961798e+54,115846408489.09691,52657458404.20348,0.002832996619686851,6.3163923779337506e+53,black
329.90909090909093,68438503.15795219,0.0,99501769.16192019,0.0,0.6490486074408311,0.5335164169279679,2.2893269021096932e-17,4.645580902661661e-18,7.859263977754575e+54,116727365541.06483,53057893427.82514,0.002811615614995604,6.660393201486953e+53,black
330.06060606060606,68438492.48539783,0.0,99501750.68565209,0.0,0.64917368149702,0.5333697053248833,2.2378835431831346e-17,4.744119734321476e-18,8.287292054420167e+54,117615021854.04143,53461373570.087105,0.002790395975608654,7.023128859678133e+53,black
330.2121212121212,68438482.19107726,0.0,99501732.86416383,0.0,0.6492979227443095,0.5332239676908253,2.1875961655955135e-17,4.844810340477005e-18,8.738631224183145e+54,118509428372.73276,53867921987.67395,0.0027693364836804497,7.405619681511166e+53,black
330.3636363636364,68438472.26158616,0.0,99501715.67425172,0.0,0.6494213359543034,0.5330791984849362,2.1384387933436408e-17,4.947700533590474e-18,9.214551046431753e+54,119410636429.25523,54277562013.36586,0.002748435930556684,7.8089415647727e+53,black
330.5151515151515,68438462.6839953,0.0,99501699.09353425,0.0,0.6495439258821363,0.5329353921849188,2.0903860341298932e-17,5.05283920062273e-18,9.716390222787299e+54,120318697746.08167,54690317157.377754,0.002727693116704926,8.234229002362145e+53,black
330.6666666666667,68438453.44583361,0.0,99501683.10042302,0.0,0.6496656972663679,0.5327925432871669,2.0434130662457897e-17,5.160276327362452e-18,1.024556036270067e+55,121233664439.00983,55106211108.708626,0.002707106851645776,8.68267827347517e+53,black
330.8181818181818,68438444.53507198,0.0,99501667.67409459,0.0,0.6497866548288806,0.5326506463068943,1.997495625750311e-17,5.270063023309008e-18,1.0803549954129201e+55,122155589020.15341,55525267736.50104,0.0026866759538845416,9.155550808584098e+53,black
330.969696969697,68438435.94010757,0.0,99501652.79446341,0.0,0.6499068032747786,0.5325096957782597,1.9526099939363346e-17,5.382251547121596e-18,1.1391928550463003e+55,123084524400.95584,55947511091.41111,0.0026663992508434288,9.654176737680544e+53,black
331.1212121212121,68438427.64974871,0.0,99501638.44215569,0.0,0.6500261472922917,0.5323696862544868,1.9087329850787058e-17,5.496895332647588e-18,1.2012351185477946e+55,124020523895.227,56372965406.98879,0.002646275578794246,1.0179958631761004e+54,black
331.27272727272725,68438419.65320039,0.0,99501624.5984841,0.0,0.6501446915526815,0.5322306123079825,1.8658419344576275e-17,5.614049015543332e-18,1.266656302873408e+55,124963641222.20306,56801655101.0687,0.002626303782791614,1.0734375448079764e+54,black
331.42424242424244,68438411.94005013,0.0,99501611.24542356,0.0,0.6502624407101498,0.5320924685304508,1.8239146866511972e-17,5.7337684605009736e-18,1.335640429454189e+55,125913930509.62952,57233604777.171524,0.00260648271660668,1.1318986690289775e+54,black
331.57575757575756,68438404.50025444,0.0,99501598.36558768,0.0,0.6503793994017515,0.5319552495330037,1.7829295840909716e-17,5.856110789094977e-18,1.4083815418230266e+55,126871446296.86775,57668839225.91606,0.0025868112426613347,1.1935436795110433e+54,black
331.72727272727275,68438397.32412575,0.0,99501585.94220622,0.0,0.6504955722473081,0.5318189499462682,1.7428654558746187e-17,5.981134408262373e-18,1.4850842514206755e+55,127836243538.02509,58107383426.442024,0.0025672882319629224,1.2585459757802373e+54,black
331.8787878787879,68438390.40231982,0.0,99501573.95910317,0.0,0.6506109638493266,0.5316835644204905,1.703701606830264e-17,6.10889903943224e-18,1.565964313164055e+55,128808377605.10889,58549262547.843636,0.0025479125640394465,1.3270884009864915e+54,black
332.030303030303,68438383.72582358,0.0,99501562.40067574,0.0,0.6507255787929185,0.5315490876256367,1.6654178068262825e-17,6.239465748317719e-18,1.6512492323276439e+55,129787904291.20433,58994501950.614174,0.002528683126875262,1.3993637562098721e+54,black
332.1818181818182,68438377.28594331,0.0,99501551.2518741,0.0,0.6508394216457241,0.5314155142514901,1.6279942803213983e-17,6.372896975386649e-18,1.741178904486726e+55,130774879813.67659,59443127188.101456,0.002509598816847256,1.4755753427853659e+54,black
332.3333333333333,68438371.07429345,0.0,99501540.49818167,0.0,0.6509524969578372,0.5312828390077454,1.5914116961496088e-17,6.509256567026116e-18,1.8360062903129732e+55,131769360817.39728,59895164007.97439,0.002490658538661506,1.5559375341635417e+54,black
332.4848484848485,68438365.08278556,0.0,99501530.12559631,0.0,0.6510648092617345,0.5311510566240997,1.555651157534648e-17,6.6486098074167376e-18,1.935998127120465e+55,132771404377.99542,60350638353.70069,0.0024718612052904193,1.6406763789156536e+54,black
332.6363636363636,68438359.3036179,0.0,99501520.12061208,0.0,0.6511763630722062,0.5310201618503404,1.520694192328832e-17,6.7910234511329316e-18,2.041435679163656e+55,133781068005.13313,60809576366.035904,0.0024532057379103456,1.730030236579375e+54,black
332.7878787878788,68438353.72926512,0.0,99501510.47020166,0.0,0.6512871628862892,0.5308901494564303,1.4865227434712554e-17,6.936565756485726e-18,2.1526155287977536e+55,134798409645.80629,61272004384.5236,0.002434691065839663,1.8242504481336956e+54,black
332.93939393939394,68438348.35246868,0.0,99501501.16179933,0.0,0.6513972131832046,0.530761014232589,1.4531191596603942e-17,7.085306519625102e-18,2.269850410727651e+55,135823487687.67023,61737948949.00709,0.0024163161264773247,1.9236020429895413e+54,black
333.09090909090907,68438343.1662272,0.0,99501492.18328471,0.0,0.6515065184242956,0.5306327509893713,1.42046618623636e-17,7.23731710941943e-18,2.3934700917046134e+55,136856360962.3907,62207436801.152664,0.0023980798652418777,2.0283644844954418e+54,black
333.24242424242425,68438338.16378745,0.0,99501483.52296694,0.0,0.6516150830529691,0.5305053545577438,1.3885469562677798e-17,7.392670503128438e-18,2.523822298066698e+55,137897088749.02045,62680494885.98425,0.002379981235510936,2.1388324559887346e+54,black
333.3939393939394,68438333.3386355,0.0,99501475.1695694,0.0,0.6517229114946392,0.5303788197891572,1.3573449818394104e-17,7.55144132289082e-18,2.661273693907028e+55,138945730777.4013,63157150353.42999,0.0023620191985611132,2.255316689751726e+54,black
333.54545454545456,68438328.68448831,0.0,99501467.11221516,0.0,0.6518300081566739,0.5302531415556159,1.32684414553519e-17,7.713705873041795e-18,2.8062109124311725e+55,140002347231.59222,63637430559.88031,0.002344192723508406,2.378144841043374e+54,black
333.6969696969697,68438324.19528545,0.0,99501459.34041268,0.0,0.6519363774283433,0.5301283147497454,1.2970286921127651e-17,7.879542178281432e-18,2.9590416435069314e+55,141066998753.3235,64121363069.75805,0.0023265007872490325,2.5076624097516448e+54,black
333.8484848484849,68438319.86518136,0.0,99501451.84404223,0.0,0.6520420236807708,0.5300043342848566,1.2678832203651042e-17,8.049030022712737e-18,3.120195780443795e+55,142139746445.47693,64608975657.10042,0.0023089423744007105,2.6442337122405126e+54,black
334.0,68438315.6885375,0.0,99501444.61334273,0.0,0.6521469512668865,0.5298811950950072,1.2393926751649863e-17,8.222250989769411e-18,3.290126629227859e+55,143220651875.5929,65100296307.153015,0.002291516477244385,2.7882429061253124e+54,black
334.1515151515151,68438311.6599153,0.0,99501437.638899,0.0,0.6522511645213825,0.5297588921350599,1.2115423396882558e-17,8.399288503053608e-18,3.4693121836136086e+55,144309777079.4037,65595353217.976006,0.002274222095666391,2.9400950708589986e+54,black
334.3030303030303,68438307.77406883,0.0,99501430.91162947,0.0,0.6523546677606714,0.5296374203807387,1.1843178278118328e-17,8.580227868104469e-18,3.658256469659225e+55,145407184564.39398,66094174802.06239,0.002257058237101055,3.100217347168844e+54,black
334.45454545454544,68438304.02593814,0.0,99501424.42277448,0.0,0.6524574652828457,0.5295167748286822,1.157705076682542e-17,8.765156315118761e-18,3.8574909634874573e+55,146512937313.3882,66596789687.96877,0.002240023916473729,3.269060138548702e+54,black
334.6060606060606,68438300.41064258,0.0,99501418.16388473,0.0,0.6525595613676407,0.5293969504964943,1.1316903394529775e-17,8.954163042645598e-18,4.067576086284505e+55,147627098788.16544,67103226721.95831,0.002223118156144257,3.447098378207218e+54,black
334.75757575757575,68438296.92347442,0.0,99501412.12681039,0.0,0.6526609602763991,0.5292779424227919,1.1062601781804022e-17,9.147339262276083e-18,4.2891027806164596e+55,148749732933.10138,67613514969.65637,0.002206339985850863,3.6348328649292124e+54,black
334.90909090909093,68438293.55989285,0.0,99501406.30369042,0.0,0.6527616662520371,0.5291597456672507,1.081401456885519e-17,9.344778244353625e-18,4.5226941727497407e+55,149880904178.83853,68127683717.71861,0.0021896884426544656,3.8327916718218245e+54,black
335.06060606060606,68438290.31551793,0.0,99501400.6869424,0.0,0.6528616835190143,0.5290423553106476,1.0571013347670259e-17,9.546575364725305e-18,4.7690073254095704e+55,151020677445.98383,68645762475.51184,0.002173162570883415,4.041531631703037e+54,black
335.2121212121212,68438287.18612497,0.0,99501395.26925258,0.0,0.6529610162833033,0.528925766454902,1.0333472595686703e-17,9.752828152559359e-18,5.028735086007195e+55,152169118148.83475,69167780976.80762,0.002156761422078643,4.2616399033959406e+54,black
335.3636363636364,68438284.16763896,0.0,99501390.04356642,0.0,0.6530596687323635,0.528809974223113,1.0101269610953704e-17,9.963636339253064e-18,5.302608035531049e+55,153326292199.1334,69693769181.48872,0.002140484054939228,4.49373562333141e+54,black
335.5151515151515,68438281.25612938,0.0,99501385.00307935,0.0,0.6531576450351159,0.5286949737595954,9.874284448750282e-18,1.0179101908455959e-17,5.59139654357768e+55,154492266009.84955,70223757277.26869,0.0021243295352683733,4.7384716470997425e+54,black
335.6666666666667,68438278.44780494,0.0,99501380.14122804,0.0,0.65325494934192,0.5285807602299127,9.652399859627744e-18,1.0399329147233791e-17,5.895912935302906e+55,155667106498.9921,70757775681.42429,0.0021082969359197904,4.996536385849933e+54,black
335.8181818181818,68438275.73900875,0.0,99501375.45168161,0.0,0.6533515857845528,0.5284673288209077,9.435501228844322e-18,1.0624424698399385e-17,6.217013776388623e+55,156850881093.4497,71295855042.54128,0.002092385336744488,5.2686557427022364e+54,black
335.969696969697,68438273.12621349,0.0,99501370.92833368,0.0,0.6534475584761897,0.5283546747407314,9.223476517160805e-18,1.0854497614037044e-17,6.555602282452559e+55,158043657732.86057,71838026242.27339,0.0020765938245379625,5.555595154620828e+54,black
336.1212121212121,68438270.60601687,0.0,99501366.56529418,0.0,0.6535428715113876,0.5282427932188687,9.016216202966825e-18,1.1089659410248068e-17,6.912630859710575e+55,159245504873.5117,72384320397.1147,0.0020609214929877867,5.858161745517451e+54,black
336.27272727272725,68438268.17513719,0.0,99501362.35688181,0.0,0.6536375289660686,0.5281316795061631,8.81361322570651e-18,1.1330024123143977e-17,7.289103783884551e+55,160456491492.2676,72934768860.18549,0.002045367442621593,6.177206596512347e+54,black
336.42424242424244,68438265.830409,0.0,99501358.2976166,0.0,0.6537315348975077,0.5280213288748375,8.615562930576876e-18,1.1575708366118395e-17,7.686080025160192e+55,161676687090.52933,73489403223.03163,0.002029930780755456,6.513627139966282e+54,black
336.57575757575756,68438263.5687791,0.0,99501354.38221285,0.0,0.6538248933443203,0.5279117366185148,8.421963014468375e-18,1.1826831388425113e-17,8.104676226957305e+55,162906161698.22302,74048255317.43776,0.0020146106214426513,6.868369683862141e+54,black
336.72727272727275,68438261.38730243,0.0,99501350.60557204,0.0,0.6539176083264528,0.5278028980522342,8.232713473119902e-18,1.2083515135092141e-17,8.546069846880754e+55,164144985877.81934,74611357217.2542,0.001999406085422816,7.242432073627777e+54,black
336.8787878787879,68438259.28313836,0.0,99501346.96277651,0.0,0.6540096838451744,0.5276948085124674,8.047716549461478e-18,1.2345884308202987e-17,9.011502468758155e+55,165393230728.38303,75178741240.2376,0.0019843163000714805,7.636866498947608e+54,black
337.030303030303,68438257.2535469,0.0,99501343.44908275,0.0,0.6541011238830704,0.5275874633571312,7.866876683117703e-18,1.2614066429576199e-17,9.502283295056457e+55,166650967889.65353,75750439949.90591,0.001969340399349991,8.052782453437695e+54,black
337.1818181818182,68438255.29588516,0.0,99501340.0599154,0.0,0.6541919324040382,0.527480857965599,7.690100461045955e-18,1.2888191904875097e-17,1.0019792829501042e+56,167918269546.15662,76326486157.40721,0.0019544775237558014,8.491349855509378e+54,black
337.3333333333333,68438253.40760396,0.0,99501336.79086125,0.0,0.6542821133532836,0.5273749877387094,7.517296569283768e-18,1.3168394089180506e-17,1.0565486760256243e+56,169195208431.3472,76906912923.40283,0.0019397268202731481,8.953802339200227e+54,black
337.4848484848485,68438251.5862444,0.0,99501333.63766345,0.0,0.6543716706573198,0.5272698480987743,7.3483757457805e-18,1.3454809354059866e-17,1.114090005458998e+56,170481857831.78354,77491753559.9647,0.0019250874423240908,9.441440724228818e+54,black
337.6363636363636,68438249.82943474,0.0,99501330.5962161,0.0,0.6544606082239682,0.5271654344895832,7.183250734289066e-18,1.3747577156167254e-17,1.1747651276577675e+56,171778291591.33356,78081041632.48737,0.001910558549719926,9.955636675065847e+54,black
337.7878787878788,68438248.13488735,0.0,99501327.66255873,0.0,0.6545489299423596,0.5270617423764067,7.021836239293293e-18,1.4046840107408312e-17,1.2387447139841826e+56,173084584115.41278,78674810961.6142,0.001896139308612967,1.049783655918801e+55,black
337.93939393939394,68438246.50039558,0.0,99501324.83287126,0.0,0.6546366396829376,0.5269587672459981,6.864048881948389e-18,1.4352744046707045e-17,1.3062087308292388e+56,174400810375.2546,79273095625.17859,0.001881828891448688,1.106956551550205e+55,black
338.09090909090907,68438244.92383108,0.0,99501322.103469,0.0,0.6547237412974644,0.5268565046065927,6.7098071570119964e-18,1.4665438113411706e-17,1.3773469458481575e+56,175727045912.2133,79875929960.15971,0.0018676264769182263,1.1672431744475936e+55,black
338.24242424242425,68438243.40314086,0.0,99501319.47079778,0.0,0.6548102386190265,0.5267549499879054,6.559031390742295e-18,1.4985074822374967e-17,1.452359461745913e+56,177063366842.09906,80483348564.65318,0.0018535312499112489,1.2308131031745053e+55,black
338.3939393939394,68438241.9363447,0.0,99501316.9314295,0.0,0.6548961354620436,0.5266540989411265,6.411643699742413e-18,1.5311810140748544e-17,1.5314572791405653e+56,178409849859.54712,81095386299.85675,0.0018395424014691682,1.2978451518140412e+55,black
338.54545454545456,68438240.5215326,0.0,99501314.48205747,0.0,0.6549814356222773,0.5265539470389161,6.267567950729695e-18,1.5645803566530918e-17,1.6148628900810113e+56,179766572242.41882,81712078292.07108,0.0018256591287387166,1.3685278729500124e+55,black
338.6969696969697,68438239.15686221,0.0,99501312.1194922,0.0,0.6550661428768426,0.5264544898753964,6.12672972120895e-18,1.5987218208908352e-17,1.702810903888674e+56,181133611856.2371,82333459934.71567,0.0018118806349258663,1.4430600880412522e+55,black
338.8484848484849,68438237.8405565,0.0,99501309.84065725,0.0,0.65515026098422,0.5263557230661421,5.989056261029428e-18,1.6336220870430236e-17,1.7955487070835293e+56,182511047158.6553,82959566890.36023,0.0017982061292501016,1.5216514466809603e+55,black
339.0,68438236.5709014,0.0,99501307.64258519,0.0,0.6552337936842697,0.5262576422481692,5.854476454805366e-18,1.669298213105998e-17,1.893337159236869e+56,183898957203.96005,83590435092.77138,0.0017846348268990328,1.604523016302435e+55,green
339.2809364548495,68474164.16805965,0.0,97719261.38096403,0.0,0.6553871419977328,0.5260775831450756,5.612892065305981e-18,1.737560772473105e-17,2.0889649927156538e+56,186500381356.40344,84772900616.60915,0.0017597416223570598,1.770309315860728e+55,green
339.561872909699,68572977.2260165,0.0,96297376.78881505,0.0,0.6555385140240807,0.5258998400787249,5.381276631550163e-18,1.808665807529934e-17,2.304805944163002e+56,189138605105.899,85972093230.01607,0.0017351956438225317,1.9532253764093285e+55,green
339.8428093645485,68722676.82168747,0.0,95176425.23385759,0.0,0.6556879330961198,0.5257243858204843,5.1592187856787735e-18,1.8827330198318444e-17,2.5429485216772203e+56,191814149017.96637,87188249553.68292,0.0017109920479733832,2.1550411200654463e+55,green
340.123745819398,68913001.84149922,0.0,94306858.96018055,0.0,0.6558354223279214,0.5255511933940588,4.94632413476876e-18,1.959887188874465e-17,2.805697026457555e+56,194527541021.4959,88421609555.2871,0.0016871260590414238,2.3777093444555605e+55,green
340.4046822742475,69135195.86168602,0.0,93647092.29041798,0.0,0.6559810046152926,0.525380236075024,4.742214560489559e-18,2.0402583886118294e-17,3.0955938498980993e+56,197279316513.43005,89672416597.0752,0.001663592967873879,2.6233846185577164e+55,green
340.685618729097,69381806.70281437,0.0,93162127.80617654,0.0,0.6561247026363177,0.5252114873902757,4.546527547526644e-18,2.1239822131837092e-17,3.415444074445633e+56,200070018464.40497,90940917483.88182,0.001640388131004187,2.894444130886135e+55,green
340.96655518394647,69646513.09367816,0.0,92822449.95450011,0.0,0.6562665388519471,0.5250449211174208,4.35891553972341e-18,2.2112000122947344e-17,3.7683426158161766e+56,202900197525.8883,92227362511.82866,0.0016175069697357675,3.193510691369648e+55,green
341.24749163879596,69923974.13011074,0.0,92603127.32996653,0.0,0.656406535506633,0.5248805112841161,4.179045322793877e-18,2.302059136662429e-17,4.157704169922607e+56,205770412138.832,93532005517.71202,0.0015949449692385681,3.523478110103912e+55,green
341.52842809364546,70209698.12862411,0.0,92483078.91918665,0.0,0.6565447146290094,0.5247182321673515,4.0065974325064865e-18,2.396713193964466e-17,4.587296253924061e+56,208681228643.8619,94855103929.08908,0.0015726976776582148,3.887539198240737e+55,green
341.80936454849495,70499928.15067083,0.0,92444470.18914595,0.0,0.6566810980326148,0.5245580582926854,3.841265587288757e-18,2.4953223157354076e-17,5.061275661126278e+56,211633221393.02582,96196918815.07256,0.0015507607052375862,4.289216661971431e+55,green
342.0903010033445,70791541.97017154,0.0,92472212.80457373,0.0,0.656815707316657,0.5243999644334296,3.682756144248116e-18,2.5980534356839443e-17,5.5842286830302695e+56,214626972863.1231,97557714937.84393,0.001529129723450644,4.732397189008713e+55,green
342.371237458194,71081964.62307326,0.0,92553547.6708216,0.0,0.6569485638668175,0.5242439256097882,3.530787577635423e-18,2.705080579916435e-17,6.161215486443201e+56,217663073770.63647,98937760804.89534,0.0015078004641483425,5.221369056307808e+55,green
342.6521739130435,71369091.97304435,0.0,92677695.55935527,0.0,0.6570796888560946,0.5240899170879497,3.3850899788342788e-18,2.816585169582203e-17,6.797819076747821e+56,220742123188.29034,100337328722.01059,0.0014867687187164523,5.760863624362571e+55,green
342.933110367893,71651223.94199789,0.0,92835562.92005466,0.0,0.6572091032456827,0.5239379143791383,3.245404576981202e-18,2.932756336469602e-17,7.500199319946414e+56,223864728663.25775,101756694846.99565,0.0014660303372451328,6.356101118598668e+55,green
343.2140468227425,71927006.23813808,0.0,93019493.11548415,0.0,0.6573368277858872,0.5237878932386195,3.1114832793651766e-18,3.053791252107399e-17,8.275152545691921e+56,227031506337.0392,103196139244.16895,0.0014455812277100835,7.012841140416893e+55,green
343.494983277592,72195379.56430736,0.0,93223055.31111915,0.0,0.6574628830170737,0.5236398296646693,2.9830882307979333e-18,3.1798954709564234e-17,9.130177310586124e+56,230243081067.03802,104655945939.62282,0.0014254173551651247,7.737438398801813e+55,green
343.7759197324415,72455535.40556261,0.0,93440864.75273618,0.0,0.6575872892706489,0.5234936998975019,2.859991391160575e-18,3.3112832882866804e-17,1.0073546954156303e+57,233500086549.85434,106136402977.26646,0.001405534740946032,8.53690419843756e+55,green
344.056856187291,72706877.60957924,0.0,93668429.39685878,0.0,0.6577100666700728,0.5233494804181611,2.7419741303881282e-18,3.448178113379298e-17,1.1114389653869113e+57,236803165446.32443,107637802475.66182,0.0013859294618854823,9.41897428293994e+55,green
344.33779264214047,72948989.0570817,0.0,93902018.75232051,0.0,0.6578312351319,0.5232071479473763,2.6288268401627896e-18,3.5908128587019555e-17,1.2262776749790275e+57,240152969508.32797,109160440685.66333,0.001366597649538949,1.0392183686262958e+56,green
344.61872909698997,73181602.80539387,0.0,94138551.55028258,0.0,0.6579508143668502,0.5230666794443839,2.5203485616336815e-18,3.7394303457498725e-17,1.3529820196967532e+57,243550159707.38962,110704618048.87305,0.0013475354894213925,1.1465949319464025e+56,green
344.89966555183946,73404577.15488896,0.0,94375499.42386757,0.0,0.6580688238809048,0.522928052105716,2.4163466284966827e-18,3.894283728261922e-17,1.4927780085810477e+57,246995406365.09946,112270639256.92284,0.0013287392202545995,1.2650661089669915e+56,green
345.18060200668896,73617874.15328012,0.0,94610804.2549874,0.0,0.658185282976429,0.5227912433639581,2.3166363248036395e-18,4.055636933560506e-17,1.6470183272630065e+57,250489389285.3785,113858813311.59502,0.001310205133225022,1.3957782434432277e+56,green
345.46153846153845,73821541.10717383,0.0,94842807.21659556,0.0,0.6583002107533197,0.5226562308864757,2.221040556891818e-18,4.223765122791269e-17,1.8171954267581003e+57,254032797888.61526,115469453585.79343,0.0012919295712519672,1.5399961243712735e+56,green
345.74247491638795,74015694.72046842,0.0,95070187.84692998,0.0,0.6584136261101753,0.5225229925741143,2.1293895388505115e-18,4.398955170872408e-17,2.004955964566173e+57,257626331347.69962,117102877885.37712,0.001273908928265994,1.699115224208623e+56,green
346.02341137123744,74200507.52395923,0.0,95291911.74555033,0.0,0.6585255477454885,0.5223915065598693,2.041520490968369e-18,4.581506167002833e-17,2.212116738089303e+57,261270698725.98145,118759408511.86873,0.0012561396484973776,1.8746752017705985e+56,green
346.30434782608694,74376196.29914786,0.0,95507185.68597697,0.0,0.6586359941588593,0.5222617512075332,1.957277350621876e-18,4.771729936604263e-17,2.4406822640181673e+57,264966619117.18008,120439372326.04982,0.0012386182257744958,2.068374800015399e+56,green
346.58528428093643,74543012.23607714,0.0,95715419.11940813,0.0,0.6587449836522291,0.5221337051103151,1.876510495097059e-18,4.969951585627012e-17,2.6928641745851197e+57,268714821787.2737,122143100812.4559,0.0012213412028320059,2.2820882835467147e+56,green
346.86622073578593,74701232.59470183,0.0,95916191.1837044,0.0,0.6588525343311321,0.5220073470894383,1.799076475845483e-18,5.176510068165983e-17,2.971102617305587e+57,272516046318.39526,123870930144.78378,0.0012043051706286667,2.517883573987789e+56,green
347.1471571906354,74851153.66917418,0.0,96109222.46238287,0.0,0.6589586641059663,0.5218826561927153,1.7248377637096887e-18,5.391758778402015e-17,3.278089866553696e+57,276371042754.7646,125623201252.22426,0.001187506767674681,2.7780422597912713e+56,green
347.428093645485,74993084.87749621,0.0,96294350.83689217,0.0,0.6590633906932799,0.5217596116931016,1.65366250465843e-18,5.616066167896176e-17,3.616796373990116e+57,280280571750.68396,127400259886.73296,0.0011709426793684162,3.065081672872983e+56,green
347.7090301003345,75127343.82262552,0.0,96471510.87094495,0.0,0.6591667316170747,0.5216381930872293,1.5854242856047212e-18,5.849816389341655e-17,3.990499511493579e+57,284245404720.6281,129202456691.25293,0.0011546096373423803,3.3817792470284605e+56,green
347.98996655518397,75254252.18925454,0.0,96640716.23751947,0.0,0.6592687042101232,0.5215183800939222,1.520001909884371e-18,6.09340996789165e-17,4.4028152830256525e+57,288266323991.457,131030147268.90228,0.0011385044188183182,3.731199392394625e+56,green
348.27090301003346,75374132.35886294,0.0,96802044.7693605,0.0,0.6593693256153009,0.5214001526526929,1.4572791820021185e-18,6.347264501263547e-17,4.8577333140556304e+57,292344122956.7815,132883692253.1406,0.0011226238459713048,4.116723147504777e+56,green
348.55183946488296,75487304.63989371,0.0,96955625.76726185,0.0,0.6594686127869314,0.5212834909222234,1.397144701257736e-18,6.611815389837748e-17,5.359655455267056e+57,296479606233.5133,134763457378.92767,0.0011069647853027078,4.54208089429412e+56,green
348.83277591973246,75594085.02404939,0.0,97101629.25233974,0.0,0.6595665824921422,0.5211683752788296,1.3394916638902915e-18,6.887516598054434e-17,5.913438375950185e+57,300673589820.62915,136669813554.88933,0.001091524147021897,5.011388454195078e+56,green
349.11371237458195,75694783.39085932,0.0,97240256.88876827,0.0,0.659663251312236,0.5210547863149115,1.2842176733850615e-18,7.174841448436481e-17,6.524440557368662e+57,304926901260.1805,138603136936.50348,0.0010762988844365776,5.5291869130242975e+56,green
349.39464882943145,75789702.09345846,0.0,97371734.34196053,0.0,0.659758635644067,0.5209427048373895,1.2312245586096326e-18,7.474283449652608e-17,7.198574142586702e+57,309240379800.5816,140563809000.32208,0.0010612859933516268,6.1004865615141616e+56,green
349.67558528428094,75879134.86721274,0.0,97496304.86775865,0.0,0.6598527517014318,0.5208321118661279,1.1804181994534105e-18,7.786357160069892e-17,7.942362142850844e+57,313614876562.2067,142552216619.24252,0.001046482511476318,6.730815375297336e+56,green
349.95652173913044,75963366.01098534,0.0,97614223.9567579,0.0,0.6599456155164668,0.5207229886323471,1.1317083596629436e-18,8.111599088328614e-17,8.763001555412317e+57,318051254705.3305,144568752138.84412,0.0010318855178398118,7.426272504586721e+56,green
350.23745819397993,76042669.79758692,0.0,97725754.88124691,0.0,0.6600372429410544,0.5206153165770241,1.0850085265747844e-18,8.450568632522015e-17,9.668433002572761e+57,322550389600.4436,146613813454.8045,0.0010174921322147984,8.193587290315915e+56,green
350.5183946488294,76117310.0760734,0.0,97831165.01337911,0.0,0.6601276496482371,0.5205090773492831,1.0402357574618938e-18,8.803849059641091e-17,1.066741756618349e+58,327113169000.97736,148687804091.41064,0.0010032995145491848,9.040184378121618e+56,green
350.7993311036789,76187540.03377125,0.0,97930722.80109607,0.0,0.6602168511336384,0.5204042528047775,9.973105322207812e-19,9.172048527014528e-17,1.1769621561435932e+58,331740493218.47284,150791133281.18124,0.0009893048644057018,9.974255560538942e+56,green
351.0802675585284,76253602.090466,0.0,98024695.30389935,0.0,0.6603048627168894,0.520300825004063,9.561566121368812e-19,9.555801147539719e-17,1.2985710068822585e+58,336433275300.22656,152924216045.6147,0.0009755054204093347,1.100483904137509e+57,green
351.3612040133779,76315727.90120323,0.0,98113346.20432267,0.0,0.6603916995430613,0.5201987762109628,9.167009044789625e-19,9.955768100598158e-17,1.4327450132046995e+58,341192441209.4502,155087473277.07993,0.0009618984597024576,1.2141906891565269e+57,green
351.6421404682274,76374138.44752033,0.0,98196934.22238149,0.0,0.660477376584103,0.520098088890927,8.788733326796727e-19,1.0372638790596213e-16,1.5807824616032296e+58,346018930007.9779,157281331821.86514,0.0009484812974075673,1.3396461539010441e+57,green
351.9230769230769,76429044.1999942,0.0,98275711.87084027,0.0,0.6605619086402819,0.5199987457093852,8.426067118746827e-19,1.0807132055203302e-16,1.7441157832878535e+58,350913694041.559,159506224564.40198,0.0009352512860975152,1.4780642231253016e+57,green
352.2040133779264,76480645.33747761,0.0,98349924.49751627,0.0,0.6606453103416301,0.5199007295300935,8.078366295760076e-19,1.125999742538907e-16,1.924325414374267e+58,355877699127.7717,161762590512.6804,0.0009222058152731239,1.63078424946972e+57,green
352.4849498327759,76529132.0107063,0.0,98419809.5688585,0.0,0.6607275961493912,0.5198040234134775,7.745013312709709e-19,1.1732016439518645e-16,2.1231550886427262e+58,360911924746.5942,164050874884.87234,0.0009093423108480953,1.7992839734260416e+57,green
352.7658862876254,76574684.63981019,0.0,98485596.15526742,0.0,0.6608087803574727,0.5197086106149715,7.425416107403693e-19,1.2224004013791005e-16,2.3425287098968285e+58,366017364233.67267,166371529197.18063,0.0008966582346410976,1.9851938219464675e+57,green
353.0468227424749,76617474.23696902,0.0,98547504.58460374,0.0,0.6608888770938969,0.5196144745833541,7.119007049040872e-19,1.2736809871476633e-16,2.5845689681968326e+58,371195024976.3227,168725011352.9306,0.0008841510838749442,2.1903126849125732e+57,green
353.32775919732444,76657662.74683495,0.0,98605746.2350013,0.0,0.6609679003222563,0.5195215989590802,6.825241930045739e-19,1.3271320033442514e-16,2.8516178790246497e+58,376445928612.3032,171111785732.92163,0.0008718183906827515,2.4166253212073342e+57,green
353.60869565217394,76695403.39859296,0.0,98660523.44252588,0.0,0.6610458638431672,0.5194299675726132,6.543598999517022e-19,1.3828458372632982e-16,3.1462594452456195e+58,381771111231.40283,173532323287.0577,0.0008596577216209892,2.6663215637674776e+57,green
353.88963210702343,76730841.06455703,0.0,98712029.50271773,0.0,0.6611227812957265,0.5193395644427539,6.273578036550251e-19,1.4409188235217225e-16,3.4713446599898546e+58,387171623579.8767,175987101627.27307,0.000847666677189322,2.9418175084659828e+57,green
354.1705685618729,76764112.62110606,0.0,98760448.74831428,0.0,0.6611986661589653,0.5192503737749694,6.0146994618088875e-19,1.501451413130073e-16,3.830019093550777e+58,392648531267.77704,178476605121.77316,0.0008358428913571484,3.2457788928396465e+57,green
354.4515050167224,76795347.30852045,0.0,98805956.68806292,0.0,0.6612735317533047,0.5191623799597221,5.766503485748489e-19,1.5645483498156454e-16,4.225753330092637e+58,398202914979.2148,181001324990.60843,0.0008241840310967439,3.58114688990902e+57,green
354.7324414715719,76824667.0869336,0.0,98848720.19392061,0.0,0.6613473912420088,0.5190755675707976,5.528549291995733e-19,1.630318853911885e-16,4.662376549754092e+58,403835870685.5966,183561759402.6001,0.0008126877959229165,3.95116656758822e+57,green
355.0133779264214,76852186.98616447,0.0,98888897.72588478,0.0,0.6614202576326373,0.518989921363635,5.3004142544203425e-19,1.6988768141366313e-16,5.144113580136608e+58,409548509861.87823,186158413573.6371,0.0008013519174390822,4.3594182882513675e+57,green
355.2943143812709,76878015.44766504,0.0,98926639.58543883,0.0,0.6614921437784955,0.5189054262736572,5.081693186517758e-19,1.770340987599906e-16,5.675625776457957e+58,415341959705.8765,188791799866.36353,0.000790174158889674,4.8098523529304766e+57,green
355.5752508361204,76902254.65721323,0.0,98962088.19004215,0.0,0.6615630623800826,0.5188220674146047,4.871997621764303e-19,1.844835208393548e-16,6.262056125449266e+58,421217363360.68463,191462437891.2762,0.0007791523147187928,5.3068272249570114e+57,green
355.8561872909699,76925000.867315,0.0,98995378.36235471,0.0,0.6616330259865365,0.51873983007687,4.670955123668396e-19,1.9224886051316428e-16,6.909079009516947e+58,427175880140.23224,194170854609.2523,0.0007682842101350145,5.85515170298047e+57,green
356.1371237458194,76946344.70855762,0.0,99026637.62895313,0.0,0.6617020469970775,0.5186586997258351,4.478208624294163e-19,2.0034358278269404e-16,7.622955113139492e+58,433218685758.03796,196917584435.52756,0.0007575677006822685,6.460131451813135e+57,green
356.4180602006689,76966371.48939401,0.0,99055986.52420652,0.0,0.6617701376624457,0.5185786620002131,4.293415790077368e-19,2.0878172845023522e-16,8.410592001632672e+58,439346972559.19653,199703169345.14505,0.000747000671816701,7.127620340366681e+57,green
356.6989966555184,76985161.48402525,0.0,99083538.89575855,0.0,0.661837310086338,0.5184997027103927,4.116248413815979e-19,2.175779387959099e-16,9.279610960491304e+58,445561949755.64886,202528158979.89606,0.00073658103848944,7.864077085162131e+57,green
356.9799331103679,77002790.20821977,0.0,99109402.20872068,0.0,0.6619035762268373,0.5184218078367869,3.9463918317436403e-19,2.2674748131328976e-16,1.023842073896689e+59,451864843664.7784,205393110756.77304,0.0007263067447351815,8.676627744887204e+57,green
357.2608695652174,77019328.68302631,0.0,99133677.84624061,0.0,0.6619689478978414,0.5183449635281857,3.7835443646650174e-19,2.3630627654993864e-16,1.1296298915577435e+59,458256897951.38446,208298589977.95752,0.0007161757632665139,9.573134674218176e+57,green
357.5418060200669,77034843.68646084,0.0,99156461.40458634,0.0,0.6620334367704838,0.5182691561001141,3.627416782144974e-19,2.4627092609961613e-16,1.2463481667850123e+59,464739373873.07764,211245169942.36343,0.0007061860950739001,1.0562272599872998e+58,green
357.82274247491637,77049397.99331841,0.0,99177842.98128091,0.0,0.6620970543745512,0.5181943720331952,3.4777317888152863e-19,2.56658741796399e-16,1.3751262820536034e+59,471313550529.1467,214233432058.7584,0.0006963357690312405,1.1653612559776311e+58,green
358.10367892976586,77063050.60334592,0.0,99197907.455166,0.0,0.6621598120998954,0.5181205979715189,3.3342235318719647e-19,2.6748777616155976e-16,1.5172103124619245e+59,477980725112.94604,217263965960.48532,0.0006866228415069365,1.2857714512389202e+58,green
358.38461538461536,77075856.95805109,0.0,99216734.75754619,0.0,0.6622217211978397,0.518047820721016,3.1966371289020437e-19,2.787768541578323e-16,1.673975083101183e+59,484742213167.85315,220337369621.80664,0.0006770453959803815,1.4186229517806646e+58,green
358.6655518394649,77087869.14647898,0.0,99234400.13381176,0.0,0.6622827927825796,0.5179760272478385,3.0647282151887027e-19,2.9054560630643103e-16,1.8469374718773817e+59,491599348846.8468,223454249475.89462,0.0006676015426637984,1.5652012473537143e+58,green
358.9464882943144,77099136.10030535,0.0,99250974.3951228,0.0,0.6623430378325765,0.5179052046767473,2.9382625097020606e-19,3.0281450322617147e-16,2.0377710872180598e+59,498553485175.75806,226615220534.4906,0.0006582894181293541,1.726924650184798e+58,green
359.2274247491639,77109703.7786304,0.0,99266524.15991132,0.0,0.6624024671919467,0.5178353402895051,2.8170153989946654e-19,3.1560489165502293e-16,2.248322461959603e+59,505605994320.2438,229820906509.25677,0.0006491071849414741,1.9053580186098344e+58,green
359.5083612040134,77119615.34286135,0.0,99281112.08508137,0.0,0.6624610915718425,0.5177664215232779,2.7007715382715094e-19,3.289390320185257e-16,2.48062892083615e+59,512758267856.5383,233071939934.84515,0.0006400530312942863,2.102227899013688e+58,green
359.7892976588629,77128911.3220896,0.0,99294797.08690557,0.0,0.6625189215518273,0.5176984359690427,2.589324468918502e-19,3.4284013761086266e-16,2.7369382937549092e+59,520011717046.0336,236368962293.70657,0.0006311251706541222,2.3194392319956874e+58,green
360.0702341137124,77137629.76936512,0.0,99307634.55169727,0.0,0.6625759675812436,0.5176313713700037,2.482476251816256e-19,3.5733241545848003e-16,3.0197306662574994e+59,527367773113.74493,239712624142.6662,0.0006223218414070038,2.5590937849639843e+58,green
360.3511705685619,77145806.40927641,0.0,99319676.53641556,0.0,0.6626322399805731,0.5175652156200149,2.380037115783178e-19,3.724411089380652e-16,3.331742377066717e+59,534827887530.7147,243103585241.28882,0.0006136413065110485,2.823510489039593e+58,green
360.6321070234114,77153474.77723595,0.0,99330971.95941079,0.0,0.6626877489427916,0.5174999567620129,2.2818251205267647e-19,3.8819254222462985e-16,3.6759924953451966e+59,542393532300.4121,246542514682.06027,0.000605081853153722,3.115247877411186e+58,green
360.9130434782609,77160666.35086794,0.0,99341566.78156617,0.0,0.662742504534713,0.5174355829864562,2.187665833502683e-19,4.0461416664815015e-16,4.055812033640041e+59,550066200249.1833,250030091022.41077,0.0005966417924138722,3.437128842067833e+58,green
361.19397993311037,77167410.67388557,0.0,99351504.17812257,0.0,0.6627965166983285,0.5173720826297733,2.0973920201079606e-19,4.2173460904077335e-16,4.474876179129956e+59,557847405320.8105,253567002418.60495,0.0005883194589284774,3.79226794841522e+58,green
361.47491638795987,77173735.47283433,0.0,99360824.70149726,0.0,0.6628497952521375,0.5173094441728205,2.0108433466593731e-19,4.395837221603889e-16,4.937239855471618e+59,565738682875.2389,257153946761.52686,0.0005801132105640426,4.184101572433578e+58,green
361.75585284280936,77179666.76706874,0.0,99369566.43542801,0.0,0.6629023498924687,0.5172476562393478,1.9278660956265682e-19,4.581926372792596e-16,5.4473769584443835e+59,573741589991.5269,260791631814.38498,0.0005720214280925792,4.616421151224057e+58,green
362.03678929765886,77185228.972314,0.0,99377765.1407794,0.0,0.6629541901947945,0.5171867075944728,1.8483128926186129e-19,4.775938190316133e-16,6.010223646527342e+59,581857705775.0851,264480775352.36594,0.0005640425148721057,5.093409869938428e+58,green
362.31772575250835,77190444.99815597,0.0,99385454.39336205,0.0,0.6630053256150378,0.5171265871431675,1.7720424446333044e-19,4.97821122616111e-16,6.631226103166285e+59,590088631669.2588,268222105304.26306,0.000556174896531602,5.619683138276516e+58,green
362.59866220735785,77195336.33978394,0.0,99392665.714108,0.0,0.663055765490868,0.5170672839287496,1.6989192891110197e-19,5.189098534558406e-16,7.316393235632725e+59,598435991771.3197,272016359896.10892,0.0005484170206603621,6.200333250536211e+58,green
362.87959866220734,77199923.1643032,0.0,99399428.69195487,0.0,0.6631055190429906,0.5170087871313871,1.6288135533403863e-19,5.40896829419838e-16,8.072354817147603e+59,606901433152.9266,275864287796.83923,0.0005407673565016765,6.840978658599664e+58,green
363.16053511705684,77204224.39191444,0.0,99405771.09977628,0.0,0.6631545953764275,0.516951086066612,1.5616007237953365e-19,5.638204457179464e-16,8.906425638474666e+59,615486626185.1201,279766648266.018,0.00053322439465079,7.547818337690398e+58,green
363.44147157190633,77208257.7722496,0.0,99411719.00370072,0.0,0.6632030034817877,0.5168941701838422,1.4971614249873864e-19,5.877207425821585e-16,9.826676285825328e+59,624193264867.9137,283724211303.65137,0.00052578664675707,8.327691767648586e+58,green
363.72240802675583,77212039.95613463,0.0,99417296.8661428,0.0,0.6632507522365304,0.5168380290649146,1.4353812074463717e-19,6.126394758559874e-16,1.0842011234076593e+60,633023067164.5491,287737757802.122,0.0005184526452303306,9.188145113624236e+58,green
364.0033444816053,77215586.563042,0.0,99422527.64287123,0.0,0.6632978504062184,0.5167826524226289,1.3761503444475768e-19,6.386201906150888e-16,1.1962255006591401e+60,641977775340.4777,291808079700.27136,0.0005112209429512537,1.0137504242874075e+59,green
364.2842809364548,77218912.24447718,0.0,99427432.87441957,0.0,0.6633443066457619,0.5167280300993004,1.3193636371291905e-19,6.657082979511695e-16,1.319824723983511e+60,651059156307.1384,295935980139.6626,0.0005040901129858478,1.1184955287995864e+59,green
364.5652173913044,77222030.74353656,0.0,99432032.77214138,0.0,0.6633901295006547,0.516674152065324,1.2649202276495563e-19,6.939511550534788e-16,1.4561947568084108e+60,660269001970.5988,300122273623.0536,0.0004970587483038904,1.2340633532274674e+59,green
364.84615384615387,77224954.95085697,0.0,99436346.29919508,0.0,0.6634353274081991,0.5166210084177484,1.2127234200561958e-19,7.233981487312026e-16,1.6066551347616761e+60,669609129585.1268,304367786175.1117,0.0004901254615012983,1.361572148103116e+59,green
365.12709030100336,77227696.95716934,0.0,99440391.2467362,0.0,0.6634799086987242,0.5165685893788605,1.1626805085452293e-19,7.541007825232465e-16,1.772661733584392e+60,679081382111.7661,308673355505.4023,0.0004832888845263695,1.5022557064274517e+59,green
365.40802675585286,77230268.10265495,0.0,99444184.3055798,0.0,0.6635238815967914,0.5165168852947812,1.1147026128087665e-19,7.861127675508437e-16,1.955820856472162e+60,688687628581.9818,313039831173.68207,0.000476547668409844,1.6574753020950537e+59,green
365.68896321070235,77232679.02329352,0.0,99447741.13358662,0.0,0.6635672542223939,0.516465886634071,1.0687045201758838e-19,8.194901172729111e-16,2.157904776831807e+60,698429764466.4517,317468074757.5319,0.00046990048299873035,1.8287328617218715e+59,green
365.96989966555185,77234939.69438155,0.0,99451076.41901267,0.0,0.6636100345921438,0.516415583986347,1.024604534268089e-19,8.542912463125837e-16,2.3808688870722252e+60,708309712049.073,321958960022.35974,0.0004633460166938441,2.0176854975188364e+59,green
366.25083612040135,77237059.47138888,0.0,99454203.94005224,0.0,0.6636522306204519,0.5163659680609108,9.823243298998964e-20,8.905770735296716e-16,2.6268706192790853e+60,718329420806.2621,326513373093.8094,0.00045688297619100795,2.2261615417619383e+59,green
366.53177257525084,77239047.12831344,0.0,99457136.62079217,0.0,0.6636938501206967,0.5163170296853866,9.41788813966672e-20,9.284111295213693e-16,2.8982903207448184e+60,728490867791.6168,331132212632.60693,0.00045051008622586146,2.456178237919339e+59,green
366.81270903010034,77240910.89368291,0.0,99459886.58378384,0.0,0.6637349008063843,0.5162687598043713,9.029259920735307e-20,9.67859668742361e-16,3.1977542867123066e+60,738796058026.0226,335816390011.8822,0.0004442260893222302,2.709961259925685e+59,green
367.09364548494983,77242658.48434632,0.0,99462465.19943042,0.0,0.6637753902922979,0.5162211494780948,8.656668406668224e-20,1.0089917864414859e-15,3.528160172509917e+60,749247024893.2755,340566829496.9972,0.0004380297455440055,2.9899662478897606e+59,green
367.3745819397993,77244297.13718736,0.0,99464883.13237396,0.0,0.6638153260956388,0.5161741898810916,8.299451844433578e-20,1.0518795406241638e-15,3.8927050320398024e+60,759845830541.3036,345384468427.91895,0.000431919832250484,3.298902569525257e+59,green
367.6555183946488,77245833.63888653,0.0,99467150.38506028,0.0,0.6638547156371564,0.5161278723008836,7.956975788168657e-20,1.0965980792538718e-15,4.294916252460157e+60,770594566289.0607,350270257404.1722,0.0004258951438551208,3.6397595359831844e+59,green
367.9364548494983,77247274.35384896,0.0,99469276.3386464,0.0,0.6638935662422696,0.5160821881366741,7.628631972360169e-20,1.143225772921215e-15,4.7386856862113716e+60,781495353039.18,355225160472.4082,0.0004199544915876477,4.0158353272977728e+59,green
368.2173913043478,77248625.25041085,0.0,99471269.79141003,0.0,0.6639318851421779,0.5160371288980524,7.313837231507184e-20,1.1918443532120255e-15,5.228307308544099e+60,792550341696.462,360250155316.62726,0.0004140967032595085,4.430768905545848e+59,green
368.4983277591973,77249891.92542776,0.0,99473138.994808,0.0,0.6639696794749624,0.5159926862037104,7.012032464378652e-20,1.2425390570233304e-15,5.7685187672520796e+60,803761713592.2839,365346233451.0917,0.0004083206230325674,4.888575226484815e+59,green
368.7792642140468,77251079.62734486,0.0,99474891.68732592,0.0,0.6640069562866779,0.5159488517801697,6.722681640997193e-20,1.2953987770790332e-15,6.364547224155865e+60,815131680915.0115,370514400415.9678,0.0004026251111910432,5.3936840882676855e+59,green
369.0602006688963,77252193.27784063,0.0,99476535.12625013,0.0,0.6640437225324346,0.5159056174605204,6.445270850612032e-20,1.35051621891577e-15,7.02215993454761e+60,826662487146.5018,375755675975.7361,0.00039700904391662406,5.950982995379335e+59,green
369.3411371237458,77253237.4921325,0.0,99478076.11748798,0.0,0.6640799850774697,0.5158629751831713,6.179307388945989e-20,1.4079880646132724e-15,7.747720051251477e+60,838356407504.7773,381071094320.4068,0.0003914713130667203,6.565864450213119e+59,green
369.6220735785953,77254216.59802514,0.0,99479521.04355343,0.0,0.66411575069821,0.5158209169906097,5.924318883117148e-20,1.4679151435629921e-15,8.548248196102307e+60,850215749392.9656,386461704269.5832,0.000386010825955809,7.244278132290093e+59,green
369.90301003344484,77255134.6537798,0.0,99480875.88982977,0.0,0.6641510260833251,0.5157794350281752,5.679852452661808e-20,1.5304026105740325e-15,9.431490391765705e+60,862242852854.5863,391928569479.4107,0.0003806265051398297,7.9927884675980595e+59,green
370.1839464882943,77255995.46487604,0.0,99482146.26921317,0.0,0.6641858178347685,0.5157385215428425,5.445473905185136e-20,1.595560131635203e-15,1.0405993014005139e+61,874440091035.2817,397472768652.454,0.0003753172882035864,8.818638147461989e+59,green
370.46488294314383,77256802.59973481,0.0,99483337.44523609,0.0,0.6642201324688123,0.5156981688820159,5.220766965197217e-20,1.6635020776594303e-15,1.1481185487025848e+61,886809870651.0769,403095395750.54266,0.0003700821275511157,9.729818209343944e+59,green
370.74581939799333,77257559.40446621,0.0,99484454.35376273,0.0,0.6642539764170691,0.515658369492336,5.0053325347756593e-20,1.7343477265562665e-15,1.2667471524380082e+61,899354632463.264,408797560210.6277,0.00036491999019897946,1.0735145359644142e+60,green
371.0267558528428,77258269.01670253,0.0,99485501.6233441,0.0,0.6642873560275061,0.5156191159184962,4.798787984733837e-20,1.8082214739886947e-15,1.3976329796462717e+61,912076851760.0055,414580387163.692,0.00035982985757243937,1.1844347285137901e+60,green
371.3076923076923,77258934.37857251,0.0,99486483.59431402,0.0,0.6643202775654489,0.5155804008020712,4.600766475040482e-20,1.88525305318884e-15,1.5420424999796122e+61,924979038844.7491,420445017656.7574,0.00035481072530447517,1.3068156779488245e+60,green
371.5886287625418,77259558.24887018,0.0,99487404.33670385,0.0,0.664352747214575,0.5155422168803571,4.410916303282241e-20,1.965577764221835e-15,1.701373040268485e+61,938063739531.5514,426392608878.031,0.000349861603037608,1.4418415595495643e+60,green
371.8695652173913,77260143.2144681,0.0,99488267.66704778,0.0,0.6643847710778993,0.5155045569852209,4.2289002800100636e-20,2.049336713103347e-15,1.8771663051816775e+61,951333535647.4094,432424334385.2391,0.00034498151422848456,1.5908189026963376e+60,green
372.1505016722408,77260691.70102113,0.0,99489077.1641471,0.0,0.6644163551787472,0.5154674140419638,4.054395129865308e-20,2.1366770611965825e-15,2.0711232951047504e+61,964791045541.6973,438541384337.1881,0.0003401694959551908,1.75518923313962e+60,green
372.4314381270903,77261205.98300551,0.0,99489836.18385747,0.0,0.6644475054617218,0.5154307810681926,3.887090917413304e-20,2.2277522853272056e-15,2.2851207650663468e+61,978438924602.81,444744965728.60297,0.00033542459872725004,1.936543021242668e+60,green
372.7123745819398,77261688.19313349,0.0,99490547.8729591,0.0,0.6644782277936577,0.5153946511727043,3.726690496676073e-20,2.322722449082271e-15,2.521229384737334e+61,992279865782.1167,451036302628.2877,0.00033074588629827383,2.1366350718113015e+60,green
372.9933110367893,77262140.33118296,0.0,99491215.18216662,0.0,0.6645085279645678,0.5153590175543816,3.5729089833731356e-20,2.421754485767542e-15,2.7817337742169107e+61,1006316600125.3201,457416636420.6529,0.00032613243548122506,2.357401503573654e+60,green
373.2742474916388,77262564.27227762,0.0,99491840.87833117,0.0,0.6645384116885802,0.5153238735010977,3.4254732489472707e-20,2.5250224935321587e-15,3.069154610681945e+61,1020551897311.3422,463887226050.66284,0.00032158333596625754,2.6009784836287684e+60,green
373.5551839464883,77262961.77465247,0.0,99492427.5558854,0.0,0.664567884604864,0.5152892123886341,3.28412143546245e-20,2.632708043175691e-15,3.3862730184393334e+61,1034988566198.8224,470449348272.24475,0.0003170976901410972,2.869722896982487e+60,green
373.8361204013378,77263334.48693585,0.0,99492977.64757729,0.0,0.6645969522785484,0.5152550276796081,3.14860249052586e-20,2.7450004991915057e-15,3.7361574798751655e+61,1049629455380.3566,477104297900.2148,0.00031267461291392814,3.1662351524365817e+60,green
374.1170568561873,77263683.95497864,0.0,99493493.43453722,0.0,0.6646256202016299,0.5152213129224114,3.0186757213953785e-20,2.8620973546070804e-15,4.122193526100073e+61,1064477453744.5677,483853388065.76526,0.0003083132315387494,3.493384344152605e+60,green
374.39799331103677,77264011.62825818,0.0,99493977.05571947,0.0,0.6646538937938713,0.5151880617501593,2.894110367492233e-20,2.984204580223166e-15,4.5481164962623195e+61,1079535491046.1318,490697950475.5671,0.0003040126854431686,3.854336013781628e+60,green
374.67892976588627,77264318.86588383,0.0,99494430.51675677,0.0,0.6646817784036912,0.5151552678796519,2.7746851905489125e-20,3.1115369888626994e-15,5.0180476807665794e+61,1094806538483.8687,497639335674.53827,0.0002997721260585955,4.2525827803106616e+60,green
374.95986622073576,77264606.9422284,0.0,99494855.69826433,0.0,0.6647092793090452,0.5151229251103442,2.660188081674006e-20,3.244318615283019e-15,5.536534199906249e+61,1110293609287.0051,504678913312.32764,0.0002955907166528067,4.6919781355137705e+60,green
375.24080267558526,77264877.05220918,0.0,99495254.36362737,0.0,0.6647364017182954,0.515091027323328,2.5504156846276466e-20,3.3827831124174606e-15,6.108593002005451e+61,1125999759309.7385,511818072413.57007,0.0002914676321648435,5.1767737305130954e+60,green
375.52173913043475,77265130.31623998,0.0,99495628.16630435,0.0,0.6647631507710732,0.5150595684803244,2.4451730346456398e-20,3.5271741646555878e-15,6.739759408517038e+61,1141928087634.2048,519058221651.9638,0.00028740205904221466,5.711660515692406e+60,green
375.8026755852843,77265367.78487484,0.0,99495978.65667564,0.0,0.6647895315391322,0.5150285426226865,2.3442732121649764e-20,3.6777459188887066e-15,7.436140674225114e+61,1158081737181.9773,526400789628.2242,0.00028339319508036864,6.301814130699249e+60,green
376.0836120401338,77265590.44316244,0.0,99496307.28846617,0.0,0.6648155490271916,0.5149979438704128,2.2475370108401288e-20,3.834763434089856e-15,8.20447508216155e+61,1174463895334.2214,533847225151.9715,0.0002794402492644055,6.952944984882671e+60,green
376.3645484949833,77265799.21472944,0.0,99496615.42476822,0.0,0.6648412081737711,0.5149677664211705,2.154792619257527e-20,3.998503150221673e-15,9.052197144040946e+61,1191077794560.6118,541398997527.60345,0.00027554244161299675,7.671353511899108e+60,green
376.6454849498328,77265994.96560924,0.0,99496904.34368943,0.0,0.664866513852016,0.5149380045493309,2.0658753157844387e-20,4.169253377305442e-15,9.987509537610138e+61,1207926713057.156,549057596844.2145,0.000271699003024482,8.463991133567914e+60,green
376.9264214046823,77266178.50783227,0.0,99497175.24364907,0.0,0.664891470870515,0.5149086526050128,1.9806271760102115e-20,4.347314805518634e-15,1.1019462477169232e+62,1225013975393.0361,556824534269.6145,0.0002679091751251125,9.338527523024773e+60,green
377.2073578595318,77266350.60279272,0.0,99497429.24834457,0.0,0.6649160839741075,0.5148797050131376,1.898896792258874e-20,4.533001037222566e-15,1.2158041284158729e+62,1242342953166.5974,564701342348.506,0.00026417221011941196,1.0303424817083669e+61,green
377.4882943143813,77266511.96440527,0.0,99497667.41140871,0.0,0.6649403578446826,0.5148511562724947,1.8205390046778036e-20,4.726639141869414e-15,1.3414263007479967e+62,1259917065670.6255,572689575304.8824,0.00026048737064262353,1.136801949786438e+61,green
377.7692307692308,77266663.26206523,0.0,99497890.72077693,0.0,0.6649642971019705,0.514823000954816,1.745414643420505e-20,4.928570234763108e-15,1.480028302463005e+62,1277739780567.0251,580790809348.7003,0.0002568539296152161,1.2542612732737334e+61,green
378.05016722408027,77266805.1234243,0.0,99498100.10278238,0.0,0.6649879063043233,0.5147952337038618,1.6733902814712034e-20,5.13915008071314e-15,1.6329512660588202e+62,1295814614571.0488,589006642986.8928,0.0002532711700994193,1.383857005134594e+61,green
378.33110367892976,77266938.13699314,0.0,99498296.42599605,0.0,0.6650111899494884,0.5147678492345157,1.6043379976658677e-20,5.358749723636295e-15,1.8016748955667485e+62,1314145134145.2031,597338697338.7811,0.00024973838515775964,1.5268431318362282e+61,green
378.61204013377926,77267062.85458183,0.0,99498480.50482759,0.0,0.6650341524753736,0.5147408423318894,1.5381351494953786e-20,5.5877561432396875e-15,1.9878317845979101e+62,1332734956202.9675,605788616455.9468,0.0002462548777135709,1.684603207286365e+61,green
378.89297658862876,77267179.79358827,0.0,99498653.10290182,0.0,0.6650567982608023,0.5147142078504386,1.4746641552808492e-20,5.826572939931886e-15,2.1932232133086635e+62,1351587748822.4756,614358067646.6321,0.00024281996041344828,1.858663740092088e+61,green
379.17391304347825,77267289.43914384,0.0,99498814.93622479,0.0,0.6650791316262621,0.5146879407130872,1.413812285340368e-20,6.075621049194756e-15,2.419836578095509e+62,1370707231970.2827,623048741804.7263,0.00023943295549162352,2.05070896448772e+61,green
379.45484949832775,77267392.2461254,0.0,99498966.67615266,0.0,0.6651011568346431,0.5146620359103621,1.3554714617705437e-20,6.335339486664694e-15,2.6698646216542173e+62,1390097178235.3806,631862353743.4069,0.00023609319463622933,2.2625971369951e+61,green
379.73578595317724,77267488.64104179,0.0,99499108.9521754,0.0,0.6651228780919698,0.5146364884995379,1.2995380664924796e-20,6.60618612526268e-15,2.9457266505431377e+62,1409761413573.589,640800642533.5016,0.00023280001885743113,2.4963785174094392e+61,green
380.01672240802674,77267579.02380274,0.0,99499242.35452718,0.0,0.6651442995481233,0.5146112936037895,1.2459127572165453e-20,6.888638505733523e-15,3.250091944452657e+62,1429703818062.4788,649865371846.6332,0.0002295527783573976,2.75431520716327e+61,green
380.29765886287623,77267663.7693777,0.0,99499367.43663397,0.0,0.6651654252975555,0.5145864464113574,1.194500291003226e-20,7.183194682049044e-15,3.5859055848083277e+62,1449928326666.9792,659058330303.2245,0.00022635083240208435,3.038903037973161e+61,green
380.5785953177257,77267743.22935079,0.0,99499484.71740864,0.0,0.6651862593799964,0.5145619421747185,1.145209355103123e-20,7.490374103158214e-15,3.9564169515274306e+62,1470438930015.8066,668381331825.4186,0.00022319354919480712,3.352895721633417e+61,green
380.8595317725752,77267817.73337938,0.0,99499594.68340291,0.0,0.665206805781152,0.5145377762097696,1.0979524047786274e-20,7.810718532662931e-15,4.365211164716083e+62,1491239675188.8848,677836215994.9996,0.00022008030575157734,3.6993314955221054e+61,green
381.1404682274248,77267887.59056129,0.0,99499697.79082523,0.0,0.6652270684333943,0.5145139438950188,1.0526455078168555e-20,8.144793008037767e-15,4.816243774595545e+62,1512334666515.8987,687424848416.3695,0.0002170104877781774,4.081562520843684e+61,green
381.4214046822742,77267953.09071691,0.0,99499794.46743292,0.0,0.6652470512164442,0.5144904406707858,1.0092081954594579e-20,8.493186841105017e-15,5.313879036100859e+62,1533728066386.1462,697149121084.6638,0.0002139834895489505,4.503287318729543e+61,green
381.70234113712377,77268014.50559147,0.0,99499885.11430626,0.0,0.665266757958046,0.514467262038412,9.675633194833848e-21,8.856514661532999e-15,5.862932137972402e+62,1555424096069.8477,707010952759.0737,0.00021099871378728045,4.968586557603733e+61,green
381.98327759197326,77268072.0899821,0.0,99499970.10751198,0.0,0.6652861924346342,0.5144444035594794,9.276369151792897e-21,9.235417505210781e-15,6.4687157951333905e+62,1577427036551.0696,717012289341.4473,0.00020805557154773962,5.481962538248638e+61,green
382.26421404682276,77268126.08279495,0.0,99500049.79966313,0.0,0.665305358371992,0.5144218608550388,8.893580699843603e-21,9.630563949432451e-15,7.137091655488894e+62,1599741229372.4363,727155104260.2504,0.00020515348209988025,6.048382758888895e+61,green
382.54515050167225,77268176.708036,0.0,99500124.52138163,0.0,0.6653242594459036,0.5143996296048469,8.526587975354115e-21,1.0042651296895976e-14,7.874527017626943e+62,1622371077491.7854,737441398859.9546,0.00020229187281364634,6.673327981039784e+61,green
382.82608695652175,77268224.17574053,0.0,99500194.58266966,0.0,0.6653428992827971,0.514377705546611,8.174739169201082e-21,1.0472406810632164e-14,8.688157409998265e+62,1645321046150.9443,747873202795.9359,0.00019947017904638507,7.362845262710395e+61,green
383.10702341137124,77268268.68284418,0.0,99500260.27419552,0.0,0.6653612814603816,0.5143560844752446,7.837409369096065e-21,1.0920589002031251e-14,9.585855634321038e+62,1668595663756.7983,758452574434.9606,0.00019668784403143255,8.123606469763595e+61,green
383.38795986622074,77268310.41400003,0.0,99500321.86849934,0.0,0.6653794095082753,0.5143347622421306,7.513999449698068e-21,1.138798897428216e-14,1.0576307945105464e+63,1692199522774.8157,769181601261.332,0.00019394431876825567,8.962972834835143e+61,green
383.66889632107024,77268349.5423446,0.0,99500379.62112358,0.0,0.6653972869086272,0.5143137347543926,7.203935008510104e-21,1.1875431823572105e-14,1.1669098097747475e+63,1716137280635.2202,780062400288.7886,0.0001912390619141242,9.889066184531764e+61,green
383.94983277591973,77268386.23021604,0.0,99500433.7716731,0.0,0.6654149170967308,0.5142929979741756,6.906665345700633e-21,1.2383778100570275e-14,1.287480008372627e+63,1740413660651.9788,791097118478.2242,0.00018857153967729567,1.091084752858159e+62,green
384.2307692307692,77268420.62982766,0.0,99500484.54480907,0.0,0.6654323034616315,0.5142725479179346,6.6216624860088085e-21,1.2913925334748716e-14,1.4205080444496783e+63,1765033452954.7856,802287933161.3182,0.00018594122571168915,1.2038203766522704e+62,green
384.5117056856187,77268452.88389933,0.0,99500532.15118094,0.0,0.6654494493467258,0.514252380655733,6.3484202410234e-21,1.3466809624284782e-14,1.5672811160209872e+63,1790001515434.2393,813637052470.1606,0.00018334760101302864,1.3282043356110068e+62,green
384.7926421404682,77268483.12624952,0.0,99500576.78830026,0.0,0.6654663580503536,0.5142324923105465,6.086453310145079e-21,1.4043407294325108e-14,1.7292194199103175e+63,1815322774700.3777,825146715772.9508,0.00018079015381643486,1.4654401863646761e+62,green
385.0735785953177,77268511.48235054,0.0,99500618.64136003,0.0,0.6654830328263838,0.5142128790575781,5.8352964186578964e-21,1.464473662659306e-14,1.9078898939486298e+63,1841002227054.7864,836819194115.8639,0.0001782683794954457,1.6168558423293477e+62,green
385.3545150501672,77268538.06984904,0.0,99500657.88400295,0.0,0.6654994768847929,0.51419353712358,5.594503491358812e-21,1.5271859663369083e-14,2.105021378709259e+63,1867044939476.447,848656790671.1641,0.00017578178046244496,1.7839164226349663e+62,green
385.6354515050167,77268562.99905406,0.0,99500694.67904183,0.0,0.6655156933922363,0.5141744627861835,5.363646860295488e-21,1.5925884089081374e-14,2.322521346183869e+63,1893456050621.5354,860661841191.659,0.00017332986607048045,1.9682384289693817e+62,green
385.9163879598662,77268586.37339465,0.0,99500729.17913492,0.0,0.6655316854726125,0.5141556523732368,5.1423165051897625e-21,1.660796519281099e-14,2.5624943565882734e+63,1920240771837.3667,872836714471.5823,0.00017091215251645065,2.1716053869392154e+62,green
386.1973244147157,77268608.28984903,0.0,99500761.5274193,0.0,0.6655474562076213,0.5141371022621519,4.9301193252106025e-21,1.7319307915223236e-14,2.8272624225253056e+63,1947404388190.6755,885183812813.9952,0.0001685281627456432,2.3959851038350057e+62,green
386.4782608695652,77268628.83934687,0.0,99500791.8581046,0.0,0.6655630086373152,0.5141188088792578,4.726678440793033e-21,1.8061168983531925e-14,3.1193874769922103e+63,1974952259510.4497,897705572504.8018,0.00016617742635760354,2.6435487093154336e+62,green
386.7591973244147,77268648.1071465,0.0,99500820.29702994,0.0,0.6655783457606429,0.5141007686991623,4.531632524270225e-21,1.883485913830311e-14,3.441696163073999e+63,2002889821445.5132,910404464293.4669,0.00016385947951331716,2.9166916636220337e+62,green
387.04013377926424,77268666.17318869,0.0,99500846.96218577,0.0,0.6655934705359876,0.5140829782441219,4.3446351581257156e-21,1.9641745456037924e-14,3.7973071849299965e+63,2031222586537.0652,923282993880.536,0.00016157386484368701,3.2180569363813536e+62,green
387.32107023411373,77268683.11242825,0.0,99500871.96420352,0.0,0.6656083858816984,0.5140654340834181,4.165354219727e-21,2.0483253771657445e-14,4.189661484740847e+63,2059956145306.401,936343702412.0522,0.00015932013135928647,3.550560580288854e+62,green
387.60200668896323,77268698.99514505,0.0,99500895.40681456,0.0,0.6656230946766148,0.5140481328327425,3.9934712914498735e-21,2.1360871205196893e-14,4.6225555379298724e+63,2089096167358.008,949589166980.9646,0.0001570978343613722,3.917419947398197e+62,green
387.8829431438127,77268713.8872356,0.0,99500917.38728048,0.0,0.6656375997605853,0.5140310711535893,3.828681095140566e-21,2.2276148797169498e-14,5.1001780880753294e+63,2118648402498.2778,963022001135.6327,0.00015490653535413723,4.322184820402822e+62,green
388.1638795986622,77268727.8504863,0.0,99500937.99679665,0.0,0.6656519039349791,0.5140142457526533,3.670690949919536e-21,2.3230704257314533e-14,5.627150678260645e+63,2148618681870.0347,976644855395.5221,0.000152745801958189,4.768771761237836e+62,green
388.4448160535117,77268740.94282995,0.0,99500957.32087056,0.0,0.6656660099631921,0.5139976533812385,3.519220252352955e-21,2.4226224831551558e-14,6.208572369131529e+63,2179012919103.114,990460417774.1946,0.0001506152078252335,5.261502007738585e+62,green
388.7257525083612,77268753.21858612,0.0,99500975.4396766,0.0,0.6656799205711464,0.5139812908346711,3.3739999780815464e-21,2.5264470292298112e-14,6.850069078893808e+63,2209837111481.2246,1004471414309.6996,0.00014851433255394985,5.8051432871981435e+62,green
389.0066889632107,77268764.72868627,0.0,99500992.42838858,0.0,0.6656936384477836,0.5139651549517216,3.234772204007889e-21,2.634727605737634e-14,7.557848019635113e+63,2241097341125.306,1018680609602.4636,0.00014644276160703817,6.404955948843318e+62,green
389.2876254180602,77268775.52088533,0.0,99501008.35749172,0.0,0.6657071662455524,0.5139492426140319,3.1012896502070813e-21,2.7476556443128577e-14,8.338757760101182e+63,2272799776193.634,1033090807360.7946,0.0001444000862294245,7.066743864492529e+62,green
389.5685618729097,77268785.63995968,0.0,99501023.293075,0.0,0.6657205065808893,0.513933550745552,2.9733152407343577e-21,2.8654308057426427e-14,9.200354492428389e+63,2304950672098.9,1047704850954.0973,0.0001423859033676066,7.7969105868037235e+62,green
389.8494983277592,77268795.12789296,0.0,99501037.29710542,0.0,0.6657336620346949,0.5139180763119823,2.8506216825615712e-21,2.988261333868266e-14,1.015097514795483e+64,2337556372742.505,1062525623973.9177,0.0001403998155901252,8.60252131182613e+62,green
390.1304347826087,77268804.02405024,0.0,99501050.42768501,0.0,0.6657466351528017,0.5139028163202213,2.732991061883641e-21,3.116364424705791e-14,1.1199818065465381e+64,2370623311766.3184,1077556050802.9238,0.00013844143100914377,9.491371241919818e+62,green
390.4113712374582,77268812.36534138,0.0,99501062.73929201,0.0,0.6657594284464398,0.5138877678178244,2.62021445708805e-21,3.2499666114498425e-14,1.2357031996706534e+64,2404158013822.1396,1092799097191.9333,0.00013651036320312305,1.0472061014158083e+63,green
390.6923076923077,77268820.1863741,0.0,99501074.2830067,0.0,0.665772044392693,0.5138729278924643,2.5120915676909855e-21,3.389304166035385e-14,1.3633814306041934e+64,2438167095859.119,1108257770845.1062,0.00013460623114057319,1.1554079920374528e+63,green
390.9732441471572,77268827.51959759,0.0,99501085.10672349,0.0,0.6657844854349518,0.513858293671402,2.4084303585889468e-21,3.534623517977934e-14,1.504251931877897e+64,2472657268429.396,1123935122013.4136,0.00013272865910487054,1.274789772777879e+63,green
391.25418060200667,77268834.39543718,0.0,99501095.25534959,0.0,0.6657967539833595,0.5138438623209625,2.309046718987338e-21,3.686181691228266e-14,1.6596777862383033e+64,2507635337012.1904,1139834244096.502,0.00013087727662012218,1.4065065985070372e+63,green
391.53511705685617,77268840.84242056,0.0,99501104.77099128,0.0,0.665808852415253,0.513829631046017,2.2137641354056302e-21,3.8442467598232165e-14,1.8311629161113912e+64,2543108203356.65,1155958274253.0745,0.00012905171837806492,1.5518329797554168e+63,green
391.81605351170566,77268846.88729605,0.0,99501113.6931286,0.0,0.665820783075599,0.513815597089473,2.122413378174296e-21,4.009098323135952e-14,2.0203666357052273e+64,2579082866843.6665,1172310394019.9001,0.0001272516241659843,1.7121751150044302e+63,green
392.09698996655516,77268852.5551437,0.0,99501122.05877925,0.0,0.6658325482774227,0.5138017577317693,2.0348322008693963e-21,4.181028001572867e-14,2.2291197067988996e+64,2615566425866.977,1188893829939.5867,0.00012547663879563823,1.8890844972872033e+63,green
392.3779264214047,77268857.86947924,0.0,99501129.90265201,0.0,0.6658441503022328,0.5137881102903775,1.9508650521496533e-21,4.3603399535948904e-14,2.459442053461619e+64,2652566079233.792,1205711854197.23,0.0001237264120331728,2.084272926662389e+63,green
392.65886287625415,77268862.85235175,0.0,99501137.2572909,0.0,0.6658555914004407,0.5137746521193111,1.8703627994841856e-21,4.547351414980371e-14,2.713562307054239e+64,2690089127585.2354,1222767785266.0679,0.00012200059853001534,2.2996290737747786e+63,green
392.9397993311037,77268867.52443503,0.0,99501144.15321009,0.0,0.6658668737917747,0.5137613806086389,1.7931824642816232e-21,4.742393261289718e-14,2.993939370921848e+64,2728142974836.8857,1240064988562.2725,0.00012029885775473142,2.5372367550185153e+63,green
393.2207357859532,77268871.90511344,0.0,99501150.61902058,0.0,0.6658779996656877,0.5137482931840058,1.7191869679473745e-21,4.9458105945236574e-14,3.303286212855328e+64,2766735129639.6875,1257606877109.0005,0.00011862085392583227,2.7993950956401077e+63,green
393.5016722408027,77268876.01256233,0.0,99501156.68154885,0.0,0.6658889711817615,0.5137353873061598,1.6482448884221654e-21,5.1579633550260524e-14,3.644596116480271e+64,2805873206861.5337,1275396912209.8394,0.00011696625594551987,3.088640776678196e+63,green
393.7826086956522,77268879.86382344,0.0,99501162.36594817,0.0,0.6658997904701046,0.5137226604704833,1.580230226764159e-21,5.379226959704163e-14,4.021171644264379e+64,2845564929089.803,1293438604131.78,0.00011533473733435547,3.407772579885067e+63,green
394.0635451505017,77268883.47487554,0.0,99501167.69580299,0.0,0.6659104596317456,0.5137101102065325,1.515022183366123e-21,5.609992967714921e-14,4.436656594074683e+64,2885818128155.156,1311735512797.849,0.00011372597616684029,3.759878469554816e+63,green
394.3444816053512,77268886.86070085,0.0,99501172.69322674,0.0,0.6659209807390218,0.5136977340775809,1.45250494340389e-21,5.850669774780923e-14,4.895071256529136e+64,2926640746676.879,1330291248489.5417,0.00011213965500789386,4.14836547163486e+63,green
394.6254180602007,77268890.03534706,0.0,99501177.37895365,0.0,0.6659313558359622,0.5136855296801701,1.3925674711411904e-21,6.10168333738716e-14,5.400851316482903e+64,2968040839630.103,1349109472559.1892,0.00011057546085021921,4.576992641087205e+63,green
394.90635451505017,77268893.01198578,0.0,99501181.7724247,0.0,0.6659415869386658,0.5136734946436652,1.335103312719766e-21,6.363477928124587e-14,5.958890772712265e+64,3010026575935.1724,1368193898152.4023,0.0001090330850525412,5.04990743450192e+63,green
395.18729096989966,77268895.80296697,0.0,99501185.8918683,0.0,0.6659516760356757,0.5136616266298157,1.2800104070898108e-21,6.63651692354059e-14,6.574589293591402e+64,3052606240069.5166,1387548290940.7405,0.00010751222327870651,5.5716858420266135e+63,green
395.46822742474916,77268898.41987039,0.0,99501189.75437593,0.0,0.6659616250883478,0.5136499233323236,1.2271909047401038e-21,6.921283625875294e-14,7.253904464364054e+64,3095788233702.3047,1407176469864.735,0.00010601257543763317,6.147376664715301e+63,green
395.74916387959865,77268900.87355353,0.0,99501193.37597308,0.0,0.665971436031214,0.5136383824764148,1.176550993910228e-21,7.218282120161158e-14,8.003409434262558e+64,3139581077352.243,1427082307887.4348,0.00010453384562409762,6.782550368019118e+63,green
396.03010033444815,77268903.17419669,0.0,99501196.77168569,0.0,0.6659811107723437,0.5136270018184176,1.1280007339723661e-21,7.528038168188992e-14,8.830356518545727e+64,3183993412068.809,1447269732758.601,0.00010307574206034763,7.483352981818411e+63,green
396.31103678929765,77268905.3313452,0.0,99501199.95560253,0.0,0.6659906511936966,0.5136157791453462,1.0814538956900926e-21,7.851100140943927e-14,9.742747373565772e+64,3229034001137.27,1467742727789.7192,0.00010163797703853001,8.256565570818451e+63,green
396.59197324414714,77268907.35394904,0.0,99501202.9409336,0.0,0.666000059151474,0.5136047122744892,1.0368278080676157e-21,8.188039991151312e-14,1.0749410421337596e+65,3274711731807.8276,1488505332639.9731,0.00010022026686392076,9.109669848591182e+63,green
396.87290969899664,77268909.25039995,0.0,99501205.74006498,0.0,0.6660093364764642,0.5135937990530041,9.940432115197462e-22,8.539454267671522e-14,1.1860086275070506e+65,3321035617049.218,1509561644113.3325,9.882233179894777e-05,1.0050920572093649e+64,green
397.15384615384613,77268911.0285663,0.0,99501208.36461025,0.0,0.6660184849743844,0.5135830373575153,9.530241171001155e-22,8.905965173534218e-14,1.3085521990383481e+65,3368014797327.1177,1530915816966.923,9.744389600799373e-05,1.1089425415579222e+64,green
397.4347826086956,77268912.69582567,0.0,99501210.8254586,0.0,0.6660275064262169,0.5135724250937204,9.13697671538693e-22,9.288221669496572e-14,1.4437575055437191e+65,3415658542407.712,1552572064730.8293,9.608468750296933e-05,1.223523309782813e+64,green
397.7157190635451,77268914.2590955,0.0,99501213.13282004,0.0,0.666036402588542,0.5135619601959979,8.759940278484718e-22,9.686900625081923e-14,1.5929328125838681e+65,3463976253186.7646,1574534660539.4897,9.474443808964557e-05,1.3499430615117532e+64,green
397.9966555183946,77268915.72486177,0.0,99501215.29626781,0.0,0.6660451751938665,0.5135516406270224,8.3984622127127765e-22,1.010270801913921e-13,1.7575215613680557e+65,3512977463544.5786,1596807937974.8599,9.342288331473445e-05,1.4894250520068276e+64,green
398.27759197324417,77268917.09920591,0.0,99501217.324778,0.0,0.6660538259509474,0.5135414643773847,8.051900503432656e-22,1.0536380192063168e-13,1.939116335802881e+65,3562671842227.18,1619396291921.4968,9.211976241370825e-05,1.6433189286465098e+64,green
398.5585284280936,77268918.3878301,0.0,99501219.22676687,0.0,0.6660623565451116,0.5135314294652151,7.71963962867321e-22,1.0988685151881746e-13,2.1394742723891593e+65,3613069194754.1265,1642304179433.745,9.08348182593461e-05,1.8131137901603047e+64,green
398.83946488294316,77268919.59608077,0.0,99501221.01012574,0.0,0.6660707686385722,0.5135215339358136,7.401089465919705e-22,1.1460423936553165e-13,2.3605340627503544e+65,3664179465353.297,1665536120615.1863,8.956779731099874e-05,2.000452595551148e+64,green
399.12040133779266,77268920.728971,0.0,99501222.68225378,0.0,0.6660790638707393,0.5135117758612829,7.095684244000857e-22,1.195243203485959e-13,2.604434712403579e+65,3716012738923.046,1689096699510.5264,8.831844956456075e-05,2.2071480613589648e+64,green
399.40133779264215,77268921.79120108,0.0,99501224.25008859,0.0,0.6660872438585284,0.5135021533401691,6.8028815382400145e-22,1.2465580868456387e-13,2.873536238400226e+65,3768579243022.13,1712990565010.11,8.708652850314052e-05,2.43520020203409e+64,green
399.68227424749165,77268922.78717822,0.0,99501225.72013511,0.0,0.6660953101966629,0.5134926644971032,6.5221613070577385e-22,1.3000779337667397e-13,3.1704425048301844e+65,3821889349887.762,1737222431767.2156,8.587179104841853e-05,2.6868156820594786e+64,green
399.96321070234114,77268923.72103472,0.0,99501227.09849255,0.0,0.666103264457975,0.5134833074824502,6.253024968341713e-22,1.355897543381228e-13,3.4980264185538286e+65,3875953578482.2354,1761797081128.3396,8.467399751268391e-05,2.964429168265957e+64,green
400.24414715719064,77268924.59664513,0.0,99501228.3908797,0.0,0.6661111081936999,0.513474080471962,5.994994513918223e-22,1.414115792088535e-13,3.8594577274536307e+65,3930782596568.4824,1786719362076.6335,8.34929115515401e-05,3.270726887672569e+64,green
400.52508361204013,77268925.41764235,0.0,99501229.60265864,0.0,0.6661188429337687,0.5134649816664341,5.747611660575889e-22,1.474835808961356e-13,4.258233691776379e+65,3986387222814.998,1811994192188.6863,8.232830011727034e-05,3.608672620149474e+64,green
400.80602006688963,77268926.1874327,0.0,99501230.73885706,0.0,0.6661264701870959,0.513456009291368,5.510437036112303e-22,1.5381651586965702e-13,4.698212923687737e+65,4042778428930.5493,1837626558604.8462,8.117993341285327e-05,3.981536376006559e+64,green
401.0869565217391,77268926.90921003,0.0,99501231.80418901,0.0,0.6661339914418641,0.5134471615966366,5.283049398977312e-22,1.6042160324400753e-13,5.1836527241747235e+65,4099967341829.065,1863621519013.2622,8.00475848466205e-05,4.392926037436208e+64,green
401.3678929765886,77268927.58596899,0.0,99501232.80307454,0.0,0.6661414081658039,0.5134384368561549,5.065044890109863e-22,1.6731054468204606e-13,5.719250276869872e+65,4157965245825.164,1889984202647.8528,7.893103098754606e-05,4.846822268533791e+64,green
401.6488294314381,77268928.22051743,0.0,99501233.73965803,0.0,0.6661487218064709,0.5134298333675558,4.856036315654262e-22,1.744955451548383e-13,6.310188099052167e+65,4216783584860.7397,1916719811300.3872,7.783005152115992e-05,5.347617033095057e+64,green
401.9297658862876,77268928.81548807,0.0,99501234.61782534,0.0,0.6661559337915193,0.5134213494518673,4.655652459269866e-22,1.819893345947007e-13,6.962184188068042e+65,4276433964763.027,1943833620346.881,7.674442920607634e-05,5.900156091583088e+64,green
402.2107023411371,77268929.37334949,0.0,99501235.44121999,0.0,0.6661630455289711,0.5134129834531977,4.4635374228220785e-22,1.8980519048005748e-13,7.681547349747461e+65,4336928155534.6377,1971330979788.5225,7.567394983112845e-05,6.509785889616493e+64,green
402.4916387959866,77268929.89641622,0.0,99501236.21325822,0.0,0.6661700584074828,0.5134047337384214,4.279349994277226e-22,1.9795696139199986e-13,8.475238243134011e+65,4398278093675.963,1999217315307.3064,7.4618402173101e-05,7.182405290791536e+64,green
402.7725752508361,77268930.38685845,0.0,99501236.93714324,0.0,0.666176973796607,0.5133965986968718,4.102763041682237e-22,2.0645909158448777e-13,9.350936732810517e+65,4460495884540.451,2027498129336.6191,7.357757795505242e-05,7.92452265492417e+64,green
403.0535117056856,77268930.84671104,0.0,99501237.61587842,0.0,0.6661837930470523,0.5133885767400357,3.933462932152037e-22,2.1532664661179315e-13,1.0317116200542122e+66,4523593804723.1875,2056179002146.954,7.255127180521838e-05,8.743318814018752e+64,green
403.3344481605351,77268931.27788192,0.0,99501238.25227983,0.0,0.6661905174909388,0.513380666301254,3.771148974830606e-22,2.2457534005857366e-13,1.13831255344445e+66,4587584304483.273,2085265592946.9937,7.153928121648857e-05,9.646716554613986e+64,green
403.61538461538464,77268931.68215999,0.0,99501238.84898789,0.0,0.6661971484420505,0.5133728658354243,3.6155328868414436e-22,2.342215614202851e-13,1.255927959095511e+66,4652480010200.459,2114763641000.259,7.054140650644885e-05,1.064345728047044e+65,green
403.8963210702341,77268932.06122258,0.0,99501239.40847832,0.0,0.666203687196084,0.5133651738187088,3.466338281270819e-22,2.4428240518300615e-13,1.3856959001619596e+66,4718293726866.545,2144678966757.571,6.95574507779803e-05,1.1743185594592885e+65,green
404.17725752508363,77268932.41664246,0.0,99501239.93307246,0.0,0.6662101350308949,0.5133575887482457,3.3233001762851655e-22,2.5477570115488983e-13,1.5288720295256937e+66,4785038440612.02,2175017473005.5137,6.858721988040846e-05,1.2956542623099105e+65,green
404.45819397993307,77268932.74989423,0.0,99501240.42494684,0.0,0.6662164932067394,0.513350109141864,3.1861645244983575e-22,2.6572004610235836e-13,1.6868417394835266e+66,4852727321268.424,2205785146031.1523,6.763052237119404e-05,1.429526897867396e+65,green
404.7391304347826,77268933.06236057,0.0,99501240.88614224,0.0,0.6662227629665142,0.5133427335378025,3.0546877617659745e-22,2.771348367480362e-13,1.861133567206235e+66,4921373724966.993,2236988056803.2295,6.668716947815827e-05,1.5772318366154537e+65,green
405.0200668896321,77268933.35533792,0.0,99501241.31857216,0.0,0.6662289455359924,0.5133354604944326,2.9286363745924025e-22,2.890403041881118e-13,2.0534339848529893e+66,4990991196774.02,2268632362170.0605,6.5756975062235e-05,1.7401982922482966e+65,green
405.3010033444816,77268933.6300418,0.0,99501241.72403076,0.0,0.6662350421240569,0.5133282885899842,2.8077864853945533e-22,3.014575497911558e-13,2.2656037183539415e+66,5061593473363.543,2300724306074.3887,6.483975558074234e-05,1.9200031511474088e+65,green
405.5819397993311,77268933.88761196,0.0,99501242.10420027,0.0,0.6662410539229295,0.5133212164222761,2.691923454874363e-22,3.144085826411893e-13,2.4996957518020944e+66,5133194485727.803,2333270220785.4165,6.393533005116666e-05,2.1183862303407584e+65,green
405.8628762541806,77268934.12911707,0.0,99501242.46065801,0.0,0.6662469821083982,0.5133142426084487,2.580841500804184e-22,3.2791635859241126e-13,2.757975192679192e+66,5205808361926.065,2366276528148.2637,6.304352001545194e-05,2.3372671124399935e+65,green
406.1438127090301,77268934.35555913,0.0,99501242.79488292,0.0,0.6662528278400408,0.5133073657847018,2.474343332538593e-22,3.420048210040082e-13,3.0429411890857756e+66,5279449429872.3125,2399749740851.103,6.216414950478673e-05,2.578763719564217e+65,green
406.4247491638796,77268934.56787764,0.0,99501243.10826172,0.0,0.6662585922614463,0.5133005846060344,2.3722398006118987e-22,3.566989432282423e-13,3.3573511121163254e+66,5354132220162.377,2433696463710.223,6.129704500488303e-05,2.8452128068782423e+65,green
406.7056856187291,77268934.76695351,0.0,99501243.40209459,0.0,0.6662642765004324,0.5132938977459897,2.274349560791632e-22,3.7202477292643046e-13,3.7042472363124125e+66,5429871468941.076,2468123394973.2686,6.0442035421738644e-05,3.1391925731461123e+65,green
406.9866220735786,77268934.95361272,0.0,99501243.67760064,0.0,0.6662698816692602,0.5132873038964003,2.180498751997613e-22,3.88009478292237e-13,4.086986177374894e+66,5506682120809.889,2503037327640.91,5.959895204787776e-05,3.4635476079448263e+65,green
407.2675585284281,77268935.12862967,0.0,99501243.93592294,0.0,0.6662754088648469,0.5132808017671417,2.0905206875094836e-22,4.0468139626369545e-13,4.509271371048203e+66,5584579331775.771,2538445150807.2207,5.876762852906212e-05,3.8214164161425454e+65,green
407.5484949832776,77268935.29273058,0.0,99501244.17813326,0.0,0.6662808591689756,0.513274390085884,2.0042555589180803e-22,4.220700828100855e-13,4.975188908232494e+66,5663578472241.697,2574353851019.006,5.7947900831466557e-05,4.2162617866377065e+65,green
407.8294314381271,77268935.44659625,0.0,99501244.40523656,0.0,0.6662862336485001,0.5132680675978508,1.9215501522923124e-22,4.4020636538256835e-13,5.489247072502642e+66,5743695130039.471,2610770513654.357,5.713960720931258e-05,4.651904298731052e+65,green
408.11036789297657,77268935.59086508,0.0,99501244.61817507,0.0,0.6662915333555507,0.5132618330655786,1.842257576058641e-22,4.591223976218904e-13,6.056419962858894e+66,5824945113505.482,2647702324320.7256,5.634258817295299e-05,5.132559290558384e+65,green
408.39130434782606,77268935.72613563,0.0,99501244.81783228,0.0,0.6662967593277337,0.5132556852686807,1.7662370001099852e-22,4.788517164203347e-13,6.682195623984268e+66,5907344454599.949,2685156570272.756,5.55566864574022e-05,5.662877647444294e+65,green
408.67224080267556,77268935.85296914,0.0,99501245.00503655,0.0,0.6663019125883308,0.5132496230036148,1.6933534056792198e-22,4.994293014388894e-13,7.372629148973653e+66,5990909412070.276,2723140641850.1772,5.478174699130508e-05,6.247990804214958e+65,green
408.9531772575251,77268935.97189185,0.0,99501245.18056458,0.0,0.6663069941464943,0.5132436450834522,1.623477345535838e-22,5.208916371859967e-13,8.134401269868706e+66,6075656474659.191,2761662033936.0483,5.401761686633894e-05,6.893560398193816e+65,green
409.23411371237455,77268936.08339716,0.0,99501245.34514467,0.0,0.6663120049974403,0.5132377503376513,1.5564847140757297e-22,5.432767777670082e-13,8.974883000492582e+66,6161602364358.218,2800728347435.606,5.326414530704223e-05,7.605833051264901e+65,green
409.5150501672241,77268936.18794772,0.0,99501245.49945965,0.0,0.6663169461226394,0.5132319376118334,1.4922565269009577e-22,5.666244144207908e-13,9.902206960498355e+66,6248764039707.234,2840347290776.068,5.2521183641063884e-05,8.391700813981659e+65,green
409.79598662207354,77268936.28597727,0.0,99501245.64414975,0.0,0.6663218184900048,0.5132262057675618,1.4306787094922291e-22,5.909759459616207e-13,1.0925346066509083e+67,6337158699140.648,2880526681427.619,5.1788585269827976e-05,9.2587678529738e+65,green
410.0769230769231,77268936.3778926,0.0,99501245.77981532,0.0,0.6663266230540769,0.5132205536821245,1.371641894604649e-22,6.163745522533637e-13,1.2054200356666285e+67,6426803784380.941,2921274447445.934,5.1066205639607355e-05,1.0215424031073125e+66,green
410.3578595317726,77268936.464075,0.0,99501245.90701918,0.0,0.6663313607562074,0.5132149802483176,1.315041228021182e-22,6.428652708443977e-13,1.3299692783342476e+67,6517716983880.208,2962598629036.51,5.0353902213000744e-05,1.1270926087578371e+66,green
410.6387959866221,77268936.54488207,0.0,99501246.02628915,0.0,0.6663360325247392,0.5132094843742349,1.2607761823242428e-22,6.704950769013684e-13,1.4673874906700236e+67,6609916236310.366,3004507380141.1274,4.965153444080798e-05,1.2435487209067998e+66,green
410.9197324414716,77268936.62064908,0.0,99501246.13812009,0.0,0.6663406392751843,0.5132040649830577,1.2087503783496089e-22,6.993129665816772e-13,1.6190043505671595e+67,6703419734102.771,3047008970046.766,4.895896373429704e-05,1.3720375852264065e+66,green
411.2006688963211,77268936.69169039,0.0,99501246.24297594,0.0,0.6663451819104004,0.5131987210128485,1.1588714140101791e-22,7.293700439947354e-13,1.7862869241120988e+67,6798245927037.876,3090111785017.2686,4.827605343785842e-05,1.513802478061101e+66,green
411.4816053511706,77268936.75830074,0.0,99501246.34129177,0.0,0.6663496613207628,0.5131934514163468,1.111050700181385e-22,7.607196119044225e-13,1.9708538609541578e+67,6894413525885.669,3133824329948.0825,4.760266880204064e-05,1.6702151364018286e+66,green
411.76254180602007,77268936.8207565,0.0,99501246.43347548,0.0,0.6663540783843369,0.5131882551607688,1.0652033033604383e-22,7.934172663356892e-13,2.174491056752469e+67,6991941506097.63,3178155230044.4287,4.693867695696198e-05,1.8427890311461602e+66,green
412.04347826086956,77268936.87931678,0.0,99501246.51990955,0.0,0.666358433967046,0.513183131227609,1.0212477948168277e-22,8.275209952515022e-13,2.3991689335962718e+67,7090849111550.876,3223113232523.1777,4.6283946886093145e-05,2.0331940115222643e+66,green
412.32441471571906,77268936.93422456,0.0,99501246.60095258,0.0,0.666362728922838,0.5131780786124434,9.791061059687348e-23,8.630912814769575e-13,2.6470615062270596e+67,7191155858345.333,3268707208338.8403,4.563834940040535e-05,2.2432724629042876e+66,green
412.60535117056855,77268936.98570766,0.0,99501246.67694084,0.0,0.6663669640938495,0.5131730963247383,9.387033897264707e-23,9.001912100519143e-13,2.920567417995478e+67,7292881538654.548,3314946153933.938,4.5001757112879374e-05,2.4750571338944723e+66,green
412.88628762541805,77268937.03397968,0.0,99501246.7481896,0.0,0.6663711403105681,0.5131681833876591,8.999678875581482e-23,9.388865802038519e-13,3.222333150548448e+67,7396046224631.032,3361839193014.1577,4.437404441336992e-05,2.7307908055495323e+66,green
413.16722408026754,77268937.07924089,0.0,99501246.81499444,0.0,0.666375258391992,0.5131633388378821,8.628308020405668e-23,9.792460221390705e-13,3.555278631534525e+67,7500670272366.822,3409395578348.6074,4.375508744382067e-05,3.012947992825868e+66,green
413.44816053511704,77268937.1216791,0.0,99501246.87763254,0.0,0.6663793191457871,0.5131585617254095,8.272261746692992e-23,1.0213411188598163e-12,3.922625488183569e+67,7606774325910.054,3457624693595.5303,4.314476407382514e-05,3.32425888829116e+66,green
413.72909698996654,77268937.16147038,0.0,99501246.93636383,0.0,0.6663833233684436,0.5131538511133865,7.930907687111927e-23,1.0652465332240122e-12,4.3279282203730365e+67,7714379321338.412,3506536055153.8745,4.2542953876528166e-05,3.667735779977149e+66,green
414.01003344481603,77268937.1987798,0.0,99501246.99143195,0.0,0.6663872718454287,0.5131492060779212,7.603639568903919e-23,1.1110401404721247e-12,4.775108594194302e+67,7823506490890.126,3556139314041.017,4.194953810486388e-05,4.046702198469747e+66,green
414.2909698996655,77268937.23376217,0.0,99501247.0430654,0.0,0.666391165351338,0.5131446257079066,7.28987613709851e-23,1.1588031664583412e-12,5.268493589942327e+67,7934177367153.467,3606444257797.081,4.136439966812479e-05,4.4648250762223116e+66,green
414.571906354515,77268937.26656266,0.0,99501247.09147838,0.0,0.666395004650045,0.5131401091048448,6.98906012215047e-23,1.2086203318288044e-12,5.81285726999092e+67,8046413787315.467,3657460812416.1714,4.078742310885801e-05,4.926150228805864e+66,green
414.8528428093646,77268937.2973173,0.0,99501247.13687177,0.0,0.6663987904948482,0.5131356553826741,6.700657250190498e-23,1.2605800024063773e-12,6.413466974012239e+67,8160237897470.746,3709199044304.9355,4.021849458008354e-05,5.435141503400203e+66,green
415.133779264214,77268937.32615376,0.0,99501247.17943388,0.0,0.6664025236286166,0.5131312636675984,6.424155294104166e-23,1.3147743460449675e-12,7.076134285693678e+67,8275672156991.33,3761669162268.8374,3.9657501822830336e-05,5.9967239709268476e+66,green
415.41471571906357,77268937.35319163,0.0,99501247.21934137,0.0,0.666406204783933,0.5131269330979186,6.159063163781128e-23,1.3712994962361959e-12,7.807271267304532e+67,8392739342958.236,3814881519526.522,3.910433414398582e-05,6.61633158246147e+66,green
415.695652173913,77268937.37854311,0.0,99501247.25675973,0.0,0.6664098346832351,0.5131226628238656,5.904910033892838e-23,1.4302557227545146e-12,8.613952502785431e+67,8511462554655.769,3868846615752.673,3.855888239445428e-05,7.29995974812325e+66,green
415.97658862876256,77268937.40231338,0.0,99501247.29184426,0.0,0.6664134140389555,0.5131184520074379,5.661244507673778e-23,1.4917476096482508e-12,9.503983553395824e+67,8631865218129.395,3923575099149.776,3.802103894761995e-05,8.054223350335448e+66,green
416.25752508361205,77268937.42460105,0.0,99501247.32474053,0.0,0.6664169435536583,0.5131142998222381,5.427633815198814e-23,1.555884240888134e-12,1.0485976484400966e+68,8753971090808.064,3979077768549.1714,3.7490697678110585e-05,8.886420749492347e+66,green
416.53846153846155,77268937.4454986,0.0,99501247.355585,0.0,0.6664204239201762,0.5131102054533148,5.2036630447528584e-23,1.622779394007413e-12,1.1569433197671826e+68,8877804266191.984,4035365575541.862,3.6967753940857066e-05,9.804604404806637e+66,green
416.81939799331104,77268937.46509275,0.0,99501247.38450564,0.0,0.6664238558217436,0.5131061680970043,4.988934405909752e-23,1.6925517420730592e-12,1.2764837372374264e+68,9003389178606.627,4092449626639.4263,3.6452104550445256e-05,1.0817658790147686e+67,green
417.10033444816054,77268937.48346478,0.0,99501247.41162248,0.0,0.6664272399321283,0.513102186960776,4.783066523027281e-23,1.765325064350808e-12,1.4083755907542732e+68,9130750608024.045,4150341185465.5254,3.59436477607558e-05,1.1935386362324358e+67,green
417.38127090301003,77268937.50069092,0.0,99501247.43704797,0.0,0.6664305769157626,0.5130982612630787,4.585693757890025e-23,1.8412284660343305e-12,1.5538950844068356e+68,9259913684952.361,4209051674978.397,3.544228324488794e-05,1.316860241022743e+67,green
417.66220735785953,77268937.51684263,0.0,99501247.46088767,0.0,0.6664338674278711,0.5130943902331898,4.3964655603081406e-23,1.9203966074320205e-12,1.7144502852832097e+68,9390903895394.42,4268592679724.786,3.494791207536348e-05,1.4529239705789924e+67,green
417.943143812709,77268937.53198695,0.0,99501247.48324043,0.0,0.6664371121145982,0.513090573111066,4.215045845509953e-23,2.002969943015653e-12,1.8915947480610375e+68,9523747085876.62,4328975948125.7856,3.446043670460653e-05,1.6030463966618968e+67,green
418.2240802675585,77268937.5461867,0.0,99501247.504199,0.0,0.6664403116131323,0.5130868091471967,4.04111239722878e-23,2.089094970757353e-12,2.0870425474581998e+68,9658469468548.842,4390213394794.9775,3.397976094569596e-05,1.7686801249645764e+67,green
418.505016722408,77268937.55950078,0.0,99501247.52385037,0.0,0.6664434665518298,0.513083097602459,3.874356295420281e-23,2.178924492196534e-12,2.302684863861143e+68,9795097626356.545,4452317102889.387,3.350578995338608e-05,1.9514278507297827e+67,green
418.7859531772575,77268937.57198444,0.0,99501247.54227605,0.0,0.6664465775503361,0.5130794377479739,3.7144813675946206e-23,2.272617883698649e-12,2.540608282600618e+68,9933658518286.021,4515299326493.695,3.3038430205392026e-05,2.153057866610694e+67,green
419.066889632107,77268937.58368948,0.0,99501247.5595525,0.0,0.6664496452197066,0.5130758288649663,3.561203662791164e-23,2.370341379388655e-12,2.803114984163382e+68,10074179484683.828,4579172493038.153,3.2577589483936467e-05,2.3755211730198162e+67,green
419.3478260869565,77268937.59466442,0.0,99501247.57575138,0.0,0.6664526701625242,0.5130722702446249,3.414250947256334e-23,2.472268366258863e-12,3.092745020211935e+68,10216688252651.518,4643949205750.74,3.2123176857553305e-05,2.6209703561118098e+67,green
419.628762541806,77268937.60495487,0.0,99501247.59093992,0.0,0.666455652973016,0.5130687611879657,3.273362220936752e-23,2.5785796919796773e-12,3.412300891779273e+68,10361212941516.645,4709642246143.98,3.167510266314551e-05,2.8917804167620965e+67,green
419.9096989966555,77268937.61460347,0.0,99501247.60518111,0.0,0.6664585942371694,0.5130653010056958,3.138287253918786e-23,2.689463985953494e-12,3.7648746662693874e+68,10507782068381.15,4776264576536.9375,3.123327848829312e-05,3.190571751075752e+67,green
420.19063545150505,77268937.6236503,0.0,99501247.61853409,0.0,0.6664614945328449,0.5130618890180806,3.0087861420028774e-23,2.8051179941898124e-12,4.153877897203158e+68,10656424553748.29,4843829342612.911,3.079761715380795e-05,3.5202355061043715e+67,green
420.4715719063545,77268937.63213284,0.0,99501247.63105418,0.0,0.666464354429888,0.5130585245548114,2.8846288806110056e-23,2.9257469285871446e-12,4.583074634373468e+68,10807169727229.082,4912349876013.2705,3.0368032696531797e-05,3.883961554553787e+67,green
420.75250836120404,77268937.64008631,0.0,99501247.6427934,0.0,0.6664671744902411,0.5130552069548758,2.7655949562825616e-23,3.0515648312515915e-12,5.056617845875572e+68,10960047333329.572,4981839696968.038,2.9944440352374404e-05,4.285269360911502e+67,green
421.0334448160535,77268937.64754371,0.0,99501247.65380043,0.0,0.6664699552680501,0.5130519355664295,2.651472955021745e-23,3.1827949544891577e-12,5.579089602218323e+68,11115087537319.877,5052312516963.633,2.952675653958813e-05,4.72804203577824e+67,green
421.314381270903,77268937.654536,0.0,99501247.66412091,0.0,0.6664726973097748,0.5130487097466697,2.5420601868114447e-23,3.3196701571564696e-12,6.15554541370484e+68,11272320931186.316,5123782241448.377,2.9114898842275935e-05,5.216563909919356e+67,green
421.5953177257525,77268937.66109215,0.0,99501247.6737977,0.0,0.6664754011542925,0.5130455288617103,2.4371623256169474e-23,3.462433318063927e-12,6.791563147615479e+68,11431778539667.69,5196262972576.274,2.8708785994129306e-05,5.755561989504642e+67,green
421.876254180602,77268937.66723937,0.0,99501247.68287092,0.0,0.6664780673330042,0.5130423922864596,2.3365930642489845e-23,3.6113377671749487e-12,7.493297001091933e+68,11593491826376.979,5269769011989.586,2.830833786239317e-05,6.350251695840622e+67,green
422.1571906354515,77268937.6730032,0.0,99501247.69137822,0.0,0.6664806963699369,0.5130392994044982,2.2401737834651635e-23,3.7666477353578585e-12,8.2675370493618425e+68,11757492700009.643,5344314863640.798,2.7913475432054252e-05,7.006387329967664e+67,green
422.438127090301,77268937.67840752,0.0,99501247.69935492,0.0,0.666483288781846,0.513036249607959,2.14773323472904e-23,3.9286388234976524e-12,9.121774948087184e+68,11923813520639.73,5419915236654.476,2.7524120790250197e-05,7.730317752616259e+67,green
422.7190635451505,77268937.68347478,0.0,99501247.70683411,0.0,0.6664858450783155,0.5130332422974105,2.059107236057519e-23,4.0975984917928406e-12,1.006427642310426e+69,12092487106105.047,5496585048229.619,2.714019711089607e-05,8.529047816190051e+67,green
423.0,77268937.68822598,0.0,99501247.7138468,0.0,0.6664883657618568,0.5130302768817391,1.9741383804206734e-23,4.273826570112265e-12,1.1104161250888387e+69,12263546738482.668,5574339426583.083,2.6761628639525252e-05,9.410306144820667e+67,black
424.2608695652174,76631952.57089494,0.0,105220688.88027045,0.0,0.6664992532634186,0.5130174684256315,1.6339519756204927e-23,5.162918295096784e-12,1.726401495324675e+69,13061574302879.184,5937079228581.498,2.512656407262712e-05,1.4630521146819278e+68,black
425.5217391304348,75371669.47066253,0.0,106857739.38033845,0.0,0.6665094763012384,0.5130054416349126,1.3523869882082653e-23,6.237021933906828e-12,2.6840947776924664e+69,13911532031250.684,6323423650568.544,2.3591397616142016e-05,2.2746565912648025e+68,black
426.7826086956522,74030679.2555307,0.0,106637540.37779735,0.0,0.6665190753965682,0.5129941488642861,1.1193416900645418e-23,7.534643844534297e-12,4.173052905318759e+69,14816799182764.17,6734908719438.31,2.215002576038932e-05,3.536485512982e+68,black
428.04347826086956,72824483.25575754,0.0,105699202.93374076,0.0,0.6665280885949154,0.5129835453614352,9.264550975728587e-24,9.10230562543882e-12,6.4879864510532496e+69,15780974915573.248,7173170416169.707,2.0796717903893585e-05,5.498293602587499e+68,black
429.30434782608694,71818527.00541583,0.0,104586594.51664388,0.0,0.6665365516234304,0.5129735890954943,7.668070040073109e-24,1.0996212645079962e-11,1.0087091907314685e+70,16807892596374.643,7639951180170.345,1.9526093569735953e-05,8.548382972300581e+68,black
430.5652173913044,71013317.8123354,0.0,103537179.98904301,0.0,0.6665444980340217,0.5129642405934635,6.346697027574439e-24,1.3284269925460344e-11,1.5682742853220304e+70,17901635041094.88,8137106836861.36,1.8333101013871613e-05,1.3290460045101952e+69,black
431.82608695652175,70384510.67945579,0.0,102637819.59630921,0.0,0.6665519593361103,0.5129554627855676,5.253024939693621e-24,1.604851769430658e-11,2.4382490579000155e+70,19066550747336.34,8666613976062.022,1.7212997140422363e-05,2.066312760932217e+69,black
433.0869565217391,69901167.64645804,0.0,101905229.98350991,0.0,0.666558965120739,0.5129472208595702,4.347816021019162e-24,1.938807397552563e-11,3.790828252418029e+70,20307271183119.68,9230577810508.99,1.6161328644091457e-05,3.2125663156085e+69,black
434.3478260869565,69533551.34535997,0.0,101326284.98298198,0.0,0.6665655431769753,0.5129394821237332,3.5985940233768126e-24,2.3422689777172646e-11,5.893728859552164e+70,21628729200659.12,9831240545754.193,1.5173914304726915e-05,4.99468547419675e+69,black
435.60869565217394,69255989.59416792,0.0,100877534.36381334,0.0,0.6665717196012368,0.5129322158779989,2.9784790530413904e-24,2.8297044412719774e-11,9.163179536759729e+70,23036178648380.027,10470990294718.24,1.4246828363640022e-05,7.765406387084516e+69,black
436.8695652173913,69047500.44940001,0.0,100534179.06763798,0.0,0.6665775189000221,0.5129253932929454,2.465223198776476e-24,3.418593504335839e-11,1.4246305051444143e+71,24535215259152.062,11152370572341.89,1.3376384915586589e-05,1.2073139874105204e+70,black
438.1304347826087,68891473.79144575,0.0,100273807.61457656,0.0,0.66658296408646,0.512918987296064,2.040412341856126e-24,4.1300546608963963e-11,2.2149212159823307e+71,26131798897785.52,11878090408084.377,1.2559123254356755e-05,1.877051877951128e+70,black
439.39130434782606,68775022.19619483,0.0,100077609.3544986,0.0,0.6665880767710435,0.5129129724649237,1.6888055113488207e-24,4.989602707415249e-11,3.443612905432398e+71,27832277256242.19,12651035116473.775,1.1791794113710322e-05,2.918316021552879e+70,black
440.6521739130435,68688279.06844357,0.0,99930437.85716294,0.0,0.6665928772468975,0.5129073249268103,1.3977880826615858e-24,6.028063974397151e-11,5.353901419548544e+71,29643411090768.062,13474277768530.988,1.1071346748954366e-05,4.5372045928377493e+70,black
441.9130434782609,68623759.42057845,0.0,99820406.02221614,0.0,0.6665973845698954,0.5129020222644486,1.1569192017085903e-24,7.282682098133086e-11,8.323891563133703e+71,31572401101285.72,14351091409675.375,1.0394916807802123e-05,7.054145392486193e+70,black
443.17391304347825,68575821.48030895,0.0,99738340.29247655,0.0,0.6666016166339328,0.5128970434274414,9.575571976071111e-25,8.798454001499204e-11,1.294143566070293e+72,33626916559913.336,15284962072687.93,9.759814942290097e-06,1.096731835652791e+71,black
444.4347826086956,68540232.38114487,0.0,99677241.91117986,0.0,0.666605590241646,0.5128923686490783,7.925495448040852e-25,1.0629744011521894e-10,2.012048759785259e+72,35815125802431.46,16279602637468.896,9.163516116476749e-06,1.705126067614627e+71,black
445.69565217391306,68513826.94528544,0.0,99631814.02730568,0.0,0.6666093211708435,0.512887979368193,6.559762513809299e-25,1.2842234019695373e-10,3.128200238267195e+72,38145728703925.38,17338967592693.416,8.603649567412297e-06,2.6510171510738955e+71,black
446.95652173913044,68494244.17705418,0.0,99598070.73988205,0.0,0.6666128242369096,0.5128838581557597,5.429374670603529e-25,1.5515279646766105e-10,4.863518681178486e+72,40627991267719.96,18467268758054.586,8.077989379466447e-06,4.121626000998719e+71,black
448.2173913043478,68479726.13133003,0.0,99573025.05044901,0.0,0.6666161133514222,0.5128799886459471,4.49377690910836e-25,1.8744756939352236e-10,7.561476938967406e+72,43271782465124.87,19668992029602.273,7.5844456345395734e-06,6.408031304209667e+71,black
449.47826086956525,68468965.63932817,0.0,99554445.29994461,0.0,0.6666192015772086,0.5128763554713582,3.719402718359583e-25,2.2646501723963632e-10,1.1756083865737046e+73,46087613472458.26,20948915214753.816,7.121056102972285e-06,9.962782937065293e+71,black
450.7391304347826,68460991.69197232,0.0,99540667.87611786,0.0,0.6666221011800615,0.5128729442022031,3.07846981751608e-25,2.736046500604688e-10,1.8277581082897547e+73,49086679461346.91,22312127027885.016,6.6859784421181445e-06,1.5489475493980972e+72,black
452.0,68455083.53002682,0.0,99530454.66846815,0.0,0.6666248236773081,0.5128697412891671,2.5479834088893358e-25,3.3055733490430845e-10,2.84167733116337e+73,52280904108452.516,23764047322023.934,6.27748287156266e-06,2.4082011281045507e+72,black
453.2608695652174,68450706.44866398,0.0,99522885.3676321,0.0,0.6666273798834289,0.5128667340097525,2.108911191863955e-25,3.993659533659739e-10,4.4180518296015295e+73,55682987001586.195,25310448637084.688,5.8939452958666385e-06,3.744111720001296e+72,black
454.5217391304348,68447463.9363899,0.0,99517276.51685014,0.0,0.6666297799529011,0.5128639104178826,1.7455005396238462e-25,4.824986876110524e-10,6.868894562700842e+73,59306454130687.586,26957479150312.59,5.5338408474913425e-06,5.821097087034611e+72,black
455.7826086956522,68445062.05185921,0.0,99513120.90186359,0.0,0.6666320334204374,0.5128612592965691,1.4447133409796315e-25,5.829375640546728e-10,1.0679302627756746e+74,63165711664411.18,28711687120186.957,5.195737824233407e-06,9.050256464200632e+72,black
457.04347826086956,68443282.94244225,0.0,99510042.2958626,0.0,0.6666341492387752,0.5128587701134597,1.1957582310769793e-25,7.042854312641127e-10,1.6603472884047846e+74,67276103226124.086,30580046920965.55,4.878291997065915e-06,1.4070739732243935e+73,black
458.30434782608694,68441965.17686726,0.0,99507761.73908035,0.0,0.6666361358141673,0.5128564329790921,9.897034287915133e-26,8.508952100044174e-10,2.581398068969666e+74,71653970897033.08,32569986771378.72,4.5802412657548265e-06,2.1876254821776834e+73,black
459.5652173913044,68440989.14873803,0.0,99506072.45151006,0.0,0.666638001039709,0.5128542386076854,8.191562905483871e-26,1.0280260523873981e-09,4.0133868601217885e+74,76316720188977.25,34689418267716.977,4.3004006410024315e-06,3.4011753051879576e+73,black
460.82608695652175,68440266.24914317,0.0,99504821.18974592,0.0,0.6666397523266417,0.5128521782803223,6.779980838950102e-26,1.2420320124836517e-09,6.239748252131056e+74,81282889245204.5,36946767838729.375,4.037657533167891e-06,5.287922247568692e+73,black
462.0869565217391,68439730.8382495,0.0,99503894.40443791,0.0,0.6666413966337436,0.5128502438103697,5.611644652787328e-26,1.5005899971505597e-09,9.70114758602441e+74,86572222544260.27,39351010247391.09,3.7909673288337013e-06,8.221311513580006e+73,black
463.3478260869565,68439334.2940654,0.0,99503207.96873797,0.0,0.6666429404949349,0.5128484275110083,4.644637862137784e-26,1.8129751750610904e-09,1.5082702167281391e+75,92205749400020.25,41911704272736.55,3.559349237631354e-06,1.2781950989221516e+74,black
464.60869565217394,68439040.60192843,0.0,99502699.56015162,0.0,0.6666443900451995,0.5128467221647385,3.844267091945782e-26,2.19039372455042e-09,2.344958703593189e+75,98205867569966.98,44639030713621.41,3.341882392813949e-06,1.987253138638296e+74,black
465.8695652173913,68438823.08638012,0.0,99502323.01237048,0.0,0.6666457510449268,0.5128451209947439,3.181817380142489e-26,2.646384858012103e-09,3.645786584261923e+75,104596432304120.17,47543832865509.23,3.137702190072381e-06,3.0896496476795953e+74,black
467.1304347826087,68438661.9898362,0.0,99502044.12878938,0.0,0.6666470289027703,0.5128436176380013,2.633521968800756e-26,3.197306545976407e-09,5.668227673970861e+75,111402851188661.14,50637659631209.68,2.9459968500388856e-06,4.803582774551576e+74,black
468.39130434782606,68438542.6788102,0.0,99501837.5800647,0.0,0.6666482286971137,0.5128422061200292,2.1797096223810898e-26,3.8629223668601044e-09,8.812585218920115e+75,118652185161329.92,53932811436968.22,2.76600419081108e-06,7.468292558406878e+74,black
469.6521739130435,68438454.31513667,0.0,99501684.60536152,0.0,0.6666493551962277,0.5128408808311734,1.8040988813410885e-26,4.667110536420446e-09,1.3701224211078785e+76,126373256100212.34,57442389136460.234,2.5970085976645935e-06,1.161120695854134e+75,black
470.9130434782609,68438388.87170586,0.0,99501571.30928719,0.0,0.6666504128771976,0.5128396365043424,1.493213930991719e-26,5.6387205543388025e-09,2.130175654687853e+76,134596761413667.78,61180346097121.79,2.4383381779063967e-06,1.8052336056676716e+75,black
472.17391304347825,68438340.403417,0.0,99501487.40025614,0.0,0.6666514059436978,0.5128384681940972,1.2359011286844167e-26,6.8126082013678204e-09,3.3118561158615755e+76,143355396086983.94,65161543675901.875,2.289362089556948e-06,2.80665772530642e+75,black
473.4347826086956,68438304.50718911,0.0,99501425.25592792,0.0,0.666652338342681,0.5128373712570158,1.0229288437384425e-26,8.2308860190994e-09,5.1490546838777986e+76,152683982670991.7,69401810304996.29,2.1494880332404113e-06,4.363605664303219e+75,black
474.69565217391306,68438277.92201181,0.0,99501379.23095973,0.0,0.6666532137800503,0.5128363413332586,8.466562535353571e-27,9.944434135212624e-09,8.005409416970558e+76,162619609729447.53,73918004422476.2,2.0181598973110476e-06,6.7842452686191186e+75,black
475.95652173913044,68438258.23272333,0.0,99501345.14426431,0.0,0.6666540357353757,0.512835374329255,7.007592131538262e-27,1.201472563740612e-08,1.244628069957795e+77,173201779295622.84,78728081498010.45,1.8948555468530909e-06,1.054769550811691e+76,black
477.2173913043478,68438243.65061669,0.0,99501319.89923646,0.0,0.6666548074757119,0.5128344664014475,5.800033635485981e-27,1.4516031984195769e-08,1.9350653437401956e+77,184472563924357.9,83851165420162.77,1.7790847477634063e-06,1.6398858845255896e+76,black
478.47826086956525,68438232.85094991,0.0,99501301.20247135,0.0,0.6666555320685731,0.5128336139410269,4.8005633805893344e-27,1.7538087575250124e-08,3.008511518359265e+77,196476773963986.16,89307624529084.69,1.6703872176632736e-06,2.5495860325078526e+76,black
479.7391304347826,68438224.85260151,0.0,99501287.35543491,0.0,0.6666562123941182,0.5128328135595999,3.973323297654355e-27,2.1189309077102598e-08,4.677434581412034e+77,209262135713169.5,95119152596895.28,1.56833079588984e-06,3.963927611366131e+76,black
481.0,68438218.92894065,0.0,99501277.10016713,0.0,0.6666568511565896,0.5128320620757301,3.28863443226652e-27,2.5600685002924948e-08,7.272165697248528e+77,222879481170958.75,101308855077708.56,1.4725097252911925e-06,6.162852285803838e+76,black
482.2608695652174,68438214.54181588,0.0,99501269.50500524,0.0,0.6666574508950546,0.5128313565023008,2.7219321507196364e-27,3.093047509161799e-08,1.130628189612172e+78,237382950134487.8,107901340970221.78,1.3825430389934684e-06,9.581594827221798e+76,black
483.52173913043475,68438211.29266608,0.0,99501263.87994793,0.0,0.6666580139934942,0.5128306940346483,2.252884832813357e-27,3.7369888084527906e-08,1.7578258752050852e+78,252830205447800.75,114922820658091.3,1.2980730457257188e-06,1.489682945089055e+77,black
484.7826086956522,68438208.88631245,0.0,99501259.71397167,0.0,0.6666585426902727,0.5128300720394211,1.8646644327921662e-27,4.514994159989012e-08,2.732951323806895e+78,269282662257596.5,122401210117089.38,1.2187639076800355e-06,2.3160604439041483e+77,black
486.04347826086956,68438207.10414249,0.0,99501256.62860656,0.0,0.6666590390870302,0.5128294880441163,1.543342738287313e-27,5.454975021507022e-08,4.249011829696629e+78,286805732187366.4,130366241903348.38,1.1443003052522948e-06,3.600857482793753e+77,black
487.30434782608694,68438205.78424934,0.0,99501254.34355348,0.0,0.6666595051570332,0.5128289397272583,1.2773916667984597e-27,6.590653910629707e-08,6.606082359256735e+78,305469083400711.2,138849583363959.64,1.074386183354206e-06,5.598374880726046e+77,black
488.5652173913044,68438204.80672312,0.0,99501252.65121987,0.0,0.6666599427530155,0.5128284249091729,1.0572696718144617e-27,7.962774250321198e-08,1.0270699608962122e+79,325346917587796.3,147884962539907.44,1.0087435743116195e-06,8.703982719459426e+77,black
489.82608695652175,68438204.08275734,0.0,99501251.3978604,0.0,0.6666603536145391,0.5128279415433277,8.75079420034284e-28,9.620562101221035e-08,1.5968203955136456e+79,346518264976186.1,157508302261902.78,9.471114926684157e-07,1.3532376233166488e+78,black
491.0869565217391,68438203.54658097,0.0,99501250.46960968,0.0,0.6666607393749073,0.5128274877082001,7.2428445814900835e-28,1.162349222318549e-07,2.482630660615872e+79,369067298538962.3,167757862972255.66,8.892448975011013e-07,2.1039242886575185e+78,black
492.3478260869565,68438203.14948334,0.0,99501249.78213777,0.0,0.6666611015676551,0.5128270615996405,5.994747040167452e-28,1.4043421826746367e-07,3.859829830790754e+79,393083668649351.8,178674394840614.5,8.34913718117528e-07,3.27104222948369e+78,black
493.60869565217394,68438202.85538884,0.0,99501249.27298914,0.0,0.6666614416326438,0.5128266615237037,4.96172348740403e-28,1.6967168566790285e-07,6.001007946530371e+79,418662859512385.94,190301299778357.25,7.839019392650155e-07,5.085599954686755e+78,black
494.8695652173913,68438202.63757949,0.0,99501248.89590855,0.0,0.6666617609217829,0.5128262858899164,4.106712059825181e-28,2.0499625268807605e-07,9.329969960613314e+79,445906568790686.9,202684803995766.8,7.360067422096278e-07,7.90675420390959e+78,black
496.1304347826087,68438202.47626773,0.0,99501248.61663884,0.0,0.6666620607044026,0.5128259332049557,3.3990374484045545e-28,2.4767523134386453e-07,1.450561976295843e+80,474923111933699.7,215874141788045.4,6.91037698270306e-07,1.2292898104202058e+79,black
497.3913043478261,68438202.35679859,0.0,99501248.40980892,0.0,0.6666623421723007,0.5128256020667153,2.813310358103823e-28,2.992397843807705e-07,2.2552377509734194e+80,505827852817897.9,229921751280862.72,6.488160115999261e-07,1.9112184330283217e+79,black
498.6521739130435,68438202.26831855,0.0,99501248.25662857,0.0,0.6666626064444774,0.5128252911587313,2.328516614234154e-28,3.6153985837065676e-07,3.506294385563401e+80,538743662410103.7,244883482913683.56,6.091738082009345e-07,2.971435919968985e+79,black
499.9130434782609,68438202.20278932,0.0,99501248.1431817,0.0,0.6666628545715846,0.5128249992449498,1.927263235336351e-28,4.3681055376656206e-07,5.451354436093345e+80,573801407277471.5,260818821489759.84,5.719534683467958e-07,4.619791894994362e+79,black
501.17391304347825,68438202.15425774,0.0,99501248.05916177,0.0,0.6666630875401026,0.5128247251648131,1.5951544238823355e-28,5.277523130693239e-07,8.475405063038414e+80,611140469886355.5,277791122675616.28,5.37006999752779e-07,7.182546663591876e+79,black
502.4347826086956,68438202.11831477,0.0,99501247.99693577,0.0,0.6666633062762611,0.5128244678286469,1.32027508716907e-28,6.376278040117241e-07,1.3176998822020792e+81,650909302758657.4,295867864890298.94,5.04195449001324e-07,1.1166948154254911e+80,black
503.69565217391306,68438202.09169504,0.0,99501247.95085062,0.0,0.666663511649722,0.5128242262133273,1.0927633586451775e-28,7.703789736327865e-07,2.048672560960604e+81,693266018688874.5,315120917585852.2,4.73388348878956e-07,1.7361631872547493e+80,black
504.95652173913044,68438202.0719802,0.0,99501247.91671947,0.0,0.666663704477037,0.512823999358214,9.044567829859578e-29,9.307684727856342e-07,3.1851405002746934e+81,738379019368425.4,335626826985648.06,4.444631994241167e-07,2.699271610402283e+80,black
506.2173913043478,68438202.05737919,0.0,99501247.89144155,0.0,0.6666638855248942,0.5128237863613287,7.485994710725938e-29,1.1245505249606657e-06,4.9520456317828265e+81,786427664916539.6,357467120416608.94,4.173049806188405e-07,4.1966488404939216e+80,black
507.47826086956525,68438202.04656552,0.0,99501247.8727205,0.0,0.666664055513168,0.5128235863757704,6.195997184520685e-29,1.3586773696788293e-06,7.699112782344211e+81,837602986979627.1,380728630445284.8,3.918056947825304e-07,6.524671849444249e+80,black
508.7391304347826,68438202.03855681,0.0,99501247.85885553,0.0,0.6666642151177815,0.5128233986063458,5.128293913376994e-29,1.6415486870194822e-06,1.1970070965180179e+82,892108448234268.2,405503840106485.44,3.678639368435867e-07,1.0144127936593372e+81,black
510.0,68438202.0326255,0.0,99501247.84858696,0.0,0.6666643649733951,0.5128232223064069,4.244578827066557e-29,1.9833129518816882e-06,1.8610274061813065e+82,950160751313451.9,431891250597023.56,3.453844907748504e-07,1.5771418696451751e+81,black
511.2608695652174,68438202.0282327,0.0,99501247.84098196,0.0,0.6666645056759312,0.5128230567748805,3.5131468132485187e-29,2.396231529661378e-06,2.893402233491522e+82,1011990700372188.2,459995772896449.06,3.242779505821105e-07,2.4520357910945107e+81,black
512.5217391304348,68438202.02497937,0.0,99501247.83534962,0.0,0.6666646377849467,0.5128229013534785,2.907756230779559e-29,2.895118576002174e-06,4.498470284168672e+82,1077844118717907.5,489929144871776.0,3.0446036433172776e-07,3.8122629526853155e+81,black
513.7826086956521,68438202.02256991,0.0,99501247.83117826,0.0,0.6666647618258592,0.5128227554240784,2.4066874363895517e-29,3.497872522902115e-06,6.99392385312169e+82,1147982826153951.8,521810375524523.6,2.858528997941169e-07,5.927054112814992e+81,black
515.0434782608695,68438202.02078547,0.0,99501247.82808894,0.0,0.6666648782920382,0.5128226184062623,1.9919635474127806e-29,4.226118219303645e-06,1.0873689893063647e+83,1222685679921890.0,555766218146313.5,2.683815303647291e-07,9.214991434799702e+81,black
516.304347826087,68438202.01946388,0.0,99501247.82580097,0.0,0.6666649876467712,0.5128224897550058,1.6487054838221446e-29,5.105982764249338e-06,1.6905693338046154e+83,1302249683381213.2,591931674264187.5,2.5197674000366124e-07,1.4326858761056063e+82,black
517.5652173913044,68438202.0184851,0.0,99501247.82410647,0.0,0.6666650903251086,0.5128223689585059,1.3645981503606585e-29,6.16903286717812e-06,2.628385304830754e+83,1386991166834316.8,630450530379234.6,2.3657324600934466e-07,2.2274451735853844e+82,black
518.8260869565217,68438202.0177602,0.0,99501247.8228515,0.0,0.6666651867355984,0.512822255536143,1.1294486069463584e-29,7.453407365049944e-06,4.0864395044404685e+83,1477247045191464.2,671475929632483.5,2.2210973851125805e-07,3.4630843257970076e+82,black
520.0869565217391,68438202.01722334,0.0,99501247.82192202,0.0,0.6666652772619147,0.5128221490365633,9.348203757977238e-30,9.00518552763941e-06,6.353325668303148e+83,1573376157475986.5,715170980670902.5,2.0852863563150938e-07,5.384174295172161e+82,black
521.3478260869565,68438202.01682577,0.0,99501247.82123367,0.0,0.6666653622643899,0.512822049035878,7.737307652884525e-30,1.0880040241716945e-05,9.877730235222658e+83,1675760693495279.0,761709406134217.4,1.9577585332572442e-07,8.37095782645988e+82,black
522.6086956521739,68438202.0165313,0.0,99501247.82072389,0.0,0.666665442081453,0.5128219551359703,6.404003513969071e-30,1.3145235385448902e-05,1.5357241182602176e+84,1784807713349779.5,811276233340808.8,1.8380058897016693e-07,1.301461117169676e+83,black
523.8695652173913,68438202.01631321,0.0,99501247.82034637,0.0,0.6666655170309833,0.5128218669629048,5.300456288776236e-30,1.588203905287755e-05,2.3876422125770106e+84,1900950765821172.2,864068529918714.6,1.7255511781467939e-07,2.0234256038788221e+83,black
525.1304347826087,68438202.0161517,0.0,99501247.82006674,0.0,0.6666655874115819,0.5128217841654311,4.3870739308537034e-30,1.9188639207815083e-05,3.712148078906777e+84,2024651612074202.0,920296187306455.8,1.6199460147006718e-07,3.145888202463371e+83,black
526.3913043478261,68438202.01603206,0.0,99501247.81985964,0.0,0.6666656535037693,0.5128217064135765,3.631086952934668e-30,2.3183666372165047e-05,5.771402133500999e+84,2156402061525191.0,980182755238723.0,1.5207690764421636e-07,4.891018757204237e+83,black
527.6521739130435,68438202.01594348,0.0,99501247.81970625,0.0,0.6666657155711112,0.5128216333973211,3.005372753589838e-30,2.8010449732305712e-05,8.97299403967866e+84,2296725927176290.0,1043966330534677.4,1.4276244038377054e-07,7.604232237015813e+83,black
528.9130434782609,68438202.01587783,0.0,99501247.81959265,0.0,0.6666657738612789,0.5128215648253532,2.4874825376241948e-30,3.384215936003209e-05,1.3950617228450403e+85,2446181108189490.0,1111900503722495.1,1.3401398011787787e-07,1.182255697326305e+84,black
530.1739130434783,68438202.01582922,0.0,99501247.81950851,0.0,0.6666658286070476,0.5128215004238935,2.058835918970249e-30,4.088801903574568e-05,2.1689496303463533e+85,2605361807980259.5,1184255367263754.0,1.2579653283767407e-07,1.838092907073181e+84,black
531.4347826086956,68438202.0157932,0.0,99501247.81944619,0.0,0.6666658800272375,0.5128214399355904,1.7040543107854653e-30,4.9400812571640956e-05,3.372139326844439e+85,2774900896649534.5,1261318589386151.8,1.1807718778016334e-07,2.85774519224105e+84,black
532.695652173913,68438202.01576656,0.0,99501247.81940003,0.0,0.6666659283276016,0.5128213831184766,1.4104091867403872e-30,5.968595293961865e-05,5.242779030305073e+85,2955472427146569.0,1343396557793894.5,1.1082498301848625e-07,4.443033076529723e+84,black
533.9565217391305,68438202.01574683,0.0,99501247.81936583,0.0,0.666665973701663,0.5128213297449852,1.1673654187258248e-30,7.21124395774789e-05,8.15112582735687e+85,3147794315166428.5,1430815597802921.8,1.0401077839281823e-07,6.907733751997349e+84,black
535.2173913043479,68438202.01573221,0.0,99501247.81934054,0.0,0.6666660163315065,0.5128212796010201,9.662033072730709e-31,8.712609698930308e-05,1.2672830929759058e+86,3352631193436843.5,1523923269744019.8,9.760713524814113e-08,1.073968722860937e+85,black
536.4782608695652,68438202.0157214,0.0,99501247.81932181,0.0,0.6666660563885266,0.5128212324850775,7.997057442427706e-31,0.00010526556960200374,1.9702878740375594e+86,3570797451742481.5,1623089750792037.5,9.158820247792854e-08,1.6697354864725084e+85,black
537.7391304347826,68438202.01571335,0.0,99501247.81930795,0.0,0.6666660940341362,0.5128211882074146,6.618992840956365e-31,0.0001271816467264765,3.063273177157011e+86,3803160474773167.5,1728709306715076.5,8.59296084078292e-08,2.5959942179296717e+85,black
539.0,68438202.01570742,0.0,99501247.81929763,0.0,0.6666661294204383,0.5128211465892616,5.478398341394415e-31,0.0001536606109461794,4.762574383948305e+86,4050644090669072.5,1841201859395033.0,8.060835809264396e-08,4.036079986396871e+85,black
540.2608695652174,68438202.01570304,0.0,99501247.81929003,0.0,0.6666661626908613,0.5128211074620742,4.534352749452252e-31,0.0001856524476047904,7.404535427017908e+86,4314232243973585.5,1961014656351629.0,7.560273564588468e-08,6.275030022896534e+85,black
541.5217391304348,68438202.01569976,0.0,99501247.81928438,0.0,0.6666661939807661,0.5128210706668247,3.7529864707193087e-31,0.00022430492746655683,1.1512081590664253e+87,4594972907596770.0,2088624048907622.5,7.089221127748358e-08,9.75600134802055e+85,black
542.7826086956521,68438202.01569736,0.0,99501247.81928022,0.0,0.6666662234180217,0.5128210360533266,3.1062663686902817e-31,0.0002710047853354642,1.7898222495643267e+87,4893982249342624.0,2224537386064828.8,6.645735278649698e-08,1.5167985165799375e+86,black
544.0434782608695,68438202.01569556,0.0,99501247.81927712,0.0,0.6666662511235496,0.5128210034795948,2.57099001782622e-31,0.0003274274720013745,2.7826971688840497e+87,5212449069565333.0,2369295031620605.0,6.227974134820008e-08,2.3582179397322454e+86,black
545.304347826087,68438202.01569425,0.0,99501247.81927483,0.0,0.6666662772118468,0.5128209728112347,2.1279532683956714e-31,0.0003955972644675427,4.326353377045158e+87,5551639527597808.0,2523472512544455.0,5.8341891557100586e-08,3.666401166987424e+86,black
546.5652173913044,68438202.01569325,0.0,99501247.81927313,0.0,0.6666663017914802,0.512820943920863,1.7612612577564672e-31,0.0004779598910388495,6.726327878010749e+87,5912902175743750.0,2687682807156248.5,5.4627175850000484e-08,5.700277862720974e+86,black
547.8260869565217,68438202.01569253,0.0,99501247.81927186,0.0,0.6666663249655522,0.5128209166875607,1.457758149178138e-31,0.0005774702768469787,1.0457649382709984e+88,6297673320847513.0,2862578782203413.5,5.111975365037689e-08,8.862414731110155e+86,black
549.0869565217391,68438202.01569201,0.0,99501247.81927094,0.0,0.6666663468321412,0.5128208909963561,1.206555138902069e-31,0.0006976985578661067,1.625886108950842e+88,6707482734758055.0,3048855788526388.0,4.780450586492291e-08,1.3778695838566454e+87,black
550.3478260869565,68438202.01569156,0.0,99501247.81927022,0.0,0.6666663674847109,0.5128208667377446,9.986397977138418e-32,0.0008429581668936121,2.527820108065081e+88,7143959736390834.0,3247254425632197.0,4.466697574728467e-08,2.142220430563628e+87,black
551.6086956521739,68438202.01569133,0.0,99501247.81926973,0.0,0.6666663870124815,0.5128208438072495,8.265527313450709e-32,0.0010184605868479915,3.930087392685065e+88,7608839669568570.0,3458563486167531.0,4.169331764952247e-08,3.3305825361737836e+87,black
552.8695652173913,68438202.01569109,0.0,99501247.81926937,0.0,0.6666664055007606,0.5128208221050287,6.841199592265405e-32,0.0012305023234830792,6.110239753557186e+88,8103970802395505.0,3683623091997956.5,3.887025583907652e-08,5.17816928267558e+87,black
554.1304347826087,68438202.01569085,0.0,99501247.8192691,0.0,0.6666664230312174,0.5128208015355453,5.662314101249415e-32,0.001486690805557198,9.499796344384896e+88,8631321675595584.0,3923328034361629.0,3.6185056400109705e-08,8.050674868122794e+87,black
555.3913043478261,68438202.01569068,0.0,99501247.81926884,0.0,0.6666664396820868,0.5128207820073152,4.6865758773442983e-32,0.0017962173171008505,1.4769654583950335e+89,9192988929030258.0,4178631331377388.0,3.362551629172548e-08,1.2516656427076556e+88,black
556.6521739130435,68438202.01569068,0.0,99501247.81926866,0.0,0.6666664555282842,0.512820763432752,3.8789782872091715e-32,0.002170186753802946,2.296288137345051e+89,9791205637512194.0,4450548017050997.5,3.1179974917368026e-08,1.9460068960551276e+88,black
557.9130434782609,68438202.01569068,0.0,99501247.81926866,0.0,0.6666664706413999,0.5128207457281464,3.210547091614808e-32,0.0026220160342221017,3.570116809249237e+89,1.042835018905691e+16,4740159176844048.0,2.8837355055037517e-08,3.0255227197027425e+88,black
559.1739130434783,68438202.01569068,0.0,99501247.81926866,0.0,0.6666664850895415,0.5128207288138127,2.6573009344922877e-32,0.003167915459665778,5.550581316161102e+89,1.110695574086985e+16,5048616245849929.0,2.6587241633015564e-08,4.7038824713229684e+88,black
560.4347826086956,68438202.01569068,0.0,99501247.81926864,0.0,0.6666664989369754,0.512820712614455,2.1993909620251065e-32,0.003827470292540747,8.629676448540743e+89,1.1829720290664496e+16,5377145586665680.0,2.4420008432049274e-08,7.313285125881986e+88,black
561.695652173913,68438202.01569068,0.0,99501247.81926864,0.0,0.6666665122435195,0.5128206970598108,1.8203887038342436e-32,0.004624343418527332,1.3416849761338006e+90,1.2599517403352846e+16,5727053365160386.0,2.232700400115197e-08,1.1370211662150855e+89,black
562.9565217391305,68438202.01569068,0.0,99501247.81926864,0.0,0.6666665250636243,0.5128206820856344,1.5066966675156873e-32,0.005587124302065245,2.0859629974766366e+90,1.3419407635755176e+16,6099730743525080.0,2.03008082720651e-08,1.7677652520988447e+89,black
564.2173913043479,68438202.01569068,0.0,99501247.81926864,0.0,0.6666665374450815,0.5128206676350974,1.2470605003872332e-32,0.006750354693219333,3.2431172027872183e+90,1.4292650704751872e+16,6496659411250852.0,1.8335569543840506e-08,2.7484044091417107e+89,black
565.4782608695652,68438202.01569068,0.0,99501247.81926864,0.0,0.66666654942731,0.5128206536606601,1.0321652162344398e-32,0.008155767885311105,5.0421839714851135e+90,1.5222718447254918e+16,6919417476024963.0,1.642742617412544e-08,4.273037263970436e+89,black
566.7391304347826,68438202.01569068,0.0,99501247.81926864,0.0,0.666666561039187,0.5128206401264518,8.543010008523722e-33,0.009853785984271182,7.839253906836727e+90,1.6213308623525796e+16,7369685737966272.0,1.4575006369690074e-08,6.643435514268413e+89,black
568.0,68438202.01569068,0.0,99501247.81926864,0.0,0.6666665722964566,0.5128206270111363,7.070866064639821e-33,0.011905328907354776,1.21879531098832e+91,1.7268359618718348e+16,7849254372144701.0,1.2779980345094553e-08,1.0328773821934912e+90,black
569.2608695652174,68438202.01569068,0.0,99501247.81926864,0.0,0.6666665831988298,0.5128206143111449,5.852404112156448e-33,0.014384000012768626,1.894902279928085e+91,1.8392066101097636e+16,8360030045953469.0,1.1047609236191086e-08,1.6058493897695634e+90,black
570.5217391304348,68438202.01569068,0.0,99501247.81926864,0.0,0.6666665937270491,0.5128206020439929,4.8439093003424725e-33,0.017378726774114884,2.9460686450781678e+91,1.9588895699188052e+16,8904043499630933.0,9.387193106834545e-09,2.496668343286583e+90,black
571.7826086956522,68438202.01569068,0.0,99501247.81926864,0.0,0.6666666038403881,0.5128205902511749,4.009199785299556e-33,0.020996951239175606,4.5803525350150846e+91,2.0863606764156196e+16,9483457620071002.0,7.812268220370537e-09,3.88165469069075e+90,black
573.0434782608695,68438202.01569068,0.0,99501247.81926864,0.0,0.6666666134753156,0.5128205789998609,3.31832863123793e-33,0.025368484737115754,7.121228957112717e+91,2.2221267288047596e+16,1.010057604002163e+16,6.34035060757626e-09,6.034939794163318e+90,black
574.304347826087,68438202.01569068,0.0,99501247.81926864,0.0,0.666666622546315,0.5128205683823113,2.7465094020177622e-33,0.03065016512940101,1.107161544267891e+92,2.3667275053092924e+16,1.0757852296860412e+16,4.991989658950526e-09,9.382724951422804e+90,black
575.5652173913044,68438202.01569068,0.0,99501247.81926864,0.0,0.666666630950008,0.5128205585117475,2.273226896324088e-33,0.03703148369260759,1.7213414882296228e+92,2.520737909219259e+16,1.1457899587360266e+16,3.788917835118846e-09,1.4587639730759516e+91,black
576.8260869565217,68438202.01569068,0.0,99501247.81926864,0.0,0.6666666385736372,0.5128205495134809,1.8815011222518154e-33,0.04474138350892521,2.6762278137918175e+92,2.6847702545902976e+16,1.2203501157228626e+16,2.7512085660986735e-09,2.2679896727049295e+91,black
578.0869565217391,68438202.01569068,0.0,99501247.81926864,0.0,0.6666666453083822,0.5128205415106986,1.5572781048645604e-33,0.05405647327063119,4.1608218707670415e+92,2.8594767006798244e+16,1.2997621366726474e+16,1.893626571485e-09,3.526120229463594e+91,black
579.3478260869565,68438202.01569068,0.0,99501247.81926864,0.0,0.6666666510667447,0.5128205346055926,1.2889256706838334e-33,0.0653109511862005,6.468970448242546e+92,3.045551844799676e+16,1.3843417476362162e+16,1.2217705287801209e-09,5.482178345968259e+91,black
580.6086956521739,68438202.01569068,0.0,99501247.81926864,0.0,0.6666666558013815,0.5128205288585135,1.0668161193289357e-33,0.07890859502965875,1.0057527084772812e+93,3.2437354838937936e+16,1.474425219951724e+16,7.290614769870927e-10,8.523328037943062e+91,black
581.8695652173913,68438202.01569068,0.0,99501247.81926864,0.0,0.6666666595207744,0.5128205242700199,8.82980809790478e-34,0.09533724850247915,1.563677742388989e+93,3.4548155558204908e+16,1.5703707071911322e+16,3.958727392992408e-10,1.325150629143211e+92,black
583.1304347826087,68438202.01569068,0.0,99501247.81926864,0.0,0.6666666622960766,0.5128205207719582,7.308242688988616e-34,0.11518632363771467,2.4311026571786437e+93,3.6796312720331656e+16,1.672559669105984e+16,1.9179238816190608e-10,2.0602564891344435e+92,black
584.3913043478261,68438202.01569068,0.0,99501247.81926864,0.0,0.666666664254701,0.5128205182326109,6.048875650407894e-34,0.13916794718210976,3.7797175016240616e+93,3.919076454114456e+16,1.7813983882338432e+16,8.096221306594818e-11,3.2031504251051373e+92,black
585.6521739130435,68438202.01569068,0.0,99501247.81926864,0.0,0.6666666655603667,0.5128205164767136,5.006524576587224e-34,0.16814250962571728,5.876454599648993e+93,4.1741030874291064e+16,1.8973195851950484e+16,2.893697815265113e-11,4.980046270888976e+92,black
586.9130434782609,68438202.01569068,0.0,99501247.81926864,0.0,0.6666666663851261,0.5128205153149539,4.143792959981299e-34,0.20314953350150403,9.136322660826516e+93,4.445725106024262e+16,2.0207841391019376e+16,8.458534962283338e-12,7.742646322734339e+92,black
588.1739130434783,68438202.01569068,0.0,99501247.81926864,0.0,0.6666666668830056,0.5128205145729415,3.429728513767567e-34,0.2454449684168207,1.4204549758213239e+94,4.735022423825117e+16,2.152282919920508e+16,1.939217704179998e-12,1.2037754032384107e+93,black
589.4347826086956,68438202.01569068,0.0,99501247.81926864,0.0,0.6666666671739363,0.5128205141101422,2.838712694323878e-34,0.29654625085239733,2.2084293793454764e+94,5.043145228153091e+16,2.2923387400695868e+16,3.3149762587031496e-13,1.871550321479217e+93,black
590.695652173913,68438202.01569068,0.0,99501247.81926864,0.0,0.6666666673407748,0.5128205138251453,2.349541582829116e-34,0.3582867453434379,3.4335198275109254e+94,5.371318552636843e+16,2.441508433016748e+16,3.974813691565211e-14,2.9097625656872257e+93,black
591.9565217391305,68438202.01569068,0.0,99501247.81926864,0.0,0.6666666674356694,0.512820513650541,1.944665150679374e-34,0.4328815202347004,5.338209370090678e+94,5.720847147696878e+16,2.6003850671349464e+16,3.1050785788788474e-15,4.523906245839558e+93,black
593.2173913043479,68438202.01569068,0.0,99501247.81926864,0.0,0.6666666674895069,0.5128205135437264,1.6095576157939886e-34,0.5230068178522546,8.29949460330206e+94,6.093120667968007e+16,2.769600303621822e+16,1.4455019979608403e-16,7.033470002798359e+93,black
594.4782608695652,68438202.01569068,0.0,99501247.81926864,0.0,0.6666666675200349,0.5128205134784002,1.3321963000475227e-34,0.6318960702494991,1.2903504882358229e+95,6.489619197283609e+16,2.9498269078561864e+16,3.600771485462869e-18,1.0935173629117145e+94,black
595.7391304347826,68438202.01569068,0.0,99501247.81926864,0.0,0.6666666675373445,0.5128205134384489,1.1026302907380965e-34,0.7634559052909984,2.0061515334026056e+95,6.911919133188109e+16,3.1417814241764144e+16,4.215137124937152e-20,1.7001284181378015e+94,black
597.0,68438202.01569068,0.0,99501247.81926864,0.0,0.6666666675471591,0.5128205134140164,9.126234309492095e-35,0.9224063050329699,3.119031620994341e+95,7.361699454373074e+16,3.3462270247150356e+16,1.9832139090876422e-22,2.643247136435883e+94,black
598.2608695652174,68438202.01569068,0.0,99501247.81926864,0.0,0.666666667552724,0.5128205133990743,7.553588303450107e-35,1.1144499448731155,4.849263921907845e+95,7.840748395955229e+16,3.5639765436160148e+16,3.1034730518896395e-25,4.109545696532072e+94,black
599.5217391304348,68438202.01569068,0.0,99501247.81926864,0.0,0.6666666675558794,0.5128205133899363,6.251942950774047e-35,1.346476788862938,7.539314582816043e+95,8.350970559135634e+16,3.795895708698017e+16,1.25829407036884e-28,6.389249646454274e+94,black
600.7826086956522,68438202.01569068,0.0,99501247.81926864,0.0,0.6666666675576682,0.5128205133843481,5.174599023588141e-35,1.6268112814640705,1.172162730132351e+96,8.894394483506963e+16,4.042906583412257e+16,7.038609341707157e-33,9.933582458748734e+94,black
602.0434782608695,68438202.01569068,0.0,99501247.81926864,0.0,0.6666666675586829,0.5128205133809303,4.282904573135678e-35,1.9655110042658914,1.822401029715509e+96,9.473180712114403e+16,4.305991232779275e+16,1.1865217609436287e-33,1.5444076523012787e+95,black
603.304347826087,68438202.01569068,0.0,99501247.81926864,0.0,0.666666667559258,0.5128205133788402,3.544868210885559e-35,2.3747275125935574,2.8333484999385443e+96,1.0089630381335707e+17,4.586195627879867e+16,-1.9479809638391472e-33,2.401142796558088e+95,black
604.5652173913044,68438202.01569068,0.0,99501247.81926864,0.0,0.6666666675595843,0.5128205133775618,2.934011350888286e-35,2.8691422977685255,4.405102714059158e+96,1.0746194369731451e+17,4.884633804423386e+16,-6.163529857574862e-31,3.733137893270474e+95,black
605.8260869565217,68438202.01569068,0.0,99501247.81926864,0.0,0.6666666675597691,0.5128205133767801,2.428418235925961e-35,3.4664935160726316,6.848762134966005e+96,1.1445483042240077e+17,5.202492291927307e+16,-5.168562058150902e-28,5.804035707598311e+95,black
607.0869565217391,68438202.01569068,0.0,99501247.81926864,0.0,0.6666666675598739,0.512820513376302,2.0099496638938601e-35,4.188212381909233,1.064800206172687e+97,1.219027662845806e+17,5.5410348311173016e+16,-8.414779594827607e-25,9.023730560785484e+95,black
608.3478260869565,68438202.01569068,0.0,99501247.81926864,0.0,0.6666666675599332,0.5128205133760096,1.6635922065142312e-35,5.060192057087874,1.655480883576434e+97,1.2983536276267723e+17,5.901607398303512e+16,6.380020182008412e-21,1.402949901335961e+96,black
609.6086956521739,68438202.01569068,0.0,99501247.81926864,0.0,0.6666666675599677,0.5128205133758299,1.376919571329807e-35,6.113716621730189,2.5738321048328603e+97,1.3828415824759038e+17,6.285643556708654e+16,-3.425189609961276e-15,2.1812136481634406e+96,black
610.8695652173913,68438202.01569068,0.0,99501247.81926864,0.0,0.6666666675599877,0.5128205133757195,1.139646782679012e-35,7.386583455555753,4.0016237998174135e+97,1.4728274343252832e+17,6.6946701560240184e+16,-3.024125800090446e-18,3.3912066100147564e+96,black
612.1304347826087,68438202.01569068,0.0,99501247.81926864,0.0,0.6666666675599978,0.5128205133756534,9.43261187014978e-36,8.924459297305328,6.221459824516238e+97,1.5686689486277414e+17,7.130313402853373e+16,-1.9473600771136406e-17,5.272423580098507e+96,black
613.3913043478261,68438202.01569068,0.0,99501247.81926864,0.0,0.6666666675600036,0.5128205133756127,7.807170436066245e-36,10.782518633747834,9.672713949312152e+97,1.6707471717595622e+17,7.594305326179832e+16,3.751629697198236e-16,8.197215211281485e+96,black
614.6521739130435,68438202.01569068,0.0,99501247.81926864,0.0,0.6666666675600063,0.512820513375589,6.461827440464605e-36,13.027423198873626,1.5038495430996786e+98,1.779467945983421e+17,8.088490663561011e+16,2.8665202900578875e-16,1.2744487653387107e+97,black
615.9130434782609,68438202.01569068,0.0,99501247.81926864,0.0,0.6666666675600083,0.5128205133755738,5.348315911927149e-36,15.73971360191894,2.3380857328379427e+98,1.895263522994696e+17,8.61483419543044e+16,-1.971346712871346e-17,1.9814285871507987e+97,black
617.1739130434783,68438202.01569068,0.0,99501247.81926864,0.0,0.6666666675600099,0.512820513375564,4.426686313944019e-36,19.016698888837013,3.6351009442210175e+98,2.0185942824663478e+17,9.175428556665221e+16,1.552627365925537e-15,3.080594020526285e+97,black
618.4347826086956,68438202.01569068,0.0,99501247.81926864,0.0,0.6666666675600118,0.5128205133755568,3.663873272399577e-36,22.975947706227892,5.651614348045179e+98,2.1499505624248912e+17,9.772502556476779e+16,-6.086955941165316e-17,4.78950368478405e+97,black
619.695652173913,68438202.01569068,0.0,99501247.81926864,0.0,0.6666666675600118,0.5128205133755537,3.032509286668585e-36,27.759506320479137,8.78675591934206e+98,2.2898546087347146e+17,1.0408430039703248e+17,-2.0862475385097393e-16,7.44640332147632e+97,black
620.9565217391305,68438202.01569068,0.0,99501247.81926864,0.0,0.6666666675600127,0.5128205133755507,2.5099428637467745e-36,33.538994822306734,1.366106652580675e+99,2.4388626514414486e+17,1.1085739324733861e+17,3.0351903292347407e-16,1.1577175021870122e+98,black
622.2173913043479,68438202.01569068,0.0,99501247.81926864,0.0,0.6666666675600122,0.5128205133755506,2.0774258489390967e-36,40.52176435359888,2.1239322035912228e+99,2.5975671162295693e+17,1.1807123255588954e+17,4.8240068234842394e-17,1.79994254541629e+98,black
623.4782608695652,68438202.01569068,0.0,99501247.81926864,0.0,0.666666667560011,0.5128205133755508,1.719440796910357e-36,48.95833625987053,3.3021492113457424e+99,2.766598979786454e+17,1.2575449908120245e+17,-7.947979239118962e-15,2.798431535038765e+98,black
624.7391304347826,68438202.01569068,0.0,99501247.81926864,0.0,0.6666666675600099,0.5128205133755515,1.4231442511363266e-36,59.15139006334122,5.133963031179867e+99,2.946630278437432e+17,1.3393773992897418e+17,-2.347871493247494e-17,4.350816128118533e+98,black
626.0,68438202.01569068,0.0,99501247.81926864,0.0,0.6666666675600101,0.5128205133755507,1.1779059582520567e-36,71.46662271882496,7.981945914178117e+99,3.138376780025573e+17,1.4265349000116248e+17,-7.416755984456139e-16,6.764360944218747e+98,black
627.2608695652174,68438202.01569068,0.0,99501247.81926864,0.0,0.6666666675600093,0.5128205133755516,9.749274856556949e-37,86.3458687507703,1.2409801198402564e+100,3.342600829659139e+17,1.5193640134814272e+17,-1.2301749573687238e-17,1.0516780676612346e+99,black
628.5217391304348,68438202.01569068,0.0,99501247.81926864,0.0,0.6666666675600099,0.5128205133755509,8.069265594831297e-37,104.3229519835961,1.929393752368337e+100,3.560114380640715e+17,1.618233809382143e+17,-9.937568329518799e-17,1.6350794511596074e+99,black
629.7826086956522,68438202.01569068,0.0,99501247.81926864,0.0,0.6666666675600119,0.5128205133755487,6.678757979228881e-37,126.0428375790046,2.9996937035027267e+100,3.791782222628513e+17,1.7235373739220512e+17,1.3458797061825825e-18,2.5421133080531593e+99,black
631.0434782608695,68438202.01569068,0.0,99501247.81926864,0.0,0.6666666675600117,0.5128205133755489,5.527864663877764e-37,152.28477149941958,4.663725226514957e+100,4.0385254198641965e+17,1.8356933726655434e+17,-3.6198303386727444e-17,3.9523095139957262e+99,black
632.304347826087,68438202.01569068,0.0,99501247.81926864,0.0,0.6666666675600085,0.5128205133755521,4.575294963102715e-37,183.99023757374616,7.25085129958347e+100,4.301324973137093e+17,1.9551477150623155e+17,1.3482634947538033e-15,6.144789236935141e+99,black
633.5652173913044,68438202.01569068,0.0,99501247.81926864,0.0,0.6666666675600097,0.512820513375551,3.7868734624028405e-37,222.29673518321948,1.1273143681309825e+101,4.581225720043864e+17,2.0823753272926656e+17,-1.964058355838287e-17,9.553511594330363e+99,black
634.8260869565217,68438202.01569068,0.0,99501247.81926864,0.0,0.6666666675600105,0.5128205133755502,3.1343139045457636e-37,268.5785894119117,1.752673764900279e+101,4.879340489050401e+17,2.2178820404774554e+17,1.0563418397724061e-15,1.4853167499154912e+100,black
636.0869565217391,68438202.01569068,0.0,99501247.81926864,0.0,0.6666666675600094,0.5128205133755513,2.594204361398456e-37,324.4962578107218,2.7249411637408818e+101,5.196854523871534e+17,2.3622066017597885e+17,-6.249251301863308e-18,2.3092721726617644e+100,black
637.3478260869565,68438202.01569068,0.0,99501247.81926864,0.0,0.6666666675600099,0.5128205133755509,2.147167282427573e-37,392.0559027572618,4.236558163023531e+101,5.535030195759121e+17,2.5159228162541456e+17,-2.641354993399297e-16,3.590303527986044e+100,black
638.608695652174,68438202.01569068,0.0,99501247.81926864,0.0,0.6666666675600111,0.5128205133755496,1.7771642848684488e-37,473.68136669380755,6.586720222605304e+101,5.895212022433477e+17,2.6796418283788534e+17,7.044627080129033e-18,5.581966290343478e+100,black
639.8695652173913,68438202.01569068,0.0,99501247.81926864,0.0,0.6666666675600111,0.5128205133755496,1.4709207434649436e-37,572.3011325041302,1.0240596640328362e+102,6.278832013612489e+17,2.854014551642041e+17,4.590279905501162e-17,8.678471729091833e+100,black
641.1304347826087,68438202.01569068,0.0,99501247.81926864,0.0,0.6666666675600131,0.5128205133755472,1.2174495357448692e-37,691.4533889132896,1.5921401851862252e+102,6.687415364391158e+17,3.0397342565414336e+17,-5.1731235220978827e-17,1.3492713433781578e+101,black
642.3913043478261,68438202.01569068,0.0,99501247.81926864,0.0,0.6666666675600125,0.5128205133755478,1.007656856204212e-37,835.4129703495423,2.4753541793777756e+102,7.122586519107169e+17,3.237539326866894e+17,2.2796131539311075e-17,2.0977577791337088e+101,black
643.6521739130435,68438202.01569068,0.0,99501247.81926864,0.0,0.666666667560012,0.5128205133755483,8.340159571658585e-38,1009.344725499339,3.848516839413348e+102,7.586075629801409e+17,3.4482161953642765e+17,-6.494750563630226e-15,3.261454948655379e+101,black
644.9130434782609,68438202.01569068,0.0,99501247.81926864,0.0,0.6666666675600114,0.512820513375549,6.902971110894652e-38,1219.4888169704045,5.983419256346582e+102,8.079725434950643e+17,3.67260247043211e+17,-2.209251818658723e-17,5.070694285039477e+101,black
646.1739130434783,68438202.01569068,0.0,99501247.81926864,0.0,0.6666666675600118,0.5128205133755486,5.713441061700065e-38,1473.3846000732215,9.302624229278526e+102,8.605498585821167e+17,3.911590266282349e+17,3.5307591251317303e-15,7.883579855320786e+101,black
647.4347826086956,68438202.01569068,0.0,99501247.81926864,0.0,0.6666666675600116,0.5128205133755487,4.728892565405734e-38,1780.141112836117,1.4463104429672219e+103,9.165485449571142e+17,4.1661297498050643e+17,7.264534205561726e-18,1.225686816073917e+102,black
648.695652173913,68438202.01569068,0.0,99501247.81926864,0.0,0.6666666675600115,0.5128205133755488,3.914002901868646e-38,2150.763881644984,2.2486277483427103e+103,9.761912420125544e+17,4.4372329182388826e+17,-5.745414283787092e-17,1.9056167358836526e+102,black
649.9565217391305,68438202.01569068,0.0,99501247.81926864,0.0,0.6666666675600109,0.5128205133755495,3.2395362135960263e-38,2598.549767337809,3.496017590991879e+103,1.039715076986567e+18,4.725977622666214e+17,-5.62793110270552e-19,2.962726772027017e+102,black
651.2173913043479,68438202.01569068,0.0,99501247.81926864,0.0,0.6666666675600109,0.5128205133755495,2.6812946086958176e-38,3139.5640176768193,5.435376756139632e+103,1.1073726077326173e+18,5.033511853330079e+17,-2.941651947238631e-17,4.606251488253927e+102,black
652.4782608695652,68438202.01569068,0.0,99501247.81926864,0.0,0.6666666675600103,0.5128205133755502,2.2192500112973158e-38,3793.2166414456983,8.45056402380667e+103,1.1794328268381727e+18,5.361058303809875e+17,-1.6423261239255907e-16,7.161494935429381e+102,black
653.7391304347826,68438202.01569068,0.0,99501247.81926864,0.0,0.6666666675600104,0.5128205133755501,1.8368256127731451e-38,4582.958782789047,1.3138377618369923e+104,1.2561822310845594e+18,5.709919232202541e+17,-8.048901646348633e-18,1.113421832065248e+103,black
655.0,68438202.01569068,0.0,99501247.81926864,0.0,0.6666666675600103,0.5128205133755502,1.5203011443343976e-38,5537.124079667122,2.0426679918219394e+104,1.3379259604999037e+18,6.081481638635924e+17,7.561214704525617e-17,1.731074569340627e+103,black
656.2608695652174,68438202.01569068,0.0,99501247.81926864,0.0,0.6666666675600104,0.5128205133755501,1.2583206339196055e-38,6689.945191907463,3.1758049935941127e+104,1.424989011533866e+18,6.477222779699388e+17,-1.1388297345108262e-17,2.6913601640628067e+103,black
657.5217391304348,68438202.01569068,0.0,99501247.81926864,0.0,0.6666666675600107,0.5128205133755499,1.041484987134666e-38,8082.781968905875,4.937531403927416e+104,1.5177175291774367e+18,6.898716041715619e+17,2.0843468160382686e-15,4.184348647396115e+103,black
658.7826086956522,68438202.01569068,0.0,99501247.81926864,0.0,0.6666666675600107,0.5128205133755499,8.620147752390661e-39,9765.605320040346,7.676547021600025e+104,1.6164801831650627e+18,7.347637196204828e+17,-1.1438004879784152e-18,6.505548323389855e+103,black
660.0434782608695,68438202.01569068,0.0,99501247.81926864,0.0,0.6666666675600109,0.5128205133755497,7.134711319985235e-39,11798.79002473037,1.1934987213993592e+105,1.721669633730548e+18,7.825771062411581e+17,-4.363847273838136e-15,1.0114395944062369e+104,black
661.304347826087,68438202.01569068,0.0,99501247.81926864,0.0,0.666666667560011,0.5128205133755496,5.9052474599878e-39,14255.280802921097,1.8555728167501908e+105,1.8337040927443323e+18,8.335018603383329e+17,1.080274034048136e-17,1.5725193362289756e+104,black
662.5652173913044,68438202.01569068,0.0,99501247.81926864,0.0,0.6666666675600111,0.5128205133755493,4.887646605408063e-39,17223.209358264095,2.884921798845829e+105,1.9530289864388457e+18,8.877404483812934e+17,1.429179256606997e-15,2.4448489820727364e+104,black
663.8260869565217,68438202.01569068,0.0,99501247.81926864,0.0,0.6666666675600109,0.5128205133755496,4.045400214169223e-39,20809.05628585107,4.485285465667804e+105,2.0801187263326725e+18,9.455085119693965e+17,-3.466646560914754e-19,3.80108937768458e+104,black
665.0869565217391,68438202.01569068,0.0,99501247.81926864,0.0,0.6666666675600108,0.5128205133755497,3.3482909494098366e-39,25141.471284500803,6.973424970053182e+105,2.2154785953942828e+18,1.0070357251792195e+18,-2.1902740920645179e-16,5.909682178011171e+104,black
666.3478260869565,68438202.01569068,0.0,99501247.81926864,0.0,0.6666666675600109,0.5128205133755496,2.7713085698251182e-39,30375.888731636314,1.0841819586521183e+106,2.359646756944412e+18,1.0725667077020054e+18,4.6068257958459015e-17,9.187982700441683e+104,black
667.608695652174,68438202.01569068,0.0,99501247.81926864,0.0,0.6666666675600109,0.5128205133755496,2.29375263536749e-39,36700.10421408979,1.6856143494907013e+106,2.5131963942839956e+18,1.142361997401816e+18,7.532799082336243e-17,1.4284867368565265e+105,black
668.8695652173913,68438202.01569068,0.0,99501247.81926864,0.0,0.6666666675600087,0.5128205133755519,1.898489836008146e-39,44341.01208443772,2.6206816231617447e+106,2.67673798955445e+18,1.216699086161114e+18,-3.081729720361806e-17,2.2209166297980887e+105,black
670.1304347826087,68438202.01569068,0.0,99501247.81926864,0.0,0.6666666675600098,0.5128205133755509,1.5713392986897915e-39,53572.745766684566,4.074462330039476e+106,2.850921750890575e+18,1.2958735231320796e+18,-9.665760924832278e-17,3.452934177999556e+105,black
671.3913043478261,68438202.01569068,0.0,99501247.81926864,0.0,0.6666666675600079,0.512820513375553,1.30056381908191e-39,64726.51286164687,6.3347043502704845e+106,3.036440197515877e+18,1.3802000897799452e+18,-9.586387638597759e-17,5.368393517178377e+105,black
672.6521739130435,68438202.01569068,0.0,99501247.81926864,0.0,0.6666666675600094,0.5128205133755516,1.0764487650219202e-39,78202.47790686545,9.848779042553974e+106,3.2340309130582513e+18,1.4700140513901158e+18,1.2468859568704359e-17,8.346422917418622e+105,black
673.9130434782609,68438202.01569068,0.0,99501247.81926864,0.0,0.6666666675600068,0.512820513375554,8.90953543929244e-40,94484.11910967142,1.5312229784552434e+107,3.4444794780324987e+18,1.5656724900147727e+18,-2.8656402980662516e-15,1.297646591911223e+106,black
675.1739130434783,68438202.01569068,0.0,99501247.81926864,0.0,0.666666667560009,0.5128205133755519,7.374231298633992e-40,114155.57413106886,2.3806441383342098e+107,3.6686225931487703e+18,1.6675557241585326e+18,3.5898079998999135e-17,2.017495032486618e+106,black
676.4347826086956,68438202.01569068,0.0,99501247.81926864,0.0,0.666666667560008,0.5128205133755528,6.103493006597365e-40,137922.59723634127,3.701267936229999e+107,3.907351405864466e+18,1.776068820847485e+18,-5.145537917667603e-15,3.136667742567795e+106,black
677.695652173913,68438202.01569068,0.0,99501247.81926864,0.0,0.6666666675600088,0.512820513375552,5.0517301903024735e-40,166637.87969369782,5.7544864077605486e+107,4.1616150534053893e+18,1.891643206093359e+18,-1.0657268713688941e-17,4.876683396407244e+106,black
678.9565217391305,68438202.01569068,0.0,99501247.81926864,0.0,0.6666666675600104,0.5128205133755505,4.181208676413462e-40,201331.64184276946,8.946694588904353e+107,4.4324244363423596e+18,2.0147383801556186e+18,2.5061371398026963e-15,7.581944566868097e+106,black
680.2173913043478,68438202.01569068,0.0,99501247.81926864,0.0,0.6666666675600088,0.512820513375552,3.4606966993757083e-40,243248.59438691183,1.3909728583240584e+108,4.720856237726387e+18,2.1458437444210854e+18,-2.263147419614276e-17,1.1787905579017443e+107,black
681.4782608695652,68438202.01569068,0.0,99501247.81926864,0.0,0.6666666675600099,0.5128205133755508,2.864344397023104e-40,293892.59497230925,2.1625925344340488e+108,5.028057203761617e+18,2.285480547164372e+18,-8.255717764669141e-16,1.832705537655974e+107,black
682.7391304347826,68438202.01569068,0.0,99501247.81926864,0.0,0.6666666675600087,0.5128205133755521,2.3707563931382936e-40,355080.6022014242,3.362255734888112e+108,5.355248703035014e+18,2.4342039559250074e+18,-2.9025977366843894e-18,2.8493692668543328e+107,black
684.0,68438202.01569068,0.0,99501247.81926864,0.0,0.6666666675600097,0.512820513375551,1.962224193936794e-40,429007.8627928855,5.227412675652085e+108,5.703731582429685e+18,2.5926052647407657e+18,2.6469026847158478e-17,4.4300107420780374e+107,black
685.2608695652174,68438202.01569068,0.0,99501247.81926864,0.0,0.6666666675600085,0.5128205133755522,1.6240908591093216e-40,518326.67061242386,8.127235236159557e+108,6.074891339027537e+18,2.761314245012517e+18,2.2013501149432188e-17,6.88748748827081e+107,black
686.5217391304348,68438202.01569068,0.0,99501247.81926864,0.0,0.6666666675600097,0.512820513375551,1.344225153676537e-40,626241.5232185925,1.263568741985573e+109,6.470203628564039e+18,2.9410016493472906e+18,1.0203794349946448e-16,1.070820967784384e+108,black
687.7826086956522,68438202.01569068,0.0,99501247.81926864,0.0,0.6666666675600084,0.5128205133755525,1.1125863147630477e-40,756624.0898616693,1.9645130469819846e+109,6.891240132335379e+18,3.132381878334264e+18,9.852895599060954e-17,1.66484156523897e+108,black
689.0434782608695,68438202.01569068,0.0,99501247.81926864,0.0,0.6666666675600097,0.5128205133755511,9.208638183955925e-41,914152.1156513159,3.0542948582887585e+109,7.339674805883838e+18,3.3362158208562903e+18,-3.5296284842062724e-17,2.5883854731260664e+108,black
690.304347826087,68438202.01569068,0.0,99501247.81926864,0.0,0.6666666675600086,0.5128205133755522,7.621792222122517e-41,1104477.2453683566,4.748615488032549e+109,7.817290534304689e+18,3.553313879229404e+18,-1.825584946426503e-17,4.0242504135869075e+108,black
691.5652173913044,68438202.01569068,0.0,99501247.81926864,0.0,0.6666666675600096,0.5128205133755511,6.308393870704845e-41,1334427.7879479027,7.38283305947368e+109,8.325986220634891e+18,3.7845391911976786e+18,-1.87543428298885e-17,6.256638185994648e+108,black
692.8260869565217,68438202.01569068,0.0,99501247.81926864,0.0,0.6666666675600079,0.5128205133755528,5.221322238677394e-41,1612253.6962304115,1.1478340185980595e+110,8.867784335505423e+18,4.0308110615933737e+18,-3.6228983599777735e-16,9.72740693727169e+108,black
694.0869565217391,68438202.01569068,0.0,99501247.81926864,0.0,0.6666666675600096,0.5128205133755511,4.321576375677741e-41,1947922.5511378536,1.7845763592989376e+110,9.44483895807346e+18,4.2931086173061187e+18,1.1372555768708364e-17,1.5123528468635065e+109,black
695.3478260869565,68438202.01569068,0.0,99501247.81926864,0.0,0.6666666675600098,0.5128205133755509,3.5768760319889675e-41,2353477.169320897,2.7745412059382932e+110,1.0059444340203178e+19,4.5724747000923546e+18,-4.697132724012566e-15,2.351306106727367e+109,black
696.608695652174,68438202.01569068,0.0,99501247.81926864,0.0,0.6666666675600113,0.5128205133755495,2.9605035376032875e-41,2843467.6641938663,4.3136730256997715e+110,1.0714044027944618e+19,4.8700200127021e+18,2.204134098341697e-18,3.655655106525229e+109,black
697.8695652173913,68438202.01569068,0.0,99501247.81926864,0.0,0.6666666675600116,0.5128205133755491,2.450345250374195e-41,3435473.4614438517,6.706613307012715e+110,1.1411240576576127e+19,5.186927534807331e+18,1.6815137551621593e-15,5.683570599163317e+109,black
699.1304347826087,68438202.01569068,0.0,99501247.81926864,0.0,0.6666666675600113,0.5128205133755493,2.0280981832205868e-41,4150733.9974027593,1.0426998472480921e+111,1.2153805897835016e+19,5.524457226288647e+18,7.544221886845197e-18,8.836439383458407e+109,black
700.3913043478261,68438202.01569068,0.0,99501247.81926864,0.0,0.6666666675600111,0.5128205133755495,1.678613346488407e-41,5014910.727895574,1.6211207082932322e+111,1.2944692280475159e+19,5.88395103657962e+18,-4.487264232427965e-17,1.3738311087230781e+110,black
701.6521739130435,68438202.01569068,0.0,99501247.81926864,0.0,0.666666667560011,0.5128205133755496,1.3893522465143466e-41,6059007.78621317,2.5204111785507115e+111,1.3787044127966632e+19,6.266838239984834e+18,3.6995721156355096e-17,2.135941676737891e+110,black
702.9130434782609,68438202.01569068,0.0,99501247.81926864,0.0,0.666666667560011,0.5128205133755496,1.149937041149208e-41,7320484.320724389,3.9185684794885884e+111,1.4684210460005026e+19,6.674641118184104e+18,1.1892338883869035e-17,3.320820745329312e+110,black
704.1739130434783,68438202.01569068,0.0,99501247.81926864,0.0,0.666666667560011,0.5128205133755496,9.517782131381918e-42,8844598.419547968,6.092330909751899e+111,1.5639758227532569e+19,7.108981012514806e+18,-2.598228555102868e-17,5.162992296399915e+110,black
705.4347826086957,68438202.01569068,0.0,99501247.81926864,0.0,0.666666667560011,0.5128205133755496,7.877664033669194e-42,10686030.83837067,9.471952859345098e+111,1.6657486494210157e+19,7.571584770095526e+18,6.365328142598176e-17,8.027078694360254e+110,black
706.695652173913,68438202.01569068,0.0,99501247.81926864,0.0,0.6666666675600109,0.5128205133755496,6.520173478519715e-42,12910846.78601426,1.4726365376176741e+112,1.774144154072189e+19,8.064291609419041e+18,1.9358333080414735e-16,1.247997065777689e+111,black
707.9565217391305,68438202.01569068,0.0,99501247.81926864,0.0,0.6666666675600111,0.5128205133755493,5.396607675612036e-42,15598866.150881367,2.2895578178340783e+112,1.8895932951964664e+19,8.589060432711211e+18,-3.6066518505742703e-17,1.9403032354526093e+111,black
709.2173913043478,68438202.01569068,0.0,99501247.81926864,0.0,0.6666666675600111,0.5128205133755493,4.4666563704817994e-42,18846527.205071412,3.559652953969104e+112,2.012555075108151e+19,9.147977614127955e+18,-4.008358033454867e-16,3.016655045736529e+111,black
710.4782608695652,68438202.01569068,0.0,99501247.81926864,0.0,0.6666666675600111,0.5128205133755493,3.696955630502166e-42,22770346.52748945,5.534312806591248e+112,2.1435183648460476e+19,9.743265294754759e+18,2.0995425838562356e-17,4.6900955988061426e+111,black
711.7391304347826,68438202.01569068,0.0,99501247.81926864,0.0,0.6666666675600117,0.5128205133755488,3.0598908445753465e-42,27511099.277877174,8.604383246663692e+112,2.283003847825308e+19,1.0377290217387762e+19,-9.120910991556815e-15,7.291850209037025e+111,black
713.0,68438202.01569068,0.0,99501247.81926864,0.0,0.6666666675600109,0.5128205133755496,2.532605991661333e-42,33238869.79776456,1.3377525565076281e+113,2.431566089968867e+19,1.1052573136222116e+19,-1.7843249667512568e-17,1.1336886072098543e+112,black
714.2608695652174,68438202.01569068,0.0,99501247.81926864,0.0,0.6666666675600114,0.5128205133755492,2.0961836335992e-42,40159153.739130154,2.0798491317035065e+113,2.5897957445487825e+19,1.1771798838858103e+19,3.18408764619762e-15,1.7625840099182256e+112,black
715.5217391304348,68438202.01569068,0.0,99501247.81926864,0.0,0.6666666675600109,0.5128205133755497,1.7349662127612456e-42,48520230.647300065,3.2336117689376e+113,2.758321900503591e+19,1.2537826820470874e+19,8.36126878089764e-18,2.7403489567267804e+112,black
716.7826086956522,68438202.01569068,0.0,99501247.81926864,0.0,0.6666666675600108,0.5128205133755498,1.435994304685463e-42,58622071.50479492,5.027405552131158e+113,2.9378145835679875e+19,1.3353702652581763e+19,-2.4449830834603176e-16,4.260513179772168e+112,black
718.0434782608695,68438202.01569068,0.0,99501247.81926864,0.0,0.6666666675600113,0.5128205133755493,1.188541671833004e-42,70827100.81272882,7.816277398626553e+113,3.128987420158978e+19,1.4222670091631716e+19,3.943887470983827e-18,6.623963897141146e+112,black
719.304347826087,68438202.01569068,0.0,99501247.81926864,0.0,0.6666666675600115,0.5128205133755491,9.837304375611436e-43,85573199.32179578,1.2152230755712005e+114,3.3326004746094264e+19,1.5148183975497392e+19,-5.889107897364987e-17,1.0298500640433901e+113,black
720.5652173913044,68438202.01569068,0.0,99501247.81926864,0.0,0.6666666675600111,0.5128205133755495,8.142125738778516e-43,103389413.91275483,1.8893484047245224e+114,3.5494632710292763e+19,1.6133923959223984e+19,7.68703701980572e-18,1.6011427158682398e+113,black
721.8260869565217,68438202.01569068,0.0,99501247.81926864,0.0,0.6666666675600111,0.5128205133755495,6.7390627569109e-43,124914938.25100291,2.937433847489955e+114,3.780438011808894e+19,1.718380914458588e+19,1.0178582562138445e-16,2.4893507182118263e+113,black
723.0869565217391,68438202.01569068,0.0,99501247.81926864,0.0,0.6666666675600109,0.5128205133755496,5.577777634320453e-43,150922045.18558583,4.566927723236064e+114,4.026443005560464e+19,1.8302013661638476e+19,2.898640025387869e-17,3.870277731555987e+113,black
724.3478260869565,68438202.01569068,0.0,99501247.81926864,0.0,0.6666666675600109,0.5128205133755496,4.61660685768543e-43,182343793.64006048,7.100356948396888e+114,4.288456318126343e+19,1.949298326421065e+19,-5.01364849202445e-17,6.017251651183805e+113,black
725.608695652174,68438202.01569068,0.0,99501247.81926864,0.0,0.6666666675600088,0.5128205133755517,3.821066431061495e-43,220307504.03734067,1.1039165025062645e+115,4.5675196611699606e+19,2.0761453005318005e+19,-6.792247817972262e-17,9.355224597510717e+113,black
726.8695652173913,68438202.01569068,0.0,99501247.81926864,0.0,0.6666666675600097,0.512820513375551,3.1626146909777826e-43,266175203.25900868,1.7162963120840571e+115,4.8647425338096935e+19,2.2112466062771327e+19,-2.2669990186236534e-17,1.4544884000712354e+114,black
728.1304347826087,68438202.01569068,0.0,99501247.81926864,0.0,0.6666666675600068,0.512820513375554,2.6176283150381676e-43,321592490.18574053,2.668383907823703e+115,5.18130663376175e+19,2.355139378982613e+19,-1.869784440581407e-15,2.2613422947658505e+114,black
729.3913043478261,68438202.01569068,0.0,99501247.81926864,0.0,0.666666667560009,0.5128205133755518,2.16655478621427e-43,388547574.97162455,4.1486266849136645e+115,5.5184705555300835e+19,2.508395707059129e+19,2.870984434971362e-17,3.5157853261980215e+114,black
730.6521739130435,68438202.01569068,0.0,99501247.81926864,0.0,0.6666666675600088,0.5128205133755518,1.7932109057277158e-43,469442610.2087687,6.450010180458758e+115,5.877574794322192e+19,2.671624906510087e+19,-6.909098096118358e-15,5.466110322422679e+114,black
731.9130434782609,68438202.01569068,0.0,99501247.81926864,0.0,0.6666666675600087,0.5128205133755521,1.4842021872152824e-43,567179873.1358073,1.0028048915462747e+116,6.260047075585641e+19,2.845475943448019e+19,1.4960666246533318e-17,8.498346538527751e+114,black
733.1739130434783,68438202.01569068,0.0,99501247.81926864,0.0,0.6666666675600099,0.5128205133755509,1.2284423017383924e-43,685265890.8557065,1.5590946717419408e+116,6.6674080313541255e+19,3.0306400142518747e+19,2.61346103596504e-15,1.3212666709677465e+115,black
734.4347826086957,68438202.01569068,0.0,99501247.81926864,0.0,0.6666666675600086,0.5128205133755523,1.0167553327297343e-43,827937244.2713913,2.423977202283471e+116,7.101277245971321e+19,3.227853293623328e+19,-2.1907326873812877e-17,2.0542179680368396e+115,black
735.695652173913,68438202.01569068,0.0,99501247.81926864,0.0,0.6666666675600099,0.512820513375551,8.415465709471384e-44,1000312564.2160923,3.768639315929036e+116,7.563379695228897e+19,3.437899861467681e+19,-4.004019525368405e-16,3.193762132143252e+115,black
736.9565217391305,68438202.01569068,0.0,99501247.81926864,0.0,0.6666666675600085,0.5128205133755525,6.965300385212109e-44,1208576172.9551682,5.8592309697407055e+116,8.055552604519698e+19,3.6616148202362253e+19,-1.1702943308380296e-17,4.9654499743565305e+115,black
738.2173913043478,68438202.01569068,0.0,99501247.81926864,0.0,0.6666666675600097,0.512820513375551,5.765029664565669e-44,1460199959.5793145,9.109544501074784e+116,8.57975275327232e+19,3.89988761512378e+19,-1.4992984776199558e-16,7.719952967012528e+115,black
739.4782608695652,68438202.01569068,0.0,99501247.81926864,0.0,0.6666666675600085,0.5128205133755523,4.77159134498842e-44,1764211449.5290384,1.4162916847949243e+117,9.138064254708353e+19,4.153665570321977e+19,-3.9907483673621015e-18,1.2002471905041733e+116,black
740.7391304347826,68438202.01569068,0.0,99501247.81926864,0.0,0.6666666675600097,0.5128205133755511,3.949343765481419e-44,2131517685.8010056,2.201956570026171e+117,9.73270684185271e+19,4.4239576553875956e+19,1.19154210834083e-16,1.866064889852688e+116,black
742.0,68438202.01569068,0.0,99501247.81926864,0.0,0.6666666675600083,0.5128205133755526,3.2687870880494466e-44,2575296541.746879,3.4234563319984246e+117,1.0366044692741097e+20,4.711838496700499e+19,1.0098443541508418e-16,2.901234179659682e+116,black
743.2608695652174,68438202.01569068,0.0,99501247.81926864,0.0,0.6666666675600097,0.5128205133755512,2.7055049298035043e-44,3111469504.6225286,5.32256331329371e+117,1.1040595829911057e+20,5.0184526499595715e+19,-4.145053085024443e-18,4.5106468756726374e+116,black
744.5217391304348,68438202.01569068,0.0,99501247.81926864,0.0,0.6666666675600085,0.5128205133755523,2.239288374563075e-44,3759272891.978887,8.275169149736217e+117,1.1759042131547772e+20,5.3450191507035324e+19,5.89421605525918e-17,7.012855211640863e+116,black
745.7826086956522,68438202.01569068,0.0,99501247.81926864,0.0,0.6666666675600096,0.5128205133755512,1.853410936056878e-44,4541947994.46777,1.2865685277281744e+118,1.2524239994086375e+20,5.692836360948352e+19,-2.571247772235745e-17,1.0903123116340462e+117,black
747.0434782608695,68438202.01569068,0.0,99501247.81926864,0.0,0.6666666675600078,0.512820513375553,1.5340284605217494e-44,5487574905.367016,2.00027159154157e+118,1.3339231688663627e+20,6.06328713121074e+19,1.9228306602893424e-15,1.6951454165606527e+117,black
748.304347826087,68438202.01569068,0.0,99501247.81926864,0.0,0.6666666675600096,0.5128205133755512,1.26968243896151e-44,6630079952.190649,3.1098898765806867e+118,1.4207257456569403e+20,6.457844298440637e+19,5.802943753479887e-19,2.635499895407361e+117,black
749.5652173913044,68438202.01569068,0.0,99501247.81926864,0.0,0.6666666675600103,0.5128205133755506,1.0508889093615235e-44,8010452874.082316,4.835050942747926e+118,1.513176839178718e+20,6.878076541721446e+19,-4.070382992348255e-15,4.09750079893892e+117,black
750.8260869565217,68438202.01569068,0.0,99501247.81926864,0.0,0.6666666675600111,0.5128205133755496,8.697981998729734e-45,9678217413.75709,7.517217183474947e+118,1.6116440161842368e+20,7.325654619019256e+19,1.5987804707492906e-17,6.370523036843174e+117,black
752.0869565217391,68438202.01569068,0.0,99501247.81926864,0.0,0.6666666675600114,0.5128205133755495,7.19913305548074e-45,11693208084.528154,1.168727172736408e+119,1.716518762150895e+20,7.802358009776793e+19,1.6869130464050442e-15,9.904467565562782e+117,black
753.3478260869565,68438202.01569068,0.0,99501247.81926864,0.0,0.6666666675600111,0.5128205133755495,5.95856794806969e-45,14127716857.6237,1.8170596524830756e+119,1.8282180377476268e+20,8.310081989761938e+19,-1.2257784291281667e-17,1.5398810614263347e+118,black
754.608695652174,68438202.01569068,0.0,99501247.81926864,0.0,0.666666667560011,0.5128205133755496,4.931778829220776e-45,17069086786.651,2.8250440801725664e+119,1.947185936585731e+20,8.850845166298774e+19,-4.351178128621224e-16,2.3941051526886156e+118,black
755.8695652173913,68438202.01569068,0.0,99501247.81926864,0.0,0.6666666675600109,0.5128205133755496,4.0819275088117233e-45,20622845620.875595,4.392191551870953e+119,2.0738954508448216e+20,9.426797503840095e+19,7.292283774994089e-17,3.7221962303991127e+118,black
757.1304347826087,68438202.01569068,0.0,99501247.81926864,0.0,0.6666666675600109,0.5128205133755496,3.378523807367543e-45,24916491832.186,6.82868871451735e+119,2.208850351793552e+20,1.004022887178887e+20,1.5528477498055257e-16,5.787024334336738e+118,black
758.3913043478261,68438202.01569068,0.0,99501247.81926864,0.0,0.666666667560011,0.5128205133755496,2.7963316576074938e-45,30104068887.31958,1.0616793236142723e+120,2.3525871926817715e+20,1.0693578148553505e+20,-2.6424519417941242e-17,8.99728240351078e+118,black
759.6521739130435,68438202.01569068,0.0,99501247.81926864,0.0,0.666666667560011,0.5128205133755496,2.314463708169244e-45,36371691876.856346,1.6506287419341868e+120,2.505677441967139e+20,1.138944291803245e+20,7.680577726250241e-18,1.3988379168933787e+119,black
760.9130434782609,68438202.01569068,0.0,99501247.81926864,0.0,0.666666667560011,0.5128205133755496,1.9156319465395882e-45,43944224780.268456,2.5662883161854509e+120,2.6687297553575707e+20,1.2130589797079862e+20,2.268886517334856e-17,2.1748206069368228e+119,black
762.1739130434783,68438202.01569068,0.0,99501247.81926864,0.0,0.6666666675600111,0.5128205133755493,1.5855274557342942e-45,53093347927.746155,3.9898952165616845e+120,2.842392395702577e+20,1.2919965435011713e+20,2.039759387805823e-17,3.381267132679393e+119,black
763.4347826086957,68438202.01569068,0.0,99501247.81926864,0.0,0.6666666675600114,0.5128205133755491,1.3123070522123451e-45,64147305095.76306,6.203224999575152e+120,3.0273558103545695e+20,1.3760708228884408e+20,-5.21565842681034e-16,5.256970338623011e+119,black
764.695652173913,68438202.01569068,0.0,99501247.81926864,0.0,0.6666666675600113,0.5128205133755492,1.0861683870927923e-45,77502679933.62686,9.644363650341584e+120,3.224355376247118e+20,1.4656160801123266e+20,8.68103433539492e-18,8.173189534187783e+119,black
765.9565217391305,68438202.01569068,0.0,99501247.81926864,0.0,0.6666666675600121,0.5128205133755485,8.98998266549631e-46,93638624224.77577,1.4994418262493858e+121,3.4341743236042175e+20,1.5609883289110073e+20,-7.296408081456732e-15,1.2707134120757505e+120,black
767.2173913043478,68438202.01569068,0.0,99501247.81926864,0.0,0.666666667560011,0.5128205133755496,7.440815741493294e-46,113134048451.1998,2.3312329064110114e+121,3.657646849904366e+20,1.6625667499565302e+20,1.224338723143298e-18,1.975621107127975e+120,black
768.4782608695652,68438202.01569068,0.0,99501247.81926864,0.0,0.666666667560011,0.5128205133755496,6.158603521156139e-46,136688391408.17813,3.6244466233073426e+121,3.895661436480184e+20,1.7707551984000837e+20,3.1959645236416544e-15,3.0715649350062223e+120,black
769.7391304347826,68438202.01569068,0.0,99501247.81926864,0.0,0.666666667560011,0.5128205133755496,5.0973439806189216e-46,165146714022.2923,5.63504971510769e+121,4.149164380939518e+20,1.8859838095179625e+20,-9.40670477618626e-19,4.7754658602607546e+120,black
771.0,68438202.01569068,0.0,99501247.81926864,0.0,0.6666666675600109,0.5128205133755497,4.218962231858972e-46,199530017665.62817,8.761002324445009e+121,4.4191635594523915e+20,2.0087107088419966e+20,-7.330445233963359e-16,7.424578241055092e+120,black
772.2608695652174,68438202.01569068,0.0,99501247.81926864,0.0,0.6666666675600113,0.5128205133755493,3.4919445070864072e-46,241071874698.46674,1.3621026540904449e+122,4.706732433861753e+20,2.139423833573524e+20,1.521816606006074e-17,1.1543242831274958e+121,black
773.5217391304348,68438202.01569068,0.0,99501247.81926864,0.0,0.6666666675600114,0.5128205133755492,2.89020753693688e-46,291262685437.2537,2.1177070517413163e+122,5.0130143195495105e+20,2.2786428725225043e+20,1.3883893326812944e-16,1.7946669930011157e+121,black
774.7826086956522,68438202.01569068,0.0,99501247.81926864,0.0,0.6666666675600111,0.5128205133755495,2.392162759063068e-46,351903149358.3901,3.2924707572808037e+122,5.339226931026037e+20,2.4269213322845615e+20,-7.297475387987567e-18,2.7902294553227156e+121,black
776.0434782608695,68438202.01569068,0.0,99501247.81926864,0.0,0.6666666675600111,0.5128205133755495,1.9799417836662846e-46,425168868928.2408,5.118915611448646e+122,5.6866672233155455e+20,2.5848487378707015e+20,6.922959799695995e-18,4.3380640774988555e+121,black
777.304347826087,68438202.01569068,0.0,99501247.81926864,0.0,0.666666667560011,0.5128205133755496,1.6387553279371543e-46,513688403855.725,7.95855118197672e+122,6.05671654838559e+20,2.7530529765389045e+20,1.423886569051988e-16,6.7445348999802745e+121,black
778.5652173913044,68438202.01569068,0.0,99501247.81926864,0.0,0.666666667560011,0.5128205133755496,1.3563626198491288e-46,620637576125.953,1.2373428617240613e+123,6.450846147121612e+20,2.9322027941461872e+20,-1.012423317380073e-17,1.0485956455288661e+122,black
779.8260869565217,68438202.01569068,0.0,99501247.81926864,0.0,0.6666666675600088,0.5128205133755517,1.1226322350633034e-46,749853409203.4448,1.9237387841703743e+123,6.870622998681631e+20,3.123010453946196e+20,5.195808722631823e-17,1.6302871052291312e+122,black
781.0869565217391,68438202.01569068,0.0,99501247.81926864,0.0,0.6666666675600097,0.512820513375551,9.291786110586054e-47,905971789210.3936,2.990901733222316e+123,7.317716050486839e+20,3.3262345684031085e+20,-3.5369926590704794e-17,2.5346624857816227e+122,black
782.3478260869565,68438202.01569068,0.0,99501247.81926864,0.0,0.6666666675600066,0.5128205133755541,7.69061197677207e-47,1094593786960.3228,4.650056053059562e+123,7.793902853617214e+20,3.5426831152805505e+20,1.043556064670598e-15,3.940725468694544e+122,black
783.608695652174,68438202.01569068,0.0,99501247.81926864,0.0,0.666666667560009,0.5128205133755519,6.365354504866203e-47,1322486607995.176,7.229599373495833e+123,8.301076629993195e+20,3.773216649996906e+20,1.1014603881844153e-17,6.126779130081214e+122,black
784.8695652173913,68438202.01569068,0.0,99501247.81926864,0.0,0.6666666675600097,0.512820513375551,5.268467333288238e-47,1597826380125.3657,1.1240102593297377e+124,8.84125379944125e+20,4.01875172701875e+20,-7.962326906098741e-15,9.525510672285914e+122,black
786.1304347826087,68438202.01569068,0.0,99501247.81926864,0.0,0.6666666675600087,0.5128205133755522,4.360597358828211e-47,1930491488979.8093,1.7475367552267701e+124,9.41658199656908e+20,4.2802645438950375e+20,2.522757056752592e-17,1.4809633518870933e+123,black
787.3913043478261,68438202.01569068,0.0,99501247.81926864,0.0,0.6666666675600097,0.512820513375551,3.609172862414116e-47,2332416985587.0806,2.7169544810794108e+124,1.0029348609324308e+21,4.5587948224201405e+20,1.6684324729370072e-15,2.3025037975249246e+123,black
788.6521739130435,68438202.01569068,0.0,99501247.81926864,0.0,0.6666666675600085,0.5128205133755523,2.987234931107492e-47,2818022781094.9536,4.224140997423163e+124,1.0681989873183706e+21,4.8554499423562315e+20,-6.414361664125518e-18,3.5797805062908184e+123,black
789.9130434782609,68438202.01569068,0.0,99501247.81926864,0.0,0.6666666675600099,0.5128205133755509,2.4724702511645e-47,3404730991003.191,6.5674148354317825e+124,1.1377100557130493e+21,5.1714093441502256e+20,1.232378066972473e-16,5.565605792738799e+123,black
791.1739130434783,68438202.01569068,0.0,99501247.81926864,0.0,0.6666666675600084,0.5128205133755525,2.0464105716074784e-47,4113590989705.7,1.0210581902219194e+125,1.211744427992802e+21,5.5079292181491004e+20,-3.2389152148979465e-17,8.653035510355254e+123,black
792.4347826086957,68438202.01569068,0.0,99501247.81926864,0.0,0.6666666675600097,0.512820513375551,1.6937701174015287e-47,4970034600472.708,1.5874736923720562e+125,1.2905964497706287e+21,5.866347498957404e+20,-2.72099547432842e-16,1.3453166884508955e+124,black
793.695652173913,68438202.01569068,0.0,99501247.81926864,0.0,0.6666666675600084,0.5128205133755526,1.4018971805588543e-47,6004788514879.173,2.4680990252075118e+125,1.3745796206544984e+21,6.248089184793174e+20,-2.0921327180755213e-17,2.0916093433961972e+124,black
794.9565217391305,68438202.01569068,0.0,99501247.81926864,0.0,0.6666666675600096,0.5128205133755512,1.1603202138634496e-47,7254976676620.1455,3.837237005876003e+125,1.4640278406580672e+21,6.654672002991216e+20,7.032043212230873e-17,3.251895767691528e+124,black
796.2173913043478,68438202.01569068,0.0,99501247.81926864,0.0,0.6666666675600081,0.5128205133755526,9.603721423873675e-48,8765452180019.281,5.965882117727717e+125,1.5592967377192522e+21,7.087712444178422e+20,2.5569204629820913e-17,5.055832303159083e+124,black
797.4782608695652,68438202.01569068,0.0,99501247.81926864,0.0,0.6666666675600096,0.5128205133755511,7.948794141944417e-48,10590406467854.256,9.275358646970135e+125,1.6607650816046053e+21,7.548932189111844e+20,3.267709485875579e-17,7.860473429635711e+124,black
798.7391304347826,68438202.01569068,0.0,99501247.81926864,0.0,0.6666666675600081,0.5128205133755526,6.57904634280038e-48,12795313561806.512,1.442071370705907e+126,1.7688362898208929e+21,8.040164953731333e+20,8.108581918231471e-16,1.222094381954159e+125,black
800.0,68438202.01569068,0.0,99501247.81926864,0.0,0.6666666675600096,0.5128205133755512,5.4453354820574796e-48,15459279078838.773,2.242037119271727e+126,1.8839400315211106e+21,8.563363779641413e+20,-7.291126573456154e-18,1.900031457009938e+125,black
