time,S,SR,C,CR,M1,M2,TH1,TH2,TC,Treg,IL10,IFNgamma,IL2,color
0.0,1.0,0.0,0.0,0.0,85000.0,15000.0,71000.0,12000.0,56000.0,8000.0,0.0085,0.12,0.0094,black
0.8008008008008008,18.810852210301167,0.0,7.187453139350078,0.0,46309.152440141836,29459.232672097172,62967.23465500286,9982.33023173296,74115.97467587072,8326.129290742254,4350.681718874859,1382.6869520230457,6754.054568574532,black
1.6016016016016017,207.93186937825098,0.0,111.54998982899889,0.0,23495.447778867576,30686.1018689276,55840.312564282525,8303.214228269773,98092.54020641721,8666.464957606087,8801.315496730624,2765.650464623458,12522.160971184287,black
2.4024024024024024,1559.4537867690492,0.0,976.4488963703823,0.0,11897.40162816117,27064.822603265875,49520.01140487506,6906.510461714376,129825.54260464781,9020.723344100526,12149.109673825087,4108.704666560384,17785.739829908573,black
3.2032032032032034,8522.270330333582,0.0,5921.872705405491,0.0,6023.673473453896,22137.96698211093,43915.07388878868,5744.739088948133,171824.19393655992,9389.459876967625,14220.1764668987,5382.04192020176,23015.02986163329,black
4.004004004004004,35729.49338833812,0.0,27009.214431458488,0.0,3049.8219283174717,17380.784689368247,38944.53926341617,4778.388912251413,227409.4386773309,9773.262019008971,15211.21224424924,6565.556057689201,28697.73219222053,black
4.804804804804805,119769.24640384273,0.0,97440.2804200679,0.0,1544.2230003622244,13316.58727236862,34536.604021855615,3974.590433924478,300976.5493481894,10172.743372709276,15411.439922638132,7646.675955675628,35370.94431829763,black
5.605605605605606,332244.5725142136,0.0,288719.8841037884,0.0,781.9748454428553,10047.392573606445,30627.58983490965,3306.0015764205727,398342.6723291973,10588.54333806238,15091.553071069557,8618.610084636759,43658.52157618149,black
6.406406406406407,785177.1435324234,0.0,724261.9082946569,0.0,396.0678777061288,7505.695756056167,27161.025086571128,2749.878850836466,527206.8050386594,11021.327746006331,14467.986283165474,9478.939741464828,54316.512999875034,black
7.207207207207207,1620145.0790371129,0.0,1577453.4422308877,0.0,200.69309990954804,5570.13713190901,24086.829629493117,2287.304192427234,697758.5760657262,11471.78978776325,13699.198054635624,10228.498173323651,68290.01596327894,black
8.008008008008009,2980456.4123779796,0.0,3047237.5646102643,0.0,101.77991823426024,4115.479458163694,21360.591586713414,1902.5416436843402,923483.9661106408,11940.65107923842,12893.834149971344,10870.482385035228,86785.74453119058,black
8.80880880880881,4975709.453360438,0.0,5316080.82243152,0.0,51.70275565615535,3031.6356062869445,18942.925910061575,1582.5021639669092,1222231.6802327093,12428.662810884296,12121.837223482331,11409.753621608308,111365.88770935674,black
9.60960960960961,7652636.72742049,0.0,8505272.66953338,0.0,26.350000585150852,2228.7110889046103,16798.90548421583,1316.2984244479144,1617624.492275397,12936.60696381917,11424.878101078311,11852.290373502181,144070.54876995602,black
10.41041041041041,10982563.382191535,0.0,12643944.612037413,0.0,13.514567138999775,1636.197811778697,14897.556588216707,1094.8744722298227,2140927.1602226775,13465.297582369669,10824.915783525805,12204.76429950823,187578.34246978845,black
11.211211211211213,14867707.51212119,0.0,17661182.54896104,0.0,7.016325358211495,1200.1078391941046,13211.411445602727,910.6976794741034,2833518.6135046426,14015.582096624848,10330.739982569909,12474.214876550768,245417.76507247664,black
12.012012012012013,19161346.62767272,0.0,23400660.23618585,0.0,3.7264370410773644,879.7236085533053,11716.111410282221,757.5025054070302,3750163.894655936,14588.342690864096,9942.747518801221,12667.803047966236,322245.9837442513,black
12.812812812812814,23693702.947934728,0.0,29649945.48175957,0.0,2.0608535158667176,644.6364552148358,10390.055059689314,630.0773582618017,4963344.576418099,15184.497716439597,9656.310199537604,12792.627811935141,424217.03662727214,black
13.613613613613614,28296172.913810257,0.0,36174340.894161046,0.0,1.217612626635101,472.28416620836975,9214.08611181973,524.0873085903651,6568990.071899156,15805.003150911625,9464.077662678323,12855.59270589132,559468.5159244236,black
14.414414414414415,32819393.533672616,0.0,42746927.82490325,0.0,0.7907020795596037,345.999535596979,8171.2166576840345,435.926623965128,8694063.02760725,16450.85410821694,9357.503034406558,12863.311615026381,738765.1840329233,black
15.215215215215217,37143707.77111547,0.0,49170133.08570063,0.0,0.5745685726283579,253.50667973184702,7246.381712397068,362.5961090094006,11506598.596522903,17123.086406558403,9327.816589257654,12822.04535835572,976350.3890919766,black
16.016016016016017,41182784.482907444,0.0,55287665.405853465,0.0,0.46514590415094464,185.78238182310486,6426.221542208024,301.6010782547506,15228991.423318313,17822.778201145728,9366.616427730325,12737.662162810659,1291072.5833633903,black
16.816816816816818,44882219.391073085,0.0,60988061.654170886,0.0,0.4097481095084094,136.203472139485,5698.888626749776,250.86649111232438,20155580.978568323,18551.051688116513,9466.19948563689,12615.616489460554,1707876.0055743128,black
17.61761761761762,48215130.64005921,0.0,66202187.68234692,0.0,0.3817016795975384,99.91309655551035,5053.876471256828,208.6663620586844,26675925.76114506,19309.07488453916,9619.720924081312,12460.941779951629,2259773.3875093483,black
18.41841841841842,51176444.63403495,0.0,70897167.3580482,0.0,0.36750252316851684,73.3520078533922,4481.867797983869,173.56504477007482,35305606.72209291,20098.063487981282,9821.243622604035,12278.253589953074,2990456.663042162,black
19.21921921921922,53777066.12914582,0.0,75068795.55805458,0.0,0.3603138764010736,53.91306862117281,3974.5999246581,144.36839288539278,46726995.61813506,20919.282818121934,10065.720291362559,12071.76030651739,3957752.1086231247,black
20.02002002002002,56038640.4989531,0.0,78733880.30675143,0.0,0.3566744667535396,39.68715786899315,3524.7453849607723,120.08313606672907,61843211.95690174,21774.049842407214,10348.936949835088,11845.279238101793,5238193.117561794,black
20.82082082082082,57989236.02614954,0.0,81923374.80838147,0.0,0.35483194350341213,29.27659201471849,3125.8060655025133,99.88308948431963,81849535.04904707,22663.735287714062,10667.436794704112,11602.256344575191,6933072.185829965,black
21.621621621621625,59660018.80343182,0.0,84676701.66696437,0.0,0.3538991378463596,21.658268382894146,2772.0193287029547,83.08104729679346,108327917.91271864,23589.765840236487,11018.436704813674,11345.788260475114,9176450.654151639,black
22.422422422422425,61082845.14569573,0.0,87037360.3689589,0.0,0.3534268996618639,16.08335461952062,2458.274764105052,69.10540403364094,143372076.49050644,24553.62643619082,11399.743977646991,11078.645575054827,12145759.556143146,black
23.223223223223226,62288627.20039339,0.0,89049725.95739132,0.0,0.35318783610002213,12.003802372586348,2180.0403643478617,57.48070860570183,189753045.3247376,25556.862646348356,11809.67774531765,10803.29658123462,16075829.809803303,black
24.024024024024026,63306308.54091179,0.0,90756858.50169285,0.0,0.3530668241501374,9.018531055349301,1933.2970583892486,47.81148943437609,251138290.6066651,26601.08315778767,12246.997430392501,10521.93090390592,21277461.155690737,black
24.824824824824827,64162295.89829806,0.0,92199116.6707272,0.0,0.3530055800632795,6.834026190127659,1714.48065553427,39.76880045942805,332381706.45320415,27687.962356596006,12710.839249869388,10236.482575543214,28161998.13746536,black
25.625625625625627,64880215.7039734,0.0,93413378.2134863,0.0,0.35297459631699996,5.2354962620200896,1520.4303610848615,33.07903033747227,439907425.1860621,28819.243015538057,13200.660928733072,9948.65225147173,37273856.41320677,black
26.426426426426428,65480890.48526727,0.0,94432697.02025203,0.0,0.3529589340407629,4.065761159106557,1348.3431195260714,27.514594129529943,582217790.5098075,29996.739090961462,13716.194279651918,9659.928354738968,49333571.33982942,black
27.227227227227228,65982455.30601861,0.0,95286259.04422481,0.0,0.35295103009494094,3.2098009404719607,1195.7331254743287,22.88619081356362,770565660.3751113,31222.338633432737,14257.405028263081,9371.607016516013,65294772.79707977,black
28.02802802802803,66400556.05886216,0.0,95999531.1424658,0.0,0.352947055483865,2.583447941195323,1060.3959173571905,19.03636322436137,1019844200.2972835,32498.00681680588,14824.459134759116,9084.810736536274,86419591.40236671,black
28.82882882882883,66748588.80646981,0.0,96594524.67518964,0.0,0.35294507171576484,2.1251114727271148,940.3765350584703,15.834141330062485,1349764525.448851,33825.78909062734,15417.694827598267,8800.505732713067,114378458.68680277,black
29.62962962962963,67037952.71190271,0.0,97090118.39032806,0.0,0.35294409741593863,1.7897219864491234,833.941281511819,13.170586608872062,1786414310.8323245,35207.81446098098,16037.599587100554,8519.517982572848,151382192.69987288,black
30.430430430430434,67278298.95503883,0.0,97502402.76910265,0.0,0.3529436357772325,1.544299514315353,739.5526803138338,10.955085944462741,2364320612.842791,36646.298905080366,16684.791370722272,8242.547983782597,200356813.39164287,black
31.231231231231234,67477765.0765435,0.0,97845021.21880083,0.0,0.3529434353204403,1.3647107697849359,655.8472676142185,9.112268957418863,3129180015.33147,38143.54892512496,17360.003441712735,7970.184278690658,265174910.91803536,black
32.032032032032035,67643189.06792632,0.0,98129493.06324884,0.0,0.352943368773371,1.2332960996309874,581.6158974896467,7.579443898817247,4141471979.466237,39701.9652471545,18064.072238297103,7702.915799944174,350961861.7251903,black
32.832832832832835,67780300.7903529,0.0,98365509.99063046,0.0,0.3529433717503985,1.1371329753900075,515.7862763247873,6.3044648744008525,5481241115.221113,41324.046670862655,18797.927795159383,7441.143102099818,464501105.78886,black
33.633633633633636,67893890.40344644,0.0,98561202.1718664,0.0,0.352943411707434,1.0667652859675965,457.4074739216443,5.243957841193817,7254426521.067506,43012.39407656733,19562.586299133138,7185.188548689884,614770531.3288786,black
34.434434434434436,67987954.76353237,0.0,98723373.23695128,0.0,0.35294347222459055,1.0152734876439569,405.6361876143776,4.361845024306428,9601238669.124063,44769.71459578298,20359.144424750808,6935.305526220112,813652380.3258437,black
35.23523523523524,68065823.4666289,0.0,98857705.14434898,0.0,0.3529435450488878,0.9775941805599389,359.7245609888703,3.6281175541015016,12707246219.189228,46598.82595209796,21188.775151878923,6691.686756687394,1076872809.028776,black
36.03603603603604,68130266.55263387,0.0,98968935.04349901,0.0,0.35294362606567925,0.9500222052076808,319.00938126044963,3.0178145683003996,16818049424.731745,48502.6609793306,22052.72481701203,6454.471778912353,1425245396.935005,black
36.83683683683684,68183585.98694001,0.0,99061006.76626818,0.0,0.3529437132591123,0.9298462992807667,282.902499277363,2.510174047783029,22258700396.193607,50484.27232421813,22952.311192267658,6223.75366667619,1886316931.8150194,black
37.63763763763764,68227692.9869611,0.0,99137199.77265906,0.0,0.3529438056796002,0.9150824880977817,250.88233377674047,2.0879264972557756,29459405833.335266,52546.83734118755,23888.922422292646,5999.58504864407,2496545607.369945,black
38.43843843843844,68264173.12690178,0.0,99200238.34812053,0.0,0.3529439029211351,0.9042789920535543,222.4863371804274,1.7367074416154984,38989544609.81305,54693.6631870626,24864.016679835782,5781.983491590241,3304183869.385663,black
39.23923923923924,68294340.97650106,0.0,99252383.69331527,0.0,0.35294400485673283,0.8963734669669288,197.30431410622813,1.444568751003411,51602690070.57899,56928.19212388125,25879.122426361933,5570.936304700022,4373093864.671455,black
40.04004004004004,68319285.8354773,0.0,99295511.32209745,0.0,0.35294411150457805,0.8905885392310899,174.97249608640607,1.2015721697369408,68296197074.57854,59254.007038329815,26935.839185453722,5366.404818854146,5787797190.451298,black
40.84084084084084,68339909.93178855,0.0,99331175.92901586,0.0,0.35294422296035105,0.8863553633244334,155.16828690767247,0.9994512209151922,90390065488.22112,61674.83718664705,28035.838754491942,5168.328190909825,7660158241.282891,black
41.64164164164164,68356960.26842576,0.0,99360665.6287339,0.0,0.352944339363072,0.8832576847796157,137.60560267313474,0.8313299846584241,119631316075.16179,64194.56417421174,29180.866794786238,4976.626779160355,10138229623.466406,black
42.44244244244244,68371055.13550751,0.0,99385047.22130238,0.0,0.35294446087792625,0.880990908088862,122.03073927667329,0.6914891828009165,158332132060.79544,66817.22817940367,30372.74475243629,4791.205132439111,13417959067.317472,black
43.24324324324325,68382706.15418898,0.0,99405203.90753753,0.0,0.35294458768769565,0.8793321445190813,108.21870759805047,0.5751716122350641,209552689591.28635,69547.03443171871,31613.372072168615,4611.9546317750455,17758683533.90143,black
44.04404404404405,68392336.58672927,0.0,99421866.67177688,0.0,0.3529447199885583,0.8781182945101799,95.9699834827438,0.47842030775499345,277343133977.7533,72388.35995452617,32904.72867458111,4438.755820131966,23503635676.453224,black
44.84484484484485,68400296.53226022,0.0,99435640.36616285,0.0,0.35294485798810965,0.8772300094040615,85.10762556159466,0.39794392871047624,367063835423.2929,75345.76058328105,34248.8776739474,4271.480452589493,31107084156.289696,black
45.64564564564565,68406875.5290516,0.0,99447025.37079649,0.0,0.35294500190451783,0.8765799553914474,75.47471927841357,0.33100478993871146,485809247637.84436,78423.97827044445,35647.96831924563,4109.993296357776,41170253864.489586,black
46.44644644644645,68412312.99975994,0.0,99456435.56608957,0.0,0.3529451519662632,0.8761042256223407,66.93211020588109,0.27532572782698594,642968885290.3408,81627.94868882635,37104.2391456026,3954.1537072624265,54488866384.04483,black
47.24724724724725,68416806.90461527,0.0,99464213.2354503,0.0,0.3529453084121831,0.8757560559877237,59.35639390729611,0.22901263305344838,850969777546.6437,84962.80914554105,38620.02132706131,3803.817006790123,72116059781.34512,black
48.04804804804805,68420520.90706217,0.0,99470641.41581401,0.0,0.3529454714916812,0.8755012266284882,52.638133309509996,0.19049001466438367,1126259106572.6023,88433.90681926723,40197.74222464384,3658.835681438816,95445663055.76186,black
48.84884884884885,68423590.30555324,0.0,99475954.1283929,0.0,0.3529456414650304,0.8753146969727805,46.68027783619837,0.15844740332933416,1490604729576.1057,92046.80733401778,41839.92912620919,3519.060423967794,126322409872.24474,black
49.64964964964965,68426126.94254403,0.0,99480344.85019618,0.0,0.35294581860373225,0.8751781434160564,41.39676146690674,0.13179477047710902,1972816421077.2668,95807.3036831694,43549.213176705875,3384.3410341751464,167187806550.6012,black
50.450450450450454,68428223.26607999,0.0,99483973.5265603,0.0,0.3529460031909154,0.8750781575105744,36.711259470597184,0.10962544666800668,2611023938168.9277,99721.42551805988,45328.33349916967,3254.527195038709,221273188443.86298,black
51.251251251251254,68429955.68958797,0.0,99486972.37438124,0.0,0.35294619552176604,0.8750049274850864,32.55608585485937,0.09118527770639549,3455692041515.9106,103795.44881604676,47180.141508288936,3129.4691384263583,292855230192.91534,black
52.052052052052055,68431387.37067047,0.0,99489450.68349299,0.0,0.3529463959039816,0.8749512734428992,28.87121560449257,0.07584696920133356,4573610879037.534,108035.90594353,49107.60541960893,3009.0182131028764,387594113835.76636,black
52.852852852852855,68432570.50905406,0.0,99491498.78838815,0.0,0.3529466046582506,0.8749119413646631,25.60341758537132,0.06308874678096751,6053177257053.973,112449.59613007217,51113.81495851612,2893.0273664221068,512981094159.6713,black
53.653653653653656,68433548.24667402,0.0,99493191.35310932,0.0,0.35294682211875544,0.8748830864932455,22.705485588890507,0.05247660601474855,8011384412502.13,117043.5963704139,53201.98627407452,2781.351549882562,678930852279.6918,black
54.454454454454456,68434356.23863009,0.0,99494590.08771938,0.0,0.352947048633698,0.8748618952984869,20.135556408731098,0.04364954817480001,10603072977924.053,121825.27277186165,55375.46706360202,2673.848057634071,898565475723.6559,black
55.25525525525526,68435023.95191738,0.0,99495745.99445383,0.0,0.3529472845658508,0.8748463088487106,17.856505099740307,0.036307299578555496,14033174640823.104,126802.2923652448,57637.741914607665,2570.3768060391003,1189252056684.2053,black
56.05605605605606,68435575.73903257,0.0,99496701.2248059,0.0,0.3529475302931299,0.8748348203868153,15.835408683259425,0.030200096731640317,18572916635610.15,131982.6353983785,59992.437871375354,2470.800561508195,1573975954050.0718,black
56.85685685685686,68436031.72542769,0.0,99497490.6148141,0.0,0.3529477862091959,0.8748263272057792,14.043070551982227,0.025120189769430753,24581268400230.01,137374.60813174516,62443.33023409269,2374.985123034451,2083158306681.9734,black
57.65765765765766,68436408.54305394,0.0,99498142.9542269,0.0,0.35294805272407914,0.8748200222579103,12.453598704233222,0.02089477515149969,32533326241593.37,142986.85615691048,64994.348599001336,2282.7994651389495,2757061513537.0947,black
58.45845845845846,68436719.93666376,0.0,99498682.0356146,0.0,0.35294833026483163,0.8748153148393716,11.044031715121072,0.017380117185498697,43057880460397.76,148828.37825902933,67649.58314859455,2194.1158463001916,3648972888318.9243,black
59.25925925925926,68436977.26492572,0.0,99499127.52154036,0.0,0.3529486192762087,0.8748117725506187,9.794007041585973,0.014456658400318853,56987135467623.04,154908.54084566905,70413.29120141968,2108.809887368466,4829418228676.861,black
60.06006006006007,68437189.9145894,0.0,99499495.66131458,0.0,0.35294892022137686,0.8748090788255384,8.685466869876368,0.012024952428328899,75422514394136.83,161237.09296508532,73289.9040315648,2026.7606239544425,6391738478043.647,black
60.86086086086087,68437365.64278008,0.0,99499799.88340335,0.0,0.3529492335826538,0.8748070018530192,7.702397256296436,0.010002281037665293,99821751538392.78,167824.18193803154,76284.0339684257,1947.8505363240808,8459470441550.173,black
61.66166166166167,68437510.85988806,0.0,99500051.2850492,0.0,0.35294955986227855,0.874805371834958,6.830596792993175,0.008319840229806263,132114159283012.73,174680.369628166,79400.48178786565,1871.9655599237158,11196115168797.154,black
62.46246246246247,68437630.86335991,0.0,99500259.03692925,0.0,0.352949899583213,0.8748040643444698,6.057471457048187,0.006920399676797026,174853183941003.44,181816.64937714452,82644.2444064021,1798.9950792951097,14818066415412.162,black
63.26326326326327,68437730.0309095,0.0,99500430.71758708,0.0,0.352950253289979,0.8748029881479235,5.371852679363719,0.005756355875093807,231418313526922.3,189244.4636315537,86020.52289058384,1728.8319078156917,19611721471131.41,black
64.06406406406407,68437811.98019095,0.0,99500572.58982123,0.0,0.35295062154952844,0.8748020762933874,4.763836005249662,0.004788112786868902,306282302835868.2,196975.7222899473,89534.7307942619,1661.3722554102003,25956127352956.01,black
64.86486486486487,68437879.7007542,0.0,99500689.82910097,0.0,0.35295100495215,0.8748012795892669,4.224638016072255,0.003982734880420541,405364846025911.1,205022.82179940367,93192.50283701105,1596.515686122751,34352953057927.555,black
65.66566566566567,68437935.66309331,0.0,99500786.71233393,0.0,0.3529514041124136,0.8748005618319585,3.746469445113024,0.003312826748065791,536500662532925.1,213398.66503222488,96999.70393752812,1534.1650672096293,45466157861030.0,black
66.46646646646647,68437981.90876356,0.0,99500866.77386577,0.0,0.35295181967015393,0.874799896313339,3.3224226547184523,0.0027556011878121555,710059009112365.6,222116.68197464728,100962.43861642014,1474.2265112099285,60174492335723.36,black
67.26726726726727,68438020.1248538,0.0,99500932.93439914,0.0,0.3529522522914944,0.8747992632647654,2.9463718492759616,0.00229210404642339,939763604467930.5,231190.85126073685,105087.06078340238,1416.6093122707011,79640983492022.03,black
68.06806806806807,68438051.7055295,0.0,99500987.60753223,0.0,0.35295270266991335,0.8747986479863545,2.612884582526699,0.0019065694543268365,1243777800081768.5,240635.7225859966,109380.1839245529,1361.225877843248,105404898406244.7,black
68.86886886886887,68438077.802891,0.0,99501032.78780168,0.0,0.35295317152735417,0.8747980394777014,2.31714328087794,0.0015858835185731906,1646140804581387.5,250466.440036625,113848.6917059227,1307.991656725245,139503458150504.16,black
69.66966966966967,68438099.36900188,0.0,99501070.12344049,0.0,0.35295365961538117,0.8747974294355145,2.0548756490642552,0.0013191382296567672,2178668527712952.5,260698.7663718313,118499.74901047332,1256.8250642977232,184632926265135.94,black
70.47047047047047,68438117.19062054,0.0,99501100.976504,0.0,0.35295416771638277,0.8747968115197255,1.8222929528170062,0.001097260406952982,2883469348707205.0,271349.10829814395,123340.81342601625,1207.647405694641,244361809467821.28,black
71.27127127127127,68438131.91790156,0.0,99501126.47255713,0.0,0.3529546966448245,0.8747961808160403,1.6160352869893841,0.0009127030602299555,3816273737456813.5,282434.5427762351,128379.64720255489,1160.3827975444174,323413028939989.8,black
72.07207207207207,68438144.0881137,0.0,99501147.54173517,0.0,0.35295524724855243,0.8747955334422187,1.433123038494091,0.0007591886679965072,5050841010580992.0,293972.84440244373,133624.32969818715,1114.958088835816,428037374230838.0,black
72.87287287287288,68438154.14524002,0.0,99501164.95267531,0.0,0.35295582041015167,0.8747948662595106,1.2709138428975455,0.0006314956395652105,6684791676178028.0,305982.51390890224,139083.2703335127,1071.3027813838537,566507769762081.9,black
73.67367367367368,68438162.45617513,0.0,99501179.34055701,0.0,0.3529564170483588,0.8747941766610204,1.1270644128747989,0.0005252806967538932,8847326546269569.0,318482.80782796064,144765.22207530646,1029.3489503036876,749773436899890.8,black
74.47447447447448,68438169.32410969,0.0,99501191.23027408,0.0,0.35295703811953333,0.8747934624163466,0.9994966871062512,0.00043693113306805294,1.1709442987620478e+16,331493.7693684778,150679.29547107138,989.0311648407923,992325677923158.6,black
75.27527527527528,68438174.9995914,0.0,99501201.05558312,0.0,0.3529576846191891,0.8747927215573794,0.886367810609106,0.00036344192458376815,1.5497456136977648e+16,345036.2605534826,156834.97325696677,950.2864098532627,1313343741722329.2,black
76.07607607607608,68438179.68966535,0.0,99501209.17492777,0.0,0.35295835758358773,0.8747919522941942,0.7860435128442478,0.0003023135121573945,2.051089423907235e+16,359131.9956707386,163242.12556253021,913.0540081959109,1738211377868179.5,black
76.87687687687688,68438183.56542736,0.0,99501215.8845151,0.0,0.3529590580913986,0.8747911529529467,0.6970744990225916,0.00025146677778510736,2.7146183139216476e+16,373803.57608984556,169911.0257365697,877.2755442153222,2300523997002335.0,black
77.67767767767768,68438186.76826592,0.0,99501221.42912167,0.0,0.3529597872654251,0.8747903219298454,0.618175513562868,0.00020917232284405526,3.5927992726128004e+16,389074.52650170535,176852.36681959653,842.894788529513,3044745149044091.0,black
78.47847847847848,68438189.41502014,0.0,99501226.0110235,0.0,0.35296054627440276,0.8747894576568628,0.5482067732540586,0.00017399164246540748,4.755072397134463e+16,404969.33263845806,184077.2786892107,809.857624234725,4029722373989801.5,black
79.27927927927928,68438191.6022423,0.0,99501229.7973753,0.0,0.35296133633487004,0.8747885585760136,0.4861575019079511,0.0001447281949686909,6.2933417055445944e+16,421513.48053437076,191597.3459059266,778.1119746547213,5333340432950713.0,black
80.08008008008008,68438193.40972035,0.0,99501232.92630866,0.0,0.35296215871311615,0.874787623119876,0.43113132864497744,0.00012038670189309957,8.329242231222816e+16,438733.4973906284,199424.62628805186,747.6077327242285,7058679862746668.0,black
80.88088088088088,68438194.90338853,0.0,99501235.51197134,0.0,0.3529630147272077,0.8747866496966538,0.38233333887818555,0.0001001392941458276,1.1023758027509725e+17,456656.99410955334,207571.67024540313,718.2966920775222,9342167827298686.0,black
81.68168168168168,68438196.13773306,0.0,99501237.64869146,0.0,0.3529639057490986,0.8747856366785328,0.33905859093481133,8.329735267458211e-05,1.458995160369924e+17,475312.7095664508,216051.54090285502,690.1324798952216,1.236436577525383e+16,black
82.48248248248248,68438197.15777956,0.0,99501239.41441903,0.0,0.35296483320682653,0.8747845823924213,0.3006819324272694,6.928808578370056e-05,1.9309811342643958e+17,494730.55669006694,224877.83504599018,663.0704915468157,1.6364246912537508e+16,black
83.28328328328328,68438198.00073595,0.0,99501240.87356946,0.0,0.3529657985867977,0.8747834851124009,0.2666489692613854,5.7635046340546756e-05,2.5556549069958726e+17,514941.67042554833,234064.7049224335,637.0678270530062,2.1658092447448092e+16,black
84.08408408408408,68438198.6973497,0.0,99501242.07937375,0.0,0.35296680343616604,0.8747823430534013,0.23646805682053942,4.794192614233613e-05,3.382411090274771e+17,535978.4576568041,243626.8809338266,612.0832293804028,2.8664500784502144e+16,black
84.88488488488488,68438199.27302963,0.0,99501243.0758203,0.0,0.3529678493653095,0.8747811543657363,0.2097031976306245,3.987907619250651e-05,4.4766234878966803e+17,557874.6491683197,253579.69525482715,588.0770245711648,3.7937487210345816e+16,black
85.6856856856857,68438199.74877279,0.0,99501243.89925982,0.0,0.3529689380504058,0.8747799171302357,0.18596774290564938,3.3172294362486535e-05,5.924814375780063e+17,580665.3537297386,263939.1064170044,565.0110637017169,5.021029135171558e+16,black
86.4864864864865,68438200.14193055,0.0,99501244.5797314,0.0,0.3529700712361154,0.8747786293537777,0.16491880698659478,2.7593499043620472e-05,7.841496047715587e+17,604387.1143899292,274721.72489704704,542.8486666574571,6.6453356376721624e+16,black
87.2872872872873,68438200.4668416,0.0,99501245.14205846,0.0,0.35297125073837227,0.8747772889650784,0.14625231398456884,2.2952971548983618e-05,1.0378225606139322e+18,629077.9670708056,285944.83975031454,521.5545677042753,8.795106450989774e+16,black
88.0880880880881,68438200.73535495,0.0,99501245.60675427,0.0,0.3529724784472888,0.8747758938106317,0.12969860507202152,1.909290338784645e-05,1.3735588984108273e+18,654777.5015548475,297626.4463324342,501.09486283260384,1.164032965404975e+17,black
88.8888888888889,68438200.95726232,0.0,99501245.99077043,0.0,0.35297375633017963,0.8747744416507152,0.11501854296492087,1.5882028922600495e-05,1.817906180693875e+18,681526.9249641085,309785.2751533943,481.4369588454607,1.5405984590421216e+17,black
89.6896896896897,68438201.14065538,0.0,99501246.30811514,0.0,0.35297508643470793,0.8747729301554094,0.1020000573211685,1.3211160838360862e-05,2.4060001253885215e+18,709369.1278324999,322440.82191039796,462.54952415844195,2.038983158160892e+17,black
90.4904904904905,68438201.29222074,0.0,99501246.57036445,0.0,0.3529764708921602,0.8747713569005772,0.09045508114999329,1.0989476565496675e-05,3.184342880202912e+18,738348.7528772887,335613.37874763366,444.40244127678375,2.6985956625270048e+17,black
91.2912912912913,68438201.41748407,0.0,99501246.78708439,0.0,0.3529779119208547,0.8747697193637735,0.08021683397559883,9.14142933958859e-06,4.21448007076095e+18,768512.2665800774,349324.06679308304,426.96676091233974,3.571593282007821e+17,black
92.0920920920921,68438201.52101168,0.0,99501246.96618007,0.0,0.3529794118296879,0.8747680149200548,0.0711374125075386,7.6041788307313745e-06,5.577867376426325e+18,799908.0336920443,363594.8700245387,410.2146577015414,4.727006253373336e+17,black
92.8928928928929,68438201.60657702,0.0,99501247.11418404,0.0,0.35298097302182657,0.8747662408376679,0.06308565401253803,6.325453947473289e-06,7.382311446872928e+18,832586.394782906,378448.67051913147,394.1193874840753,6.256196144170633e+17,black
93.6936936936937,68438201.67729838,0.0,99501247.23649462,0.0,0.3529825979985487,0.8747643942735982,0.05594524152192374,5.261775121208132e-06,9.770494459754654e+18,866599.7469579418,393909.2851428863,378.6552461010453,8.280080054140525e+17,black
94.4944944944945,68438201.73575263,0.0,99501247.33757274,0.0,0.3529842893632419,0.8747624722689641,0.049613023502377195,4.376975604580491e-06,1.2931256378855217e+19,902002.6278725093,410001.5037391388,363.79752967074296,1.0958691850939724e+18,black
95.2952952952953,68438201.78406921,0.0,99501247.42110485,0.0,0.35298604982556403,0.8747604717442437,0.043997523715874114,3.6409714883814578e-06,1.7114527030787332e+19,938851.8031787574,426751.1288770398,349.52249629979497,1.4503836472430776e+18,black
96.0960960960961,68438201.8240079,0.0,99501247.49013732,0.0,0.35298788220577293,0.8747583894943197,0.039017619742143135,3.0287386014812774e-06,2.2651088719142978e+19,977206.3575447517,444185.0172238852,335.8073291873294,1.9195837904778747e+18,black
96.8968968968969,68438201.8570229,0.0,99501247.54718761,0.0,0.3529897894392326,0.8747562221833347,0.03460137107348351,2.519461495352828e-06,2.9978732058401436e+19,1017127.7893919549,462331.1226076068,322.63010107989214,2.5405705143394263e+18,black
97.6976976976977,68438201.88431592,0.0,99501247.59433599,0.0,0.35299177458110226,0.8747539663393445,0.030684979852508103,2.0958255680588962e-06,3.967687323874144e+19,1058680.109502964,481218.54083847103,309.96974003510087,3.3624468858033746e+18,black
98.4984984984985,68438201.90688014,0.0,99501247.63330162,0.0,0.35299384081121654,0.8747516183487596,0.027211869239542733,1.7434282513166713e-06,5.251237000068323e+19,1101929.943657615,500877.5563618534,297.80599645242967,4.4502008489960274e+18,black
99.2992992992993,68438201.92553617,0.0,99501247.66550513,0.0,0.35299599143916327,0.8747491744505631,0.024131866095696425,1.450289234030887e-06,6.950015911016974e+19,1146946.6394620268,521339.6908168946,286.1194113300509,5.889843994269872e+18,black
100.10010010010011,68438201.94096223,0.0,99501247.69212046,0.0,0.3529982299095685,0.8747466307302996,0.021400476174567702,1.2064430642608562e-06,9.198351010021289e+19,1193802.3775418696,542637.7535788952,274.8912857072932,7.795212722750934e+18,black
100.90090090090091,68438201.95371877,0.0,99501247.7141178,0.0,0.3530005598075955,0.8747439831138201,0.018978241351918394,1.0036002735280105e-06,1.2174024113891105e+20,1242572.2872781502,564805.8943664911,264.1036512529941,1.0316969591087368e+19,black
101.70170170170171,68438201.96426897,0.0,99501247.73229882,0.0,0.353002984864667,0.8747412273607744,0.016830169607879565,8.348654980927905e-07,1.61123295864156e+20,1293334.5672710936,587879.6579979631,253.7392419608169,1.3654516602528051e+19,black
102.50250250250251,68438201.97299556,0.0,99501247.74732608,0.0,0.3530055089644214,0.8747383590578416,0.014925229526955311,6.945030102394651e-07,2.1324679681456007e+20,1346170.61072526,611896.0413844712,243.78146691344278,1.8071762446833844e+19,black
103.30330330330331,68438201.98021488,0.0,99501247.75974701,0.0,0.3530081361489077,0.8747353736116845,0.013235902013582738,5.777416854672717e-07,2.8223228744082784e+20,1401165.135956963,636893.5528516091,234.2143840784442,2.3917990467345744e+19,black
104.10410410410411,68438201.9861883,0.0,99501247.77001406,0.0,0.35301087062503517,0.8747322662416221,0.011737782747021322,4.806127724114745e-07,3.7353463341042624e+20,1458406.3222332203,662912.2738843815,225.02267509956104,3.1655477415621534e+19,black
104.90490490490491,68438201.99113184,0.0,99501247.7785011,0.0,0.35301371677128224,0.8747290319720016,0.010409229632780657,3.998149483035156e-07,4.9437335331916356e+20,1517985.9511600714,689993.9233946212,216.19162104805503,4.189604690157404e+19,black
105.70570570570571,68438201.99522406,0.0,99501247.78551705,0.0,0.3530166791446786,0.8747256656242628,0.009231050157536882,3.3260207060779584e-07,6.543034851696774e+20,1579999.5538469472,718181.9246138843,207.70707909977645,5.544944790860295e+19,black
106.50650650650651,68438201.99861251,0.0,99501247.79131728,0.0,0.3530197624880704,0.8747221618086829,0.008186224131048681,2.766898074684079e-07,8.659711285627265e+20,1644546.5640830672,747521.474719085,199.555460104554,7.338738379286417e+19,black
107.30730730730731,68438202.00141911,0.0,99501247.79611275,0.0,0.35302297173767916,0.8747185149157829,0.007259657809767649,2.301779716662338e-07,1.1461134053253488e+21,1711730.477771468,778059.6173025091,191.72370701549386,9.71282547093941e+19,black
108.10810810810811,68438202.0037446,0.0,99501247.80007786,0.0,0.353026312030968,0.8747147191073897,0.006437965850181393,1.9148591686796732e-07,1.5168819081142938e+21,1781659.018876298,809845.3178024025,184.1992741467548,1.2854931427342913e+20,black
108.90890890890891,68438202.0056723,0.0,99501247.80335668,0.0,0.3530297887148254,0.8747107683073341,0.005709277941958695,1.592987991958808e-07,2.007594285585087e+21,1854444.3121494732,842929.5420150864,176.97010722933356,1.7013510898152787e+20,black
109.70970970970971,68438202.00727105,0.0,99501247.80606827,0.0,0.35303340735408095,0.8747066561917718,0.005063067327498934,1.325228766731196e-07,2.657052467034247e+21,1930203.062913636,877365.3378144853,170.0246242353621,2.2517393792703224e+20,black
110.51051051051051,68438202.00859773,0.0,99501247.80831106,0.0,0.35303717374036614,0.8747023761791152,0.004489998730630985,1.1024832645826989e-07,3.516610833269965e+21,2009056.744189682,913207.9202100934,163.35169694236785,2.980178672806579e+20,black
111.31131131131131,68438202.00969936,0.0,99501247.81016633,0.0,0.35304109390133265,0.8746979214195555,0.00398179349765755,9.171831547632422e-08,4.6542369433824034e+21,2091131.791468912,950514.7598797703,156.94063320988755,3.9442685967783795e+20,black
112.11211211211211,68438202.01061481,0.0,99501247.81170136,0.0,0.35304517411024355,0.8746932847841613,0.0035311100025355786,7.63032726968459e-08,6.1598859106645e+21,2176559.8054421064,989345.6753193211,150.78115994174578,5.220242298052708e+20,black
112.91291291291292,68438202.0113762,0.0,99501247.81297162,0.0,0.3530494208959533,0.8746884588535379,0.003131437588493094,6.347948820989616e-08,8.152613391622112e+21,2265477.7630105703,1029762.928756607,144.86340670821312,6.908994400797967e+20,black
113.71371371371372,68438202.01201011,0.0,99501247.81402305,0.0,0.3530538410532898,0.8746834359060269,0.0027770025139675913,5.281131140371489e-08,1.0789989632467351e+22,2358028.2369175022,1071831.3259839865,139.17789000314377,9.144059011987423e+20,black
114.51451451451452,68438202.01253845,0.0,99501247.81489357,0.0,0.3530584416538564,0.87467820790543,0.002462684544140615,4.39363429324365e-08,1.4280558966328764e+22,2454359.624351842,1115618.320269154,133.7154981120573,1.2102168617340835e+21,black
115.31531531531532,68438202.0129794,0.0,99501247.81561449,0.0,0.3530632300572693,0.8746727664882364,0.002183942983137633,3.6553116971806876e-08,1.8900329966686733e+22,2554626.384891137,1161194.1205109903,128.46747656797118,1.6017228787626693e+21,black
116.11611611611612,68438202.01334797,0.0,99501247.81621177,0.0,0.3530682139228492,0.874667102950336,0.0019367510783430764,3.041085494443809e-08,2.5014600177194503e+22,2658989.2881649723,1208631.8038138468,123.42541417261252,2.1198813712410115e+21,black
116.91691691691692,68438202.01365654,0.0,99501247.81670679,0.0,0.35307340122178377,0.8746612082331953,0.001717537849225222,2.53009423364463e-08,3.3106841157145754e+22,2767615.671636049,1258007.4326607634,118.58122956143741,2.8056645052145677e+21,black
117.71771771771772,68438202.01391542,0.0,99501247.81711727,0.0,0.35307880024978067,0.8746550729094774,0.0015231365003210513,2.104983881998e-08,4.3816927859730324e+22,2880679.7089122487,1309400.1768734998,113.92715829166181,3.7132989716362324e+21,black
118.51851851851852,68438202.014133,0.0,99501247.8174578,0.0,0.35308441964022985,0.8746486871680812,0.0013507386731469282,1.7513180633924706e-08,5.799173524139329e+22,2998362.6890199105,1362892.4405549304,109.45574043326276,4.914553834617374e+21,black
119.31931931931932,68438202.01431638,0.0,99501247.81774046,0.0,0.3530902683778961,0.8746420407985801,0.0011978538761509162,1.4570874715539288e-08,7.675210291036989e+22,3120853.3070860975,1418569.9942173506,105.1598086436403,6.504415501643002e+21,black
120.12012012012013,68438202.01447132,0.0,99501247.81797533,0.0,0.3530963558131625,0.8746351231750324,0.001062273506625301,1.2123017797701096e-08,1.01581462886732e+23,3248347.966895957,1476522.112308549,101.03247670733907,8.608598550694771e+21,black
120.92092092092093,68438202.01460268,0.0,99501247.8181706,0.0,0.35310269167684616,0.8746279232391424,0.0009420389448340378,1.0086501736669222e-08,1.344431385059503e+23,3381051.095810273,1536841.7163561466,97.06712852291632,1.1393486315299178e+22,black
121.72172172172174,68438202.01471438,0.0,99501247.81833313,0.0,0.35310928609560954,0.8746204294827434,0.0008354132594376167,8.392189667768511e-09,1.779355896013334e+23,3519175.4725481914,1599625.5239597494,93.25740751970616,1.5079287255921416e+22,black
122.52252252252254,68438202.01480971,0.0,99501247.81846854,0.0,0.353116149607991,0.8746126299295788,0.0007408561154672889,6.9825669946545576e-09,2.354978796139169e+23,3662942.5683606556,1664974.2038697784,89.59720648787501,1.995744742690599e+22,black
123.32332332332334,68438202.01489142,0.0,99501247.81858152,0.0,0.35312329318107716,0.8746045121163498,0.0006570015223650115,5.809787361863488e-09,3.116816114588703e+23,3812582.902141623,1732992.537401662,86.0806578057827,2.641369588888523e+22,black
124.12412412412414,68438202.0149617,0.0,99501247.81867592,0.0,0.35313072822784564,0.8745960630730055,0.0005826381006335555,4.834047189210558e-09,4.125108348358343e+23,3968336.410046444,1803789.5864441863,82.70212404926566,3.495854532830081e+22,black
124.92492492492494,68438202.01502247,0.0,99501247.81875485,0.0,0.3531384666252009,0.8745872693022414,0.0005166915820255588,4.022233516953429e-09,5.45958383815089e+23,4130452.8302100445,1877478.868331402,79.45618896803813,4.626765964945379e+22,black
125.72572572572574,68438202.0150753,0.0,99501247.81882104,0.0,0.3531465207327329,0.8745781167581779,0.00045820929046612956,3.3467992022912988e-09,7.22576309969213e+23,4299192.103181807,1954178.537858473,76.33764881496742,6.123528051108812e+22,black
126.52652652652654,68438202.01512145,0.0,99501247.81887667,0.0,0.353154903412226,0.8745685908241855,0.0004063463795178221,2.784827236795503e-09,9.563302610727425e+23,4474824.788719184,2034011.5767333251,73.34150401451963,8.104493738568685e+22,black
127.32732732732734,68438202.01516192,0.0,99501247.81892349,0.0,0.3531636280479472,0.8745586762898238,0.000360353627572009,2.3172523834924644e-09,1.265703781905639e+24,4657632.499608358,2117105.9907678496,70.46295115719342,1.0726303237332889e+23,black
128.12812812812814,68438202.01519766,0.0,99501247.81896299,0.0,0.3531727085677439,0.874548357326859,0.00031956661445385295,1.9282136802194044e-09,1.675159857153501e+24,4847908.353207536,2203595.0151248565,67.69737530726273,1.4196269976950854e+23,black
128.92892892892894,68438202.01522939,0.0,99501247.81899644,0.0,0.3531821594649845,0.8745376174643269,0.00028339612308422645,1.6045158043802626e-09,2.2170752644772724e+24,5045957.441436877,2293617.3279498657,65.04034261163262,1.8788773429138794e+23,black
129.72972972972974,68438202.01525775,0.0,99501247.81902483,0.0,0.35319199582137145,0.8745264395625973,0.0002513196275392859,1.3351809946090274e-09,2.934300692179252e+24,5252097.319968707,2387317.272730285,62.48759319808102,2.4866955020204295e+23,black
130.53053053053054,68438202.01528318,0.0,99501247.81904903,0.0,0.35320223333066386,0.8745148057864115,0.0002228737445427149,1.1110763029236321e-09,3.8835490567580363e+24,5466658.517402293,2484845.089738499,60.03503435160862,3.291143268659763e+23,black
131.33133133133134,68438202.01530616,0.0,99501247.81906973,0.0,0.353212888323342,0.874502697576843,0.00019764753934353794,9.246035113851421e-10,5.139879943606579e+24,5689985.065239689,2586357.1569299763,57.67873395805218,4.3558304609642366e+23,black
132.13213213213214,68438202.01532702,0.0,99501247.81908754,0.0,0.3532239777922525,0.8744900956221462,0.00017527658927502226,7.694411771227407e-10,6.802634767471179e+24,5922435.049512393,2692016.2406826573,55.41491420453475,5.764944718552831e+23,black
132.93293293293294,68438202.01534607,0.0,99501247.8191029,0.0,0.3532355194192699,0.8744769798274484,0.00015543771923577312,6.403300412599237e-10,9.003291961547517e+24,6164381.184943286,2801991.756779659,53.23994552672857,7.629908442443259e+23,black
133.73373373373374,68438202.01536356,0.0,99501247.81911622,0.0,0.3532475316030147,0.8744633292832401,0.0001378443330408303,5.328945110179139e-10,1.1915863325845792e+25,6416211.412564506,2916460.042053756,51.15034079329256,1.0098189259768429e+24,black
134.53453453453454,68438202.01537964,0.0,99501247.81912786,0.0,0.35326003348766827,0.8744491222326181,0.00012224227319861586,4.434941501839067e-10,1.5770653601659113e+25,6678329.521749468,3035604.6371292165,49.142749718220074,1.3364960680105923e+24,black
135.33533533533534,68438202.01539452,0.0,99501247.81913804,0.0,0.3532730449929264,0.8744343360372334,0.0001084061493033175,3.6910013289280043e-10,2.087247127817567e+25,6951155.797656432,3159616.5807143277,47.213953492190285,1.7688534982437862e+24,black
136.13613613613614,68438202.01540837,0.0,99501247.819147,0.0,0.353286586845134,0.8744189471418969,9.613608200199377e-05,3.071924639503982e-10,2.762473060800387e+25,7235127.695121701,3288694.715916484,45.36085962436276,2.3410788652037173e+24,black
136.93693693693695,68438202.01542129,0.0,99501247.81915495,0.0,0.35330068060964753,0.8744029310377872,8.525481549914854e-05,2.5567447456181967e-10,3.65613506418921e+25,7530700.540083027,3423046.009071015,43.58049698638546,3.0984195460739206e+24,black
137.73773773773775,68438202.01543334,0.0,99501247.81916201,0.0,0.35331534872446957,0.8743862622242121,7.560515688548826e-05,2.1280168930935978e-10,4.838897362401461e+25,7838348.259657878,3562885.8815949326,41.87001105070746,4.1007604768032365e+24,black
138.53853853853855,68438202.01544468,0.0,99501247.81916834,0.0,0.35333061453520465,0.8743689141688669,6.7047705298925e-05,1.7712264850273335e-10,6.404284106803732e+25,8158564.142047175,3708438.555397732,40.22665931559385,5.427359412789456e+24,black
139.33933933933935,68438202.01545537,0.0,99501247.81917407,0.0,0.35334650233138654,0.8743508592665344,5.9458838112869225e-05,1.474296762005686e-10,8.47607457834297e+25,8491861.627482971,3859937.4124030573,38.647806909536534,7.183114049753351e+24,black
140.14014014014015,68438202.01546545,0.0,99501247.81917924,0.0,0.3533630373842256,0.8743320687961663,5.272892505991553e-05,1.227179220807202e-10,1.1218090743555761e+26,8838775.13148829,4017625.368757719,37.13092236803867,9.506856562729774e+24,black
140.94094094094095,68438202.015475,0.0,99501247.81918396,0.0,0.35338024598583256,0.8743125128762879,4.6760744491810404e-05,1.0215128640361865e-10,1.4847151091874715e+26,9199860.901769118,4181755.264328057,35.67357357602433,1.258233143429361e+25,black
141.74174174174175,68438202.01548405,0.0,99501247.8191883,0.0,0.3533981554899715,0.8742921604186619,4.1468078896702766e-05,8.503407112180408e-11,1.9650215048544786e+26,9575697.91011256,4352590.268108191,34.27342386938745,1.6652724618048493e+25,black
142.54254254254255,68438202.01549263,0.0,99501247.81919228,0.0,0.3534167943543977,0.8742709790801488,3.6774469384254233e-05,7.078739468520972e-11,2.6007073617333012e+26,9966888.780721195,4530404.3001901815,32.928228289447404,2.203989289685574e+25,black
143.34334334334335,68438202.0155008,0.0,99501247.81919597,0.0,0.35343619218484157,0.8742489352126959,3.26121111456663e-05,5.892956988713411e-11,3.442038046232163e+26,10374060.756472187,4715482.4709727205,31.635829984321504,2.9169813952151026e+25,black
144.14414414414415,68438202.01550858,0.0,99501247.81919937,0.0,0.35345637978069516,0.874225993811386,2.892087393223126e-05,4.905977868853883e-11,4.5555398066058375e+26,10797866.70465045,4908121.538312569,30.39415675145838,3.860626954881807e+25,black
144.94494494494495,68438202.01551598,0.0,99501247.81920254,0.0,0.35347738918246663,0.8742021184604787,2.564743340205547e-05,4.084448992243914e-11,6.0292601798184826e+26,11238986.163768418,5108630.383351713,29.2012177158014,5.109542525436596e+25,black
145.74574574574575,68438202.01552305,0.0,99501247.8192055,0.0,0.35349925372106417,0.874177271277366,2.2744500786223197e-05,3.4006158920582286e-11,7.97973014377483e+26,11698126.433151046,5317330.505783297,28.055100138266415,6.762483172902498e+25,black
146.54654654654655,68438202.01552983,0.0,99501247.81920828,0.0,0.3535220080689764,0.8741514128543714,2.0170139746013516e-05,2.831382558640184e-11,1.05611785307583e+27,12176023.707032986,5534556.539350318,26.95396634942691,8.950151297522323e+25,black
147.34734734734735,68438202.0155363,0.0,99501247.8192109,0.0,0.3535456882934172,0.8741245021983131,1.788716055235861e-05,2.3575291894192747e-11,1.3977727310181302e+27,12673444.254986407,5760656.788403737,25.896050803498515,1.1845531619140428e+26,black
148.14814814814815,68438202.01554246,0.0,99501247.81921338,0.0,0.35357033191150433,0.8740964966677524,1.5862582835744106e-05,1.963061341469351e-11,1.8499532053994473e+27,13191185.650572203,5995993.786380298,24.87965724790685,1.567756953771923e+26,black
148.94894894894895,68438202.01554838,0.0,99501247.81921571,0.0,0.35359597794754344,0.8740673519078459,1.4067159145334178e-05,1.6346684073613855e-11,2.4484143854154813e+27,13730078.050184593,6240944.877095532,23.90315600390751,2.074927445322769e+26,black
149.74974974974975,68438202.01555404,0.0,99501247.81921795,0.0,0.3536226669924924,0.8740370217827145,1.2474952434564738e-05,1.36127304575974e-11,3.2404781835614515e+27,14290985.52413966,6495902.8197839875,22.964981353903823,2.7461679522411803e+26,black
150.55055055055055,68438202.01555948,0.0,99501247.81922005,0.0,0.3536504412656802,0.8740054583052467,1.1062961369480434e-05,1.1336562852333599e-11,4.288775184740511e+27,14874807.442142116,6761276.418856871,22.06362903127855,3.634555241395111e+26,black
151.35135135135135,68438202.01556467,0.0,99501247.81922203,0.0,0.3536793446788606,0.8739726115642442,9.810788046947756e-06,9.441455878721585e-12,5.676197012694607e+27,15482479.915351797,7037491.179386807,21.1976538087196,4.81033645155003e+26,black
152.15215215215215,68438202.01556964,0.0,99501247.81922394,0.0,0.35370942290267826,0.8739384296488195,8.700343322537385e-06,7.863552957507894e-12,7.512450790504039e+27,16114977.297362067,7324989.989370748,20.36566718117707,6.366483720910993e+26,black
152.95295295295296,68438202.01557443,0.0,99501247.81922574,0.0,0.35374072343563046,0.873902858569952,7.715585491185561e-06,6.549706606361055e-12,9.942733973759258e+27,16773313.746496905,7624233.829865011,19.56633513974014,8.426045740658142e+26,black
153.75375375375376,68438202.01557902,0.0,99501247.81922746,0.0,0.3537732956756078,0.8738658421791071,6.8422885455640985e-06,5.45568135957174e-12,1.3159215498367897e+28,17458544.85193164,7935702.514131078,18.79837603286785,1.1151877541223957e+27,black
154.55455455455456,68438202.01558341,0.0,99501247.81922911,0.0,0.3538071909941013,0.8738273220838192,6.067836664375772e-06,4.5446584016985245e-12,1.7416231087899266e+28,18171769.326244667,8259895.456977276,18.060558511547395,1.4759517871398887e+27,black
155.35535535535536,68438202.01558764,0.0,99501247.81923066,0.0,0.3538424628131612,0.8737872375601385,5.381041961712309e-06,3.785991240191581e-12,2.305039425372625e+28,18914130.767114118,8597332.475529984,17.351699555087695,1.9534232418790764e+27,black
156.15615615615616,68438202.0155917,0.0,99501247.81923215,0.0,0.3538791666852,0.873745525461839,4.771982864646725e-06,3.154170255908152e-12,3.050721321798478e+28,19686819.490984112,8948554.622718312,16.670662574385194,2.585357052419744e+27,black
156.95695695695696,68438202.01559559,0.0,99501247.81923364,0.0,0.35391736037572963,0.8737021201262837,4.231860784231656e-06,2.6279610535438932e-12,4.037631843009102e+28,20491074.441640697,9314125.054808611,16.016355589622787,3.4217219009163996e+27,black
157.75775775775776,68438202.01559933,0.0,99501247.819235,0.0,0.35395710394912655,0.8736569532768386,3.7528730093447076e-06,2.1896874268264995e-12,5.343808620995321e+28,21328185.176757984,9694629.93437998,15.387729479481509,4.528651373802703e+27,black
158.55855855855856,68438202.01560292,0.0,99501247.81923635,0.0,0.3539984598575205,0.8736099539217274,3.3280999871807873e-06,1.82463465593028e-12,7.072534517297775e+28,22199493.935599323,10090679.370188445,14.783776299059799,5.993673319842872e+27,black
159.35935935935936,68438202.01560637,0.0,99501247.81923757,0.0,0.3540414930329025,0.8735610482492165,2.951405362023152e-06,1.5205529333933953e-12,9.36050447275327e+28,23106397.791189317,10502908.395426957,14.203527663804278,7.932630909238821e+27,black
160.16016016016016,68438202.01560967,0.0,99501247.81923878,0.0,0.35408627098255147,0.8735101595190187,2.617347328233864e-06,1.2672441083085263e-12,1.2388634338952647e+29,24050350.890407234,10931977.985949682,13.646053196862363,1.0498842660289428e+28,black
160.96096096096096,68438202.01561284,0.0,99501247.81923999,0.0,0.35413286388787824,0.8734572079497969,2.3211000168515787e-06,1.0562177618900888e-12,1.6396366374376182e+29,25032866.78559375,11378576.120093245,13.110459037368253,1.3895225741200297e+28,black
161.76176176176176,68438202.01561588,0.0,99501247.81924109,0.0,0.3541813447067881,0.8734021106026604,2.0583837801320246e-06,8.804049765154625e-13,2.1700602578721437e+29,26055520.86140955,11843418.881794274,12.595886407271383,1.8390341168666796e+28,black
162.56256256256256,68438202.01561883,0.0,99501247.81924215,0.0,0.35423178927966353,0.8733447812605284,1.8254033669079959e-06,7.339201147059246e-13,2.8720762974375472e+29,27119952.860837054,12327251.608771991,12.101510234410325,2.4339629639630326e+28,black
163.36336336336336,68438202.01562166,0.0,99501247.8192432,0.0,0.35428427643906935,0.8732851303032502,1.6187930956379968e-06,6.118625505688761e-13,3.8011950259796006e+29,28227869.51437541,12830850.087616872,11.626537829625198,3.2213517169737083e+28,black
164.16416416416416,68438202.01562436,0.0,99501247.81924422,0.0,0.3543388881232841,0.8732230645783571,1.4355682331025606e-06,5.101516491344442e-13,5.030884325189147e+29,29381047.276644707,13355021.79770162,11.17020761578797,4.263461292586381e+28,black
164.96496496496496,68438202.01562694,0.0,99501247.81924514,0.0,0.3543957094937612,0.873158487267332,1.273081876355394e-06,4.253894146826285e-13,6.658378988828255e+29,30581335.17478703,13900607.205908943,10.731787906713565,5.642694058396684e+28,black
165.76576576576576,68438202.01562944,0.0,99501247.81924604,0.0,0.3544548290566228,0.8730912977472761,1.1289867150375076e-06,3.547461657538253e-13,8.812369335718384e+29,31830657.773231726,14468481.11425212,10.310575733994328,7.46810960662703e+28,black
166.56656656656656,68438202.01563184,0.0,99501247.81924695,0.0,0.3545163387882907,0.8730213914478506,1.001201121665174e-06,2.958653738313797e-13,1.1663177094508058e+30,33131018.25957858,15059554.062549174,9.905895719877273,9.88404838528571e+28,black
167.36736736736736,68438202.01563412,0.0,99501247.81924777,0.0,0.35458033426535657,0.8729486597033795,8.878790800253394e-07,2.467844511068239e-13,1.5436223194412896e+30,34484501.65654693,15674773.788399735,9.517098994377253,1.3081545080150025e+29,black
168.16816816816817,68438202.01563635,0.0,99501247.81924856,0.0,0.354646914798793,0.8728729895999915,7.873835172581907e-07,2.058688122728252e-13,2.0429852395936384e+30,35893278.16514066,16315126.7468055,9.143562154890253,1.7313434234021263e+29,black
168.96896896896897,68438202.01563847,0.0,99501247.81924932,0.0,0.3547161835726075,0.8727942638176897,6.982626543767446e-07,1.717569842266018e-13,2.703892420204333e+30,37359606.64438979,16981639.691870958,8.784686266638781,2.2914342544329415e+29,black
169.76976976976977,68438202.01564047,0.0,99501247.8192501,0.0,0.35478824778703544,0.8727123604672286,6.192290335779763e-07,1.433149111259368e-13,3.578603544078554e+30,38885838.233247906,17675381.323120378,8.43989590234714,3.032714867891778e+29,black
170.57057057057057,68438202.01564245,0.0,99501247.81925078,0.0,0.35486321880637056,0.8726271529216937,5.491409193727567e-07,1.1959791309158098e-13,4.7362843391325874e+30,40474420.12045313,18397463.999071024,8.108638219606926,4.01380028743686e+29,black
171.3713713713714,68438202.01564433,0.0,99501247.81925143,0.0,0.3549412123115246,0.8725385096426694,4.869858048461837e-07,9.981901548637815e-14,6.268475695613815e+30,42127899.4683971,19149045.520809926,7.790382074453652,5.3122675387020106e+29,black
172.1721721721722,68438202.01564614,0.0,99501247.81925209,0.0,0.3550223484574074,0.8724462940008947,4.318657847809387e-07,8.332258096958165e-14,8.296332047023496e+30,43848927.49729339,19931330.98843407,7.48461716973345,7.030789870417685e+29,black
172.972972972973,68438202.0156479,0.0,99501247.81925276,0.0,0.35510675203520986,0.8723503640913038,3.829845843394962e-07,6.956235562047796e-14,1.0980201372173665e+31,45640263.736194566,20745574.73333091,7.190853236894409,9.30525540022193e+29,black
173.7737737737738,68438202.01564956,0.0,99501247.81925341,0.0,0.35519455263967437,0.872250572542361,3.3963605591921013e-07,5.808318948041665e-14,1.4532304335221573e+31,47504780.44767337,21593082.32939705,6.908619249890916,1.2315512148587917e+30,black
174.5745745745746,68438202.01565121,0.0,99501247.819254,0.0,0.3552858848414225,0.8721467663195971,3.011939780031778e-07,4.8505815899355304e-14,1.9233515136328863e+31,49445467.233263254,22475212.686420318,6.637462669940598,1.629958909870465e+30,black
175.3753753753754,68438202.0156527,0.0,99501247.81925452,0.0,0.3553808883644121,0.8720387865232712,2.671030086392526e-07,4.051417729800133e-14,2.5455570979446683e+31,51465435.827042185,23393380.22898152,6.376948719923088,2.1572517779345797e+30,black
176.1761761761762,68438202.01565419,0.0,99501247.81925501,0.0,0.3554797082685798,0.8719264681800829,2.368706628593567e-07,3.384487086057522e-14,3.3690466318648175e+31,53567925.08504631,24349057.16436973,6.126659687257241,2.855124264311762e+30,black
176.976976976977,68438202.01565567,0.0,99501247.81925552,0.0,0.3555824951377226,0.8718096400288763,2.100601981433292e-07,2.8278359165687478e-14,4.458935616429392e+31,55756306.17851318,25343775.84314734,5.886194254139199,3.7787589969989115e+30,black
177.7777777777778,68438202.01565698,0.0,99501247.81925602,0.0,0.3556894052726602,0.8716881243002792,1.8628430514925922e-07,2.3631650262338962e-14,5.901404463629474e+31,58034087.99928188,26379131.2161502,5.655166854067372,5.001190223446407e+30,black
178.5785785785786,68438202.0156583,0.0,99501247.81925651,0.0,0.35580060088970517,0.8715617364902428,1.6519951256537623e-07,1.975220121786535e-14,7.810513010105537e+31,60404922.78601682,27456783.391862027,5.4332070536227794,6.619078822163515e+30,black
179.3793793793794,68438202.01565962,0.0,99501247.819257,0.0,0.3559162503244618,0.8714302851274571,1.465012252548595e-07,1.651284037930892e-14,1.0337219530874987e+32,62872611.98027678,28578460.298263956,5.219958958513454,8.760355534690909e+30,black
180.1801801801802,68438202.01566082,0.0,99501247.81925747,0.0,0.35603652824095616,0.8712935715346286,1.2991932401386447e-07,1.3807537893420168e-14,1.3681317414058067e+32,65441112.32181842,29745960.45342708,5.0150806429307195,1.1594336791639595e+31,black
180.980980980981,68438202.01566201,0.0,99501247.81925792,0.0,0.3561616158460842,0.8711513895836328,1.1521426337476381e-07,1.1547882580408077e-14,1.810723334535011e+32,68114542.19290791,30961155.84929044,4.818243601302261,1.534511300461659e+31,black
181.7817817817818,68438202.0156631,0.0,99501247.81925836,0.0,0.35629170110935016,0.8710035254445654,1.0217361108521538e-07,9.660147026627658e-15,2.396493623376683e+32,70897188.22181351,32225994.95324858,4.629132221563166,2.030926799482268e+31,black
182.5825825825826,68438202.01566415,0.0,99501247.81925872,0.0,0.3564269789878479,0.8708497573287417,9.060897926912833e-08,8.082842536197285e-15,3.1717610180131667e+32,73793512.1560668,33542505.832361147,4.447443279100268,2.6879330661262084e+31,black
183.3833833833834,68438202.01566519,0.0,99501247.81925908,0.0,0.3565676516564131,0.8706898552257141,8.035330293770371e-08,6.7646820529137695e-15,4.197827967181834e+32,76808158.01651342,34912799.405194215,4.272885450558441,3.5574813281371805e+31,black
184.1841841841842,68438202.01566622,0.0,99501247.81925948,0.0,0.35671392874285784,0.8705235806344086,7.125842653519429e-08,5.662882868689207e-15,5.55582830546407e+32,79945959.54362428,36339072.82650713,4.105178846729358,4.708329072448772e+31,black
184.984984984985,68438202.01566711,0.0,99501247.81925978,0.0,0.35686602756816743,0.8703506862885017,6.319296365410604e-08,4.741752345275984e-15,7.353142720734276e+32,83211947.94800712,37823613.01021237,3.9440545637736957,6.231476882005657e+31,black
185.7857857857858,68438202.01566802,0.0,99501247.81926008,0.0,0.357024173391516,0.870170915876196,5.60403990008679e-08,3.9715093749280155e-15,9.731889629899997e+32,86611359.97754507,39368800.296256624,3.7892542520573125,8.247364093170504e+31,black
186.5865865865866,68438202.01566891,0.0,99501247.81926037,0.0,0.357188599659925,0.8699840037545841,4.9697405192583626e-08,3.3273022134792302e-15,1.288016285899363e+33,90149646.3140977,40977112.26730322,3.640529701910025,1.0915392253428826e+32,black
187.3873873873874,68438202.01566982,0.0,99501247.81926069,0.0,0.3573595482623576,0.869789674658829,4.4072350068978795e-08,2.7883899028805543e-15,1.7046904720833862e+33,93832480.31322806,42651127.72133518,3.497642445642831,1.4446529424491922e+32,black
188.1881881881882,68438202.01567058,0.0,99501247.81926098,0.0,0.3575372697880032,0.8695876434064258,3.9083972955868494e-08,2.3374599814801164e-15,2.2561590543770974e+33,97665767.1009687,44393530.80654892,3.360363375185466,1.911999198631837e+32,black
188.988988988989,68438202.01567134,0.0,99501247.81926128,0.0,0.35772202378847257,0.8693776145968558,3.4660210757190275e-08,1.960059744013893e-15,2.986028115958834e+33,101655653.04221313,46207115.32516858,3.228472374731205,2.5305323016691565e+32,black
189.7897897897898,68438202.01567209,0.0,99501247.8192616,0.0,0.35791407904357603,0.8691592823069916,3.073715691708992e-08,1.6441221131199405e-15,3.952010338986875e+33,105808535.59591386,48094789.21308148,3.1017579677999274,3.349161304237771e+32,black
190.5905905905906,68438202.01567283,0.0,99501247.8192619,0.0,0.35811371383031776,0.8689323297826591,2.7258138213016983e-08,1.3795703481971653e-15,5.230488499417425e+33,110131073.57289003,50059579.20247793,2.9800169781535226,4.4326173724024065e+32,black
191.3913913913914,68438202.01567355,0.0,99501247.81926219,0.0,0.35832121619468504,0.8686964291268222,2.4172896043001306e-08,1.1579884520987958e-15,6.922555255650409e+33,114630197.81269091,52104635.67497105,2.863054204019982,5.86657225056996e+32,black
192.1921921921922,68438202.01567414,0.0,99501247.81926236,0.0,0.3585368842257622,0.8684512409849098,2.143686037982175e-08,9.723463301345004e-16,9.16200681310545e+33,119313122.2966358,54233237.712978505,2.750682105103815,7.764412553503057e+32,black
192.992992992993,68438202.01567474,0.0,99501247.8192625,0.0,0.3587610263316418,0.8681964142278749,1.901050590346397e-08,8.167705829530812e-16,1.212592254498378e+34,124187355.7148492,56448798.35746574,2.642720501880935,1.0276205546626764e+33,black
193.7937937937938,68438202.01567535,0.0,99501247.8192627,0.0,0.35899396151654145,0.867931585633636,1.685878101042879e-08,6.863533365128891e-16,1.6048667127883768e+34,129260713.50583656,58754870.080480486,2.5389962866959106,1.3600565362651944e+33,black
194.5945945945946,68438202.01567595,0.0,99501247.8192629,0.0,0.35923601965847474,0.8676563795676326,1.4950601451244317e-08,5.769927796513536e-16,2.1240422378265334e+34,134541330.38790768,61155150.48125421,2.4393431461982957,1.8000357947731544e+33,black
195.3953953953954,68438202.01567654,0.0,99501247.81926313,0.0,0.35948754178675113,0.867370407663299,1.3258401281169133e-08,4.852601353031204e-16,2.8111714151212914e+34,140037673.40253812,63653488.215002865,2.3436012946730482,2.3823486568886888e+33,black
196.1961961961962,68438202.01567715,0.0,99501247.81926337,0.0,0.35974888035850633,0.8670732685033461,1.1757734637029918e-08,4.0828867062112163e-16,3.720587370842392e+34,145758555.49058467,66253889.163933754,2.2516172178374356,3.1530401447896196e+33,black
196.996996996997,68438202.01567765,0.0,99501247.81926358,0.0,0.36002039953338644,0.8667645473028326,1.0426922587382182e-08,3.4368108362521936e-16,4.92420003618694e+34,151713149.62312213,68960522.86035347,2.16324342669362,4.173050878134611e+33,black
197.7977977977978,68438202.0156781,0.0,99501247.81926373,0.0,0.3603024754454235,0.8664438155950969,9.246739954321169e-09,2.894322140967081e-16,6.517182256328721e+34,157911003.5095595,71777729.17217486,2.0783382210422827,5.523035810460893e+33,black
198.5985985985986,68438202.01567854,0.0,99501247.81926388,0.0,0.36059549647105127,0.8661106309217279,8.200137582707706e-09,2.438645346999969e-16,8.625495359663965e+34,164362054.9066188,74710025.26154397,1.9967654622780768,7.309741830240007e+33,black
199.3993993993994,68438202.01567899,0.0,99501247.81926402,0.0,0.3608998634921169,0.8657645365278535,7.271996044654963e-09,2.0557430176839318e-16,1.1415849254069744e+35,171076647.55272308,77762112.82774384,1.9183943551026135,9.674448520418827e+33,black
200.20020020020021,68438202.01567945,0.0,99501247.81926417,0.0,0.36121599015264083,0.8654050610641433,6.448907221241739e-09,1.7338659801274232e-16,1.5108884621398044e+35,178065547.75334314,80938885.64598809,1.8430992378049946,1.280413950968573e+34,black
201.00100100100101,68438202.0156799,0.0,99501247.81926432,0.0,0.3615443031079762,0.8650317182970383,5.718980606137988e-09,1.4631779340164598e-16,1.9996619561280344e+35,185339961.6438962,84245437.41419335,1.7707593807736082,1.6946287763830427e+34,black
201.80180180180182,68438202.01568034,0.0,99501247.81926447,0.0,0.3618852422649036,0.8646440068288471,5.071671532965893e-09,1.2354419544734647e-16,2.6465540236633345e+35,192911553.1578768,87687069.92031138,1.7012587929161245,2.242842392939292e+34,black
202.60260260260262,68438202.01568079,0.0,99501247.81926462,0.0,0.3622392610110866,0.8642414098294791,4.497628844934856e-09,1.0437586429554769e-16,3.502716135957814e+35,200792462.7290289,91269301.54331635,1.6344860356773139,2.968403505054415e+34,black
203.40340340340342,68438202.01568125,0.0,99501247.81926481,0.0,0.3626068264321855,0.8638233947817189,3.988559806154619e-09,8.823473817506647e-17,4.635847301590095e+35,208995326.75754887,94997876.10147907,1.5703340443564633,3.9286841538968042e+34,black
204.20420420420422,68438202.01568155,0.0,99501247.81926498,0.0,0.3629884195148046,0.8633894132421023,3.53711030310964e-09,7.463635659046068e-17,6.135547206649363e+35,217533297.87152898,98878772.06211382,1.5086999564379122,5.199616276830258e+34,black
205.00500500500502,68438202.01568185,0.0,99501247.81926513,0.0,0.3633845353333154,0.8629389006195839,3.1367586056600472e-09,6.317458686292202e-17,8.120401099516911e+35,226420066.01613164,102918212.12756684,1.449484946659432,6.881695847059375e+34,black
205.80580580580582,68438202.01568215,0.0,99501247.81926529,0.0,0.3637956832184615,0.8624712759743626,2.781721152819766e-09,5.3508858180292686e-17,1.0747356640916156e+36,235669880.40430763,107122673.21281534,1.3925940685540061,9.10792935672278e+34,black
206.60660660660662,68438202.01568246,0.0,99501247.81926537,0.0,0.3642223869055062,0.8619859418393738,2.4668690022742684e-09,4.5353489483956526e-17,1.4224134171638093e+36,245297572.3642553,111498896.83067635,1.337936102210934,1.2054350992931664e+35,black
207.40740740740742,68438202.01568276,0.0,99501247.81926546,0.0,0.36466518465954606,0.8614822840671381,2.1876537366509427e-09,3.8468766030446926e-17,1.8825651710717872e+36,255318579.12025338,116053899.90127622,1.2854234080121598,1.5953942127749927e+35,black
208.20820820820822,68438202.01568305,0.0,99501247.81926556,0.0,0.3651246293754574,0.8609596717048112,1.940041756169156e-09,3.265347659418056e-17,2.4915763452224295e+36,265748968.5450002,120794986.00311379,1.2349717861093008,2.1115053773100572e+35,black
209.00900900900902,68438202.01568335,0.0,99501247.81926568,0.0,0.36560128864979385,0.860417456900466,1.7204560084485072e-09,2.7738670920270422e-17,3.2976030681249e+36,276605464.9231462,125729757.0837571,1.1865003414160606,2.7945788712959933e+35,black
209.80980980980982,68438202.01568365,0.0,99501247.81926578,0.0,0.3660957448218004,0.8598549748438041,1.525724313692408e-09,2.3582436772090082e-17,4.364380010171636e+36,287905475.7673299,130866125.64895037,1.1399313538995584,3.698627127268809e+35,black
210.61061061061062,68438202.01568395,0.0,99501247.81926592,0.0,0.3666085949805483,0.8592715437446823,1.3530335387422008e-09,2.006552906291544e-17,5.776260053037054e+36,299667119.7297144,136212327.44967645,1.0951901539625897,4.895135638172985e+35,black
211.41141141141142,68438202.01568425,0.0,99501247.81926605,0.0,0.3671404509350474,0.8586664648530032,1.1998889579910302e-09,1.7087711210892458e-17,7.644884295717332e+36,311909255.6537785,141776934.68751627,1.0522050027170127,6.478715504852814e+35,black
212.21221221221222,68438202.01568456,0.0,99501247.81926619,0.0,0.36769193914402565,0.8580390225237207,1.0640782140770955e-09,1.4564691925331716e-17,1.0118009812276161e+37,324651512.8129449,147568869.75947952,1.0109069769562837,8.574584586684397e+35,black
213.01301301301302,68438202.01568472,0.0,99501247.81926621,0.0,0.3682637006019236,0.8573884843308635,9.43639357725195e-10,1.2425559881231069e-17,1.3391193195511106e+37,337914322.3845306,153597419.56434625,0.9712298586427036,1.1348468809767491e+36,black
213.81381381381382,68438202.01568487,0.0,99501247.81926621,0.0,0.3688563906774917,0.8567141012346724,8.368325050337528e-10,1.0610634802474823e-17,1.7723253735319508e+37,351718950.20948416,159872250.39345622,0.9331100287321868,1.5019706555371173e+36,black
214.61461461461462,68438202.01568502,0.0,99501247.81926621,0.0,0.3694706789012394,0.8560151078061072,7.421147027627649e-10,9.069666881181433e-18,2.345673894628344e+37,366087530.89043975,166403423.4298245,0.8964863651662962,1.987859232737875e+36,black
215.41541541541542,68438202.01568517,0.0,99501247.81926621,0.0,0.3701072486978413,0.8552907225131398,6.58117638521605e-10,7.760327651987621e-18,3.104501070800903e+37,381043103.2827603,173201410.88043374,0.861300144867992,2.6309331108507537e+36,black
216.21621621621622,68438202.01568532,0.0,99501247.81926621,0.0,0.3707667970594808,0.854540148073406,5.83627873853591e-10,6.646944783125486e-18,4.108809379116237e+37,396609647.4354748,180277112.76756933,0.8274949495839546,3.482041846711895e+36,black
217.01701701701703,68438202.01568547,0.0,99501247.81926623,0.0,0.3714500341559898,0.8537625718779281,5.175693146604615e-10,5.699441047323051e-18,5.438012140722017e+37,412812123.04134625,187641874.40612295,0.7950165754224983,4.6084848650227536e+36,black
217.81781781781783,68438202.01568562,0.0,99501247.81926624,0.0,0.3721576828775372,0.8529571664907407,4.589876657310499e-10,4.892444250264138e-18,7.197212942772386e+37,429676509.4577156,195307504.59488544,0.7638129459420362,6.099333002354687e+36,black
218.61861861861863,68438202.01568577,0.0,99501247.81926629,0.0,0.372890478305534,0.8521230902293676,4.070366448010445e-10,4.204540335551135e-18,9.525516457701013e+37,447229847.3622988,203286294.55099985,0.7338340286507345,8.072471574329513e+36,black
219.41941941941943,68438202.01568592,0.0,99501247.81926632,0.0,0.3736491671073477,0.8512594878311774,3.6096575698956237e-10,3.617646430470279e-18,1.2607027818602667e+38,465500282.11072206,211591037.61793208,0.7050317547834768,1.0683921880180169e+37,black
220.22022022022023,68438202.01568606,0.0,99501247.81926635,0.0,0.3744345068503749,0.850365491210717,3.2010945299941933e-10,3.1164843944240405e-18,1.6685410300302964e+38,484517108.8653211,220235049.77856153,0.6773599422275005,1.4140178220606434e+37,black
221.02102102102103,68438202.01568621,0.0,99501247.8192664,0.0,0.37524726523099555,0.8494402203131457,2.838775144583726e-10,2.688138605305707e-18,2.208315242064095e+38,504310819.56756043,229232191.00628042,0.6507742214731299,1.871453594970933e+37,black
221.82182182182183,68438202.01568636,0.0,99501247.81926645,0.0,0.3760882192139406,0.8484827840689062,2.5174652750601807e-10,2.3216843713457466e-18,2.92270679627464e+38,524913151.8293925,238596887.4883394,0.6252319644708667,2.4768701663361705e+37,black
222.62262262262263,68438202.01568651,0.0,99501247.8192665,0.0,0.37695815407764144,0.8474922814547313,2.2325232145208046e-10,2.0078755730767373e-18,3.868204527269144e+38,546357139.8219477,248344154.7570698,0.6006922162807731,3.2781394298913046e+37,black
223.42342342342343,68438202.01568666,0.0,99501247.81926654,0.0,0.3778578623612078,0.846467802666009,1.979832632734293e-10,1.738881993777349e-18,5.119571447897811e+38,568677167.2431513,258489621.7660734,0.5771156294045486,4.338619871102637e+37,black
224.22422422422423,68438202.01568681,0.0,99501247.81926662,0.0,0.3787881427087931,0.8454084304054186,1.7557431108077776e-10,1.5080683469360292e-18,6.7757564589356504e+38,591909022.4492002,269049555.9499845,0.5544644006950084,5.742166490626989e+37,black
225.02502502502503,68438202.01568696,0.0,99501247.81926669,0.0,0.3797497986072674,0.8443132412925742,1.5570174065025812e-10,1.3098083058864575e-18,8.967718501058034e+38,616089955.8382915,280040889.3079829,0.5327022107418028,7.599761441579126e+37,black
225.82582582582583,68438202.01568712,0.0,99501247.81926677,0.0,0.3807436370133275,0.8431813073991972,1.3807846883828365e-10,1.1393279255140356e-18,1.1868781825555123e+39,641258739.5786202,291481245.55288404,0.51179416563619,1.0058289682679584e+38,black
226.62662662662663,68438202.01568727,0.0,99501247.81926683,0.0,0.38177046686643235,0.8420116979140534,1.2244990632081278e-10,9.925737536318036e-19,1.5708341202500078e+39,667455729.7764095,303388968.3693343,0.4917067410214821,1.3312153561448058e+38,black
227.42742742742743,68438202.01568742,0.0,99501247.81926692,0.0,0.38283109748427213,0.8408034809415535,1.085902797448531e-10,8.661016893425178e-19,2.0790000773524572e+39,694722931.1836603,315783150.826424,0.47240772833945727,1.761864472333521e+38,black
228.22822822822823,68438202.01568757,0.0,99501247.81926699,0.0,0.3839263368378571,0.8395557254374946,9.629937016126988e-11,7.569832817143876e-19,2.75155808363901e+39,723104064.5493668,328683665.99187756,0.4538661831865498,2.331828884441021e+38,black
229.02902902902903,68438202.01568772,0.0,99501247.81926708,0.0,0.38505698970375524,0.8382675032849434,8.539962062164167e-11,6.627266946726591e-19,3.641689084147248e+39,752644636.7221984,342111198.7969073,0.4360523756970065,3.086177189956799e+38,black
229.82982982982983,68438202.01568787,0.0,99501247.81926715,0.0,0.38622385569151874,0.8369378915126936,7.573357115492894e-11,5.812100100808786e-19,4.819778097524625e+39,783392013.617045,356087279.20282644,0.4189377428734573,4.084557709768543e+38,black
230.63063063063063,68438202.01568802,0.0,99501247.81926726,0.0,0.38742772714492507,0.835565974658096,6.716158406911336e-11,5.10624914700237e-19,6.378979746098524e+39,815395496.1624244,370634316.72259676,0.40249484278846537,5.4059150390689774e+38,black
231.43143143143143,68438202.01568817,0.0,99501247.81926735,0.0,0.3886693869163129,0.834150847275322,5.955982671705709e-11,4.494291298930019e-19,8.442584238889372e+39,848706399.3505293,385775636.3526688,0.38669731058361984,7.15473240584154e+38,black
232.23223223223223,68438202.01568832,0.0,99501247.81926744,0.0,0.3899496060140271,0.8326916165893166,5.28184825852153e-11,3.9630620545482547e-19,1.117376625538253e+40,883378134.5166606,401535515.9727242,0.37151981619562285,9.469293436768784e+38,black
233.03303303303304,68438202.01568846,0.0,99501247.81926757,0.0,0.391269141123802,0.8311874052947945,4.68401648622288e-11,3.5013151907725804e-19,1.478848760019374e+40,919466294.979977,417939225.27328926,0.3569380237415859,1.2532616610338677e+39,black
233.83383383383384,68438202.01568846,0.0,99501247.81926757,0.0,0.39262873200579923,0.8296373544986358,4.15385095694858e-11,3.0994350755879343e-19,1.9572573875505108e+40,957028745.182881,435013066.27363676,0.34292855249841375,1.658692701314628e+39,black
234.63463463463464,68438202.01568846,0.0,99501247.81926757,0.0,0.3940290987699896,0.8280406268029569,3.683692792974707e-11,2.7491931077278225e-19,2.590431546949481e+40,996125713.4719652,452784415.49494463,0.32946893941370986,2.1952809719918945e+39,black
235.43543543543544,68438202.01568846,0.0,99501247.81926757,0.0,0.39547093903361347,0.8263964095249678,3.26674999502874e-11,2.443541393889795e-19,3.4284379980444553e+40,1036819888.6692867,471281767.85632944,0.31653760308809237,2.905455930547178e+39,black
236.23623623623624,68438202.01568846,0.0,99501247.81926757,0.0,0.39695492496558016,0.8247039180484549,2.8969993237040098e-11,2.176437864729014e-19,4.537540133140062e+40,1079176520.5888174,490534782.36414117,0.3041138091711687,3.845372994187802e+39,black
237.03703703703704,68438202.01568852,0.0,99501247.81926754,0.0,0.3984817002238598,0.822962399300398,2.569099286533567e-11,1.942697947299481e-19,6.0054375991634035e+40,1123263524.6592345,510574329.6677779,0.2921776371156854,5.0893538975977685e+39,black
237.83783783783784,68438202.01568867,0.0,99501247.81926754,0.0,0.4000518767931836,0.8211711353448036,2.2783129737172322e-11,1.7378686814792367e-19,7.948200941307525e+40,1169151590.8208115,531432541.5582727,0.28070994823654416,6.735763509584763e+39,black
238.63863863863864,68438202.01568882,0.0,99501247.81926754,0.0,0.4016660317316933,0.819329447084343,2.020439627771281e-11,1.5581218148853934e-19,1.0519449608834202e+41,1216914296.871011,553142862.4890169,0.2696923550234707,8.914787804099467e+39,black
239.43943943943947,68438202.01568885,0.0,99501247.81926759,0.0,0.4033247038365543,0.8174366980588342,1.791753958542134e-11,1.4001629546727344e-19,1.3922499052293407e+41,1266628226.440525,575740103.2012336,0.2591071916581326,1.1798728010421553e+40,black
240.24024024024027,68438202.01568885,0.0,99501247.81926759,0.0,0.40502839023996534,0.815492298327992,1.5889523269166402e-11,1.261154312010378e-19,1.842643741534691e+41,1318373091.7889163,599260496.5401782,0.24893748568843135,1.5615624928264432e+40,black
241.04104104104107,68438202.01568885,0.0,99501247.81926759,0.0,0.40677754294845186,0.8134957084242276,1.4091050197878662e-11,1.1386489598448883e-19,2.4387403047853e+41,1372231861.6167855,623741755.5515777,0.23916693081454846,2.0667290718525013e+40,black
241.84184184184187,68438202.01568885,0.0,99501247.81926759,0.0,0.40857256533979025,0.8114464433596015,1.2496139268311833e-11,1.030534848432696e-19,3.2276745309591173e+41,1428290894.0993483,649223133.9514384,0.22977986074311682,2.735317399118598e+40,black
242.64264264264267,68438202.01568885,0.0,99501247.81926759,0.0,0.41041380863339344,0.8093440766693567,1.108175007680663e-11,9.349870958202332e-20,4.2718295414058124e+41,1486640075.354783,675745489.0662049,0.22076122406758752,3.620194526615988e+40,black
243.44344344344347,68438202.01568885,0.0,99501247.81926757,0.0,0.4123015683514372,0.807188244472776,9.827450072991955e-12,8.504273001509537e-20,5.653769441678372e+41,1547372963.5693374,703351347.3441714,0.21209656013451902,4.79133003532179e+40,black
244.24424424424427,68438202.01568888,0.0,99501247.81926756,0.0,0.41423608078944196,0.8049786495304714,8.715119387058238e-12,7.754888142457574e-20,7.482767884301331e+41,1610586939.010303,732084972.543197,0.20377197585709092,6.341328715511047e+40,black
245.04504504504507,68438202.01568896,0.0,99501247.81926754,0.0,0.41621751951639674,0.8027150652756158,7.728689066478715e-12,7.089870860938409e-20,9.903448626245894e+41,1676383360.1673899,761992436.7040588,0.19577412343866443,8.392753073091577e+40,black
245.84584584584587,68438202.0156891,0.0,99501247.81926754,0.0,0.41824599192581924,0.80039733979511,6.853908940693726e-12,6.498943065340924e-20,1.3107221312903999e+42,1744867726.2728505,793121694.0232347,0.1880901789706722,1.110781467195487e+41,black
246.64664664664667,68438202.01568921,0.0,99501247.81926759,0.0,0.4203215358603546,0.798025399735259,6.078141760284508e-12,5.973177215566121e-20,1.734741674632598e+42,1816149846.4609575,825522657.743576,0.18070782187051931,1.4701200632482606e+41,black
247.44744744744747,68438202.01568921,0.0,99501247.81926759,0.0,0.42244411633361,0.7955992541052385,5.390180636729874e-12,5.504810647132499e-20,2.295931842354729e+42,1890344015.8380563,859247280.186148,0.17361521512652736,1.9457049511484526e+41,black
248.24824824824827,68438202.01568921,0.0,99501247.81926759,0.0,0.42461362237387135,0.7931189979504971,4.7800871454435665e-12,5.087086479535134e-20,3.038667429184648e+42,1967569198.745509,894349636.0515705,0.16680098631824505,2.5751418891400118e+41,black
249.04904904904907,68438202.01568921,0.0,99501247.81926759,0.0,0.42682986401513634,0.7905848158672701,4.239047753296232e-12,4.714117191995201e-20,4.0216785075459167e+42,2047949219.5093815,930886009.1244183,0.16025420938169346,3.4082021250395225e+41,black
249.84984984984987,68438202.01568921,0.0,99501247.81926759,0.0,0.42909256946149527,0.7879969853286405,3.759246496545805e-12,4.380767541591857e-20,5.3226943701429316e+42,2131612960.982724,968914982.5197144,0.1539643870903069,4.51075794079987e+41,black
250.65065065065068,68438202.01568921,0.0,99501247.81926759,0.0,0.43140138245127585,0.785355879792053,3.333752069855281e-12,4.082553999471721e-20,7.044589791251194e+42,2218694571.198781,1008497532.6162053,0.1479214342234813,5.9699913485189465e+41,black
251.45145145145148,68438202.01568921,0.0,99501247.81926759,0.0,0.433755859847521,0.7826619715579299,2.9564176952634882e-12,3.8155583046614294e-20,9.323519607921626e+42,2309333678.4665036,1049697126.8270522,0.142115661395739,7.901287803324667e+41,black
252.25225225225228,68438202.01568921,0.0,99501247.81926759,0.0,0.43615546948126566,0.7799158343490624,2.6217923245960144e-12,3.5763530939686546e-20,1.2339684843999894e+43,2403675615.2532325,1092579825.364682,0.13653775952058442,1.045736003728964e+42,black
253.05305305305308,68438202.01568921,0.0,99501247.81926759,0.0,0.438599588273703,0.7771181455807726,2.3250418925283334e-12,3.361937870657416e-20,1.633158168293685e+43,2501871651.2135377,1137214387.1629899,0.13117878488413803,1.3840323460118003e+42,black
253.85385385385388,68438202.01568921,0.0,99501247.81926756,0.0,0.4410875006626689,0.7742696882924908,2.061879482707111e-12,3.169683832535728e-20,2.1614859993455204e+43,2604079235.7378535,1183672380.1267204,0.12603014480461538,1.8317677960557833e+42,black
254.65465465465468,68438202.01568922,0.0,99501247.81926756,0.0,0.44361839735791114,0.7713713527123839,1.828503398095442e-12,2.997286298967698e-20,2.8607282601706e+43,2710462250.4098334,1232028295.8848066,0.12108358385465784,2.4243459831957515e+42,black
255.45545545545548,68438202.01568922,0.0,99501247.81926754,0.0,0.44619137444833384,0.7684241374280014,1.6215422408938187e-12,2.842723662161718e-20,3.786175890574995e+43,2821191271.7771883,1282359669.2316623,0.11633117062442366,3.2086236360809215e+42,black
256.2562562562563,68438202.01568937,0.0,99501247.81926754,0.0,0.4488054328828282,0.7654291501375954,1.4380062086502864e-12,2.7042219459866002e-20,5.011006488785997e+43,2936443844.8573656,1334747202.447947,0.11176528500421466,4.246615668463241e+42,black
257.0570570570571,68438202.01568952,0.0,99501247.81926757,0.0,0.4514594783443966,0.7623876079588271,1.27524390297366e-12,2.580224189827512e-20,6.632070658195209e+43,3056404767.816608,1389274894.700134,0.10737860596624761,5.620398862877971e+42,black
257.8578578578579,68438202.01568952,0.0,99501247.81926759,0.0,0.45415232153507373,0.7593008372739657,1.130904026899756e-12,2.469363989241002e-20,8.777550241395824e+43,3181266388.2788486,1446030176.7263758,0.10316409982597885,7.438601899488843e+42,black
258.6586586586587,68438202.01568952,0.0,99501247.81926759,0.0,0.45688267888663936,0.7561702730934368,1.00290141758315e-12,2.370442622467476e-20,1.16170939983867e+44,3311228911.739533,1505104051.0246031,0.09911500896416145,9.844994913888126e+42,black
259.4594594594595,68438202.01568952,0.0,99501247.81926759,0.0,0.459649173709333,0.7529974579226494,8.893869236158313e-13,2.2824092747986704e-20,1.5375232183897725e+44,3446500722.5789375,1566591237.767669,0.0952248409915494,1.3029857782965563e+43,black
260.2602602602603,68438202.01568952,0.0,99501247.81926759,0.0,0.4624503377877243,0.7497840401204091,7.887206918145326e-13,2.2043439435659944e-20,2.0349130750035908e+44,3587298718.189621,1630590326.6794653,0.09148735833887785,1.7245026059354227e+43,black
261.0610610610611,68438202.01568952,0.0,99501247.81926759,0.0,0.46528461342961297,0.7465317717408877,6.994484775722158e-13,2.1354426669642978e-20,2.69320890461384e+44,3733848656.7538524,1697203935.1155698,0.08789656825542559,2.282380427639072e+43,black
261.8618618618619,68438202.01568952,0.0,99501247.81926759,0.0,0.4681503559703338,0.7432425058550223,6.202806365483699e-13,2.0750047716228247e-20,3.564463904126675e+44,3886385519.2285457,1766538872.6018534,0.08444671320012516,3.0207321221415356e+43,black
262.6626626626627,68438202.01568952,0.0,99501247.81926759,0.0,0.47104583673118716,0.7399181933513244,5.500734942078031e-13,2.0224218781085535e-20,4.717570516744135e+44,4045153886.1182113,1838706312.0949123,0.08113226160981167,3.9979411158852236e+43,black
263.4634634634635,68438202.01568952,0.0,99501247.81926759,0.0,0.4739692464269245,0.7365608792203558,4.878128240685562e-13,1.9771684415236686e-20,6.243707940132114e+44,4210408329.639975,1913821968.2388966,0.07794789902980945,5.291277915366661e+43,black
264.2642642642643,68438202.01568952,0.0,99501247.81926759,0.0,0.4769186990133467,0.7331726983315083,4.3259919598239925e-13,1.938793636994455e-20,8.263551907344215e+44,4382413821.909518,1992006282.9045708,0.07488851959263439,7.003010090970259e+43,black
265.0650650650651,68438202.01568952,0.0,99501247.81926759,0.0,0.4798922359621669,0.7297558707151665,3.836349827862559e-13,1.906914427956344e-20,1.0936816837068665e+45,4561446159.802393,2073384618.3080971,0.07194921783114912,9.268488844974187e+43,black
265.8658658658659,68438202.01568952,0.0,99501247.81926759,0.0,0.4828878309463944,0.7263126963677835,3.402128376199678e-13,1.8812096794106518e-20,1.4474884876234102e+45,4747792407.171977,2158087458.0191936,0.06912528081304369,1.2266851590029855e+44,black
266.6666666666667,68438202.01568952,0.0,99501247.81926759,0.0,0.48590339491566953,0.7228455496017868,3.0170547545145406e-13,1.8614151993526592e-20,1.9157520446908412e+45,4941751355.133128,2246250616.1809783,0.06641218058403012,1.6235186819415115e+44,black
267.4674674674675,68438202.01568952,0.0,99501247.81926759,0.0,0.48893678153726955,0.7193568729665089,2.675566111911325e-13,1.8473196098514843e-20,2.535499196102732e+45,5143634001.149522,2338015455.276942,0.0638055669076347,2.148728132290605e+44,black
268.2682682682683,68438202.01568952,0.0,99501247.81926759,0.0,0.4919857929749678,0.7158491707704461,2.3727292348576766e-13,1.838760965231116e-20,3.3557349925599317e+45,5353764047.692889,2433529112.7942357,0.061301260289946216,2.8438432140340368e+44,black
269.0690690690691,68438202.01568952,0.0,99501247.81926759,0.0,0.49504818597461,0.7123250022390167,2.1041692809909761e-13,1.8356240488293564e-20,4.441317653580572e+45,5572478421.273733,2532944737.146729,0.05889524527813564,3.7638285199837845e+44,black
269.8698698698699,68438202.01568952,0.0,99501247.81926759,0.0,0.4981216782222246,0.7087869743455744,1.866006579266772e-13,1.8378382922165508e-20,5.878087078907459e+45,5800127812.675687,2636421733.236072,0.05658366402200308,4.9814297278879945e+44,black
270.6706706706707,68438202.01568952,0.0,99501247.81926759,0.0,0.5012039549377483,0.7052377343566868,1.654800583451505e-13,1.845376271815259e-20,7.779652437009813e+45,6037077239.259768,2744126018.044549,0.05436281008822742,6.592925794076515e+44,black
271.4714714714715,68438202.01568952,0.0,99501247.81926757,0.0,0.5042926756650742,0.7016799621355341,1.46750016930043e-13,1.8582527478162245e-20,1.0296375543301584e+46,6283706630.240185,2856230286.6695294,0.05222912251740046,8.72574198584931e+44,black
272.2722722722723,68438202.01568952,0.0,99501247.81926757,0.0,0.5073854812171406,0.6981163622497211,1.3013995574038867e-13,1.8765242193461795e-20,1.3627260367613221e+46,6540411435.870035,2972914289.2260566,0.05017918011431711,1.1548525735266092e+45,black
273.0730730730731,68438202.01568955,0.0,99501247.81926756,0.0,0.5104800007332144,0.6945496559317502,1.1540992249543753e-13,1.900288978195747e-20,1.8035688805802075e+46,6807603261.513766,3094365119.0616117,0.0482096959623659,1.5284482038816145e+45,black
273.8738738738739,68438202.01568955,0.0,99501247.81926756,0.0,0.5135738588044068,0.6909825729418696,1.0234712417580552e-13,1.9296876512277618e-20,2.387024698468956e+46,7085710527.623043,3220777512.745132,0.046317512153224466,2.0229022868382034e+45,black
274.6746746746747,68438202.01568955,0.0,99501247.81926756,0.0,0.5166646826227919,0.6874178433839553,9.076285297276944e-14,1.9649042290082636e-20,3.1592288891483574e+46,7375179156.674228,3352354162.3113317,0.04449959472340936,2.6773126179224708e+45,black
275.4754754754755,68438202.01568955,0.0,99501247.81926756,0.0,0.5197501091093256,0.6838581895255037,8.048976017735238e-14,2.0061675853724155e-20,4.181241685695758e+46,7676473288.168969,3489306040.260962,0.04275302878956122,3.543425157369456e+45,black
276.2762762762763,68438202.01568955,0.0,99501247.81926756,0.0,0.5228277919760342,0.6803063176726861,7.137943862725604e-14,2.053753499684165e-20,5.533876350092805e+46,7990076022.844307,3631852737.838132,0.04107501387466546,4.689725720417849e+45,black
277.0770770770771,68438202.01568961,0.0,99501247.81926754,0.0,0.5258954086787008,0.676764910150768,6.330027878718113e-14,2.1079872005934108e-20,7.324089292149308e+46,8316490197.285562,3780222817.127082,0.03946285941771416,6.206855332330198e+45,black
277.8778778778779,68438202.01568978,0.0,99501247.81926754,0.0,0.5289506672174874,0.6732366174390122,5.613556749104266e-14,2.1692464572552215e-20,9.69343739648141e+46,8656239190.184076,3934654177.5329704,0.03791398045960948,8.214777454645611e+45,black
278.6786786786787,68438202.0156898,0.0,99501247.81926757,0.0,0.5319913127445646,0.6697240505075163,4.9781801880123726e-14,2.237965251367757e-20,1.2829271300719391e+47,9009867761.532566,4095394437.234303,0.03642589349839106,1.0872263814169421e+46,black
279.4794794794795,68438202.0156898,0.0,99501247.81926759,0.0,0.5350151339398748,0.6662297734012718,4.4147194179987274e-14,2.3146380711246855e-20,1.697954970722959e+47,9377942926.10362,4262701330.218626,0.034996212507141834,1.4389448904432418e+46,black
280.2802802802803,68438202.0156898,0.0,99501247.81926759,0.0,0.5380199691185769,0.6627562961141554,3.915034571584848e-14,2.3998248763819057e-20,2.2472446135278684e+47,9761054862.61198,4436843119.538093,0.033622645108187084,1.904444587735552e+46,black
281.0810810810811,68438202.0156898,0.0,99501247.81926759,0.0,0.54100371203648,0.6593060677925515,3.471907101096538e-14,2.4941567931295855e-20,2.9742298471437066e+47,10159817860.018332,4618099027.447566,0.03230298889745243,2.520533768765944e+46,black
281.8818818818819,68438202.0156898,0.0,99501247.81926759,0.0,0.5439643173628321,0.6558814703049771,3.078935498074137e-14,2.5983426048674384e-20,3.936395321804094e+47,10574871302.491867,4806759683.114859,0.031035127913087376,3.335928238817144e+46,black
282.6826826826827,68438202.0156898,0.0,99501247.81926759,0.0,0.5468998057931361,0.6524848122104208,2.730442815795269e-14,2.713176118840905e-20,5.209822013050445e+47,11006880694.611025,5003127588.621083,0.029817029242691855,4.4151034008903534e+46,black
283.4834834834835,68438202.0156898,0.0,99501247.81926759,0.0,0.5498082687781689,0.6491183231542106,2.4213946589620583e-14,2.8395444964558795e-20,6.895203146218628e+47,11456538728.4462,5207517603.998239,0.02864673976370577,5.843392496795634e+46,black
284.2842842842843,68438202.0156898,0.0,99501247.81926759,0.0,0.5526878728490416,0.6457841487161323,2.1473264558153073e-14,2.978437649710448e-20,9.12580627678324e+47,11924566394.235336,5420257452.081753,0.027522383011735294,7.733734132867391e+46,black
285.0850850850851,68438202.0156898,0.0,99501247.81926759,0.0,0.5555368635218966,0.6424843457312903,1.9042789620339664e-14,3.1309588193394683e-20,1.2078011109366237e+48,12411714136.43339,5641688243.98752,0.0264421561717941,1.0235602635056432e+47,black
285.8858858858859,68438202.0156898,0.0,99501247.81926759,0.0,0.558353568769642,0.6392208780998879,1.6887410646962834e-14,3.298336465755194e-20,1.5985256308702868e+48,12918763056.989264,5872165026.055954,0.02540432718763554,1.3546827380257049e+47,black
286.6866866866867,68438202.0156898,0.0,99501247.81926759,0.0,0.561136402051942,0.6359956130977804,1.4975990600372045e-14,3.481937620999025e-20,2.1156498113891378e+48,13446526167.779478,6112057349.140016,0.024407231984540784,1.7929235689738939e+47,black
287.4874874874875,68438202.0156898,0.0,99501247.81926759,0.0,0.5638838648984345,0.6328103181953355,1.3280916722582601e-14,3.6832828690339764e-20,2.800064032750439e+48,13995849694.206877,6361749861.150095,0.02344927180110978,2.37293562097501e+47,black
288.2882882882883,68438202.0156898,0.0,99501247.81926759,0.0,0.5665945490438293,0.6296666583879296,1.177770163582662e-14,3.904063143069965e-20,3.705886742358313e+48,14567614432.054548,6621642923.805775,0.022528910625776805,3.140581985049497e+47,black
289.0890890890891,68438202.0156898,0.0,99501247.81926759,0.0,0.5692671381170746,0.6265661940373097,1.044462959297451e-14,4.146158552521265e-20,4.904743743910408e+48,15162737159.7705,6892153254.583423,0.021644672733940357,4.156562494839429e+47,black
289.8898898898899,68438202.0156898,0.0,99501247.81926759,0.0,0.5719004088901474,0.6235103792191367,9.262442767489466e-15,4.411659478979308e-20,6.491431839632297e+48,15782172108.447641,7173714594.888913,0.02079514032175827,5.501213423417328e+47,black
290.6906906906907,68438202.0156898,0.0,99501247.81926759,0.0,0.5744932320952013,0.6205005605683245,8.214063050996542e-15,4.702890210616533e-20,8.591414664809944e+48,16426912491.856068,7466778405.526832,0.01997895123281411,7.280859885432319e+47,black
291.4914914914915,68438202.0156898,0.0,99501247.81926759,0.0,0.5770445728217328,0.6175379766103356,7.284345339498174e-15,5.0224354181356443e-20,1.1370743430133861e+49,17097992098.980907,7771814590.581331,0.01919479677400962,9.636223245876363e+47,black
292.2922922922923,68438202.0156898,0.0,99501247.81926759,0.0,0.5795534905081151,0.614623757563416,6.459858744159405e-15,5.3731698132123e-20,1.5049187031259264e+49,17796486951.619194,8089312250.869248,0.01844141961718144,1.2753548331575914e+48,black
293.0930930930931,68438202.0156898,0.0,99501247.81926759,0.0,0.5820191385442621,0.6117589255938737,5.7286925659896614e-15,5.75829137287505e-20,1.991760975824343e+49,18523517029.693726,8419780468.173664,0.017717611783077118,1.687933030359647e+48,black
293.8938938938939,68438202.0156898,0.0,99501247.81926759,0.0,0.5844407635043088,0.6089443955039432,5.080284231492014e-15,6.181358561016033e-20,2.6360970706131e+49,19280248067.05005,8763749121.515295,0.017022212704458323,2.2339805683162294e+48,black
294.6946946946947,68438202.0156898,0.0,99501247.81926759,0.0,0.5868177040300269,0.6061809758295509,4.505266703604758e-15,6.646332031897592e-20,3.4888763511492373e+49,20067893420.616425,9121769736.770617,0.016354107365225176,2.95667487385534e+48,black
295.4954954954955,68438202.0156898,0.0,99501247.81926759,0.0,0.589149389387233,0.6034693703233921,3.995333163602278e-15,7.15762136086116e-20,4.617530336535809e+49,20887716015.923294,9494416370.99892,0.015712224512578286,3.9131613021490606e+48,black
296.2962962962963,68438202.0156898,0.0,99501247.81926759,0.0,0.591435337718682,0.6008101797971789,3.543117009122949e-15,7.720137415302173e-20,6.111304690349866e+49,21741030372.102028,9882286532.896292,0.015095534939351701,5.1790717714830274e+48,black
297.0970970970971,68438202.0156898,0.0,99501247.81926759,0.0,0.5936751540178858,0.5982039042956824,3.1420854347514475e-15,8.339351055297217e-20,8.088316111922341e+49,22629204709.60999,10286002140.852436,0.014503049833762497,6.854505179595318e+48,black
297.8978978978979,68438202.0156898,0.0,99501247.81926759,0.0,0.5958685278489654,0.5956509455743012,2.7864450577993753e-15,9.0213589391273e-20,1.070489213697439e+50,23553663144.061142,10706210520.146435,0.013933819193931224,9.071942488961492e+48,black
298.6986986986987,68438202.0156898,0.0,99501247.81926759,0.0,0.5980152308380239,0.593151609851291,2.471058225935064e-15,9.772957305540209e-20,1.4167932370414512e+50,24515887969.68017,11143585440.880407,0.013386930304630815,1.200672234780909e+49,black
299.4994994994995,68438202.0156898,0.0,99501247.81926759,0.0,0.6001151139616806,0.5907061108055113,2.1913687976258736e-15,1.060172471329148e-19,1.8751268586752618e+50,25517422036.04116,11598828198.315311,0.012861506273821616,1.589090558199397e+49,black
300.3003003003003,68438202.0156898,0.0,99501247.81926759,0.0,0.6021681046582861,0.5883145727905326,1.9433363232023454e-15,1.1516114840827166e-19,2.481731733465342e+50,26559871221.901905,12072668737.34105,0.012356704626626096,2.1031624859876074e+49,black
301.1011011011011,68438202.0156898,0.0,99501247.81926759,0.0,0.6041742037870143,0.5859770342361998,1.7233776757105334e-15,1.2525560586645068e-19,3.284573717449169e+50,27644907010.100506,12565866822.884033,0.011871715954488552,2.783537048685773e+49,black
301.9019019019019,68438202.0156898,0.0,99501247.81926759,0.0,0.6061334824595083,0.5836934512092464,1.5283152883402213e-15,1.364059086583309e-19,4.347135655267239e+50,28774269167.6427,13079213258.128683,0.011405762617354051,3.684013267175672e+49,black
302.7027027027027,68438202.0156898,0.0,99501247.81926759,0.0,0.6080460787680385,0.5814637011052527,1.3553312506564396e-15,1.4872961672721957e-19,5.753437137031584e+50,29949768535.27723,13613531152.506258,0.010958097496785635,4.87579418392513e+49,black
303.5035035035035,68438202.0156898,0.0,99501247.81926759,0.0,0.6099121944332695,0.5792875864451481,1.2019266004991951e-15,1.623580317596681e-19,7.61467815011798e+50,31173289931.03252,14169677241.484215,0.010528002798020358,6.453117076371244e+49,black
304.3043043043043,68438202.0156898,0.0,99501247.81926759,0.0,0.6117320913937327,0.5771648387505154,1.0658852234741013e-15,1.774378483346183e-19,1.0078031957045787e+51,32446795172.369553,14748543260.27209,0.01011478889904357,8.540705048343981e+49,black
305.1051051051051,68438202.0156898,0.0,99501247.81926759,0.0,0.6135060883579845,0.5750951224731646,9.452418385186208e-16,1.9413300763424815e-19,1.3338282475617173e+51,33772326221.79741,15351057373.646738,0.009717793244835826,1.1303629216624844e+50,black
305.9059059059059,68438202.0156898,0.0,99501247.81926759,0.0,0.615234557339214,0.5730780389557671,8.382536070570365e-16,2.126267788828355e-19,1.765322635982167e+51,35152008460.9946,15978185664.189304,0.009336379285019625,1.4960361321882923e+50,black
306.7067067067067,68438202.0156898,0.0,99501247.81926759,0.0,0.6169179201907926,0.5711131304017538,7.433749556042426e-16,2.3312409683628475e-19,2.3364057664887822e+51,36588054098.686646,16630933681.320475,0.00896993545320238,1.980004886854919e+50,black
307.5075075075075,68438202.0156898,0.0,99501247.81926759,0.0,0.6185566451599142,0.569199883834177,6.592352481006954e-16,2.5585418719936065e-19,3.092234696600089e+51,38082765717.743454,17310348053.61749,0.008617874186379285,2.6205378784746767e+50,black
308.3083083083083,68438202.0156898,0.0,99501247.81926759,0.0,0.6201512434751082,0.5673377350247639,5.846189854285608e-16,2.810735158506317e-19,4.09257482413478e+51,39638539967.18446,18017518166.998264,0.008279630982823614,3.4682837492667952e+50,black
309.1091091091091,68438202.0156898,0.0,99501247.81926759,0.0,0.6217022659820208,0.5655260723759648,5.184482460672096e-16,3.0906910226339385e-19,5.416525695660737e+51,41257871405.01135,18753577911.463577,0.007954663496953906,4.5902760132718525e+50,black
309.9099099099099,68438202.0156898,0.0,99501247.81926759,0.0,0.6232102998404659,0.5637642407403716,4.597671142224415e-16,3.401622425885998e-19,7.168775617427488e+51,42943356498.02959,19519707499.197723,0.00764245066972678,6.075233574091144e+50,black
310.7107107107107,68438202.0156898,0.0,99501247.81926759,0.0,0.6246759652943767,0.5620515451634639,4.077278704748673e-16,3.7471269358505158e-19,9.487879637346775e+51,44697697785.07273,20317135356.943214,0.007342491893160944,8.040575963853265e+50,black
311.5115115115115,68438202.0156898,0.0,99501247.81926759,0.0,0.6260999125249239,0.56038725453718,3.615787454548681e-16,4.131233750243887e-19,1.2557215460049068e+52,46523708210.30465,21147140095.683647,0.007054306207652821,1.0641708016990819e+51,black
312.3123123123123,68438202.0156898,0.0,99501247.81926759,0.0,0.6274828185957608,0.558770605153344,3.206530596312638e-16,4.558456554552448e-19,1.661948360826699e+52,48424315633.54747,22011052560.7927,0.006777431530796837,1.4084308142599252e+51,black
313.1131131131131,68438202.0156898,0.0,99501247.81926759,0.0,0.6288253844980738,0.557200804147443,2.843595923248664e-16,5.033852943858289e-19,2.1995898396758742e+52,50402567524.86779,22910257965.937023,0.006511423916473659,1.8640591861660077e+51,black
313.9139139139139,68438202.0156898,0.0,99501247.81926759,0.0,0.6301283323018982,0.5556770328246718,2.521740408157767e-16,5.563091231534693e-19,2.911158719996831e+52,52461635850.948166,23846198114.154133,0.006255856843018558,2.46708366101428e+51,black
314.7147147147147,68438202.0156898,0.0,99501247.81926759,0.0,0.6313924024189992,0.5541984498615203,2.236314461609655e-16,6.15252557124753e-19,3.8529206400869485e+52,54604822161.07861,24820373709.66676,0.006010320529328486,3.265186983124554e+51,black
315.5155155155155,68438202.0156898,0.0,99501247.81926759,0.0,0.6326183509815201,0.5527641943774568,1.9831947630397138e-16,6.809280435587281e-19,5.099343212321378e+52,56835562880.92366,25834346764.140606,0.005774421277811241,4.321477298577465e+51,black
316.3163163163163,68438202.0156898,0.0,99501247.81926759,0.0,0.6338069473395682,0.5513733888724821,1.7587246944318104e-16,7.541345626350004e-19,6.748984374735584e+52,59157434822.55241,26889743101.243443,0.00554778084312329,5.719478283674258e+51,black
317.1171171171171,68438202.0156898,0.0,99501247.81926759,0.0,0.634958971679955,0.5500251420274509,1.5596615160798057e-16,8.357683139865661e-19,8.932285628540588e+52,61574160919.56714,27988254963.521755,0.0053300358256839694,7.569733583509017e+51,black
317.9179179179179,68438202.0156898,0.0,99501247.81926759,0.0,0.6360752127674184,0.548718551365116,1.383129521318341e-16,9.268347377956933e-19,1.1821886393526096e+53,64089616196.52554,29131643725.7745,0.005120837088993728,1.0018547791123866e+52,black
318.7187187187187,68438202.0156898,0.0,99501247.81926759,0.0,0.6371564658088442,0.5474527057708134,1.2265784934865887e-16,1.028462038349211e-18,1.5646275064786624e+53,66707833982.229294,30321742719.275158,0.004919849199821972,1.325955513964975e+52,black
319.5195195195195,68438202.0156898,0.0,99501247.81926759,0.0,0.6382035304402629,0.5462266878725976,1.0877468649860959e-16,1.1419163991761785e-18,2.0707856196022145e+53,69433012376.83936,31560460171.369633,0.004726749890367108,1.7549030674595133e+52,black
320.3203203203203,68438202.0156898,0.0,99501247.81926759,0.0,0.6392172088357276,0.5450395762814362,9.646290462208793e-17,1.2686191028101738e-18,2.7406862429511596e+53,72269520983.19029,32849782265.164524,0.004541229541526178,2.3226154601281134e+52,black
321.1211211211211,68438202.0156898,0.0,99501247.81926759,0.0,0.6401983039365868,0.5438904476927975,8.554464524472258e-17,1.410165795171967e-18,3.627300195246656e+53,75221907913.09416,34191776324.21079,0.004362990686445722,3.0739832163107405e+52,black
321.9219219219219,68438202.0156898,0.0,99501247.81926759,0.0,0.6411476177991312,0.54277837885161,7.586218099811811e-17,1.5683481649425038e-18,4.800734392806324e+53,78294907079.86928,35588594127.28946,0.004191747533557788,4.068418976954531e+52,black
322.7227227227227,68438202.0156898,0.0,99501247.81926759,0.0,0.6420659500581306,0.5417024483831423,6.727563705860329e-17,1.745178342525514e-18,6.3537753893287585e+53,81493445788.7872,37042475358.61488,0.004027225508336271,5.384555414685413e+52,black
323.5235235235235,68438202.0156898,0.0,99501247.81926759,0.0,0.6429540965033738,0.5406617384928472,5.966097048743066e-17,1.9429163617738716e-18,8.40922625477696e+53,84822652637.60709,38555751198.9867,0.0038691608130389248,7.126462927777115e+52,black
324.3243243243243,68438202.0156898,0.0,99501247.81926759,0.0,0.6438128477659858,0.5396553365386415,5.2908178281556923e-17,2.1641010711270228e-18,1.1129616939686501e+54,88287865739.86775,40130848063.649796,0.003717300003729018,9.431878762446229e+52,black
325.1251251251251,68438202.0156898,0.0,99501247.81926759,0.0,0.6446429881109983,0.5386823364794558,4.6919708248169485e-17,2.411584929801554e-18,1.473005594941613e+54,91894641284.11925,41770291492.854225,0.0035713995838985426,1.2483098262217113e+53,black
325.9259259259259,68438202.0156898,0.0,99501247.81926759,0.0,0.645445294332428,0.5377418402041914,4.160904974610805e-17,2.6885731798949706e-18,1.949523954407111e+54,95648762442.82207,43476710201.35474,0.0034312256140412627,1.6521389444128122e+53,black
326.7267267267267,68438202.0156898,0.0,99501247.81926759,0.0,0.6462205347469175,0.5368329587454608,3.6899483935763074e-17,2.998667947496915e-18,2.5801963426743905e+54,99556248645.19554,45252840293.3419,0.0032965533365496647,2.1866070700630508e+53,black
327.5275275275275,68438202.0156898,0.0,99501247.81926759,0.0,0.646969468281855,0.5359548133826878,3.2722975483306806e-17,3.3459178960444304e-18,3.4148916978939616e+54,103623365228.88458,47101529649.563446,0.0031671668153343538,2.8939760151643852e+53,black
328.3283283283283,68438202.0156898,0.0,99501247.81926759,0.0,0.6476928436537867,0.5351065366392773,2.901918970859217e-17,3.734874134215389e-18,4.519611595239144e+54,107856633485.92192,49025742493.670616,0.0030428585895880067,3.8301793179992885e+53,black
329.1291291291291,68438202.0156898,0.0,99501247.81926759,0.0,0.6483913986328682,0.5342872731786703,2.573462097824285e-17,4.1706531697609304e-18,5.9817091664770486e+54,112262841119.09099,51028564145.110405,0.002923429341138781,5.0692450563365e+53,black
329.9299299299299,68438202.0156898,0.0,99501247.81926759,0.0,0.6490658593890707,0.533496180604155,2.2821819752524035e-17,4.659007801114035e-18,7.91679634373958e+54,116849053125.45839,53113205966.18585,0.002808687574859755,6.709149443847126e+53,black
330.7307307307307,68438202.0156898,0.0,99501247.81926759,0.0,0.6497169399158508,0.5327324301673313,2.023870711975964e-17,5.206406951818025e-18,1.047788560157492e+55,121622623124.52351,55283010511.2148,0.002698449311622026,8.87956406913132e+53,black
331.5315315315315,68438202.0156898,0.0,99501247.81926759,0.0,0.6503453415270227,0.5319952073901083,1.7947966915920292e-17,5.820125580423662e-18,1.3867489059066775e+55,126591205149.15239,57541456886.04547,0.002592537793299059,1.1752109372090525e+54,black
332.3323323323323,68438202.0156898,0.0,99501247.81926759,0.0,0.650951752422612,0.5312837126050843,1.591650664782105e-17,6.5083459423378695e-18,1.8353631650109308e+55,131762765918.19974,59892166326.52095,0.002490783199349343,1.5553925127211323e+54,black
333.13313313313313,68438202.0156898,0.0,99501247.81926759,0.0,0.6515368473195456,0.5305971614190924,1.411497943231721e-17,7.280271642239216e-18,2.4291044565673644e+55,137145597610.49648,62338908004.83707,0.0023930223745229316,2.0585630987859078e+54,black
333.93393393393393,68438202.0156898,0.0,99501247.81926759,0.0,0.6521012871431088,0.5299347851046053,1.251736004533419e-17,8.14625609843578e-18,3.214921478974998e+55,142748331160.6879,64885605073.10533,0.0022990985672551867,2.724509727944921e+54,black
334.73473473473473,68438202.0156898,0.0,99501247.81926759,0.0,0.6526457187752085,0.5292958309235943,1.1100568956252616e-17,9.117947246554447e-18,4.254950868014776e+55,148579950098.2374,67536340953.8091,0.0022088611783283624,3.6058905661142266e+54,black
335.53553553553553,68438202.0156898,0.0,99501247.81926759,0.0,0.6531707748555898,0.5286795623883158,9.84413891637207e-18,1.0208450542183871e-17,5.631430505413822e+55,154649804951.78937,70295365887.24129,0.002122165519397936,4.772398733401557e+54,black
336.33633633633633,68438202.0156898,0.0,99501247.81926759,0.0,0.6536770736322773,0.5280852594633622,8.729919284924937e-18,1.1432512583880157e-17,7.453202286230094e+55,160967628241.9831,73167103746.41977,0.0020388725809965917,6.316273123923823e+54,black
337.13713713713713,68438202.0156898,0.0,99501247.81926759,0.0,0.6541652188576442,0.5275122187131741,7.741813821273129e-18,1.2806727973056921e-17,9.864318536119926e+55,167543550086.76328,76156159130.41031,0.0019588488096437696,8.359591979762672e+54,black
337.93793793793793,68438202.0156898,0.0,99501247.81926759,0.0,0.6546357997266504,0.5269597533990544,6.86554815538248e-18,1.434977235995763e-17,1.3055432610738884e+56,174388114444.20212,79267324747.4275,0.0018819658937034992,1.1063925941304166e+55,black
338.73873873873873,68438202.0156898,0.0,99501247.81926759,0.0,0.6550893908539329,0.5264271935295702,6.0884635774054915e-18,1.6082664999942498e-17,1.7278874362176193e+56,181512296018.88242,82505589099.55447,0.001808100557647077,1.464311386625104e+55,black
339.53953953953953,68438202.0156898,0.0,99501247.81926759,0.0,0.6555265522865765,0.5259138858680565,5.399334167415417e-18,1.8029064567104452e-17,2.286860252936469e+56,188927517858.94806,85876144481.40201,0.0017371343643907352,1.9380171635054862e+55,black
340.34034034034033,68438202.0156898,0.0,99501247.81926759,0.0,0.6559478295495434,0.5254191939007803,4.788204623512252e-18,2.0215602448851706e-17,3.02666117412658e+56,196645669672.036,89384395305.53247,0.0016689535253913764,2.5649670967174456e+55,black
341.14114114114113,68438202.0156898,0.0,99501247.81926759,0.0,0.6563537537208856,0.5249424977691418,4.246246445531363e-18,2.2672258282407743e-17,4.005788220422622e+56,204679126889.45932,93035966767.99722,0.0016034487181958612,3.394735780019178e+55,black
341.941941941942,68438202.0156898,0.0,99501247.81926759,0.0,0.6567448415340125,0.5244831941691321,3.76563039675639e-18,2.5432783099933685e-17,5.301663563814013e+56,213040770509.2106,96836713867.88376,0.0015405149111512983,4.492935223571204e+55,black
342.7427427427428,68438202.0156898,0.0,99501247.81926759,0.0,0.6571215955044365,0.5240406962210901,3.3394134011929858e-18,2.853517613187849e-17,7.016755504090803e+56,221744007749.59564,100792730795.3311,0.0014800511949953183,5.946402969568486e+55,black
343.5435435435436,68438202.0156898,0.0,99501247.81926759,0.0,0.6574845040785585,0.5236144333126409,2.9614382424979483e-18,3.202222208806311e-17,9.286680909032873e+56,230802793546.62555,104910360703.07158,0.0014219606210562215,7.870068566977024e+55,black
344.3443443443444,68438202.0156898,0.0,99501247.81926759,0.0,0.6578340418021983,0.52320385091753,2.6262446155951047e-18,3.594209660396774e-17,1.2290928799772086e+57,240231652929.6242,109196205877.16151,0.0013661500458036471,1.0416041355739075e+56,black
345.1451451451452,68438202.0156898,0.0,99501247.81926759,0.0,0.6581706695067221,0.522808410392911,2.328990246011168e-18,4.034904851825024e-17,1.6267053023660134e+57,250045704310.93744,113657138323.21265,0.0013125299815004625,1.3785638155644196e+56,black
345.945945945946,68438202.0156898,0.0,99501247.81926759,0.0,0.6584948345107353,0.5224275887574856,2.065380937405922e-18,4.530416875074642e-17,2.1529456266920708e+57,260260683727.08264,118300310785.09651,0.0012610144527164244,1.824530192111927e+56,black
346.7467467467468,68438202.0156898,0.0,99501247.81926759,0.0,0.6588069708354628,0.5220608784527431,1.8316085367492066e-18,5.087625679400392e-17,2.8494250708777945e+57,270892970070.2084,123133168213.78973,0.0012115208584735418,2.4147670092184734e+56,black
347.5475475475476,68438202.0156898,0.0,99501247.81926759,0.0,0.6591074994320426,0.5217077870894006,1.6242959209772077e-18,5.714279723369206e-17,3.771216111490767e+57,281959611350.32117,128163459704.74985,0.0011639698398020993,3.195945857195569e+56,black
348.3483483483484,68438202.0156898,0.0,99501247.81926759,0.0,0.6593968284191001,0.5213678371810057,1.4404482103942077e-18,6.419106029422325e-17,4.991207210506391e+57,293478352030.38995,133399250922.96262,0.0011182851524949714,4.229836619073217e+56,black
349.1491491491492,68438202.0156898,0.0,99501247.81926759,0.0,0.659675353329068,0.5210405658665208,1.277409504038865e-18,7.21193421883949e-17,6.605866299280587e+57,305467661478.1534,138848937035.58206,0.0010743935448562182,5.598191779051351e+56,black
349.94994994995,68438202.0156898,0.0,99501247.81926759,0.0,0.6599434573618433,0.5207255246235842,1.132824512005345e-18,8.103836305951841e-17,8.742868753694347e+57,317946763580.2571,144521256172.90164,0.001032224640247918,7.409210808215559e+56,black
350.7507507507508,68438202.0156898,0.0,99501247.81926759,0.0,0.6602015116444732,0.5204222789740153,1.00460453045219e-18,9.107284257029235e-17,1.1571193024691686e+58,330935667566.1973,150425303439.23785,0.0009917108242469329,9.806095783637037e+56,black
351.5515515515516,68438202.0156898,0.0,99501247.81926759,0.0,0.6604498754956561,0.5201304081830116,8.908972677670023e-19,1.0236327574728568e-16,1.531448221248983e+58,344455200091.50085,156570545496.1938,0.0009527871362306543,1.2978374756347331e+57,black
352.3523523523524,68438202.0156898,0.0,99501247.81926759,0.0,0.6606888966939577,0.5198495049533747,7.9006008598969825e-19,1.1506793457013068e-16,2.0268728119565463e+58,358527038631.5799,162966835741.68408,0.0009153911652179076,1.7176888236919905e+57,black
353.1531531531532,68438202.0156898,0.0,99501247.81926759,0.0,0.6609189117487114,0.519579175115991,7.006362709345445e-19,1.2936512404193206e-16,2.682567610743844e+58,373173746239.8085,169624430109.06052,0.0008794629497979981,2.2733623819863105e+57,black
353.953953953954,68438202.0156898,0.0,99501247.81926759,0.0,0.6611402461726771,0.519319037317696,6.213339882043705e-19,1.4545572513877841e-16,3.55038014412176e+58,388418807725.5509,176554003511.6704,0.0008449448819874458,3.008796732306579e+57,black
354.7547547547548,68438202.0156898,0.0,99501247.81926759,0.0,0.6613532147556007,0.5190687227075497,5.510076210913333e-19,1.6356606116442324e-16,4.6989306503553905e+58,404286667310.15027,183766666959.21536,0.0008117816148602517,3.982144618945249e+57,black
355.5555555555556,68438202.0156898,0.0,99501247.81926759,0.0,0.6615581218379034,0.5188278746224656,4.886412207678297e-19,1.8395112869070636e-16,6.219038063686684e+58,420802767821.2598,191273985373.3558,0.0007799199738035808,5.270371240412451e+57,black
356.3563563563564,68438202.0156898,0.0,99501247.81926759,0.0,0.6617552615837896,0.5185961482730449,4.3333382968562467e-19,2.0689823951219037e-16,8.230901308292382e+58,437993591488.3551,199087996131.12613,0.0007493088712565788,6.975340091773212e+57,black
357.1571571571572,68438202.0156898,0.0,99501247.81926759,0.0,0.6619449182531445,0.5183732104303915,3.842864661621083e-19,2.327311259605942e-16,1.0893603745960918e+59,455886702404.8441,207221228365.89374,0.0007198992247956069,9.231867581322822e+57,black
357.957957957958,68438202.0156898,0.0,99501247.81926759,0.0,0.6621273664716407,0.5181587391146074,3.407905821304006e-19,2.6181456859614444e-16,1.4417692319364317e+59,474510790724.8588,215686723056.80933,0.0006916438784345505,1.2218383321495196e+58,black
358.7587587587588,68438202.0156898,0.0,99501247.81926759,0.0,0.6623028714985438,0.5179524232855967,3.022178273116294e-19,2.9455961281525605e-16,1.9081826057141207e+59,493895718665.593,224498053938.96106,0.0006644975270140151,1.6171039031475615e+58,black
359.5595595595596,68438202.0156898,0.0,99501247.81926759,0.0,0.6624716894917542,0.5177539625367401,2.6801097194056996e-19,3.31429449395457e-16,2.5254810382235797e+59,514072568388.94916,233669349267.75916,0.0006384166435581718,2.1402381679860868e+58,black
360.3603603603604,68438202.0156898,0.0,99501247.81926759,0.0,0.6626340677696785,0.517563066791948,2.3767585691250916e-19,3.7294604356158846e-16,3.3424759534684137e+59,535073691839.2691,243215314472.44983,0.0006133594094827762,2.8326067402274716e+58,black
361.1611611611612,68438202.0156898,0.0,99501247.81926759,0.0,0.6627902450695681,0.5173794560065285,2.1077425506154787e-19,4.1969760793996373e-16,4.42376930589477e+59,556932762617.0537,253151255735.07907,0.0005892856475424579,3.7489570388938763e+58,black
361.961961961962,68438202.0156898,0.0,99501247.81926759,0.0,0.6629404518020076,0.5172028598722725,1.8691754044292234e-19,4.723470269249958e-16,5.854861828240006e+59,579684829971.8558,263493104532.71628,0.0005661567574097604,4.961747312067805e+58,black
362.7627627627628,68438202.0156898,0.0,99501247.81926759,0.0,0.6630849103012791,0.5170330175270932,1.6576107416453145e-19,5.316413536911437e-16,7.748913801199938e+59,603366375000.9138,274257443182.2879,0.0005439356537826413,6.566876102711816e+58,black
363.5635635635636,68438202.0156898,0.0,99501247.81926759,0.0,0.6632238350713606,0.51686967726952,1.4699922566426825e-19,5.984225165397379e-16,1.0255692936899925e+60,628015369143.633,285461531428.97845,0.0005225867069211967,8.691265200762654e+58,black
364.3643643643644,68438202.0156898,0.0,99501247.81926759,0.0,0.6633574330273588,0.5167125962783056,1.3036095750951625e-19,6.736393886983982e-16,1.357341690904453e+60,653671335065.7179,297123334120.835,0.0005020756855182564,1.1502895685630965e+59,black
365.1651651651652,68438202.0156898,0.0,99501247.81926759,0.0,0.6634859037321995,0.5165615403373617,1.1560590993594968e-19,7.583613953417246e-16,1.796442695000739e+60,680375410030.562,309261550013.9458,0.0004823697018122571,1.522409063559949e+59,black
365.965965965966,68438202.0156898,0.0,99501247.81926759,0.0,0.6636094396284391,0.5164162835662072,1.0252092856209008e-19,8.537938537594872e-16,2.3775931867746675e+60,708170411859.5189,321895641754.3807,0.00046343715885437955,2.0149094803175144e+59,black
366.7667667667668,68438202.0156898,0.0,99501247.81926759,0.0,0.6637282262650782,0.5162766081560797,9.091698511828985e-20,9.61295267582292e-16,3.146746276697213e+60,737100907586.8112,335045867084.96796,0.00044524769984540105,2.666734132794249e+59,black
367.5675675675676,68438202.0156898,0.0,99501247.81926759,0.0,0.6638424425192865,0.5161423041118286,8.062644670637311e-20,1.0823968241453142e-15,4.1647209392169886e+60,767213284919.1606,348733311326.9447,0.00042777215946102537,3.52942452476016e+59,black
368.3683683683684,68438202.0156898,0.0,99501247.81926759,0.0,0.6639522608129741,0.5160131689996843,7.15006541411142e-20,1.2188243758347349e-15,5.512011130364701e+60,798555826614.7178,362979921188.56146,0.00041098251708764836,4.6711958731904255e+59,black
369.1691691691692,68438202.0156898,0.0,99501247.81926759,0.0,0.6640578473241588,0.5158890077009725,6.340777438977955e-20,1.372523222077348e-15,7.295150658289872e+60,831178787900.5529,377808539954.8501,0.00039485185189357434,6.18233106634735e+59,black
369.96996996997,68438202.0156898,0.0,99501247.81926759,0.0,0.6641593621931011,0.5157696321718163,5.623089608565226e-20,1.5456860490188077e-15,9.655137093968499e+60,865134477052.8468,393242944114.98364,0.0003793542996636404,8.182319571159748e+59,black
370.7707707707708,68438202.0156898,0.0,99501247.81926759,0.0,0.6642569597231952,0.5156548612088553,4.986634060294468e-20,1.7407844294723247e-15,1.2778580823056484e+61,900477339268.9694,409307881485.94824,0.00036446501132804496,1.0829305782251264e+60,black
371.5715715715716,68438202.0156898,0.0,99501247.81926759,0.0,0.6643507885766194,0.5155445202209841,4.422216429453923e-20,1.9606043370654508e-15,1.6912460823927743e+61,937264043965.948,426029110893.66583,0.0003501601131188746,1.4332593918582846e+60,black
372.3723723723724,68438202.0156898,0.0,99501247.81926759,0.0,0.6644409919647621,0.5154384410071029,3.921683025559183e-20,2.2082861864084726e-15,2.238365395042989e+61,975553575645.2871,443433443475.18353,0.00033641666829045235,1.8969198263076185e+60,black
373.1731731731732,68438202.0156898,0.0,99501247.81926759,0.0,0.6645277078334528,0.5153364615398528,3.477803042502409e-20,2.487369976390092e-15,2.9624781951526013e+61,1015407328469.8362,461548785668.1603,0.00032321264034212375,2.5105747416547482e+60,black
373.973973973974,68438202.0156898,0.0,99501247.81926759,0.0,0.664611069043038,0.5152384257553003,3.0841641008746087e-20,2.8018461873166193e-15,3.920842002020717e+61,1056889204704.3617,480404183956.5809,0.0003105268576845117,3.322747459339592e+60,black
374.7747747747748,68438202.0156898,0.0,99501247.81926759,0.0,0.6646912035433521,0.5151441833485162,2.735079613444513e-20,3.1562131656125535e-15,5.189237183234914e+61,1100065717177.65,500029871444.439,0.0002983389796925888,4.397658629860099e+60,black
375.5755755755756,68438202.0156898,0.0,99501247.81926759,0.0,0.6647682345436426,0.5150535895749913,2.4255066355770102e-20,3.555541823391801e-15,6.867959109289825e+61,1145006095930.4407,520457316332.0711,0.0002866294640911321,5.820304329906633e+60,black
376.3763763763764,68438202.0156898,0.0,99501247.81926759,0.0,0.6648422806775139,0.5149665050578143,2.1509730138418277e-20,4.005548585740621e-15,9.089748774494137e+61,1191782399220.193,541719272372.8676,0.0002753795356202673,7.703176927537408e+60,black
377.1771771771772,68438202.0156898,0.0,99501247.81926759,0.0,0.6649134561629642,0.5148827956005371,1.907512780386648e-20,4.5126776375496326e-15,1.2030288979391273e+62,1240469629060.6643,563849831391.2637,0.0002645711559308605,1.0195160152026504e+61,black
377.977977977978,68438202.0156898,0.0,99501247.81926759,0.0,0.6649818709575922,0.5148023320056376,1.691608859768778e-20,5.084193655910851e-15,1.592209603567128e+62,1291145851481.5605,586884477946.2167,0.00025418699466148663,1.3493301725145153e+61,black
378.7787787787788,68438202.0156898,0.0,99501247.81926759,0.0,0.6650476309090609,0.5147249898984882,1.5001422605767193e-20,5.728286365394211e-15,2.107290544751964e+62,1343892321701.0984,610860146227.8247,0.00024421040165059816,1.785839444705054e+61,black
379.5795795795796,68438202.0156898,0.0,99501247.81926759,0.0,0.6651108379009016,0.5146506495567342,1.3303470178536555e-20,6.454188424120372e-15,2.7890005373980986e+62,1398793614412.1619,635815279278.3079,0.00023462538023933974,2.3635597774560163e+61,black
380.3803803803804,68438202.0156898,0.0,99501247.81926759,0.0,0.6651715899937525,0.5145791957449766,1.1797702354120136e-20,7.27230834091706e-15,3.691244198373455e+62,1455937759390.9731,661789890632.313,0.0002254165616222013,3.128173049469031e+61,black
381.1811811811812,68438202.0156898,0.0,99501247.81926759,0.0,0.6652299815621243,0.5145105175546553,1.0462366508023499e-20,8.194380340761525e-15,4.885364326508503e+62,1515416382645.7136,688825628475.3766,0.00021656918020438294,4.140139259752969e+61,black
381.981981981982,68438202.0156898,0.0,99501247.81926759,0.0,0.6652861034267931,0.5144445082490213,9.278172110350268e-21,9.233633340304279e-15,6.465783166885045e+62,1577324853331.3967,716965842423.4143,0.00020806904992636053,5.479477260072073e+61,black
382.7827827827828,68438202.0156898,0.0,99501247.81926759,0.0,0.6653400429829138,0.5143810651130889,8.228012050931638e-21,1.040498147107205e-14,8.557468628141992e+62,1641762436666.5938,746255653030.3221,0.00019990254151768715,7.252092057747452e+61,black
383.5835835835836,68438202.0156898,0.0,99501247.81926759,0.0,0.6653918843239588,0.5143200893084504,7.296715506576395e-21,1.1725238898941306e-14,1.1325815826442462e+63,1708832453097.1682,776742024135.1284,0.0001920565606435622,9.598149005459716e+61,black
384.3843843843844,68438202.0156898,0.0,99501247.81926759,0.0,0.6654417083615796,0.5142614857328408,6.470828780310845e-21,1.3213362039149346e-14,1.4989725315826014e+63,1778642443962.239,808473838164.7059,0.00018451852690912638,1.270315704731019e+62,black
385.1851851851852,68438202.0156898,0.0,99501247.81926759,0.0,0.6654895929414947,0.514205162884336,5.7384209465698436e-21,1.4890722661536445e-14,1.9838912135525207e+63,1851304343928.018,841501974512.7872,0.00017727635368781675,1.6812637402987475e+62,black
385.985985985986,68438202.0156898,0.0,99501247.81926759,0.0,0.6655356129555059,0.5141510327300657,5.088911494649302e-21,1.6781415826588632e-14,2.6256814346395773e+63,1926934660465.9705,875879391120.9475,0.00017031842874144063,2.2251537581691345e+62,black
386.7867867867868,68438202.0156898,0.0,99501247.81926759,0.0,0.6655798404497422,0.5140990105793272,4.5129174805228974e-21,1.8912607095628946e-14,3.475091249517554e+63,2005654660663.11,911661209392.3745,0.00016363359560089247,2.944992584336912e+62,black
387.5875875875876,68438202.0156898,0.0,99501247.81926759,0.0,0.6656223447292364,0.5140490149609814,4.00211797894761e-21,2.1314924025436996e-14,4.599285744704688e+63,2087590565663.9573,948904802574.5776,0.00015721113567765822,3.8976997836480425e+62,black
388.3883883883884,68438202.0156898,0.0,99501247.81926759,0.0,0.6656631924589324,0.5140009675050144,3.549133877706056e-21,2.4022897596851455e-14,6.0871579600622284e+63,2172873753055.919,987669887752.7421,0.00015104075107742735,5.1586084407307045e+62,black
389.1891891891892,68438202.0156898,0.0,99501247.81926759,0.0,0.6657024477612234,0.5139547928281522,3.1474212774689647e-21,2.707545994776296e-14,8.05635789718176e+63,2261640967522.608,1028018621601.237,0.0001451125480882534,6.827421946764204e+62,black
389.98998998999,68438202.0156898,0.0,99501247.81926759,0.0,0.6657401723101234,0.51391041842341,2.791176957310825e-21,3.051650559374176e-14,1.0662595416993812e+64,2354034540102.8687,1070015700046.8098,0.00013941702131678818,9.036097811011708e+62,black
390.7907907907908,68438202.0156898,0.0,99501247.81926759,0.0,0.6657764254221634,0.5138677745534652,2.4752545402145288e-21,3.4395524236108204e-14,1.4111952631381272e+64,2450202616407.0713,1113728462003.2659,0.00013394503844715313,1.195928189100108e+63,black
391.5915915915916,68438202.0156898,0.0,99501247.81926759,0.0,0.6658112641441178,0.513826794147744,2.1950901474751424e-21,3.8768314290776934e-14,1.8677179362251158e+64,2550299394156.5923,1159226997343.9575,0.00012868782559801123,1.5828118103602681e+63,black
392.3923923923924,68438202.0156898,0.0,99501247.81926759,0.0,0.6658447433376474,0.5137874127031071,1.9466364679912133e-21,4.369778743662263e-14,2.471926019322783e+64,2654485370427.383,1206584259285.2256,0.00012363695325435793,2.0948525587481212e+63,black
393.1931931931932,68438202.0156898,0.0,99501247.81926759,0.0,0.665876915760957,0.5137495681880295,1.7263042899955507e-21,4.925487579624317e-14,3.271595847793271e+64,2762927598994.0195,1255876181360.9692,0.00011878432275147724,2.7725388540620944e+63,black
393.993993993994,68438202.0156898,0.0,99501247.81926759,0.0,0.6659078321475611,0.5137132009501657,1.5309106505809464e-21,5.551955484383376e-14,4.32995943552821e+64,2875799958186.9146,1307181799175.922,0.00011412215328938827,3.6694571487527216e+63,black
394.7947947947948,68438202.0156898,0.0,99501247.81926759,0.0,0.6659375412822437,0.5136782536271973,1.357632853978602e-21,6.258199680581299e-14,5.730704397964583e+64,2993283429692.1255,1360583377132.836,0.00010964296945696324,4.856529150817444e+63,black
395.5955955955956,68438202.0156898,0.0,99501247.81926759,0.0,0.6659660900743035,0.5136446710608594,1.203967694327969e-21,7.05438712040141e-14,7.584591353758759e+64,3115566388740.83,1416166540336.7927,0.00010533958924571083,6.4276197913209854e+63,black
396.3963963963964,68438202.0156898,0.0,99501247.81926759,0.0,0.66599352362817,0.5136124002140425,1.0676952938620092e-21,7.951981131586373e-14,1.0038212060616604e+65,3242844906153.755,1474020411888.122,0.00010120511253400751,8.506959373403906e+63,black
397.1971971971972,68438202.0156898,0.0,99501247.81926759,0.0,0.6660198853114753,0.5135813900908778,9.468470341069977e-22,8.963906772171953e-14,1.3285580814304485e+65,3375323062724.8584,1534237755784.0781,9.723291002331097e-05,1.1258966791783464e+64,black
397.997997997998,68438202.0156898,0.0,99501247.81926759,0.0,0.6660452168206646,0.5135515916597034,8.3967711682456485e-22,1.0104737281101707e-13,1.7583475673498743e+65,3513213276448.363,1596915125658.3982,9.341661260861702e-05,1.490125057076165e+64,black
398.7987987987988,68438202.0156898,0.0,99501247.81926759,0.0,0.6660695582442271,0.513522957778819,7.44637343859662e-22,1.1390904316511196e-13,2.327174258191434e+65,3656736643113.7754,1662153019597.222,8.975010116611594e-05,1.9721815747385036e+64,black
399.5995995995996,68438202.0156898,0.0,99501247.81926759,0.0,0.6660929481236212,0.5134954431249408,6.603547515588919e-22,1.28409350169679e-13,3.0800167888045885e+65,3806123290815.1133,1730056041279.6482,8.622749674167243e-05,2.610183719325923e+64,black
400.40040040040043,68438202.0156898,0.0,99501247.81926759,0.0,0.6661154235119793,0.5134690041242619,5.856117766618322e-22,1.4475719308290592e-13,4.076404414464115e+65,3961612748942.644,1800733067701.253,8.284315112439926e-05,3.454580012257725e+64,black
401.20120120120123,68438202.0156898,0.0,99501247.81926759,0.0,0.6661370200306582,0.5134435988860345,5.193286671375525e-22,1.6318811315334347e-13,5.395124146940949e+65,4123454332248.8545,1874297423749.5303,7.959163779020862e-05,4.5721391075770774e+64,black
402.00200200200203,68438202.0156898,0.0,99501247.81926759,0.0,0.6661577719237145,0.5134191871385873,4.6054788386984415e-22,1.8396769230635678e-13,7.140450652448994e+65,4291907540604.4907,1950867063911.1833,7.646774320081979e-05,6.051229366482199e+64,black
402.80280280280283,68438202.0156898,0.0,99501247.81926759,0.0,0.6661777121103708,0.513395730167697,4.084202678547923e-22,2.0739538547168964e-13,9.450391526016832e+65,4467242475085.562,2030564761402.579,7.346645844427322e-05,8.008806377980365e+64,black
403.60360360360363,68438202.0156898,0.0,99501247.81926759,0.0,0.6661968722355452,0.5133731907572314,3.6219277307920815e-22,2.3380884188700153e-13,1.2507599917993658e+66,4649740271058.549,2113518305026.664,7.058297120354561e-05,1.0599660947452255e+65,black
404.40440440440443,68438202.0156898,0.0,99501247.81926759,0.0,0.66621528271851,0.5133515331319877,3.211975878666401e-22,2.635887777737615e-13,1.6553817403004807e+66,4839693548958.19,2199860704071.956,6.781265804038952e-05,1.4028658816105767e+65,black
405.20520520520523,68438202.0156898,0.0,99501247.81926759,0.0,0.6662329727997426,0.5133307229026498,2.84842487535735e-22,2.9716447074462005e-13,2.1908989127304583e+66,5037406883480.646,2289730401582.164,6.51510769820245e-05,1.8566939938393715e+65,black
406.00600600600603,68438202.0156898,0.0,99501247.81926759,0.0,0.6662499705860347,0.51331072701279,2.5260227900351627e-22,3.3501995528032233e-13,2.8996562719916813e+66,5243197291944.356,2383271496338.395,6.259396039879372e-05,2.4573358237217645e+65,black
406.80680680680683,68438202.0156898,0.0,99501247.81926759,0.0,0.6662663030939182,0.513291513687845,2.240112137405948e-22,3.7770100873908726e-13,3.837697141955495e+66,5457394742601.639,2480633973909.887,6.013720816136508e-05,3.252285713521607e+65,black
407.60760760760763,68438202.0156898,0.0,99501247.81926759,0.0,0.6662819962914693,0.513273052385995,1.9865625947434813e-22,4.2582302877836947e-13,5.079194901695623e+66,5680342683716.062,2581973947143.7153,5.777688106650605e-05,4.3044024590640885e+65,black
408.40840840840843,68438202.0156898,0.0,99501247.81926759,0.0,0.6662970751385462,0.5132553137508813,1.761711334417358e-22,4.800799159430023e-13,6.7223180712632185e+66,5912398594253.8955,2687453906479.0947,5.5509194520890626e-05,5.696879721409508e+65,black
409.20920920920923,68438202.0156898,0.0,99501247.81926759,0.0,0.6663115636255185,0.5132382695660942,1.5623101099491611e-22,5.412540896908349e-13,8.896992756889323e+66,6153934557072.707,2797242980487.6455,5.3330512472810023e-05,7.539824370245187e+65,black
410.01001001001003,68438202.0156898,0.0,99501247.81926759,0.0,0.6663254848105403,0.51322189271137,1.3854783311912908e-22,6.1022778249676e-13,1.1775176252740323e+67,6405337855526.081,2911517207057.361,5.1237341582058514e-05,9.978962926051122e+65,black
410.81081081081084,68438202.0156898,0.0,99501247.81926759,0.0,0.6663388608554195,0.5132061571204355,1.2286614507430073e-22,6.879957751350446e-13,1.558445416016074e+67,6667011594441.079,3030459815655.087,4.9226325618645375e-05,1.3207164542509111e+66,black
411.61161161161164,68438202.0156898,0.0,99501247.81926759,0.0,0.666351713060134,0.5131910377404417,1.0895940604454465e-22,7.756797570546918e-13,2.0626036184679604e+67,6939375346464.234,3154261521120.158,4.7294240081351675e-05,1.7479691681931867e+66,black
412.41241241241244,68438202.0156898,0.0,99501247.81926759,0.0,0.6663640618960461,0.5131765104929265,9.662671648402772e-23,8.745445192337755e-13,2.7298573586167545e+67,7222865824812.264,3283120829460.172,4.5437987027504e-05,2.3134384395057244e+66,black
413.21321321321324,68438202.0156898,0.0,99501247.81926759,0.0,0.6663759270378573,0.5131625522362547,8.56899158817698e-23,9.860162133655497e-13,3.6129681591105285e+67,7517937583506.356,3417244356139.3047,4.3654590105674156e-05,3.061837422975025e+66,black
414.01401401401404,68438202.0156898,0.0,99501247.81926759,0.0,0.666387327394354,0.5131491407294794,7.599100901911282e-23,1.1117029410737016e-12,4.7817659327858634e+67,7825063746212.72,3556847157369.4697,4.1941189783340814e-05,4.052344010835479e+66,black
414.81481481481484,68438202.0156898,0.0,99501247.81926759,0.0,0.6663982811379859,0.5131362545975724,6.738988353904334e-23,1.2534179705075281e-12,6.328670619002215e+67,8144736764858.089,3702153074935.546,4.0295038761860515e-05,5.3632801855950975e+66,black
415.61561561561564,68438202.0156898,0.0,99501247.81926759,0.0,0.6664088057333208,0.5131238732979774,5.976228585494379e-23,1.413205915616715e-12,8.376000073364091e+67,8477469209236.47,3853395095107.5376,3.871349757139694e-05,7.098305146918723e+66,black
416.41641641641644,68438202.0156898,0.0,99501247.81926759,0.0,0.666418917964416,0.5131119770884316,5.299802615831466e-23,1.593372256196769e-12,1.1085642064914508e+68,8823794588873.328,4010815722215.201,3.719403033874476e-05,9.394611919419077e+66,black
417.21721721721724,68438202.0156898,0.0,99501247.81926759,0.0,0.6664286339611475,0.5131005469960148,4.699938659466549e-23,1.7965166250495006e-12,1.4671855171324801e+68,9184268208464.846,4174667367484.0723,3.573420072126251e-05,1.2433775568919326e+67,black
418.01801801801804,68438202.0156898,0.0,99501247.81926759,0.0,0.6664379692245358,0.5130895647873762,4.167970961175635e-23,2.0255703430145013e-12,1.9418210772800273e+68,9559468058264.076,4345212753756.4497,3.433166800039421e-05,1.6456110824407017e+67,black
418.81881881881884,68438202.0156898,0.0,99501247.81926759,0.0,0.666446938651102,0.5130790129400989,3.6962146087189737e-23,2.283838743983179e-12,2.570001579308384e+68,9949995740841.486,4522725336746.182,3.298418332851689e-05,2.177967440091852e+67,black
419.61961961961964,68438202.0156898,0.0,99501247.81926759,0.0,0.6664555565562961,0.513068874615158,3.2778545150549597e-23,2.5750489011935604e-12,3.4013989213150905e+68,10356477435705.959,4707489743502.761,3.1689586123095555e-05,2.8825414587416036e+67,black
420.42042042042044,68438202.0156898,0.0,99501247.81926759,0.0,0.6664638366970255,0.5130591336304302,2.906846966223622e-23,2.9034034441205043e-12,4.501753895822791e+68,10779564903332.887,4899802228787.728,3.044580060236407e-05,3.8150456744260945e+67,black
421.22122122122124,68438202.0156898,0.0,99501247.81926759,0.0,0.6664717922933225,0.5130497744352202,2.577832312640573e-23,3.273641243249576e-12,5.958074488574608e+68,11219936530209.342,5099971150095.207,2.925083245697721e-05,5.049215668283567e+67,black
422.02202202202204,68438202.0156898,0.0,99501247.81926759,0.0,0.6664794360491816,0.5130407820857621,2.2860575425223882e-23,3.691105839224126e-12,7.885515830693449e+68,11678298416571.852,5308317462078.167,2.8102765652297127e-05,6.682640534485974e+67,black
422.82282282282284,68438202.0156898,0.0,99501247.81926759,0.0,0.6664867801725942,0.5130321422216603,2.0273076189235332e-23,4.161822604717359e-12,1.0436485820266569e+69,12155385508580.93,5525175231173.201,2.699975935618702e-05,8.844479508700483e+67,black
423.62362362362364,68438202.0156898,0.0,99501247.81926759,0.0,0.666493836394816,0.5130238410432351,1.7978445884658357e-23,4.692585753520148e-12,1.3812696419000528e+69,12651962776747.758,5750892171249.033,2.5940044987385808e-05,1.1705674931356375e+68,black
424.42442442442444,68438202.0156898,0.0,99501247.81926759,0.0,0.6665006159888933,0.5130158652897393,1.594353582113086e-23,5.2910564535728486e-12,1.8281113551929424e+69,13168826442502.371,5985830201137.493,2.4921923379731476e-05,1.54924691118046e+68,black
425.22522522522524,68438202.0156898,0.0,99501247.81926759,0.0,0.6665071297874752,0.5130082022184123,1.4138949279069582e-23,5.965873461061102e-12,2.4195066811043854e+69,13706805254870.299,6230366024941.099,2.3943762057685575e-05,2.050429390766428e+68,black
426.02602602602605,68438202.0156898,0.0,99501247.81926759,0.0,0.6665133881999409,0.5130008395843403,1.2538616838753528e-23,6.726777873556741e-12,3.202218816308198e+69,14266761819304.469,6484891736047.539,2.3003992618791e-05,2.713744759583219e+68,black
426.82682682682685,68438202.0156898,0.0,99501247.81926759,0.0,0.6665194012288674,0.5129937656210922,1.1119419776249371e-23,7.584753804130272e-12,4.238138884919764e+69,14849593980803.193,6749815445819.687,2.2101108218865656e-05,3.591643122813359e+68,black
427.62762762762765,68438202.0156898,0.0,99501247.81926759,0.0,0.6665251784858596,0.5129869690221032,9.860856085680994e-24,8.552187008335074e-12,5.609179833801504e+69,15456236263531.924,7025561937969.109,2.123366115589981e-05,4.753542232035173e+68,black
428.42842842842845,68438202.0156898,0.0,99501247.81926759,0.0,0.6665307292067727,0.5129804389227746,8.744744303133957e-24,9.643043755288798e-12,7.423753506495238e+69,16087661369257.041,7312573349662.344,2.040026054878317e-05,6.291316530928168e+68,black
429.22922922922925,68438202.0156898,0.0,99501247.81926759,0.0,0.6665360622663444,0.5129741648832665,7.754960853575293e-24,1.0873072526500019e-11,9.825343055195453e+69,16744881736994.31,7611309880452.01,1.959957010713976e-05,8.326561911182587e+68,black
430.03003003003005,68438202.0156898,0.0,99501247.81926759,0.0,0.6665411861922622,0.5129681368719541,6.877207126448784e-24,1.2260031455832137e-11,1.3003848534009429e+70,17428951166372.951,7922250530169.572,1.8830305988694338e-05,1.1020210622041887e+69,black
430.83083083083085,68438202.0156898,0.0,99501247.81926759,0.0,0.6665461091786873,0.5129623452495239,6.098802915075047e-24,1.3823944795827235e-11,1.7210602799874045e+70,18140966507317.906,8245893866962.733,1.8091234740735385e-05,1.4585256610062754e+69,black
431.63163163163165,68438202.0156898,0.0,99501247.81926759,0.0,0.666550839099254,0.5129567807536851,5.408503235838206e-24,1.558739211489541e-11,2.2778245068017444e+70,18882069418759.883,8582758826709.088,1.7381171322373573e-05,1.9303597515269016e+69,black
432.43243243243245,68438202.0156898,0.0,99501247.81926759,0.0,0.6665553835195676,0.5129514344844723,4.7963358808935086e-24,1.757583440267578e-11,3.014702357679585e+70,19653448199192.96,8933385545087.762,1.6698977204424657e-05,2.5548325065081227e+69,black
433.23323323323325,68438202.0156898,0.0,99501247.81926759,0.0,0.6665597497092164,0.512946297890118,4.253457357649392e-24,1.9817981794016315e-11,3.9899607183345626e+70,20456339692015.023,9298336223643.238,1.6043558543870055e-05,3.3813226426564088e+69,black
434.03403403403405,68438202.0156898,0.0,99501247.81926759,0.0,0.6665639446533194,0.5129413627534716,3.772025133896875e-24,2.234620822320567e-11,5.2807158535232124e+70,21292031268705.938,9678196031230.021,1.5413864429968184e-05,4.475182926714587e+69,black
434.83483483483485,68438202.0156898,0.0,99501247.81926759,0.0,0.666567975063625,0.5129366211789456,3.345084343013771e-24,2.519701899800541e-11,6.989031194595156e+70,22161862893023.51,10073574042283.463,1.4808885199204189e-05,5.922907792029791e+69,black
435.63563563563565,68438202.0156898,0.0,99501247.81926759,0.0,0.6665718473891811,0.5129320655799672,2.9664673125642522e-24,2.84115780474692e-11,9.249987765660374e+70,23067229269526.74,10485104213421.291,1.4227650816376237e-05,7.83897268276303e+69,black
436.43643643643645,68438202.0156898,0.0,99501247.81926759,0.0,0.666575567826588,0.5129276886669184,2.6307044648637562e-24,3.203630245953803e-11,1.2242365398371847e+71,24009582079871.688,10913446399941.723,1.3669229319222591e-05,1.03748859308236e+70,black
437.23723723723725,68438202.0156898,0.0,99501247.81926759,0.0,0.6665791423298577,0.5129234834355423,2.332945302360956e-24,3.6123532896419866e-11,1.6202779327300137e+71,24990432310465.45,11359287413847.977,1.3132725324095599e-05,1.3731168921440796e+70,black
438.03803803803805,68438202.0156898,0.0,99501247.81926759,0.0,0.666582576619885,0.5129194431558006,2.0688883363756672e-24,4.0732289571842185e-11,2.1444389983984031e+71,26011352675210.496,11823342125095.727,1.2617278590286436e-05,1.8173211850833924e+70,black
438.83883883883885,68438202.0156898,0.0,99501247.81926759,0.0,0.666585876193554,0.5129155613611641,1.8347189469292702e-24,4.59291247102356e-11,2.838166542268544e+71,27073980137223.87,12306354607829.082,1.2122062640698899e-05,2.4052258832784274e+70,black
439.63963963963965,68438202.0156898,0.0,99501247.81926759,0.0,0.6665890463324905,0.5129118318383196,1.6270542759780974e-24,5.1789083801629905e-11,3.756315440852129e+71,28180018533575.19,12809099333443.316,1.1646283436660135e-05,3.18331817021367e+70,black
440.44044044044045,68438202.0156898,0.0,99501247.81926759,0.0,0.6665920921114716,0.5129082486172761,1.4428943579665658e-24,5.839678953763769e-11,4.971486162295222e+71,29331241307251.26,13332382412386.982,1.1189178104743977e-05,4.213123866351884e+70,black
441.24124124124126,68438202.0156898,0.0,99501247.81926759,0.0,0.6665950184065114,0.5129048059618572,1.2795787817220666e-24,6.584766408608991e-11,6.579765477915323e+71,30529494350728.332,13877042886694.738,1.075001371356511e-05,5.57607243891129e+70,black
442.04204204204206,68438202.0156898,0.0,99501247.81926759,0.0,0.6665978299026281,0.5129014983605619,1.1347482576207172e-24,7.424930736025229e-11,8.708324298010286e+71,31776698965711.043,14443954075323.244,1.0328086098582962e-05,7.37993584577143e+70,black
442.84284284284286,68438202.0156898,0.0,99501247.81926759,0.0,0.6666005311013129,0.5128983205177826,1.0063105348154591e-24,8.372305119197623e-11,1.1525473412965174e+72,33074854943784.28,15034024974447.443,9.922718733030763e-06,9.767350349970487e+70,black
443.64364364364366,68438202.0156898,0.0,99501247.81926759,0.0,0.6666031263277048,0.5128952673453641,8.92410176160021e-25,9.440571185916098e-11,1.5253972273801634e+72,34426043772916.91,15648201714962.271,9.533261643159663e-06,1.292709514728952e+71,black
444.44444444444446,68438202.0156898,0.0,99501247.81926759,0.0,0.6666056197374876,0.5128923339544914,7.914017541911341e-25,1.0645156628324345e-10,2.0188643172677334e+72,35832431974959.16,16287469079526.932,9.15909036605838e-06,1.7109019637862145e+71,black
445.24524524524526,68438202.0156898,0.0,99501247.81926759,0.0,0.6666080153235172,0.5128895156478945,7.018260809528214e-25,1.2003458044347746e-10,2.6719683623244344e+72,37296274579484.88,16952852081584.082,8.799604948377438e-06,2.264379968071554e+71,black
446.04604604604606,68438202.0156898,0.0,99501247.81926759,0.0,0.6666103169221919,0.5128868079123561,6.223891282740802e-25,1.3535092219820047e-10,3.5363520312872525e+72,38819918739548.92,17645417608885.918,8.454228984352495e-06,2.9969085010908915e+71,black
446.84684684684686,68438202.0156898,0.0,99501247.81926759,0.0,0.6666125282195718,0.512884206411511,5.519433339779358e-25,1.5262179481170396e-10,4.680364433024523e+72,40405807495156.95,18366276134162.297,8.122408691584252e-06,3.9664105364614616e+71,black
447.64764764764766,68438202.0156898,0.0,99501247.81926759,0.0,0.6666146527572632,0.5128817069789275,4.894710239677037e-25,1.720966321181407e-10,6.194465661821365e+72,42056483690482.08,19116583495673.723,7.803612023093219e-06,5.249547171035056e+71,black
448.44844844844846,68438202.0156898,0.0,99501247.81926759,0.0,0.666616693938069,0.5128793056114586,4.340697107025279e-25,1.940567014780001e-10,8.19837971691619e+72,43774594051109.836,19897542750504.52,7.497327814225281e-06,6.947779421115415e+71,black
449.24924924924926,68438202.0156898,0.0,99501247.81926759,0.0,0.6666186550314237,0.5128769984628498,3.8493905568107358e-25,2.188191665735098e-10,1.0850561396602723e+73,45562893427847.984,20710406103567.316,7.203064963040558e-06,9.195391014070107e+71,black
450.05005005005006,68438202.0156898,0.0,99501247.81926759,0.0,0.6666205391786114,0.5128747818376018,3.4136930759074495e-25,2.467416687320515e-10,1.436072573931975e+73,47424249213906.72,21556476915412.195,6.920351642871069e-06,1.2170106558745558e+72,black
450.85085085085086,68438202.0156898,0.0,99501247.81926759,0.0,0.6666223493977835,0.5128726521850666,3.027310490976353e-25,2.782274929571814e-10,1.900643074786046e+73,49361645942531.6,22437111792059.87,6.64873454578474e-06,1.6107144701576673e+72,black
451.65165165165166,68438202.0156898,0.0,99501247.81926759,0.0,0.6666240885887789,0.5128706060937788,2.684661041572783e-25,3.137313932933873e-10,2.5155024636677397e+73,51378190072460.7,23353722760209.47,6.387778155742749e-06,2.131781748870967e+72,black
452.45245245245246,68438202.0156898,0.0,99501247.81926759,0.0,0.666625759537756,0.5128686402860055,2.3807947449137083e-25,3.537661616753169e-10,3.32926930293286e+73,53477114968879.79,24307779531309.05,6.13706405028466e-06,2.821414663502425e+72,black
453.25325325325326,68438202.0156898,0.0,99501247.81926759,0.0,0.6666273649216446,0.5128667516125108,2.111321887432044e-25,3.989100351524084e-10,4.406290294499189e+73,55661786087861.266,25300811858118.816,5.896190229621757e-06,3.734144317372195e+72,black
454.05405405405406,68438202.0156898,0.0,99501247.81926759,0.0,0.666628907312424,0.5128649370475232,1.8723496100925582e-25,4.4981504849088986e-10,5.831728344200813e+73,57935706372600.67,26334411987545.816,5.664770472062754e-06,4.9421426645769605e+72,black
454.85485485485486,68438202.0156898,0.0,99501247.81926759,0.0,0.6666303891812317,0.5128631936839012,1.6604256713682074e-25,5.072164528118355e-10,7.71829661858591e+73,60302521870102.15,27410237213682.848,5.4424337147384246e-06,6.5409293377846705e+72,black
455.65565565565566,68438202.0156898,0.0,99501247.81926759,0.0,0.6666318129023147,0.5128615187284873,1.4724885754654867e-25,5.719433363237822e-10,1.0215171073886748e+74,62766027577319.67,28530012535145.363,5.228823458632126e-06,8.656924638887075e+72,black
456.45645645645646,68438202.0156898,0.0,99501247.81926759,0.0,0.6666331807568233,0.5128599094976422,1.3058233453411612e-25,6.449306005736568e-10,1.3519786194460785e+74,65330173526127.125,29695533420966.93,5.023597196962304e-06,1.145744592750914e+73,black
457.25725725725727,68438202.0156898,0.0,99501247.81926759,0.0,0.6666344949364597,0.5128583634129555,1.1580223015984516e-25,7.272324652214334e-10,1.7893446661022387e+74,67999071116874.8,30908668689488.6,4.826425866000337e-06,1.5163937848324058e+73,black
458.05805805805807,68438202.0156898,0.0,99501247.81926759,0.0,0.6666357575469808,0.512856877997124,1.0269502806668045e-25,8.200376964247531e-10,2.368198940466828e+74,70776999710686.42,32171363504857.52,4.636993317443288e-06,2.0069482546329056e+73,black
458.85885885885887,68438202.0156898,0.0,99501247.81926759,0.0,0.6666369706115667,0.512855450869989,9.107137897999959e-26,9.246867788189181e-10,3.134312985019439e+74,73668413491068.56,33485642495940.312,4.4549958114953795e-06,2.656197444931728e+73,black
459.65965965965967,68438202.0156898,0.0,99501247.81926759,0.0,0.6666381360740551,0.5128540797447314,8.076336532995059e-26,1.0426912791544719e-09,4.148265468839533e+74,76677948605832.66,34853613002651.27,4.280141529845581e-06,3.515479210880961e+73,black
460.46046046046047,68438202.0156898,0.0,99501247.81926759,0.0,0.6666392558020516,0.5128527624242142,7.162207548050357e-26,1.1757556813153376e-09,5.49023230360672e+74,79810430600783.0,36277468454901.414,4.11215010776022e-06,4.6527392403446785e+73,black
461.26126126126127,68438202.0156898,0.0,99501247.81926759,0.0,0.6666403315899164,0.5128514967974672,6.351545252204362e-26,1.3258020081416742e-09,7.266326365559473e+74,83070882157088.38,37759491889585.68,3.950752184540492e-06,6.157903699626672e+73,black
462.06206206206207,68438202.0156898,0.0,99501247.81926759,0.0,0.6666413651616339,0.512850280836312,5.632638655072408e-26,1.49499758573961e-09,9.616988122003629e+74,86464531144744.38,39302059611247.49,3.795688971624028e-06,8.149989933901383e+73,black
462.86286286286287,68438202.0156898,0.0,99501247.81926759,0.0,0.6666423581735729,0.5128491125921151,4.995102287526788e-26,1.6857863513563567e-09,1.2728090631480923e+75,89996819005039.75,40907645002290.84,3.6467118376379677e-06,1.0786517484305873e+74,black
463.66366366366367,68438202.0156898,0.0,99501247.81926759,0.0,0.666643312217135,0.5128479901926726,4.429726171123353e-26,1.9009241570892437e-09,1.6845637019403808e+75,93673409475466.77,42578822488848.58,3.503581909738242e-06,1.4275963575765943e+74,black
464.46446446446447,68438202.0156898,0.0,99501247.81926759,0.0,0.6666442288213018,0.512846911839213,3.9283427689026987e-26,2.143518579420976e-09,2.2295212597529726e+75,97500197671065.3,44318271668666.086,3.366069690595838e-06,1.8894247964008242e+74,black
465.26526526526527,68438202.0156898,0.0,99501247.81926759,0.0,0.6666451094550817,0.512845875803519,3.483708995510361e-26,2.4170738096644906e-09,2.9507729757945436e+75,101483319536762.72,46128781607619.45,3.233954690415878e-06,2.500655064232665e+74,black
466.06606606606607,68438202.0156898,0.0,99501247.81926759,0.0,0.6666459555298608,0.5128448804251622,3.0894015821307296e-26,2.7255412737994305e-09,3.9053501358596625e+75,105629161685864.25,48013255311756.53,3.1070250733995305e-06,3.3096187592031043e+74,black
466.86686686686687,68438202.0156898,0.0,99501247.81926759,0.0,0.666646768401662,0.5128439241088457,2.7397242846552983e-26,3.073376712949126e-09,5.168733687331413e+75,109944371640470.38,49974714382032.04,2.9850773180818417e-06,4.380282785874081e+74,black
467.6676676676677,68438202.0156898,0.0,99501247.81926759,0.0,0.6666475493733155,0.5128430053218507,2.429625594595922e-26,3.4656045490773072e-09,6.840822717850363e+75,114435868490240.14,52016303859200.11,2.8679158910008723e-06,5.797307388008783e+74,black
468.4684684684685,68438202.0156898,0.0,99501247.81926759,0.0,0.6666482996965437,0.5128421225915826,2.1546257639783946e-26,3.907890465726107e-09,9.053833741085024e+75,119110853986590.73,54141297266632.21,2.75535293317492e-06,7.672740458546632e+74,black
469.2692692692693,68438202.0156898,0.0,99501247.81926759,0.0,0.6666490205739655,0.5128412745032143,1.9107520900032227e-26,4.406623252291669e-09,1.1982755407077562e+76,123976824090122.77,56353101859146.766,2.647207958885054e-06,1.0154877463625054e+75,black
470.0700700700701,68438202.0156898,0.0,99501247.81926759,0.0,0.6666497131610221,0.5128404596974209,1.694481524582886e-26,4.969007094154786e-09,1.5859185318834655e+76,129041580989786.12,58655264086266.47,2.543307566280034e-06,1.3439987558334455e+75,black
470.8708708708709,68438202.0156898,0.0,99501247.81926759,0.0,0.6666503785678258,0.5128396768682036,1.5026897796814052e-26,5.603165641885222e-09,2.098964306894384e+76,134313245613057.98,61051475278662.76,2.4434851593395624e-06,1.778783310927444e+75,black
471.6716716716717,68438202.0156898,0.0,99501247.81926759,0.0,0.6666510178609388,0.5128389247607993,1.3326061932217247e-26,6.318259362899269e-09,2.7779807556582077e+76,139800270647191.88,63545577566905.44,2.347580680750064e-06,2.3542209793713627e+75,black
472.4724724724725,68438202.0156898,0.0,99501247.81926759,0.0,0.6666516320650794,0.5128382021696698,1.181773703544715e-26,7.124617870829154e-09,3.676659509384576e+76,145511454092417.66,66141570042008.07,2.255440355264654e-06,3.115813143546251e+75,black
473.2732732732733,68438202.0156898,0.0,99501247.81926759,0.0,0.6666522221647643,0.512837507936573,1.048013354202846e-26,8.033889144231298e-09,4.866061480233093e+76,151455953368821.8,68843615167646.33,2.166916443135818e-06,4.123780915451775e+75,black
474.0740740740741,68438202.0156898,0.0,99501247.81926759,0.0,0.6666527891058844,0.5128368409487076,9.293928163176166e-27,9.059207790245498e-09,6.4402358361e+76,157643299999529.25,71656045454331.5,2.081867003225413e-06,5.4578269797457646e+75,black
474.8748748748749,68438202.0156898,0.0,99501247.81926759,0.0,0.6666533337972205,0.5128362001369313,8.241984737683152e-27,1.0215384783940066e-08,8.523656717681361e+76,164083414893728.38,74583370406240.23,2.000155665412174e-06,7.223437896340137e+75,black
475.6756756756757,68438202.0156898,0.0,99501247.81926759,0.0,0.6666538571118973,0.5128355844740479,7.309106679493294e-27,1.1519121424319698e-08,1.1281065738871534e+77,170786624254045.94,77630283751839.12,1.921651411931773e-06,9.560225202433504e+75,black
476.4764764764765,68438202.0156898,0.0,99501247.81926759,0.0,0.6666543598887832,0.5128349929731628,6.48181744476648e-27,1.2989250597805889e-08,1.493049854304372e+77,177763676133775.47,80801670969897.95,1.8462283672988344e-06,1.2652964866986201e+76,black
477.2772772772773,68438202.0156898,0.0,99501247.81926759,0.0,0.666654842933833,0.5128344246861023,5.748165847018619e-27,1.4647008834487502e-08,1.976052545955101e+77,185025757670511.56,84102617122959.81,1.7737655964740253e-06,1.6746208016568657e+76,black
478.0780780780781,68438202.0156898,0.0,99501247.81926759,0.0,0.6666553070213802,0.5128338787018946,5.097553407880909e-27,1.6516343087272353e-08,2.6153069524895045e+77,192584513023818.06,87538415010826.4,1.7041469109526226e-06,2.216361824143648e+76,black
478.87887887887894,68438202.0156898,0.0,99501247.81926759,0.0,0.6666557528953748,0.5128333541453101,4.5205812493520106e-27,1.862425666568256e-08,3.4613606150002606e+77,200452062045695.9,91114573657134.53,1.637260682463592e-06,2.9333564533900514e+76,black
479.67967967967974,68438202.0156898,0.0,99501247.81926759,0.0,0.6666561812705784,0.5128328501754612,4.008914315718452e-27,2.100119932166536e-08,4.581113240137805e+77,208641019713781.34,94836827142627.95,1.5729996639804874e-06,3.882299356048988e+76,black
480.48048048048054,68438202.0156898,0.0,99501247.81926759,0.0,0.6666565928337064,0.5128323659844527,3.555160963665029e-27,2.368150712261977e-08,6.063106637319377e+77,217164516358444.6,98711143799293.06,1.5112608177570856e-06,5.1382259638299813e+76,black
481.28128128128134,68438202.0156898,0.0,99501247.81926759,0.0,0.6666569882445295,0.5128319007960901,3.15276618111069e-27,2.6703898466064387e-08,8.024525954393504e+77,226036218716209.06,102743735780095.08,1.4519451501121068e-06,6.800445724062292e+76,black
482.08208208208214,68438202.0156898,0.0,99501247.81926759,0.0,0.6666573681369298,0.5128314538646345,2.7959168921871163e-27,3.011203340140506e-08,1.0620465818030308e+78,235270351843256.44,106941069019662.08,1.3949575526980284e-06,9.000394761042635e+76,black
482.88288288288294,68438202.0156898,0.0,99501247.81926759,0.0,0.6666577331199184,0.5128310244736082,2.4794579803768793e-27,3.395514433879971e-08,1.4056194077130288e+78,244881721924152.9,111309873601887.72,1.3402066499994787e-06,1.191202887892397e+77,black
483.68368368368374,68438202.0156898,0.0,99501247.81926759,0.0,0.6666580837786085,0.512830611934647,2.198817816664614e-27,3.8288747256383474e-08,1.8603382875962793e+78,254885740012365.94,115857154551075.44,1.2876046528166748e-06,1.5765578708443044e+77,black
484.48448448448454,68438202.0156898,0.0,99501247.81926759,0.0,0.6666584206751545,0.5128302155863969,1.949942216865811e-27,4.317544368000743e-08,2.4621590491029904e+78,265298446740641.44,120590203063927.94,1.2370672174989445e-06,2.0865754653415173e+77,black
485.28528528528534,68438202.0156898,0.0,99501247.81926759,0.0,0.6666587443496522,0.5128298347934549,1.7292358740676477e-27,4.868582502095214e-08,3.258669255745937e+78,276136538040857.88,125516608200389.94,1.1885133107026123e-06,2.7615841150389303e+77,black
486.08608608608614,68438202.0156898,0.0,99501247.81926759,0.0,0.6666590553210046,0.5128294689453512,1.5335104201030102e-27,5.489949233575639e-08,4.312851081739421e+78,287417391914602.4,130644269052091.98,1.141865079456361e-06,3.6549585438469665e+77,black
486.88688688688694,68438202.0156898,0.0,99501247.81926759,0.0,0.6666593540877533,0.5128291174555695,1.3599383657434453e-27,6.190620623969949e-08,5.708061479529243e+78,299159096297387.56,135981407407903.4,1.0970477263257178e-06,4.837340236889189e+77,black
487.68768768768774,68438202.0156898,0.0,99501247.81926759,0.0,0.6666596411288771,0.5128287797606089,1.206012254221735e-27,6.980718358569536e-08,7.554623435066878e+78,311380478061190.7,141536580936904.8,1.0539893894764653e-06,6.402223250056676e+77,black
488.48848848848854,68438202.0156898,0.0,99501247.81926759,0.0,0.6666599169045594,0.5128284553190797,1.069508438007677e-27,7.871655964054866e-08,9.998549498861074e+78,324101133201819.6,147318696909917.97,1.0126210274446235e-06,8.473347032933116e+77,black
489.28928928928934,68438202.0156898,0.0,99501247.81926759,0.0,0.6666601818569263,0.5128281436108366,9.484549555491833e-28,8.876303688131947e-08,1.32330873856015e+79,337341458259504.5,153337026481592.94,9.728763084282305e-07,1.121448083525551e+78,black
490.09009009009014,68438202.0156898,0.0,99501247.81926759,0.0,0.666660436410755,0.5128278441361446,8.411030439194623e-28,1.0009174423047047e-07,1.7514000583285023e+79,351122683023096.8,159601219555953.06,9.346915039233625e-07,1.484237337566528e+78,black
490.89089089089094,68438202.0156898,0.0,99501247.81926759,0.0,0.6666606809741541,0.5128275564148785,7.459018758365296e-28,1.1286633358853275e-07,2.3179792250528093e+79,365466904570317.2,166121320259235.1,8.980053865337953e-07,1.9643891737735683e+78,black
491.69169169169174,68438202.0156898,0.0,99501247.81926759,0.0,0.6666609159392177,0.5128272799857535,6.614761561007092e-28,1.272713439510187e-07,3.067847155894614e+79,380397122698631.06,172907783044832.34,8.627591317904232e-07,2.599870471097132e+78,black
492.49249249249254,68438202.0156898,0.0,99501247.81926759,0.0,0.6666611416826546,0.512827014405585,5.866062538039029e-28,1.4351486726189167e-07,4.060297896637304e+79,395937276803558.4,179971489456162.88,8.288962238229659e-07,3.4409304208790714e+78,black
493.29329329329335,68438202.0156898,0.0,99501247.81926759,0.0,0.6666613585663911,0.5128267592485797,5.202105832964577e-28,1.6183155451483643e-07,5.373807159121645e+79,412112284263557.4,187323765574344.3,7.963623647326485e-07,4.554073863662411e+78,black
494.09409409409415,68438202.0156898,0.0,99501247.81926759,0.0,0.6666615669381516,0.5128265141056522,4.613299793835913e-28,1.824860055288308e-07,7.112237603881907e+79,428948080393022.8,194976400178646.78,7.651053875204995e-07,6.0273200032897514e+78,black
494.89489489489495,68438202.0156898,0.0,99501247.81926759,0.0,0.666661767132016,0.5128262785837695,4.091138410322968e-28,2.0577659136714424e-07,9.413051536135988e+79,446471660027460.0,202941663648845.5,7.350751724315899e-07,7.977162318759311e+78,black
495.69569569569575,68438202.0156898,0.0,99501247.81926759,0.0,0.6666619594689549,0.5128260523053207,3.6280784341793024e-28,2.3203976461892366e-07,1.2458180414780126e+80,464711120807520.2,211232327639782.0,7.062235665810051e-07,1.055778001252553e+79,black
496.49649649649655,68438202.0156898,0.0,99501247.81926759,0.0,0.6666621442573444,0.5128258349075128,3.2174304079626195e-28,2.6165491981025003e-07,1.6488410655286753e+80,483695708231288.7,219861685559676.78,6.785043067326239e-07,1.3973229368887081e+79,black
497.29729729729735,68438202.0156898,0.0,99501247.81926759,0.0,0.6666623217934601,0.5128256260417879,2.8532620277885883e-28,2.950498741588306e-07,2.182242325009082e+80,503455862547075.1,228843573885034.2,6.518729451067851e-07,1.8493579025500703e+79,black
498.09809809809815,68438202.0156898,0.0,99501247.81926759,0.0,0.6666624923619523,0.5128254253732654,2.530312444077208e-28,3.327070478480427e-07,2.888199271973472e+80,524023267561883.8,238192394346310.9,6.262867780978219e-07,2.4476265016724343e+79,black
498.89889889889895,68438202.0156898,0.0,99501247.81926759,0.0,0.6666626562363024,0.5128252325802042,2.2439162622628745e-28,3.7517043310144016e-07,3.8225337942663247e+80,545430901443832.94,247923137019924.12,6.017047777870606e-07,3.2394354188697684e+79,black
499.69969969969975,68438202.0156898,0.0,99501247.81926759,0.0,0.6666628136792607,0.5128250473534879,1.9899361455672276e-28,4.2305345273395505e-07,5.059126200221796e+80,567713089599976.0,258051404363625.53,5.780875261413831e-07,4.287395084933727e+79,black
500.50050050050055,68438202.0156898,0.0,99501247.81926759,0.0,0.6666629649432688,0.5128248693961286,1.7647030462008576e-28,4.770478217055625e-07,6.695757130558423e+80,590905559714313.4,268593436233778.84,5.553971517917315e-07,5.6743704496257824e+79,black
501.30130130130135,68438202.0156898,0.0,99501247.81926759,0.0,0.666663110270863,0.5128246984227911,1.5649632015618691e-28,5.37933539692697e-07,8.861839332933513e+80,615045499034237.2,279566135924653.34,5.335972692900821e-07,7.510033332994504e+79,black
502.10210210210215,68438202.0156898,0.0,99501247.81926759,0.0,0.6666632498950644,0.5128245341593354,1.3878311297276452e-28,6.065901590316078e-07,1.1728650671075008e+81,640171613997274.1,290987097271488.25,5.126529207473572e-07,9.939534467012718e+79,black
502.90290290290295,68438202.0156898,0.0,99501247.81926759,0.0,0.6666633840397514,0.5128243763423767,1.2307479452033375e-28,6.840094908120349e-07,1.5522877519657123e+81,666324192293717.6,302874632860780.75,4.925305197585695e-07,1.3154980948861972e+80,black
503.70370370370375,68438202.0156898,0.0,99501247.81926759,0.0,0.6666635129200192,0.5128242247188637,1.0914443927479124e-28,7.713099326754042e-07,2.0544539457075154e+81,693545167464680.8,315247803393036.7,4.731977975251373e-07,1.741062665853827e+80,black
504.50450450450455,68438202.0156898,0.0,99501247.81926759,0.0,0.6666636367425256,0.5128240790456723,9.67908065257078e-29,8.697526252991354e-07,2.7190712609214695e+81,721878186139134.5,328126448245061.2,4.5462375108782597e-07,2.3042976787470081e+80,black
505.30530530530535,68438202.0156898,0.0,99501247.81926759,0.0,0.6666637557058209,0.5128239390892159,8.583543321259075e-29,9.807596709660131e-07,3.5986927511404817e+81,751368678017736.5,341531217280789.4,4.367785935871512e-07,3.0497396196105783e+80,black
506.10610610610615,68438202.0156898,0.0,99501247.81926759,0.0,0.6666638700006668,0.5128238046250712,7.612005581166715e-29,1.1059346774072327e-06,4.762872420167098e+81,782063928715680.0,355483603961672.9,4.1963370647129056e-07,4.0363325594636437e+80,black
506.90690690690695,68438202.0156898,0.0,99501247.81926759,0.0,0.666663979810343,0.5128236754376174,6.750432402922134e-29,1.2470859236985148e-06,6.30366504159055e+81,814013155581349.1,370005979809704.25,4.031615935746849e-07,5.342089018297078e+80,black
507.70770770770775,68438202.0156898,0.0,99501247.81926759,0.0,0.6666640853109406,0.5128235513196915,5.986377327305735e-29,1.4062524828676497e-06,8.34290517384416e+81,847267586612348.2,385121630278340.2,3.8733583699348326e-07,7.070258621901832e+80,black
508.50850850850856,68438202.0156898,0.0,99501247.81926759,0.0,0.6666641866716446,0.5128234320722544,5.308802661199464e-29,1.5857336785849342e-06,1.1041840941820311e+82,881880542595448.0,400854792088840.1,3.7213105468684207e-07,9.357492323576537e+80,black
509.30930930930936,68438202.0156898,0.0,99501247.81926759,0.0,0.6666642840550054,0.5128233175040736,4.7079200248546446e-29,1.7881223014726653e-06,1.4613884353701426e+82,917907522602149.0,417230692091885.94,3.575228597358504e-07,1.238464775737409e+81,black
510.11011011011016,68438202.0156898,0.0,99501247.81926759,0.0,0.6666643776172002,0.5128232074314145,4.175048946991655e-29,2.0163420648820173e-06,1.9341486354370422e+82,955406292976946.1,434275587716793.75,3.4348782119448e-07,1.6391090130822398e+81,black
510.91091091091096,68438202.0156898,0.0,99501247.81926759,0.0,0.6666644675082822,0.5128231016777467,3.7024914649679736e-29,2.273689841229725e-06,2.5598470970622343e+82,994436979960984.4,452016809073174.56,3.3000342646949756e-07,2.169361946662911e+81,black
511.71171171171176,68438202.0156898,0.0,99501247.81926759,0.0,0.6666645538724227,0.5128230000734604,3.283420918463328e-29,2.5638832890478226e-06,3.387959456826484e+82,1035062166099616.6,470482802772552.94,3.170480451686958e-07,2.8711520820563433e+81,black
512.5125125125126,68438202.0156898,0.0,99501247.81926759,0.0,0.6666646368481424,0.5128229024555941,2.9117833301732674e-29,2.891114558774882e-06,4.483966754995096e+82,1077346990588447.2,489703177540203.1,3.0460089435913866e-07,3.799971826267032e+81,black
513.3133133133133,68438202.0156898,0.0,99501247.81926759,0.0,0.6666647165685329,0.5128228086675735,2.582209948836833e-29,3.2601108531317757e-06,5.934533195013222e+82,1121359253718751.6,509708751690341.5,2.9264200517934236e-07,5.02926541950273e+81,black
514.1141141141142,68438202.0156898,0.0,99501247.81926759,0.0,0.6666647931614712,0.5128227185589593,2.2899396911771766e-29,3.6762027169477906e-06,7.85435891188767e+82,1167169525589766.8,530531602540802.94,2.81152190751453e-07,6.6562363660064975e+81,black
514.9149149149149,68438202.0156898,0.0,99501247.81926759,0.0,0.6666648667498248,0.512822631985206,2.0307503623362477e-29,4.145401042963245e-06,1.0395249616020833e+83,1214851259262102.2,552205117846409.94,2.7011301534155365e-07,8.809533572899014e+81,black
515.7157157157158,68438202.0156898,0.0,99501247.81926759,0.0,0.6666649374516499,0.5128225488074297,1.800897661199431e-29,4.674483906048831e-06,1.3758120273289503e+83,1264480908533809.2,574764049333549.4,2.5950676471816036e-07,1.1659423960414835e+82,black
516.5165165165165,68438202.0156898,0.0,99501247.81926759,0.0,0.6666650053803787,0.5128224688921851,1.5970610894696566e-29,5.2710944802627315e-06,1.8208881984177505e+83,1316138050527809.5,598244568421731.4,2.493164176609133e-07,1.5431255918794497e+82,black
517.3173173173174,68438202.0156898,0.0,99501247.81926759,0.0,0.6666650706450042,0.512822392111251,1.4162959830816788e-29,5.943851453274447e-06,2.4099468279632252e+83,1369905513287422.5,622684324221555.5,2.3952561857319684e-07,2.0423278203078178e+82,black
518.1181181181181,68438202.0156898,0.0,99501247.81926759,0.0,0.666665133350255,0.5128223183414243,1.2559909729936802e-29,6.7024735332193004e-06,3.189566343860116e+83,1425869508584355.8,648122503901979.8,2.3011865115424343e-07,2.703022325305183e+82,black
518.918918918919,68438202.0156898,0.0,99501247.81926759,0.0,0.6666651935967628,0.5128222474643216,1.1138302608252268e-29,7.5579198466351336e-06,4.2213933286181395e+83,1484119770152377.0,674599895523807.9,2.210804130878276e-07,3.577451973405204e+82,black
519.7197197197197,68438202.0156898,0.0,99501247.81926759,0.0,0.6666652514812247,0.5128221793661881,9.87760164368856e-30,8.522548255691237e-06,5.587017078125922e+83,1544749697568013.8,702158953440006.2,2.1239639170635076e-07,4.734760235699934e+82,black
520.5205205205206,68438202.0156898,0.0,99501247.81926759,0.0,0.666665307096559,0.5128221139377166,8.759594496841058e-30,9.610293881792185e-06,7.394421083593406e+83,1607856506009273.0,730843866367851.4,2.0405264059052564e-07,6.266458545418142e+82,black
521.3213213213213,68438202.0156898,0.0,99501247.81926759,0.0,0.6666653605320556,0.5128220510738689,7.768130211863532e-30,1.0836870414538301e-05,9.786521572586921e+83,1673541382132236.0,760700628241925.5,1.960357570664141e-07,8.293662349649936e+82,black
522.1221221221222,68438202.0156898,0.0,99501247.81926759,0.0,0.6666654118735176,0.5128219906737085,6.888885896513505e-30,1.2219997114192091e-05,1.295246827411883e+84,1741909646315753.2,791777111961706.1,1.8833286056287112e-07,1.0976668028914263e+83,black
522.9229229229229,68438202.0156898,0.0,99501247.81926759,0.0,0.6666654612034028,0.5128219326402372,6.109159810774963e-30,1.3779654786964515e-05,1.7142600989301686e+84,1813070921534046.2,824123146151839.5,1.8093157179385863e-07,1.452762795703533e+83,black
523.7237237237238,68438202.0156898,0.0,99501247.81926759,0.0,0.6666655086009539,0.5128218768802381,5.41768787496917e-30,1.5538374430993995e-05,2.2688244623275134e+84,1887139309128359.0,857790595058345.1,1.7381999273126914e-07,1.9227325951928082e+83,black
524.5245245245245,68438202.0156898,0.0,99501247.81926759,0.0,0.6666655541423291,0.5128218233041261,4.804480946597637e-30,1.752156272284412e-05,3.002790792405353e+84,1964233571759134.2,892833441708697.5,1.669866873351942e-07,2.5447379596655534e+83,black
525.3253253253254,68438202.0156898,0.0,99501247.81926759,0.0,0.6666655979007224,0.5128217718258024,4.2606805151821086e-30,1.975786904656544e-05,3.974195753206884e+84,2044477323832392.8,929307874469269.4,1.6042066300965353e-07,3.367962502717698e+83,black
526.1261261261261,68438202.0156898,0.0,99501247.81926759,0.0,0.6666656399464844,0.5128217223625152,3.7784307304430775e-30,2.2279599367484787e-05,5.2598509109433095e+84,2127999229705357.2,967272377138798.5,1.5411135275296827e-07,4.4575007719858543e+83,black
526.926926926927,68438202.0156898,0.0,99501247.81926759,0.0,0.6666656803472351,0.5128216748347266,3.35076491510797e-30,2.5123182929627226e-05,6.961416428222839e+84,2214933209989399.0,1006787822722453.9,1.4804859797296747e-07,5.899505447646471e+83,black
527.7277277277277,68438202.0156898,0.0,99501247.81926759,0.0,0.6666657191679743,0.5128216291659828,2.971504922892165e-30,2.832969851876104e-05,9.21343960268797e+84,2305418656280809.5,1047917571036731.5,1.4222263193827603e-07,7.807999663294889e+83,black
528.5285285285286,68438202.0156898,0.0,99501247.81926759,0.0,0.6666657564711861,0.5128215852827898,2.635171887756178e-30,3.194546789357064e-05,1.2193993878632205e+85,2399600654664019.0,1090727570301826.8,1.3662406383785888e-07,1.033389311748492e+84,black
529.3293293293293,68438202.0156898,0.0,99501247.81926759,0.0,0.6666657923169415,0.5128215431144947,2.336907075106522e-30,3.6022724957765296e-05,1.6138759586450732e+85,2497630218345294.5,1135286462884224.8,1.3124386342197669e-07,1.3676914903771807e+84,black
530.1301301301302,68438202.0156898,0.0,99501247.81926759,0.0,0.6666658267629958,0.5128215025931698,2.0724016915393243e-30,4.06203703401238e-05,2.1359659811341613e+85,2599664529790291.5,1181665695359223.8,1.2607334619856734e-07,1.8101406619781025e+84,black
530.9309309309309,68438202.0156898,0.0,99501247.81926759,0.0,0.6666658598648837,0.5128214636535027,1.837834639145577e-30,4.5804822283265327e-05,2.826952497879868e+85,2705867192753272.0,1229939633069669.2,1.2110415915999057e-07,2.3957224558303967e+84,black
531.7317317317318,68438202.0156898,0.0,99501247.81926759,0.0,0.6666658916760093,0.5128214262326883,1.629817315162707e-30,5.1650976133270495e-05,3.741473645110075e+85,2816408494602627.0,1280185679364830.8,1.1632826701587844e-07,3.1707403772119277e+84,black
532.5325325325325,68438202.0156898,0.0,99501247.81926759,0.0,0.6666659222477339,0.5128213902703276,1.4453446595386597e-30,5.82432862910966e-05,4.9518430350499076e+85,2931465679362724.5,1332484399710329.5,1.1173793890873492e-07,4.196477148347379e+84,black
533.3333333333334,68438202.0156898,0.0,99501247.81926759,0.0,0.6666659516294609,0.5128213557083264,1.2817517432303873e-30,6.567698625589539e-05,6.55376778500164e+85,3051223231910503.0,1386919650868410.2,1.0732573558971241e-07,5.5540404957640994e+84,black
534.1341341341341,68438202.0156898,0.0,99501247.81926759,0.0,0.6666659798687163,0.512821322490801,1.1366752701037854e-30,7.405946438518303e-05,8.673916332918741e+85,3175873173781874.5,1443578715355397.8,1.0308449703289691e-07,7.350776553320967e+84,black
534.934934934935,68438202.0156898,0.0,99501247.81926759,0.0,0.666666007011229,0.5128212905639857,1.0080194362827426e-30,8.351181524639163e-05,1.1479934446695729e+86,3305615371062844.0,1502552441392201.8,9.900733046725399e-08,9.728758005674344e+84,black
535.7357357357357,68438202.0156898,0.0,99501247.81926759,0.0,0.6666660331010054,0.5128212598761434,8.939256537454394e-31,9.41705889708929e-05,1.519370141953955e+86,3440657854858457.0,1563935388572025.8,9.508759880633948e-08,1.2876018152152158e+85,black
536.5365365365366,68438202.0156898,0.0,99501247.81926759,0.0,0.6666660581804024,0.5128212303774794,7.927457007883058e-31,0.00010618976388204964,2.0108874654122173e+86,3581217154853986.5,1627825979479084.2,9.131890945680507e-08,1.7041419198408615e+85,black
537.3373373373373,68438202.0156898,0.0,99501247.81926759,0.0,0.6666660822902001,0.5128212020200582,7.030179114842952e-31,0.00011974297089420797,2.661410993210447e+86,3727518646502564.5,1694326657501164.8,8.769510348781062e-08,2.2554330450935978e+85,black
538.1381381381382,68438202.0156898,0.0,99501247.81926759,0.0,0.6666661054696683,0.5128211747577237,6.234460601631368e-31,0.000135026001816795,3.522379345743135e+86,3879796912396637.5,1763544051089380.0,8.421024514456969e-08,2.985067242155198e+85,black
538.9389389389389,68438202.0156898,0.0,99501247.81926759,0.0,0.6666661277566343,0.5128211485460211,5.5288063587498935e-31,0.00015225963779891868,4.661871573751403e+86,4038296118402003.5,1835589144728183.2,8.085861169058926e-08,3.950738621823222e+85,black
539.7397397397398,68438202.0156898,0.0,99501247.81926759,0.0,0.6666661491875454,0.5128211233421212,4.903022363242445e-31,0.00017169283877479797,6.169990349397356e+86,4203270405158166.5,1910577456890075.0,7.763468356461066e-08,5.2288053808452146e+85,black
540.5405405405405,68438202.0156898,0.0,99501247.81926759,0.0,0.6666661697975331,0.5128210991047486,4.3480684137925895e-31,0.00019360633998531432,8.16598662348344e+86,4374984295572059.0,1988629225260026.0,7.453313484000525e-08,6.920327647019863e+85,black
541.3413413413414,68438202.0156898,0.0,99501247.81926759,0.0,0.6666661896204711,0.5128210757941104,3.855927534158324e-31,0.00021831670753183762,1.0807689114362682e+87,4553713118959324.0,2069869599526965.2,7.15488239763558e-08,9.159058571493801e+85,black
542.1421421421421,68438202.0156898,0.0,99501247.81926759,0.0,0.6666662086890347,0.5128210533718283,3.419490158323354e-31,0.00024618091154956985,1.4303984243224996e+87,4739743452512391.0,2154428842051087.0,6.867678485536313e-08,1.212202054510593e+86,black
542.942942942943,68438202.0156898,0.0,99501247.81926759,0.0,0.6666662270347574,0.5128210318008728,3.032451424277719e-31,0.0002776014830654757,1.8931333337344574e+87,4933373580803931.0,2242442536729059.5,6.591221809601575e-08,1.6043502828258115e+86,black
543.7437437437437,68438202.0156898,0.0,99501247.81926759,0.0,0.6666662446880856,0.512821011045498,2.6892200927149326e-31,0.00031303232903771963,2.5055633160340694e+87,5134913974061853.0,2334051806391750.0,6.325048264736875e-08,2.1233587424017538e+86,black
544.5445445445446,68438202.0156898,0.0,99501247.81926759,0.0,0.6666662616784297,0.5128209910711812,2.3848377748652883e-31,0.0003529852895819493,3.3161148339562286e+87,5344687785983378.0,2429403539083354.0,6.0687087661316e-08,2.8102668084374823e+86,black
545.3453453453453,68438202.0156898,0.0,99501247.81926759,0.0,0.6666662780342181,0.5128209718445614,2.114907302616001e-31,0.00039803753211130116,4.388880345432882e+87,5563031371885586.0,2528650623584356.5,5.8217684652643006e-08,3.719390123248204e+86,black
546.1461461461462,68438202.0156898,0.0,99501247.81926759,0.0,0.6666662937829445,0.5128209533333822,1.8755292061369102e-31,0.000448839889207553,5.80868626420206e+87,5790294828024145.0,2631952194556429.0,5.583805995949013e-08,4.9226154781373396e+86,black
546.946946946947,68438202.0156898,0.0,99501247.81926759,0.0,0.666666308951217,0.5128209355064356,1.6632453813561874e-31,0.0005061262606738363,7.68780040928238e+87,6026842552944120.0,2739473887701872.0,5.3544127524431155e-08,6.515085092612189e+86,black
547.7477477477478,68438202.0156898,0.0,99501247.81926759,0.0,0.6666663235648035,0.512820918333508,1.4749891334940905e-31,0.000570724215593024,1.0174809319132398e+88,6273053831763582.0,2851388105347082.5,5.133192202481081e-08,8.62271976197661e+86,black
548.5485485485486,68438202.0156898,0.0,99501247.81926759,0.0,0.6666663376486751,0.512820901785329,1.3080408749739837e-31,0.0006435669475513038,1.3466367383267322e+88,6529323444326741.0,2967874292875790.5,4.919759239111809e-08,1.1412175748531635e+87,black
549.3493493493494,68438202.0156898,0.0,99501247.81926759,0.0,0.6666663512270492,0.512820885833521,1.159988837714112e-31,0.000725706755734412,1.7822746826367605e+88,6796062298201125.0,3089119226455056.0,4.713739576424936e-08,1.5104022734209835e+87,black
550.1501501501502,68438202.0156898,0.0,99501247.81926759,0.0,0.6666663643234279,0.5128208704505542,1.028694232241094e-31,0.0008183302466475208,2.3588418123224994e+88,7073698087534927.0,3215317312515875.5,4.514769195684242e-08,1.999018485019068e+87,black
550.950950950951,68438202.0156898,0.0,99501247.81926759,0.0,0.6666663769606357,0.5128208556097018,9.122603503077169e-32,0.0009227754760656616,3.1219288192599135e+88,7362675978829602.0,3346670899468001.0,4.322493850083843e-08,2.6457023892033164e+87,black
551.7517517517518,68438202.0156898,0.0,99501247.81926759,0.0,0.666666389160853,0.5128208412849994,8.090051646644206e-32,0.0010405512788513244,4.1318750166338094e+88,7663459324728643.0,3483390602149383.5,4.1365686383322246e-08,3.5015889971472968e+87,black
552.5525525525526,68438202.0156898,0.0,99501247.81926759,0.0,0.666666400945648,0.5128208274512088,7.174370301558653e-32,0.0011733590658813387,5.4685395284348215e+88,7976530406965673.0,3625695639529851.5,3.956657659594309e-08,4.634355532571884e+87,black
553.3533533533534,68438202.0156898,0.0,99501247.81926759,0.0,0.6666664123360012,0.5128208140837858,6.362331351152294e-32,0.0013231174029665958,7.237615962164125e+88,8302391209664486.0,3773814186211129.5,3.782433765005698e-08,6.133572849291631e+87,black
554.1541541541542,68438202.0156898,0.0,99501247.81926759,0.0,0.66666642335233,0.5128208011588528,5.642203917612373e-32,0.0014919897268363361,9.578989882653833e+88,8641564224229549.0,3927983738286158.0,3.6135784240476555e-08,8.117788036147317e+87,black
554.954954954955,68438202.0156898,0.0,99501247.81926759,0.0,0.6666664340145022,0.5128207886531778,5.003584895362959e-32,0.00168241559857869,1.2677799934627634e+89,8994593287119061.0,4088451494145026.5,3.449781727538721e-08,1.0743898249684439e+88,black
555.7557557557558,68438202.0156898,0.0,99501247.81926759,0.0,0.6666664443418487,0.5128207765441617,4.4372486657127453e-32,0.001897145946030618,1.677907724628443e+89,9362044451842264.0,4255474750837392.0,3.290742552853024e-08,1.4219556988376638e+88,black
556.5565565565566,68438202.0156898,0.0,99501247.81926759,0.0,0.6666664543531641,0.5128207648098307,3.9350138217133257e-32,0.0021392828042372026,2.220712069037886e+89,9744506896580786.0,4429321316627628.5,3.1361689211607395e-08,1.8819593805405812e+88,black
557.3573573573574,68438202.0156898,0.0,99501247.81926759,0.0,0.6666664640666999,0.512820753428844,3.489624977911383e-32,0.002412324128078698,2.9391140056057385e+89,1.0142593868887754e+16,4610269940403523.0,2.9857785809084206e-08,2.4907745810218122e+88,black
558.1581581581582,68438202.0156898,0.0,99501247.81926759,0.0,0.6666664735001474,0.5128207423805082,3.094647957592333e-32,0.0027202143244391395,3.889919480506459e+89,1.0556943668980996e+16,4798610758627724.0,2.839299856234591e-08,3.2965419326325915e+88,black
558.958958958959,68438202.0156898,0.0,99501247.81926759,0.0,0.6666664826706062,0.5128207316448093,2.744376843371454e-32,0.0030674012339140517,5.148311203974507e+89,1.0988220673205228e+16,4994645760547828.0,2.696472803275633e-08,4.362975596588563e+88,black
559.7597597597598,68438202.0156898,0.0,99501247.81926759,0.0,0.6666664915945401,0.5128207212024595,2.4337515483644687e-32,0.003458900385228799,6.813793546572543e+89,1.1437116399306326e+16,5198689272411964.0,2.5570507209346826e-08,5.774401310654696e+88,black
560.5605605605606,68438202.0156898,0.0,99501247.81926759,0.0,0.6666665002877138,0.5128207110349629,2.1582847171563983e-32,0.003900367450598986,9.01806061363376e+89,1.1904350615223384e+16,5411068461465172.0,2.4208020650647965e-08,7.642424248842168e+88,black
561.3613613613614,68438202.0156898,0.0,99501247.81926759,0.0,0.6666665087651108,0.5128207011247027,1.913996900563315e-32,0.004398179948740693,1.1935409647397291e+90,1.2390672493178912e+16,5632123860535867.0,2.2875128153122162e-08,1.0114753938472275e+89,black
562.1621621621622,68438202.0156898,0.0,99501247.81926759,0.0,0.6666665170408292,0.512820691455055,1.6973590677103296e-32,0.004959529375827659,1.5796523172147067e+90,1.2896861810915214e+16,5862209914052367.0,2.1569893409502574e-08,1.3386884044192425e+89,black
562.962962962963,68438202.0156898,0.0,99501247.81926759,0.0,0.666666525127953,0.5128206820105273,1.5052416249422927e-32,0.00559252509534115,2.0906709673130346e+90,1.342373020200544e+16,6101695546366107.0,2.0290618044192766e-08,1.7717550570449436e+89,black
563.7637637637638,68438202.0156898,0.0,99501247.81926759,0.0,0.6666665330383951,0.5128206727769292,1.3348692050853703e-32,0.006306311487624868,2.767004514809293e+90,1.397212245724177e+16,6350964753291710.0,1.903588127094625e-08,2.3449190803468575e+89,black
564.5645645645646,68438202.0156898,0.0,99501247.81926759,0.0,0.6666665407827115,0.5128206637415748,1.1837805739351352e-32,0.0071112000515143915,3.662132446808021e+90,1.4542917879189516e+16,6610417217813412.0,1.780458518717329e-08,3.103502073566118e+89,black
565.3653653653654,68438202.0156898,0.0,99501247.81926759,0.0,0.6666665483698861,0.5128206548935198,1.0497930747729078e-32,0.008018818366405157,4.846834902582709e+90,1.5137031692076946e+16,6880468950944062.0,1.65960053723555e-08,4.1074872055785664e+89,black
566.1661661661662,68438202.0156898,0.0,99501247.81926759,0.0,0.6666665558070842,0.5128206462238318,9.309710972681766e-33,0.009042278066699423,6.414789446889648e+90,1.575541650928391e+16,7161552958765410.0,1.5409845965141763e-08,5.43626224312682e+89,black
566.966966966967,68438202.0156898,0.0,99501247.81926759,0.0,0.6666665630993805,0.5128206377258924,8.255981152630586e-33,0.01019636425521993,8.489978403432083e+90,1.6399063860779632e+16,7454119936718010.0,1.4246297724385904e-08,7.194896952061088e+89,black
567.7677677677679,68438202.0156898,0.0,99501247.81926759,0.0,0.6666665702494621,0.5128206293957255,7.321518894904617e-33,0.011497749091896742,1.1236492465968263e+91,1.7069005782961234e+16,7758638992255103.0,1.310609670734582e-08,9.522451242345987e+89,black
568.5685685685686,68438202.0156898,0.0,99501247.81926759,0.0,0.6666665772573201,0.5128206212323435,6.492824769999155e-33,0.012965232643265807,1.487150578459872e+91,1.7766316473439942e+16,8075598397018153.0,1.1990580108764129e-08,1.260297100389722e+90,black
569.3693693693695,68438202.0156898,0.0,99501247.81926759,0.0,0.6666665841199404,0.5128206132380964,5.757927296104197e-33,0.014620014472139332,1.9682448501717467e+91,1.849211401343058e+16,8405506369741170.0,1.0901734505318974e-08,1.6680041103150397e+90,black
570.1701701701702,68438202.0156898,0.0,99501247.81926759,0.0,0.6666665908310118,0.5128206054190034,5.106209996673997e-33,0.016485999890875378,2.604973461557117e+91,1.9247562160503588e+16,8748891891137990.0,9.842230286618192e-09,2.2076046284382348e+90,black
570.970970970971,68438202.0156898,0.0,99501247.81926759,0.0,0.6666665973806833,0.5128205977850393,4.5282580326734e-33,0.018590145302439673,3.4476842323881804e+91,2.0033872214576644e+16,9106305552080288.0,8.815434529508513e-09,2.921766298634051e+90,black
571.7717717717718,68438202.0156898,0.0,99501247.81926759,0.0,0.6666666037553969,0.5128205903503394,4.015722193922218e-33,0.02096284761810928,4.563012538005414e+91,2.0852304960135504e+16,9478320436425226.0,7.825393170016238e-09,3.866959777970691e+90,black
572.5725725725727,68438202.0156898,0.0,99501247.81926759,0.0,0.66666660993784,0.5128205831332792,3.561198284727333e-33,0.02363838337741598,6.039150345148789e+91,2.1704172687800176e+16,9865533039909170.0,6.876772331643149e-09,5.117924021312534e+90,black
573.3733733733734,68438202.0156898,0.0,99501247.81926759,0.0,0.6666666159070664,0.5128205761563771,3.158120161384513e-33,0.026655403913924333,7.992819784633777e+91,2.259084129847622e+16,1.02685642265801e+16,5.974748481382611e-09,6.773576088672692e+90,black
574.1741741741743,68438202.0156898,0.0,99501247.81926759,0.0,0.6666666216388328,0.5128205694459644,2.8006648763470494e-33,0.03005749372009857,1.0578502679757608e+92,2.3513732493466756e+16,1.0688060224303072e+16,5.124838218855613e-09,8.964832779455597e+90,black
574.974974974975,68438202.0156898,0.0,99501247.81926759,0.0,0.6666666271062011,0.5128205630315689,2.4836685587560083e-33,0.03389380007748723,1.4000655833718543e+92,2.4474326054054684e+16,1.1124693660933946e+16,4.33266154442316e-09,1.1864962570947915e+91,black
575.7757757757759,68438202.0156898,0.0,99501247.81926759,0.0,0.6666666322804472,0.5128205569449631,2.2025518161240545e-33,0.0382197430479895,1.8529877971222396e+92,2.547416221421297e+16,1.1579164642824074e+16,3.6036379604772003e-09,1.5703286416290162e+91,black
576.5765765765766,68438202.0156898,0.0,99501247.81926759,0.0,0.6666666371322991,0.512820551218853,1.9532535795119282e-33,0.04309781608286289,2.4524306697210883e+92,2.651484413024415e+16,1.2052201877383704e+16,2.9426231052071645e-09,2.0783310760348202e+91,black
577.3773773773775,68438202.0156898,0.0,99501247.81926759,0.0,0.666666641633493,0.5128205458852063,1.7321724365104328e-33,0.04859848881525344,3.2457937386990784e+92,2.7598040451312536e+16,1.2544563841505696e+16,2.3535047267257714e-09,2.7506726599144736e+91,black
578.1781781781782,68438202.0156898,0.0,99501247.81926759,0.0,0.6666666457585978,0.5128205409732765,1.536114604513485e-33,0.054801225078176335,4.295810325748569e+92,2.872548799498698e+16,1.3057039997721352e+16,1.838789854573281e-09,3.640517225210653e+91,black
578.9789789789791,68438202.0156898,0.0,99501247.81926759,0.0,0.6666666494870014,0.5128205365074242,1.3622477926927594e-33,0.06179563085449559,5.685508026825512e+92,2.9898994532088284e+16,1.3590452060040128e+16,1.3992281484590024e-09,4.818227141377555e+91,black
579.7797797797798,68438202.0156898,0.0,99501247.81926759,0.0,0.6666666528048922,0.5128205325049138,1.2080602861556103e-33,0.06968274874245323,7.524773924366061e+92,3.1120441685302176e+16,1.4145655311500988e+16,1.0335265480395927e-09,6.376927054547511e+91,black
580.5805805805807,68438202.0156898,0.0,99501247.81926759,0.0,0.6666666557070202,0.5128205289739113,1.071324661206856e-33,0.0785765176369373,9.959043650224205e+92,3.239178794621009e+16,1.4723539975550038e+16,7.382134859581136e-10,8.439867500190008e+91,black
581.3813813813814,68438202.0156898,0.0,99501247.81926759,0.0,0.6666666581979842,0.5128205259119581,9.500656075388683e-34,0.0886054187133891,1.3180801366790461e+93,3.371507181557041e+16,1.5325032643441096e+16,5.077028389022966e-10,1.1170170649822424e+92,black
582.1821821821823,68438202.0156898,0.0,99501247.81926759,0.0,0.6666666602928005,0.5128205233051882,8.425313925018478e-34,0.09991433149264038,1.7444800000137609e+93,3.5092415071890904e+16,1.595109775995041e+16,3.3458552005078246e-10,1.478372881367594e+92,black
582.982982982983,68438202.0156898,0.0,99501247.81926759,0.0,0.6666666620165648,0.5128205211285071,7.471685552221951e-34,0.11266662679975231,2.3088205229429314e+93,3.652602617352708e+16,1.6602739169785034e+16,2.101404171233282e-10,1.956627561816044e+92,black
583.7837837837839,68438202.0156898,0.0,99501247.81926759,0.0,0.6666666634031284,0.512820519346831,6.6259946499451785e-34,0.12704652685219256,3.055725607126878e+93,3.80182037997679e+16,1.7281001727167222e+16,1.2501152288747422e-10,2.5895979721414222e+92,black
584.5845845845846,68438202.0156898,0.0,99501247.81926759,0.0,0.6666666644928809,0.512820517917322,5.876024197518154e-34,0.1432617665715417,4.044255018206557e+93,3.9571340536580056e+16,1.7986972971172752e+16,6.995539893188465e-11,3.427334761191998e+92,black
585.3853853853855,68438202.0156898,0.0,99501247.81926759,0.0,0.6666666653298898,0.5128205167923631,5.210939971118727e-34,0.1615465945645374,5.352574398087849e+93,4.118792671292785e+16,1.8721784869512656e+16,3.6536931273990346e-11,4.5360799983795345e+92,black
586.1861861861862,68438202.0156898,0.0,99501247.81926759,0.0,0.6666666659588069,0.512820515922863,4.621134030399754e-34,0.18216515712604256,7.084136029524164e+93,4.2870554393811656e+16,1.948661563355075e+16,1.7654630285409522e-11,6.003505109766244e+92,black
586.9869869869871,68438202.0156898,0.0,99501247.81926759,0.0,0.6666666664219998,0.5128205152614043,4.09808592025165e-34,0.20541531414991976,9.375859082449461e+93,4.462192153643685e+16,2.028269160747129e+16,7.814279666284057e-12,7.945643290211413e+92,black
587.7877877877878,68438202.0156898,0.0,99501247.81926759,0.0,0.6666666667573182,0.5128205147647849,3.6342395825970448e-34,0.23163294207307028,1.2408956175822486e+94,4.644483631616705e+16,2.1111289234621372e+16,3.133002433291537e-12,1.0516064555781773e+93,black
588.5885885885887,68438202.0156898,0.0,99501247.81926759,0.0,0.6666666669967517,0.5128205143956612,3.2228942000571814e-34,0.2611967860139498,1.6423262339947502e+94,4.834222162920786e+16,2.1973737104185384e+16,1.1235466197168258e-12,1.3918018932158905e+93,black
589.3893893893894,68438202.0156898,0.0,99501247.81926759,0.0,0.6666666671660109,0.5128205141232207,2.8581073945982643e-34,0.29453393120049076,2.1736199408309472e+94,5.031711977923289e+16,2.287141808146949e+16,3.5530181414389444e-13,1.842050797314363e+93,black
590.1901901901903,68438202.0156898,0.0,99501247.81926759,0.0,0.6666666672848771,0.5128205139230183,2.534609382744306e-34,0.3321259727289371,2.8767875403684314e+94,5.237269735547254e+16,2.380577152521479e+16,9.750078536933051e-14,2.437955542685112e+93,black
590.990990990991,68438202.0156898,0.0,99501247.81926759,0.0,0.6666666673680361,0.5128205137762536,2.2477268472266463e-34,0.3745159727831497,3.807430359353137e+94,5.4512250310081816e+16,2.4778295595491732e+16,2.2801429084548297e-14,3.2266358977568975e+93,black
591.7917917917919,68438202.0156898,0.0,99501247.81926759,0.0,0.6666666674261036,0.5128205136687859,1.993315425303551e-34,0.4223163058199134,5.039136793348356e+94,5.673920924293434e+16,2.5790549655879244e+16,4.452414514125368e-15,4.270454909617253e+93,black
592.5925925925926,68438202.0156898,0.0,99501247.81926759,0.0,0.6666666674666172,0.5128205135901297,1.767699838463732e-34,0.47621750505324384,6.66930113631132e+94,5.905714490230945e+16,2.6844156773777028e+16,7.094395401589127e-16,5.651950115518068e+93,black
593.3933933933935,68438202.0156898,0.0,99501247.81926759,0.0,0.6666666674948754,0.5128205135325697,1.5676207986143381e-34,0.53699823803594,8.826824805686237e+94,6.146977391030033e+16,2.7940806322863788e+16,8.987864585532196e-17,7.480360004818846e+93,black
594.1941941941942,68438202.0156898,0.0,99501247.81926759,0.0,0.6666666675145837,0.5128205134904495,1.3901879237506718e-34,0.6055365554474038,1.1682308919300561e+95,6.398096472211363e+16,2.9082256691869836e+16,8.792745632571255e-18,9.900261796017426e+93,black
594.9949949949951,68438202.0156898,0.0,99501247.81926759,0.0,0.6666666675283289,0.512820513459628,1.2328379829168706e-34,0.6828225755902385,1.5461544178220696e+95,6.659474382882702e+16,3.027033810401229e+16,6.427215660658567e-19,1.3103003540864997e+94,black
595.7957957957958,68438202.0156898,0.0,99501247.81926759,0.0,0.6666666675379151,0.5128205134370741,1.0932978672566466e-34,0.7699727878380416,2.04633647360694e+95,6.9315302213538936e+16,3.1506955551608604e+16,3.3826943011131034e-20,1.734183452209271e+94,black
596.5965965965967,68438202.0156898,0.0,99501247.81926759,0.0,0.666666667544601,0.5128205134205704,9.695517522260732e-35,0.8682461816653104,2.708327780813167e+95,7.214700207127283e+16,3.2794091850578556e+16,1.2295665646679247e-21,2.2951930345874305e+94,black
597.3973973973974,68438202.0156898,0.0,99501247.81926759,0.0,0.6666666675492637,0.5128205134084938,8.59811976587348e-35,0.9790624342622124,3.5844737475627994e+95,7.509438380340075e+16,3.4133810819727616e+16,2.945179105899083e-23,3.0376896165786448e+94,black
598.1981981981983,68438202.0156898,0.0,99501247.81926759,0.0,0.6666666675525156,0.5128205133996565,7.624932174952618e-35,1.1040224194766153,4.744053558801603e+95,7.816217329781298e+16,3.5528260589914984e+16,4.406345099107662e-25,4.020384371865767e+94,black
598.998998998999,68438202.0156898,0.0,99501247.81926759,0.0,0.6666666675547835,0.5128205133931897,6.761895886050418e-35,1.2449313343591548,6.27875826516508e+95,8.135528950649226e+16,3.6979677048405576e+16,3.859515304026191e-27,5.320981580648376e+94,black
599.7997997997999,68438202.0156898,0.0,99501247.81926759,0.0,0.6666666675563653,0.5128205133884577,5.996543303556521e-35,1.4038247774026478,8.309941037499123e+95,8.467885233265896e+16,3.849038742393591e+16,1.8004121877268998e-29,7.042322913134855e+94,black
600.6006006006006,68438202.0156898,0.0,99501247.81926759,0.0,0.6666666675574685,0.5128205133849952,5.317817990308127e-35,1.5829981552066894,1.0998212883879597e+96,8.813819084011731e+16,4.006281401823516e+16,3.35952313856936e-32,9.32051939311831e+94,black
601.4014014014015,68438202.0156898,0.0,99501247.81926759,0.0,0.6666666675582378,0.5128205133824614,4.7159149440765133e-35,1.7850398423827587,1.4556142587930138e+96,9.173885179798189e+16,4.169947808999177e+16,4.107662271455783e-33,1.2335714057567917e+95,black
602.2022022022022,68438202.0156898,0.0,99501247.81926759,0.0,0.6666666675587744,0.5128205133806072,4.1821389525360436e-35,2.0128685737335976,1.9265065086226323e+96,9.548660857446789e+16,4.340300389748541e+16,-7.34658486743874e-33,1.63263263442596e+95,black
603.0030030030031,68438202.0156898,0.0,99501247.81926759,0.0,0.6666666675591484,0.5128205133792505,3.7087789804792314e-35,2.2697756088828163,2.5497327367776007e+96,9.938747039402434e+16,4.5176122906374696e+16,-1.1249864109973194e-32,2.1607904548962723e+95,black
603.8038038038038,68438202.0156898,0.0,99501247.81926759,0.0,0.6666666675594094,0.5128205133782576,3.288996774653727e-35,2.559472278472323,3.374573093781812e+96,1.0344769197263386e+17,4.702167816937903e+16,6.087488186636527e-31,2.8598077065947555e+95,black
604.6046046046047,68438202.0156898,0.0,99501247.81926759,0.0,0.6666666675595914,0.5128205133775311,2.9167280769814535e-35,2.8861435987906976,4.466249893965345e+96,1.0767378354674792e+17,4.894262888488543e+16,-1.993234680572227e-30,3.784957537258767e+95,black
605.4054054054054,68438202.0156898,0.0,99501247.81926759,0.0,0.6666666675597183,0.5128205133769994,2.586595019068614e-35,3.2545087293589194,5.91108491681307e+96,1.1207252131191907e+17,5.0942055141781416e+16,-6.655125123578852e-28,5.0093939972992125e+95,black
606.2062062062063,68438202.0156898,0.0,99501247.81926759,0.0,0.6666666675598071,0.5128205133766105,2.293828432438066e-35,3.6698891468572503,7.823325098976427e+96,1.1665095828788646e+17,5.302316285813024e+16,-7.459121960179662e-26,6.629936524556295e+95,black
607.007007007007,68438202.0156898,0.0,99501247.81926759,0.0,0.6666666675598689,0.5128205133763256,2.0341989521637383e-35,4.138285520246062,1.0354176342511037e+97,1.2141643562751718e+17,5.518928892159876e+16,-1.2562200623767302e-23,8.774725713992408e+95,black
607.8078078078079,68438202.0156898,0.0,99501247.81926759,0.0,0.6666666675599119,0.5128205133761174,1.8039559186149744e-35,4.666464397635548,1.3703759766518775e+97,1.2637659438775466e+17,5.744390653988851e+16,4.603336816984187e-21,1.1613355734337946e+96,black
608.6086086086086,68438202.0156898,0.0,99501247.81926759,0.0,0.6666666675599418,0.512820513375965,1.5997731946742704e-35,5.262055957198626,1.8136935814710097e+97,1.315393877814296e+17,5.979063080974075e+16,-3.3835014356622573e-18,1.5370284588737374e+96,black
609.4094094094095,68438202.0156898,0.0,99501247.81926759,0.0,0.6666666675599625,0.5128205133758537,1.4187011156920128e-35,5.933664234258385,2.4004247473069693e+97,1.3691309392959853e+17,6.223322451345389e+16,-1.3769094209811128e-15,2.0342582604296352e+96,black
610.2102102102102,68438202.0156898,0.0,99501247.81926759,0.0,0.6666666675599773,0.512820513375772,1.2581238780386382e-35,6.69099141691024,3.1769638633389405e+97,1.4250632913483366e+17,6.477560415219713e+16,-4.1545721152893955e-16,2.692342257066899e+96,black
611.0110110110111,68438202.0156898,0.0,99501247.81926759,0.0,0.6666666675599874,0.5128205133757122,1.1157217506795732e-35,7.544978005780752,4.204713936683974e+97,1.4832806169677366e+17,6.742184622580621e+16,6.946513721963649e-17,3.563316895494893e+96,black
611.8118118118118,68438202.0156898,0.0,99501247.81926759,0.0,0.6666666675599945,0.5128205133756687,9.894375638749969e-36,8.507960862697066,5.564941891017885e+97,1.5438762629205834e+17,7.017619376911741e+16,7.117727770871506e-18,4.716052450015156e+96,black
612.6126126126127,68438202.0156898,0.0,99501247.81926759,0.0,0.6666666675599995,0.5128205133756368,8.774469908922904e-36,9.593851431472267,7.365204557728279e+97,1.6069473894173373e+17,7.304306315533349e+16,-7.696740884419322e-17,6.241698777735826e+96,black
613.4134134134134,68438202.0156898,0.0,99501247.81926759,0.0,0.6666666675600033,0.5128205133756131,7.781321934157145e-36,10.818336705416238,9.747853479788528e+97,1.6725951259009725e+17,7.602705117731693e+16,1.8717035363352072e-16,8.260892779481803e+96,black
614.2142142142143,68438202.0156898,0.0,99501247.81926759,0.0,0.6666666675600045,0.5128205133755973,6.9005844992893e-36,12.199105844793985,1.290129102574967e+98,1.740924733199935e+17,7.913294241817886e+16,5.923186008891206e-16,1.0933297479448872e+97,black
615.015015015015,68438202.0156898,0.0,99501247.81926759,0.0,0.6666666675600064,0.5128205133755844,6.11953429439883e-36,13.75610571798698,1.7074867864621102e+98,1.812045772305265e+17,8.23657169229666e+16,-3.026471051332344e-17,1.4470227003916187e+97,black
615.8158158158159,68438202.0156898,0.0,99501247.81926759,0.0,0.6666666675600076,0.512820513375575,5.426888111315712e-36,15.511829057962707,2.2598599784498936e+98,1.886072280042859e+17,8.573055818376629e+16,-4.163493941547207e-17,1.9151355749575374e+97,black
616.6166166166166,68438202.0156898,0.0,99501247.81926759,0.0,0.6666666675600087,0.5128205133755681,4.8126398441294435e-36,17.49163939681196,2.990926291605634e+98,1.9631229519221952e+17,8.923286145100883e+16,-3.685991477531493e-16,2.5346832979708752e+97,black
617.4174174174175,68438202.0156898,0.0,99501247.81926759,0.0,0.6666666675600094,0.5128205133755631,4.26791593897198e-36,19.72413747243116,3.95849307794409e+98,2.043321332455063e+17,9.287824238432102e+16,-6.311839448259621e-16,3.3546551508000766e+97,black
618.2182182182182,68438202.0156898,0.0,99501247.81926759,0.0,0.6666666675600099,0.5128205133755595,3.7848472048766636e-36,22.241574400525483,5.239068409043053e+98,2.12679601324909e+17,9.667254605677678e+16,-2.7543377135428717e-17,4.439888482239876e+97,black
619.0190190190191,68438202.0156898,0.0,99501247.81926759,0.0,0.66666666756001,0.5128205133755569,3.356455133863971e-36,25.080317580708144,6.933910772147314e+98,2.213680839194063e+17,1.0062185632700282e+17,-4.036203730352504e-17,5.8761955696163684e+97,black
619.8198198198198,68438202.0156898,0.0,99501247.81926759,0.0,0.6666666675600104,0.5128205133755548,2.9765510880139088e-36,28.281376067258144,9.17703584726888e+98,2.3041151230712605e+17,1.0473250559414818e+17,-1.0124500611998619e-16,7.777149023109222e+97,black
620.6206206206207,68438202.0156898,0.0,99501247.81926759,0.0,0.6666666675600107,0.5128205133755532,2.6396468971587457e-36,31.890992994161014,1.2145813482388914e+99,2.398243868930339e+17,1.0901108495137899e+17,7.997814419105869e-16,1.0293062273210944e+98,black
621.4214214214214,68438202.0156898,0.0,99501247.81926759,0.0,0.6666666675600109,0.512820513375552,2.3408755756747736e-36,35.96131361270782,1.6074992797679517e+99,2.496218004591445e+17,1.1346445475415653e+17,-4.626072910972114e-17,1.3622875252270778e+98,black
622.2222222222223,68438202.0156898,0.0,99501247.81926759,0.0,0.6666666675600109,0.5128205133755511,2.075921013029718e-36,40.55113859227692,2.127526442094757e+99,2.5981946236459018e+17,1.1809975562026821e+17,-9.071956661586933e-17,1.8029885102497944e+98,black
623.023023023023,68438202.0156898,0.0,99501247.81926759,0.0,0.666666667560011,0.5128205133755507,1.8409556223833753e-36,45.72677346661007,2.8157827619447153e+99,2.7043372373428957e+17,1.2292441987922248e+17,-1.4964747909529735e-15,2.386256577919251e+98,black
623.8238238238239,68438202.0156898,0.0,99501247.81926759,0.0,0.6666666675600114,0.51282051337555,1.6325850464987645e-36,51.56298649688043,3.7266904916361857e+99,2.814816036766678e+17,1.2794618348939443e+17,-9.241385006880395e-17,3.158212281047616e+98,black
624.6246246246246,68438202.0156898,0.0,99501247.81926759,0.0,0.6666666675600114,0.51282051337555,1.4477991221759075e-36,58.144088789008,4.932277520896084e+99,2.929808165724041e+17,1.3317309844200184e+17,1.859132679760999e-17,4.1798962041492234e+98,black
625.4254254254255,68438202.0156898,0.0,99501247.81926759,0.0,0.6666666675600114,0.51282051337555,1.2839283948292081e-36,65.56515226884123,6.527872813103871e+99,3.049498004780211e+17,1.3861354567182778e+17,1.7144116720473434e-16,5.532095604325314e+98,black
626.2262262262262,68438202.0156898,0.0,99501247.81926759,0.0,0.6666666675600095,0.5128205133755518,1.1386055550104504e-36,73.93338311028643,8.639644319186598e+99,3.1740774668979936e+17,1.4427624849536336e+17,-4.0261060594120625e-16,7.321732473886947e+98,black
627.0270270270271,68438202.0156898,0.0,99501247.81926759,0.0,0.6666666675600097,0.5128205133755516,1.0097312397807708e-36,83.36967045724683,1.1434575412103961e+100,3.303746305154831e+17,1.5017028659794685e+17,7.991770187515029e-18,9.690318145850815e+98,black
627.8278278278278,68438202.0156898,0.0,99501247.81926759,0.0,0.6666666675600099,0.5128205133755511,8.954437048920538e-37,94.0103328124693,1.513366870494099e+100,3.438712433030513e+17,1.5630511059229613e+17,-3.2272401128290476e-17,1.282514297028898e+99,black
628.6286286286287,68438202.0156898,0.0,99501247.81926759,0.0,0.6666666675600101,0.5128205133755507,7.94091929655344e-37,106.0090873220328,2.0029421313579113e+100,3.579192257779771e+17,1.626905571718078e+17,-6.171860619167385e-16,1.6974085858965356e+99,black
629.4294294294294,68438202.0156898,0.0,99501247.81926759,0.0,0.6666666675600096,0.5128205133755512,7.042117659644202e-37,119.5392704041107,2.650895337928602e+100,3.725411027423626e+17,1.693368648828921e+17,-2.9427483777435505e-17,2.24652147282085e+99,black
630.2302302302303,68438202.0156898,0.0,99501247.81926759,0.0,0.6666666675600099,0.5128205133755509,6.2450478691800646e-37,134.7963418017033,3.508461868485113e+100,3.87760319191649e+17,1.7625469054165866e+17,8.92872240344968e-18,2.9732727699026385e+99,black
631.031031031031,68438202.0156898,0.0,99501247.81926759,0.0,0.6666666675600099,0.5128205133755508,5.538195294839971e-37,152.00070823333826,4.643451782683837e+100,4.0360127790675386e+17,1.834551263212517e+17,2.1254421709683528e-17,3.9351286293930826e+99,black
631.8318318318319,68438202.0156898,0.0,99501247.81926759,0.0,0.6666666675600104,0.5128205133755503,4.911348602330899e-37,171.4009074328221,6.145611742794224e+100,4.2008937858196864e+17,1.9094971753725843e+17,3.908888742315998e-15,5.208145544740869e+99,black
632.6326326326326,68438202.0156898,0.0,99501247.81926759,0.0,0.6666666675600095,0.5128205133755511,4.355452238402003e-37,193.2771985752535,8.133721520272236e+100,4.372510585512943e+17,1.9875048115967917e+17,-1.234801941327606e-16,6.892984339213759e+99,black
633.4334334334335,68438202.0156898,0.0,99501247.81926759,0.0,0.6666666675600099,0.5128205133755508,3.8624756125023455e-37,217.94561095739778,1.0764986227270116e+101,4.551138351785862e+17,2.0686992508117552e+17,2.7959084153147816e-17,9.12286968412722e+99,black
634.2342342342342,68438202.0156898,0.0,99501247.81926759,0.0,0.6666666675600101,0.5128205133755506,3.425297085257259e-37,245.76250942036526,1.4247466941725315e+101,4.737063499793946e+17,2.1532106817245213e+17,6.130822627805449e-16,1.2074124526885865e+100,black
635.0350350350351,68438202.0156898,0.0,99501247.81926759,0.0,0.6666666675600099,0.5128205133755508,3.0376010878345695e-37,277.1297424677317,1.8856532648529313e+101,4.9305841454533843e+17,2.24117461156972e+17,4.991736082595368e-16,1.5980112414007898e+100,black
635.8358358358358,68438202.0156898,0.0,99501247.81926759,0.0,0.6666666675600101,0.5128205133755506,2.6937868859690263e-37,312.5004474497168,2.4956634395376804e+101,5.1320105834455405e+17,2.3327320833843363e+17,-3.1010746143343015e-17,2.1149690165573565e+100,black
636.6366366366367,68438202.0156898,0.0,99501247.81926759,0.0,0.6666666675600101,0.5128205133755506,2.388887670629436e-37,352.3855966764213,3.303012340356658e+101,5.341665784749598e+17,2.4280299021589075e+17,7.806704490257389e-17,2.799163000302253e+100,black
637.4374374374374,68438202.0156898,0.0,99501247.81926759,0.0,0.6666666675600128,0.5128205133755479,2.1184988064980163e-37,397.36137902642946,4.371539185813698e+101,5.5598859145001197e+17,2.5272208702273267e+17,-4.574863447490846e-16,3.704694225265846e+100,black
638.2382382382383,68438202.0156898,0.0,99501247.81926759,0.0,0.666666667560012,0.5128205133755486,1.87871420172339e-37,448.077523687142,5.785735227083321e+101,5.787020871000837e+17,2.6304640322731072e+17,-2.606553094592038e-18,4.903165446680781e+100,black
639.039039039039,68438202.0156898,0.0,99501247.81926759,0.0,0.666666667560012,0.5128205133755486,1.6660698797332503e-37,505.26668627311085,7.657424695291835e+101,6.023434846758025e+17,2.737924930344557e+17,-1.9998476966279537e-17,6.489342962111722e+100,black
639.8398398398399,68438202.0156898,0.0,99501247.81926759,0.0,0.6666666675600118,0.5128205133755488,1.4774939379326954e-37,569.7550329162884,1.013460704003666e+102,6.269506912433905e+17,2.8497758692881382e+17,-1.2145151846800315e-15,8.588650033929369e+100,black
640.6406406406406,68438202.0156898,0.0,99501247.81926759,0.0,0.6666666675600117,0.5128205133755489,1.3102621703823366e-37,642.4741752278778,1.3413159638293188e+102,6.52563162465553e+17,2.96619619302524e+17,2.228935163552011e-17,1.136708443923151e+101,black
641.4414414414415,68438202.0156898,0.0,99501247.81926759,0.0,0.6666666675600117,0.5128205133755489,1.1619587133718634e-37,724.4746285468906,1.77523263380232e+102,6.792219658654625e+17,3.087372572115738e+17,-1.423090260594784e-17,1.504434435425695e+101,black
642.2422422422422,68438202.0156898,0.0,99501247.81926759,0.0,0.6666666675600117,0.5128205133755489,1.03044114536776e-37,816.9409878957116,2.3495216556729095e+102,7.069698466751771e+17,3.2134993030689856e+17,-1.626390844509874e-16,1.991120047180432e+101,black
643.0430430430431,68438202.0156898,0.0,99501247.81926759,0.0,0.6666666675600104,0.5128205133755502,9.13809537161224e-38,921.209040877877,3.109593585294134e+102,7.358512963741916e+17,3.3447786198826886e+17,4.497098514542677e-16,2.635248801096724e+101,black
643.8438438438438,68438202.0156898,0.0,99501247.81926759,0.0,0.6666666675600107,0.5128205133755499,8.10379005109314e-38,1038.7850647340222,4.1155493256912513e+102,7.659126240278828e+17,3.481421018308557e+17,-6.996936889398156e-18,3.4877536658400436e+101,black
644.6446446446447,68438202.0156898,0.0,99501247.81926759,0.0,0.6666666675600107,0.5128205133755499,7.186553709671869e-38,1171.3675863256447,5.446932464840621e+102,7.97202030540384e+17,3.6236455933653805e+17,-1.8639260065874597e-17,4.616044461729339e+101,black
645.4454454454454,68438202.0156898,0.0,99501247.81926759,0.0,0.6666666675600106,0.5128205133755501,6.373135766891242e-38,1320.8719193952531,7.209018998101656e+102,8.297696859407983e+17,3.77168039063999e+17,-1.3166757692698957e-15,6.109338133984453e+101,black
646.2462462462463,68438202.0156898,0.0,99501247.81926759,0.0,0.6666666675600116,0.5128205133755489,5.651785423737195e-38,1489.4578335735919,9.541141780341088e+102,8.63667809826803e+17,3.9257627719400115e+17,8.053591059396937e-18,8.08571337317041e+101,black
647.047047047047,68438202.0156898,0.0,99501247.81926759,0.0,0.6666666675600116,0.5128205133755489,5.012081908236212e-38,1679.5607548454864,1.2627707944247077e+103,8.989507550945192e+17,4.0861397958841766e+17,-3.538181340973115e-18,1.0701447410378879e+102,black
647.8478478478479,68438202.0156898,0.0,99501247.81926759,0.0,0.6666666675600116,0.5128205133755489,4.44478393488922e-38,1893.9269482030777,1.6712780461321364e+103,9.356750950890118e+17,4.2530686140409606e+17,-4.251268932092327e-17,1.4163373272306242e+102,black
648.6486486486486,68438202.0156898,0.0,99501247.81926759,0.0,0.6666666675600126,0.5128205133755479,3.941696203205515e-38,2135.6531907413646,2.2119376848234427e+103,9.738997143150207e+17,4.426816883250092e+17,-1.387041985161364e-15,1.8745234617147823e+102,black
649.4494494494495,68438202.0156898,0.0,99501247.81926759,0.0,0.6666666675600106,0.5128205133755499,3.4955510067446563e-38,2408.2315083225485,2.92750110184482e+103,1.0136859028535478e+18,4.607663194788852e+17,6.974693833225486e-17,2.480933137156627e+102,black
650.2502502502502,68438202.0156898,0.0,99501247.81926759,0.0,0.6666666675600106,0.5128205133755499,3.0999032423698587e-38,2715.5996220829106,3.874549794102104e+103,1.0550974546354877e+18,4.795897521070397e+17,-4.2691018045484434e-17,3.283516774662799e+102,black
651.0510510510511,68438202.0156898,0.0,99501247.81926759,0.0,0.6666666675600107,0.5128205133755499,2.7490373029927696e-38,3062.197833543681,5.1279694130637766e+103,1.0982007697300735e+18,4.9918216805912416e+17,-1.1432931606312277e-15,4.3457367907320143e+102,black
651.8518518518518,68438202.0156898,0.0,99501247.81926759,0.0,0.6666666675600109,0.5128205133755497,2.437884508765629e-38,3453.0331700985867,6.7868711718021155e+103,1.1430649608119683e+18,5.195749821872581e+17,7.335361250521416e-17,5.751585738815352e+102,black
652.6526526526527,68438202.0156898,0.0,99501247.81926759,0.0,0.6666666675600109,0.5128205133755497,2.161949883913579e-38,3893.751717537797,8.982428831433351e+103,1.1897619639778813e+18,5.408008927172187e+17,-1.416612842616879e-17,7.612227823248603e+102,black
653.4534534534534,68438202.0156898,0.0,99501247.81926759,0.0,0.6666666675600109,0.5128205133755497,1.9172472214118915e-38,4390.720184537166,1.1888250958251674e+104,1.2383666540902303e+18,5.628939336773774e+17,-1.5591933109045234e-16,1.007478894767091e+103,black
654.2542542542543,68438202.0156898,0.0,99501247.81926759,0.0,0.6666666675600109,0.5128205133755497,1.700241497438199e-38,4951.117877411251,1.573410861343935e+104,1.2889569648329644e+18,5.858895294695295e+17,-4.377518776026854e-16,1.3333990350372325e+103,black
655.055055055055,68438202.0156898,0.0,99501247.81926759,0.0,0.6666666675600108,0.5128205133755497,1.5077978037084456e-38,5583.040413814393,2.0824103960255668e+104,1.3416140136718743e+18,6.098245516690342e+17,-1.1990326404961634e-17,1.7647545729030226e+103,black
655.8558558558559,68438202.0156898,0.0,99501247.81926759,0.0,0.6666666675600108,0.5128205133755497,1.3371360599617677e-38,6295.6166736597825,2.756071642836234e+104,1.396422231919911e+18,6.347373781454143e+17,-2.7410176811579642e-17,2.335653934606978e+103,black
656.6566566566567,68438202.0156898,0.0,99501247.81926759,0.0,0.6666666675600106,0.5128205133755499,1.1857908523627412e-38,7099.140676752431,3.647662782967156e+104,1.4534695001159224e+18,6.606679545981468e+17,-2.6348821699558166e-15,3.091239646582335e+103,black
657.4574574574575,68438202.0156898,0.0,99501247.81926759,0.0,0.6666666675600109,0.5128205133755496,1.0515758176376837e-38,8005.220292268007,4.8276842921806545e+104,1.5128472889340298e+18,6.876578586063779e+17,1.119158589924212e-17,4.091257874729368e+103,black
658.2582582582583,68438202.0156898,0.0,99501247.81926759,0.0,0.666666667560011,0.5128205133755495,9.3255205843173e-39,9026.944928361887,6.389443600378199e+104,1.5746508058493755e+18,7.157503662951713e+17,-2.447893870554916e-17,5.414782712184914e+103,black
659.0590590590591,68438202.0156898,0.0,99501247.81926759,0.0,0.6666666675600108,0.5128205133755497,8.27000133607933e-39,10179.0746243904,8.456433157516248e+104,1.6389791477956844e+18,7.449905217253116e+17,-1.169202984320554e-16,7.166468777556141e+103,black
659.8598598598599,68438202.0156898,0.0,99501247.81926759,0.0,0.6666666675600113,0.5128205133755492,7.3339521885536e-39,11478.253277402995,1.1192095309097178e+105,1.7059354600590746e+18,7.754252091177614e+17,9.78404376065504e-17,9.484826533133201e+103,black
660.6606606606607,68438202.0156898,0.0,99501247.81926759,0.0,0.6666666675600113,0.5128205133755492,6.503850787705979e-39,12943.249083224515,1.4812746115846007e+105,1.7756271016632686e+18,8.071032280287589e+17,-6.888944450999826e-18,1.255317467444577e+104,black
661.4614614614615,68438202.0156898,0.0,99501247.81926759,0.0,0.6666666675600113,0.5128205133755492,5.7677053219359674e-39,14595.225665580776,1.9604680038253863e+105,1.8481658175109972e+18,8.400753715959078e+17,6.564331856729496e-17,1.661413562563887e+104,black
662.2622622622623,68438202.0156898,0.0,99501247.81926759,0.0,0.66666666756001,0.5128205133755506,5.114881285956037e-39,16458.04781006057,2.5946807998762837e+105,1.9236679175579937e+18,8.743945079809061e+17,-3.0397620591646223e-15,2.1988820337934614e+104,black
663.063063063063,68438202.0156898,0.0,99501247.81926759,0.0,0.6666666675600114,0.5128205133755492,4.535947852592818e-39,18558.626219600686,3.4340618873188675e+105,2.002254463306495e+18,9.101156651393157e+17,-5.729433601436717e-17,2.910221938405821e+104,black
663.8638638638639,68438202.0156898,0.0,99501247.81926759,0.0,0.6666666675600114,0.5128205133755492,4.022541633162351e-39,20927.30627190864,4.544983354598467e+105,2.084051461917637e+18,9.472961190534716e+17,3.2121474682181757e-17,3.851680808981752e+104,black
664.6646646646647,68438202.0156898,0.0,99501247.81926759,0.0,0.6666666675600114,0.5128205133755492,3.567245858277533e-39,23598.306394883766,6.015288708060658e+105,2.1691900682536658e+18,9.859954855698484e+17,8.39060101345463e-16,5.09770229496666e+104,black
665.4654654654655,68438202.0156898,0.0,99501247.81926759,0.0,0.6666666675600113,0.5128205133755493,3.163483233707137e-39,26610.2123929029,7.961238890941141e+105,2.257806795174199e+18,1.0262758159882725e+18,-7.752098119858777e-17,6.746812619441645e+104,black
666.2662662662663,68438202.0156898,0.0,99501247.81926759,0.0,0.6666666675600113,0.5128205133755493,2.8054209234623673e-39,30006.53486509999,1.0536705344445316e+106,2.3500437324234696e+18,1.0682016965561226e+18,1.365875877088059e-17,8.929411308851961e+104,black
667.0670670670671,68438202.0156898,0.0,99501247.81926759,0.0,0.6666666675600113,0.5128205133755493,2.4878862874760246e-39,33836.33776822511,1.3945337030639485e+106,2.446048774459801e+18,1.1118403520271822e+18,1.5280054475110308e-16,1.1818082229355495e+105,black
667.8678678678679,68438202.0156898,0.0,99501247.81926759,0.0,0.6666666675600111,0.5128205133755495,2.206292156605261e-39,38154.94720441718,1.845666349591137e+106,2.5459758575923036e+18,1.157261753451047e+18,2.8610714976681693e-15,1.5641240250772347e+105,black
668.6686686686687,68438202.0156898,0.0,99501247.81926759,0.0,0.666666667560011,0.5128205133755495,1.9565705654642752e-39,43024.75067319455,2.442740728693809e+106,2.6499852068053816e+18,1.204538730366082e+18,8.275482556318743e-18,2.0701192616049228e+105,black
669.4694694694695,68438202.0156898,0.0,99501247.81926759,0.0,0.666666667560011,0.5128205133755495,1.7351139857794298e-39,48516.098333801536,3.2329690948403288e+106,2.7582435926664e+18,1.2537470875756357e+18,3.042410325101134e-17,2.7398043176612955e+105,black
670.2702702702703,68438202.0156898,0.0,99501247.81926759,0.0,0.6666666675600113,0.5128205133755493,1.53872321131081e-39,54708.31929774997,4.278836900477618e+106,2.870924598728915e+18,1.3049657266949612e+18,2.6102342142220946e-15,3.626132966506456e+105,black
671.0710710710711,68438202.0156898,0.0,99501247.81926759,0.0,0.6666666675600114,0.5128205133755492,1.3645611414763129e-39,61690.86763308969,5.663043686409241e+106,2.9882088998597023e+18,1.358276772663501e+18,-2.6301281195938777e-17,4.799189564753593e+105,black
671.8718718718719,68438202.0156898,0.0,99501247.81926759,0.0,0.6666666675600111,0.5128205133755495,1.2101117960265825e-39,69564.61463585796,7.495042353824093e+106,3.110284551936407e+18,1.41376570542564e+18,2.833690371554143e-17,6.351730808325501e+105,black
672.6726726726727,68438202.0156898,0.0,99501247.81926759,0.0,0.6666666675600114,0.5128205133755492,1.0731439686890204e-39,78443.3060370782,9.919693895429307e+106,3.2373472933797873e+18,1.4715214969908122e+18,1.7200375380672092e-16,8.406520250363818e+105,black
673.4734734734735,68438202.0156898,0.0,99501247.81926759,0.0,0.6666666675600109,0.5128205133755497,9.516789947135559e-40,88455.20519645097,1.3128721938284939e+107,3.369600859004556e+18,1.5316367540929795e+18,-1.1557498389239557e-16,1.112603554091944e+106,black
674.2742742742743,68438202.0156898,0.0,99501247.81926759,0.0,0.6666666675600109,0.5128205133755497,8.439621666843504e-40,99744.94602060351,1.737587283940415e+107,3.507257306691478e+18,1.5942078666779443e+18,9.510625412063134e-18,1.4725315965596738e+106,black
675.0750750750751,68438202.0156898,0.0,99501247.81926759,0.0,0.6666666675600109,0.5128205133755497,7.484373856637558e-40,112475.62237357783,2.2996980083089306e+107,3.650537357405224e+18,1.6593351624569198e+18,-7.107330244463756e-17,1.948896617210958e+106,black
675.8758758758759,68438202.0156898,0.0,99501247.81926759,0.0,0.6666666675600125,0.5128205133755481,6.637246814746278e-40,126831.14416353813,3.043651952508677e+107,3.7996707491023334e+18,1.7271230677737874e+18,4.472336757300878e-15,2.5793660614480308e+106,black
676.6766766766767,68438202.0156898,0.0,99501247.81926759,0.0,0.666666667560011,0.5128205133755496,5.886002773737756e-40,143018.89414226677,4.0282755277164035e+107,3.9548966050976164e+18,1.7976802750443707e+18,7.332968281171312e-17,3.4137928200986463e+106,black
677.4774774774775,68438202.0156898,0.0,99501247.81926759,0.0,0.666666667560011,0.5128205133755496,5.2197891112737555e-40,161272.7237980477,5.331425531037369e+107,4.116463817478867e+18,1.8711199170358482e+18,-3.74714927966197e-17,4.518157229692685e+106,black
678.2782782782783,68438202.0156898,0.0,99501247.81926759,0.0,0.6666666675600111,0.5128205133755495,4.628981570946411e-40,181856.3316212592,7.056145488912507e+107,4.2846314461853153e+18,1.947559748266052e+18,-9.636120503488687e-16,5.979784312637718e+106,black
679.0790790790791,68438202.0156898,0.0,99501247.81926759,0.0,0.6666666675600111,0.5128205133755493,4.105045228337415e-40,205067.0725457231,9.338813582002154e+107,4.4596691343890755e+18,2.027122333813216e+18,1.1326714770136418e-16,7.914248798306912e+106,black
679.8798798798799,68438202.0156898,0.0,99501247.81926759,0.0,0.6666666675600111,0.5128205133755493,3.6404111937844957e-40,231240.2535978435,1.2359926429579017e+108,4.641857540846353e+18,2.1099352458392515e+18,-1.9042269312621584e-17,1.0474513923372049e+107,black
680.6806806806807,68438202.0156898,0.0,99501247.81926759,0.0,0.6666666675600111,0.5128205133755493,3.2283672706814564e-40,260753.97780924418,1.6358371435849304e+108,4.831488789910811e+18,2.1961312681412772e+18,-2.3070218380453497e-16,1.3863026640550255e+107,black
681.4814814814815,68438202.0156898,0.0,99501247.81926759,0.0,0.6666666675600115,0.5128205133755491,2.8629609897370355e-40,294034.60636915156,2.1650316250483546e+108,5.028866939931496e+18,2.2858486090597711e+18,-6.260758352871325e-15,1.8347725636003004e+107,black
682.2822822822823,68438202.0156898,0.0,99501247.81926759,0.0,0.6666666675600113,0.5128205133755493,2.5389136184081165e-40,331562.9179237581,2.8654208983080275e+108,5.234308470785597e+18,2.379231123084363e+18,-5.278289204397923e-18,2.4283227951762943e+107,black
683.0830830830831,68438202.0156898,0.0,99501247.81926759,0.0,0.6666666675600113,0.5128205133755493,2.2515439032685293e-40,373881.05400117254,3.7923866004831394e+108,5.448142791328504e+18,2.4764285415129564e+18,-6.490496322715304e-17,3.213886949561982e+107,black
683.883883883884,68438202.0156898,0.0,99501247.81926759,0.0,0.6666666675600111,0.5128205133755495,1.9967004436819637e-40,421600.3508968105,5.019226367758376e+108,5.670712767574019e+18,2.577596712533646e+18,-3.7238263739631846e-15,4.253581667591845e+107,black
684.6846846846847,68438202.0156898,0.0,99501247.81926759,0.0,0.6666666675600114,0.5128205133755492,1.7707017198341998e-40,475410.17116035486,6.642949673850139e+108,5.902375272452346e+18,2.682897851114703e+18,-8.785033754995734e-18,5.62961836766961e+107,black
685.4854854854856,68438202.0156898,0.0,99501247.81926759,0.0,0.6666666675600114,0.5128205133755492,1.5702829087582603e-40,536087.8622656693,8.791948626374964e+108,6.143501758026992e+18,2.792500799103178e+18,-2.8513987130097177e-18,7.450803920656751e+107,black
686.2862862862863,68438202.0156898,0.0,99501247.81926759,0.0,0.6666666675600113,0.5128205133755493,1.3925487200459973e-40,604509.9863284845,1.163615027118184e+109,6.394478851087858e+18,2.906581295949027e+18,-1.6867636718061e-17,9.86114429761173e+107,black
687.0870870870872,68438202.0156898,0.0,99501247.81926759,0.0,0.6666666675600111,0.5128205133755495,1.2349315699011006e-40,681664.9830989364,1.5400453174550206e+109,6.655708973076282e+18,3.0253222604892196e+18,1.4916236940830197e-16,1.3051231503856108e+108,black
687.8878878878879,68438202.0156898,0.0,99501247.81926759,0.0,0.666666667560011,0.5128205133755495,1.0951544893079565e-40,768667.4491606659,2.038251074918446e+109,6.927610985334897e+18,3.1489140842431345e+18,-1.420307291915427e-17,1.7273314194224123e+108,black
688.6886886886888,68438202.0156898,0.0,99501247.81926759,0.0,0.666666667560011,0.5128205133755495,9.711982304796012e-41,866774.2396170924,2.6976267498884076e+109,7.210620860718191e+18,3.277554936690087e+18,8.018384380059127e-17,2.2861243643122096e+108,black
689.4894894894895,68438202.0156898,0.0,99501247.81926759,0.0,0.6666666675600113,0.5128205133755492,8.612720963987159e-41,977402.6248726163,3.5703109255096248e+109,7.505192382639322e+18,3.4114510830178755e+18,2.6267851227670443e-15,3.025687225008156e+108,black
690.2902902902904,68438202.0156898,0.0,99501247.81926759,0.0,0.666666667560011,0.5128205133755495,7.637880720485986e-41,1102150.764805746,4.725309053723207e+109,7.811797872675462e+18,3.550817214852484e+18,-8.861027785048316e-18,4.0044991980705156e+108,black
691.0910910910911,68438202.0156898,0.0,99501247.81926759,0.0,0.666666667560011,0.5128205133755495,6.773378836293581e-41,1242820.7961076237,6.253949899337908e+109,8.13092894789678e+18,3.6958767944985375e+18,3.7082382534406833e-17,5.299957541811786e+108,black
691.891891891892,68438202.0156898,0.0,99501247.81926759,0.0,0.666666667560011,0.5128205133755495,6.006726543515571e-41,1401444.8663108698,8.277107147649689e+109,8.463097309134996e+18,3.8468624132431805e+18,1.1625591832114185e-15,7.014497582753974e+108,black
692.6926926926927,68438202.0156898,0.0,99501247.81926759,0.0,0.6666666675600113,0.5128205133755492,5.326848629113235e-41,1580314.4906009284,1.0954757207267208e+110,8.80883556145384e+18,4.0040161642972017e+18,-1.5378989893698326e-16,9.283692548531535e+108,black
693.4934934934936,68438202.0156898,0.0,99501247.81926759,0.0,0.6666666675600113,0.5128205133755492,4.723923440150115e-41,1782013.6555049683,1.449862896896655e+110,9.168698068138502e+18,4.1675900309720484e+18,2.561932170708375e-17,1.228697370251403e+109,black
694.2942942942943,68438202.0156898,0.0,99501247.81926759,0.0,0.6666666675600114,0.5128205133755491,4.1892409982212733e-41,2009456.1476801964,1.9188945770541208e+110,9.5432618395719e+18,4.3378462907145006e+18,3.3151904309584783e-16,1.62618184496112e+109,black
695.0950950950952,68438202.0156898,0.0,99501247.81926759,0.0,0.6666666675600113,0.5128205133755492,3.7150771733548613e-41,2265927.6470614728,2.539658339921709e+110,9.933127458424443e+18,4.515057935647474e+18,-4.880880933062375e-16,2.1522528304421263e+109,black
695.8958958958959,68438202.0156898,0.0,99501247.81926759,0.0,0.6666666675600111,0.5128205133755493,3.294582099679317e-41,2555133.192453521,3.361239622362598e+110,1.0338920042639344e+19,4.699509110290611e+18,1.3328345890712014e-17,2.848508154544574e+109,black
696.6966966966968,68438202.0156898,0.0,99501247.81926759,0.0,0.6666666675600111,0.5128205133755493,2.9216812208844057e-41,2881250.705266078,4.4486030350380706e+110,1.0761290247758981e+19,4.891495567163175e+18,3.26597751792077e-17,3.770002572066162e+109,black
697.4974974974975,68438202.0156898,0.0,99501247.81926759,0.0,0.6666666675600114,0.5128205133755491,2.5909875359608096e-41,3248991.344605659,5.887729286443401e+110,1.1200915310197998e+19,5.09132514099909e+18,4.268697557262399e-15,4.9896010902062735e+109,black
698.2982982982984,68438202.0156898,0.0,99501247.81926759,0.0,0.6666666675600109,0.5128205133755496,2.297723777500952e-41,3663667.5656267847,7.792413905531928e+110,1.1658500133137435e+19,5.299318242335198e+18,-1.927186857157374e-18,6.603740597908414e+109,black
699.0990990990991,68438202.0156898,0.0,99501247.81926759,0.0,0.6666666675600109,0.5128205133755496,2.037653398334664e-41,4131269.8643260165,1.0313265355948464e+111,1.2134778416779424e+19,5.515808371263375e+18,1.1144168863519154e-17,8.740055386397006e+109,black
699.8998998999,68438202.0156898,0.0,99501247.81926759,0.0,0.666666667560011,0.5128205133755496,1.8070193695173373e-41,4658553.317451086,1.3649614046652382e+111,1.2630513834776533e+19,5.741142652171154e+18,1.024461776983652e-16,1.1567469531061344e+110,black
700.7007007007007,68438202.0156898,0.0,99501247.81926759,0.0,0.6666666675600086,0.5128205133755519,1.6024899055352723e-41,5253135.167696224,1.8065273915955628e+111,1.3146501258720154e+19,5.975682390327343e+18,-1.1843614835338185e-16,1.5309554166064093e+110,black
701.5015015015016,68438202.0156898,0.0,99501247.81926759,0.0,0.6666666675600095,0.5128205133755513,1.421110332662523e-41,5923604.86392075,2.3909402899093962e+111,1.3683568032653144e+19,6.219803651205975e+18,2.1811512537329985e-17,2.0262205846689804e+110,black
702.3023023023023,68438202.0156898,0.0,99501247.81926759,0.0,0.6666666675600099,0.5128205133755509,1.2602604051509733e-41,6679648.146052431,3.1644111772161397e+111,1.4242575299648518e+19,6.473897863476601e+18,1.2428126666531287e-16,2.681704387471305e+110,black
703.1031031031032,68438202.0156898,0.0,99501247.81926759,0.0,0.66666666756001,0.5128205133755508,1.1176164526336121e-41,7532186.967233132,4.188100447657288e+111,1.4824419382583235e+19,6.738372446628744e+18,-1.0517039162724092e-15,3.549237667506174e+110,black
703.9039039039039,68438202.0156898,0.0,99501247.81926759,0.0,0.6666666675600104,0.5128205133755503,9.91117811915807e-42,8493537.274547081,5.542953926454406e+111,1.5430033221318586e+19,7.013651464235719e+18,1.8072476934287647e-17,4.697418581741019e+110,black
704.7047047047048,68438202.0156898,0.0,99501247.81926759,0.0,0.6666666675600104,0.5128205133755503,8.789370582206258e-42,9577586.92766783,7.336103470962467e+111,1.6060387868594485e+19,7.30017630390658e+18,1.9610728214401512e-18,6.217036839798697e+110,black
705.5055055055055,68438202.0156898,0.0,99501247.81926759,0.0,0.6666666675600109,0.5128205133755498,7.794536058435485e-42,10799996.325667901,9.70933817071942e+111,1.67164940470331e+19,7.598406385015045e+18,1.8220597518548363e-15,8.228252687050353e+110,black
706.3063063063064,68438202.0156898,0.0,99501247.81926759,0.0,0.6666666675600108,0.5128205133755498,6.912302968456643e-42,12178424.640291352,1.2850315986753437e+112,1.7399403769751542e+19,7.908819895341608e+18,3.5119062254050815e-17,1.0890098293858844e+111,black
707.1071071071071,68438202.0156898,0.0,99501247.81926759,0.0,0.6666666675600108,0.5128205133755498,6.129926395814989e-42,13732784.923894905,1.700740236418703e+112,1.8110212027178828e+19,8.231914557808559e+18,1.2702164521006019e-17,1.4413052851005956e+111,black
707.907907907908,68438202.0156898,0.0,99501247.81926759,0.0,0.666666667560011,0.5128205133755496,5.4361039713655065e-42,15485531.777404523,2.250930914659937e+112,1.8850058542785225e+19,8.568208428538738e+18,-1.1947210200379028e-16,1.9075685717457092e+111,black
708.7087087087087,68438202.0156898,0.0,99501247.81926759,0.0,0.6666666675600108,0.5128205133755498,4.820812596978519e-42,17461985.73398978,2.9791086693166073e+112,1.9620129600535708e+19,8.918240727516231e+18,-5.985379207666354e-17,2.524668363827633e+111,black
709.5095095095096,68438202.0156898,0.0,99501247.81926759,0.0,0.6666666675600109,0.5128205133755497,4.2751636498498855e-42,19690699.04457444,3.942852446422552e+112,2.04216599470009e+19,9.28257270318223e+18,1.1565953538167869e-18,3.341400378324196e+111,black
710.3103103103103,68438202.0156898,0.0,99501247.81926759,0.0,0.6666666675600109,0.5128205133755497,3.791274575670778e-42,22203868.149387665,5.2183680220773105e+112,2.1255934771172545e+19,9.661788532351158e+18,-9.968164867797157e-17,4.422345781421449e+111,black
711.1111111111112,68438202.0156898,0.0,99501247.81926759,0.0,0.6666666675600124,0.5128205133755481,3.362155015664044e-42,25037798.79421004,6.906513795243984e+112,2.21242917651607e+19,1.0056496256891226e+19,-4.359589120536845e-16,5.852977792579647e+111,black
711.911911911912,68438202.0156898,0.0,99501247.81926759,0.0,0.6666666675600109,0.5128205133755496,2.9816058224574916e-42,28233430.510467917,9.140775928807351e+112,2.302812326907385e+19,1.046732875866993e+19,4.985655118709701e-17,7.746420278650298e+111,black
712.7127127127128,68438202.0156898,0.0,99501247.81926759,0.0,0.6666666675600109,0.5128205133755496,2.6441295059551052e-42,31836928.03593293,1.2097823454456965e+113,2.3968878503524454e+19,1.0894944774329299e+19,-4.4850372455643786e-17,1.025239275801438e+112,black
713.5135135135135,68438202.0156898,0.0,99501247.81926759,0.0,0.6666666675600108,0.5128205133755497,2.344850815491094e-42,35900348.21979403,1.6011477961499925e+113,2.494806589333582e+19,1.134002995151628e+19,-1.3217165972635574e-15,1.3569049119915192e+112,black
714.3143143143144,68438202.0156898,0.0,99501247.81926759,0.0,0.666666667560011,0.5128205133755495,2.079446310979014e-42,40482392.046363205,2.1191202489978624e+113,2.5967255486180127e+19,1.1803297948263694e+19,3.05571582738026e-17,1.7958646177947989e+112,black
715.1151151151151,68438202.0156898,0.0,99501247.81926759,0.0,0.666666667560011,0.5128205133755495,1.8440819056280857e-42,45649252.64128332,2.804657159393695e+113,2.7028081470021526e+19,1.2285491577282515e+19,-1.1902570238001547e-17,2.3768281011810988e+112,black
715.915915915916,68438202.0156898,0.0,99501247.81926759,0.0,0.666666667560011,0.5128205133755495,1.635357477954735e-42,51475571.51072496,3.7119657487474235e+113,2.813224479340562e+19,1.2787383997002557e+19,-1.0811234316741662e-16,3.145733685379174e+112,black
716.7167167167167,68438202.0156898,0.0,99501247.81926759,0.0,0.6666666675600114,0.5128205133755491,1.4502577529448838e-42,58045516.8275727,4.9127893132054856e+113,2.9281515892791333e+19,1.330977995126879e+19,8.969834732732572e-16,4.1633807739029554e+112,black
717.5175175175176,68438202.0156898,0.0,99501247.81926759,0.0,0.6666666675600113,0.5128205133755492,1.2861087427851753e-42,65453999.34176752,6.502080156341062e+113,3.0477737531303567e+19,1.385351705968344e+19,-2.334812357085039e-17,5.510237420628021e+112,black
718.3183183183183,68438202.0156898,0.0,99501247.81926759,0.0,0.6666666675600113,0.5128205133755492,1.1405391178980024e-42,73808043.48005965,8.605507719584947e+113,3.172282775345327e+19,1.441946716066058e+19,-1.446051001661685e-17,7.292803152190636e+112,black
719.1191191191192,68438202.0156898,0.0,99501247.81926759,0.0,0.6666666675600108,0.5128205133755497,1.0114459502378303e-42,83228333.44238782,1.1389395598210138e+114,3.3018782960568017e+19,1.50085377093491e+19,-3.030885770627567e-15,9.652030167974695e+112,black
719.91991991992,68438202.0156898,0.0,99501247.81926759,0.0,0.6666666675600114,0.5128205133755493,8.96964333970358e-43,93850956.6300674,1.5073873189062452e+114,3.436768111185835e+19,1.5621673232662884e+19,-2.4687396072507542e-17,1.2774468804290214e+113,black
720.7207207207208,68438202.0156898,0.0,99501247.81926759,0.0,0.6666666675600114,0.5128205133755493,7.954404446680497e-43,105829369.59173824,1.995028190570903e+114,3.577168505625839e+19,1.625985684375381e+19,9.585987637580538e-18,1.6907018564160193e+113,black
721.5215215215215,68438202.0156898,0.0,99501247.81926759,0.0,0.6666666675600113,0.5128205133755495,7.05407647830313e-43,119336614.88748664,2.6404212316580715e+114,3.723304600037769e+19,1.6924111818353492e+19,2.5303031433747136e-16,2.2376451115746372e+113,black
722.3223223223224,68438202.0156898,0.0,99501247.81926759,0.0,0.6666666675600113,0.5128205133755495,6.25565311586768e-43,134567820.89644334,3.4945993813726836e+114,3.875410711813004e+19,1.761550323551365e+19,8.778467909141307e-17,2.961524899468376e+113,black
723.1231231231232,68438202.0156898,0.0,99501247.81926759,0.0,0.666666667560011,0.5128205133755497,5.547600175080493e-43,151743020.68053496,4.625104771112231e+114,4.03373073078215e+19,1.8335139685373403e+19,-4.000556565757418e-18,3.919580314501891e+113,black
723.923923923924,68438202.0156898,0.0,99501247.81926759,0.0,0.666666667560011,0.5128205133755497,4.919688980913697e-43,171110330.62631783,6.121329459904635e+114,4.198518510272797e+19,1.9084175046694523e+19,1.334314896723541e-16,5.187567338902234e+113,black
724.7247247247248,68438202.0156898,0.0,99501247.81926759,0.0,0.6666666675600111,0.5128205133755496,4.36284860211158e-43,192949534.7841273,8.101583901562986e+114,4.37003827414261e+19,1.9863810337011855e+19,3.2250685122938514e-15,6.865749069121174e+113,black
725.5255255255256,68438202.0156898,0.0,99501247.81926759,0.0,0.6666666675600111,0.5128205133755495,3.869034810694793e-43,217576126.6846933,1.0722452066003277e+115,4.548565040441029e+19,2.067529563836831e+19,-1.8541544043654977e-18,9.08682378474854e+113,black
726.3263263263264,68438202.0156898,0.0,99501247.81926759,0.0,0.6666666675600111,0.5128205133755495,3.4311138734273703e-43,245345867.02205044,1.4191172948972332e+115,4.7343850623782986e+19,2.1519932101719536e+19,3.3039342160015523e-17,1.2026417753366384e+114,black
727.1271271271272,68438202.0156898,0.0,99501247.81926759,0.0,0.6666666675600111,0.5128205133755495,3.0427594964728345e-43,276659923.04401606,1.8782027508994566e+115,4.927796287309453e+19,2.239907403322478e+19,1.437264795178408e-15,1.5916972465249626e+114,black
727.927927927928,68438202.0156898,0.0,99501247.81926759,0.0,0.6666666675600114,0.5128205133755491,2.698361434482912e-43,311970663.89482117,2.485802679009247e+115,5.129108834468604e+19,2.331413106576638e+19,-9.401663550647403e-17,2.106612439838345e+114,black
728.7287287287288,68438202.0156898,0.0,99501247.81926759,0.0,0.6666666675600114,0.5128205133755491,2.392944443865811e-43,351788195.63067424,3.289961616767066e+115,5.338645492220178e+19,2.4266570419182625e+19,2.023337058986883e-17,2.7881030650568345e+114,black
729.5295295295296,68438202.0156898,0.0,99501247.81926759,0.0,0.6666666675600114,0.5128205133755491,2.1220964094180355e-43,396687730.3143056,4.354266543837802e+115,5.556742235623775e+19,2.5257919252835332e+19,1.7801996800445812e-16,3.6900563930828815e+114,black
730.3303303303304,68438202.0156898,0.0,99501247.81926759,0.0,0.6666666675600141,0.5128205133755463,1.8819046060216194e-43,447317895.6440235,5.762874873131205e+115,5.78374876514311e+19,2.628976711428686e+19,-2.3894549268562473e-17,4.883792265365428e+114,black
731.1311311311312,68438202.0156898,0.0,99501247.81926759,0.0,0.666666667560013,0.5128205133755472,1.6688991746311445e-43,504410105.1596848,7.627169000579073e+115,6.02002906736219e+19,2.7363768488009957e+19,6.279611381654366e-18,6.463702542863621e+114,black
731.931931931932,68438202.0156898,0.0,99501247.81926759,0.0,0.6666666675600124,0.5128205133755478,1.4800029959927071e-43,568789124.3897032,1.009456360654816e+116,6.265961998608556e+19,2.8481645448220713e+19,9.174271897150494e-17,8.554714920803531e+114,black
732.7327327327328,68438202.0156898,0.0,99501247.81926759,0.0,0.6666666675600117,0.5128205133755487,1.3124872379612364e-43,641384985.5795047,1.3360162125542593e+116,6.521941892418469e+19,2.9645190420083958e+19,4.953021452463359e-15,1.132217129283271e+115,black
733.5335335335336,68438202.0156898,0.0,99501247.81926759,0.0,0.6666666675600141,0.5128205133755461,1.1639319342429122e-43,723246423.1242532,1.7682184092139037e+116,6.788379191819039e+19,3.0856269053722915e+19,-3.8979940797342324e-17,1.4984901772999189e+115,black
734.3343343343344,68438202.0156898,0.0,99501247.81926759,0.0,0.666666667560013,0.5128205133755472,1.0321910250760752e-43,815556023.7965255,2.3402383244326845e+116,7.0657011074401346e+19,3.2116823215636984e+19,2.0875759645385054e-17,1.983252817315835e+115,black
735.1351351351352,68438202.0156898,0.0,99501247.81926759,0.0,0.6666666675600122,0.512820513375548,9.153613548206227e-44,919647310.6325219,3.0973070897833526e+116,7.3543523025123164e+19,3.3428874102328726e+19,5.527339250462682e-16,2.624836516765554e+115,black
735.935935935936,68438202.0156898,0.0,99501247.81926759,0.0,0.6666666675600145,0.5128205133755457,8.117551785894528e-44,1037024007.2736287,4.099288140128579e+116,7.654795605847977e+19,3.479452548112717e+19,1.9117531334327674e-16,3.4739730001089656e+115,black
736.7367367367368,68438202.0156898,0.0,99501247.81926759,0.0,0.6666666675600135,0.5128205133755467,7.198757807466221e-44,1169381761.0603464,5.4254107741616995e+116,7.967512753950192e+19,3.6215967063409967e+19,-2.4392768229667767e-17,4.5978057408149995e+115,black
737.5375375375376,68438202.0156898,0.0,99501247.81926759,0.0,0.6666666675600126,0.5128205133755476,6.383958530527076e-44,1318632638.6943111,7.180535025152448e+116,8.293005163437849e+19,3.76954780156266e+19,-3.443826682377861e-17,6.085199173858008e+115,black
738.3383383383384,68438202.0156898,0.0,99501247.81926759,0.0,0.6666666675600155,0.5128205133755448,5.661383201032219e-44,1486932748.3381388,9.503443221845311e+116,8.631794735026926e+19,3.923543061375876e+19,-3.1330670280023924e-15,8.053765442241789e+115,black
739.1391391391392,68438202.0156898,0.0,99501247.81926759,0.0,0.6666666675600138,0.5128205133755465,5.020593350609354e-44,1676713387.1869252,1.2577813875212843e+117,8.9844246903557e+19,4.083829404707137e+19,-1.8888149246293517e-18,1.0659164301027834e+116,black
739.93993993994,68438202.0156898,0.0,99501247.81926759,0.0,0.6666666675600127,0.5128205133755476,4.4523320003469623e-44,1890716164.4761636,1.6646745625396264e+117,9.35146044299693e+19,4.250663837725879e+19,-5.963749172821422e-17,1.410741154694599e+116,black
740.7407407407408,68438202.0156898,0.0,99501247.81926759,0.0,0.6666666675600122,0.5128205133755481,3.9483899326178257e-44,2132032607.3193321,2.203197969582359e+117,9.733490505052414e+19,4.424313865932919e+19,-2.5469010711152847e-15,1.867116923374881e+116,black
741.5415415415416,68438202.0156898,0.0,99501247.81926759,0.0,0.6666666675600141,0.5128205133755462,3.501487099071345e-44,2404148821.5299416,2.915934082493919e+117,1.0131127430784914e+20,4.605057923084054e+19,5.571747184233892e-17,2.471130578384677e+116,black
742.3423423423424,68438202.0156898,0.0,99501247.81926759,0.0,0.666666667560013,0.5128205133755473,3.1051674515932194e-44,2710995852.606095,3.859240835746029e+117,1.0545008798798766e+20,4.793185817635807e+19,-1.1426033134682939e-17,3.270543081140703e+116,black
743.1431431431432,68438202.0156898,0.0,99501247.81926759,0.0,0.6666666675600124,0.5128205133755479,2.753705676936803e-44,3057006474.4038963,5.107707995766151e+117,1.0975798234346059e+20,4.9889991974300295e+19,-3.485991786845635e-16,4.3285660981069056e+116,black
743.943943943944,68438202.0156898,0.0,99501247.81926759,0.0,0.6666666675600141,0.5128205133755461,2.442024487698191e-44,3447179225.878768,6.760055171563651e+117,1.1424186473395518e+20,5.192812033361602e+19,-3.883439865367637e-16,5.728860314884448e+116,black
744.7447447447448,68438202.0156898,0.0,99501247.81926759,0.0,0.6666666675600132,0.5128205133755469,2.1656212748020386e-44,3887150620.983672,8.946937835997704e+117,1.1890892470172103e+20,5.404951122805502e+19,1.0365666024481563e-17,7.58215070847263e+116,black
745.5455455455456,68438202.0156898,0.0,99501247.81926759,0.0,0.6666666675600126,0.5128205133755476,1.9205030619066558e-44,4383276574.881855,1.184127860053601e+118,1.2376664549941423e+20,5.625756613609739e+19,-3.428642415412907e-17,1.0034981864861026e+117,black
746.3463463463464,68438202.0156898,0.0,99501247.81926759,0.0,0.6666666675600132,0.512820513375547,1.7031288220651366e-44,4942724222.774383,1.5671940664601247e+118,1.288228160888924e+20,5.855582549495111e+19,4.699244531559321e-15,1.3281305647967154e+117,black
747.1471471471472,68438202.0156898,0.0,99501247.81926759,0.0,0.6666666675600135,0.5128205133755466,1.5103583233391424e-44,5573575457.774701,2.074182463570037e+118,1.3408554363017824e+20,6.094797437735376e+19,6.990119487625122e-18,1.7577817487881663e+117,black
747.947947947948,68438202.0156898,0.0,99501247.81926759,0.0,0.6666666675600126,0.5128205133755475,1.33940676437719e-44,6284943683.560796,2.7451819683693896e+118,1.395632664806395e+20,6.343784840029068e+19,2.1877631361390028e-17,2.3264253969232108e+117,black
748.7487487487488,68438202.0156898,0.0,99501247.81926759,0.0,0.6666666675600124,0.5128205133755478,1.1878045446150496e-44,7087105468.435,3.633250291051821e+118,1.4526476772520659e+20,6.602943987509391e+19,8.342106329094089e-16,3.079025670382899e+117,black
749.5495495495496,68438202.0156898,0.0,99501247.81926759,0.0,0.6666666675600137,0.5128205133755465,1.0533615879297045e-44,7991649002.69489,4.808609348862071e+118,1.5119918925934294e+20,6.872690420879226e+19,-7.421477167316087e-17,4.0750926685271767e+117,black
750.3503503503504,68438202.0156898,0.0,99501247.81926759,0.0,0.6666666675600128,0.5128205133755475,9.341357043598461e-45,9011641503.957499,6.364197899305337e+118,1.5737604644732843e+20,7.153456656696748e+19,1.432859828687443e-17,5.393388050258759e+117,black
751.1511511511512,68438202.0156898,0.0,99501247.81926759,0.0,0.6666666675600124,0.5128205133755479,8.284045328393749e-45,10161817988.81131,8.42302045415831e+118,1.6380524337938153e+20,7.445692880880976e+19,2.0292391361483548e-16,7.138152927252803e+117,black
751.951951951952,68438202.0156898,0.0,99501247.81926759,0.0,0.6666666675600141,0.5128205133755461,7.34640659623556e-45,11458794137.824924,1.1147873572395352e+119,1.7049708875205883e+20,7.749867670548128e+19,1.5898169663668508e-15,9.447350485080806e+117,black
752.7527527527528,68438202.0156898,0.0,99501247.81926759,0.0,0.6666666675600131,0.5128205133755471,6.514895529630927e-45,12921306329.007751,1.4754218615810693e+119,1.7746231239742223e+20,8.066468745337373e+19,-1.7154093866815603e-17,1.2503575098144654e+118,black
753.5535535535536,68438202.0156898,0.0,99501247.81926759,0.0,0.6666666675600124,0.5128205133755478,5.777499952664608e-45,14570482307.28961,1.952721885025034e+119,1.8471208248744808e+20,8.396003749429458e+19,2.804836209545805e-17,1.6548490551059606e+118,black
754.3543543543544,68438202.0156898,0.0,99501247.81926759,0.0,0.6666666675600116,0.5128205133755487,5.1235673006915797e-45,16430146400.170248,2.5844288061238602e+119,1.922580234412953e+20,8.73900106551342e+19,-2.754455402519588e-16,2.190193903494797e+118,black
755.1551551551552,68438202.0156898,0.0,99501247.81926759,0.0,0.6666666675600109,0.5128205133755495,4.5436507312491655e-45,18527163688.73832,3.420493366281105e+119,2.0011223456410953e+20,9.096010662004978e+19,-7.268280518408707e-17,2.8987231917636485e+118,black
755.955955955956,68438202.0156898,0.0,99501247.81926759,0.0,0.666666667560011,0.5128205133755493,4.0293726530719984e-45,20891828106.03283,4.5270254073343565e+119,2.082873094472904e+20,9.467604974876837e+19,3.708861847670661e-18,3.8364622096053883e+118,black
756.7567567567568,68438202.0156898,0.0,99501247.81926759,0.0,0.6666666675600108,0.5128205133755495,3.5733037017264414e-45,23558300069.282654,5.991521352056683e+119,2.1679635616128395e+20,9.854379825512905e+19,3.9933298492042723e-16,5.077560467844649e+118,black
757.5575575575576,68438202.0156898,0.0,99501247.81926759,0.0,0.666666667560011,0.5128205133755493,3.168855413518749e-45,26565099968.159756,7.929782778327979e+119,2.2565301827332234e+20,1.0256955376060103e+20,-9.68689600743551e-19,6.720154896888121e+118,black
758.3583583583584,68438202.0156898,0.0,99501247.81926759,0.0,0.6666666675600109,0.5128205133755495,2.8101850472254955e-45,29955664638.06394,1.0495073156977279e+120,2.348714967237693e+20,1.0675977123807692e+20,6.8515873596514296e-18,8.894129794048543e+118,black
759.1591591591592,68438202.0156898,0.0,99501247.81926759,0.0,0.6666666675600109,0.5128205133755495,2.4921111786796672e-45,33778974857.37637,1.389023680084374e+120,2.4446657259618648e+20,1.1112116936190293e+20,1.12860938427947e-16,1.1771387119359104e+119,black
759.95995995996,68438202.0156898,0.0,99501247.81926759,0.0,0.6666666675600098,0.5128205133755506,2.2100388488765168e-45,38090262933.62132,1.8383738302490728e+120,2.5445363081759588e+20,1.156607412807254e+20,6.2785584726608155e-15,1.5579439239398926e+119,black
760.7607607607608,68438202.0156898,0.0,99501247.81926759,0.0,0.6666666675600111,0.5128205133755492,1.959893184272454e-45,42951810600.48225,2.433089074157019e+120,2.6484868482697347e+20,1.2038576583044252e+20,-3.752846072368682e-18,2.0619398933534065e+119,black
761.5615615615616,68438202.0156898,0.0,99501247.81926759,0.0,0.6666666675600111,0.5128205133755492,1.738060530343346e-45,48433848752.22909,3.2201951231981833e+120,2.756684022514893e+20,1.2530381920522245e+20,4.907297003910674e-17,2.728978917964562e+119,black
762.3623623623624,68438202.0156898,0.0,99501247.81926759,0.0,0.6666666675600114,0.512820513375549,1.541336248005142e-45,54615572013.336655,4.26193053990971e+120,2.8693013163171175e+20,1.3042278710532357e+20,1.738211413273417e-15,3.611805542296365e+119,black
763.1631631631632,68438202.0156898,0.0,99501247.81926759,0.0,0.6666666675600111,0.5128205133755492,1.3668784187540855e-45,61586282799.93218,5.640668106153631e+120,2.9865193023857466e+20,1.357508773811703e+20,-3.808840058373371e-18,4.7802272086047714e+119,black
763.963963963964,68438202.0156898,0.0,99501247.81926759,0.0,0.6666666675600111,0.5128205133755492,1.2121667897408723e-45,69446681400.44586,7.465428257414748e+120,3.108525930267595e+20,1.4129663319398158e+20,1.2108906168089344e-17,6.326634116453177e+119,black
764.7647647647648,68438202.0156898,0.0,99501247.81926759,0.0,0.6666666675600111,0.5128205133755492,1.0749663656918564e-45,78310320712.20059,9.880499617732176e+120,3.2355168277087145e+20,1.4706894671403247e+20,4.916595951967833e-17,8.373304760789985e+119,black
765.5655655655656,68438202.0156898,0.0,99501247.81926759,0.0,0.6666666675600109,0.5128205133755496,9.532951217181624e-46,88305246649.38759,1.30768482838268e+121,3.3676956143277664e+20,1.5307707337853482e+20,-2.9384708541619253e-15,1.1082074816802374e+120,black
766.3663663663664,68438202.0156898,0.0,99501247.81926759,0.0,0.6666666675600111,0.5128205133755493,8.453953705861073e-46,99575847920.05716,1.730721802076786e+121,3.505274228103447e+20,1.5933064673197493e+20,3.5999876827825807e-17,1.4667133915904967e+120,black
767.1671671671672,68438202.0156898,0.0,99501247.81926759,0.0,0.6666666675600111,0.5128205133755493,7.497083708141579e-46,112284941894.41565,2.290611538170418e+121,3.6484732652000444e+20,1.6583969387272936e+20,-1.6659684416154976e-17,1.94119621878849e+120,black
767.967967967968,68438202.0156898,0.0,99501247.81926759,0.0,0.6666666675600119,0.5128205133755486,6.648518087804919e-46,126616126697.25034,3.031626002805554e+121,3.797522333675332e+20,1.726146515306969e+20,2.4792394640551085e-15,2.5691745786487748e+120,black
768.7687687687688,68438202.0156898,0.0,99501247.81926759,0.0,0.666666667560011,0.5128205133755495,5.895998295425912e-46,142776433503.34018,4.0123591747144977e+121,3.952660421638676e+20,1.79666382801758e+20,3.456155313934216e-17,3.40030438535127e+120,black
769.5695695695696,68438202.0156898,0.0,99501247.81926759,0.0,0.666666667560011,0.5128205133755495,5.228653278905834e-46,160999317351.3811,5.310360226496601e+121,4.114136280448919e+20,1.8700619456585993e+20,-1.9614123503192678e-17,4.5003052766920353e+120,black
770.3703703703704,68438202.0156898,0.0,99501247.81926759,0.0,0.6666666675600111,0.5128205133755493,4.63684243806883e-46,181548029682.39557,7.028265543339771e+121,4.282208823567236e+20,1.9464585561669255e+20,-5.159443591300579e-16,5.95615724011845e+120,black
771.1711711711712,68438202.0156898,0.0,99501247.81926759,0.0,0.6666666675600111,0.5128205133755493,4.1120163546157984e-46,204719421322.91745,9.301914454165922e+121,4.4571475417037275e+20,2.0259761553198757e+20,-2.319129211963764e-17,7.882978350988071e+120,black
771.971971971972,68438202.0156898,0.0,99501247.81926759,0.0,0.6666666675600113,0.5128205133755492,3.646593285509539e-46,230848230851.6878,1.2311090407586301e+122,4.639232934924095e+20,2.1087422431473163e+20,-5.763274835719531e-18,1.043312746405619e+121,black
772.7727727727728,68438202.0156898,0.0,99501247.81926759,0.0,0.6666666675600113,0.5128205133755492,3.233849635592198e-46,260311920300.3886,1.6293736925929711e+122,4.828756962408611e+20,2.1948895283675496e+20,-1.6994493730104214e-16,1.3808251632143823e+121,black
773.5735735735736,68438202.0156898,0.0,99501247.81926759,0.0,0.6666666675600111,0.5128205133755493,2.8678228271783443e-46,293536128046.01465,2.1564772430527502e+122,5.026023510585224e+20,2.2845561411751015e+20,-1.7744797736698322e-15,1.8275230873328394e+121,black
774.3743743743744,68438202.0156898,0.0,99501247.81926759,0.0,0.6666666675600113,0.5128205133755492,2.543225163460397e-46,331000817668.3392,2.8540991676378967e+122,5.2313488803865926e+20,2.3778858547211777e+20,-5.620874755285097e-18,2.4187281081677096e+121,black
775.1751751751752,68438202.0156898,0.0,99501247.81926759,0.0,0.6666666675600113,0.5128205133755492,2.2553674413777853e-46,373247211600.2591,3.777402281872177e+122,5.445062294413278e+20,2.4750283156423983e+20,-1.9698839545410637e-17,3.2011883744679476e+121,black
775.975975975976,68438202.0156898,0.0,99501247.81926759,0.0,0.666666667560011,0.5128205133755495,2.0000912104479545e-46,420885609735.7442,4.9993946114184474e+122,5.667506424815232e+20,2.5761392840069238e+20,-1.722944840942514e-15,4.236775094422413e+121,black
776.7767767767768,68438202.0156898,0.0,99501247.81926759,0.0,0.6666666675600109,0.5128205133755496,1.773708698954741e-46,474604205944.75055,6.61670233023047e+122,5.899037942739141e+20,2.6813808830632467e+20,1.512522916184804e-17,5.607374856127517e+121,black
777.5775775775776,68438202.0156898,0.0,99501247.81926759,0.0,0.6666666675600109,0.5128205133755496,1.5729495396578394e-46,535179029860.0748,8.757210248394033e+122,6.140028090221393e+20,2.7909218591915432e+20,-1.7828460820083562e-17,7.421364617283077e+121,black
778.3783783783784,68438202.0156898,0.0,99501247.81926759,0.0,0.6666666675600108,0.5128205133755497,1.3949135254102324e-46,603485157557.4106,1.1590174003175326e+123,6.390863275444976e+20,2.9049378524749903e+20,-1.0326174204120314e-16,9.822181358623154e+121,black
779.1791791791792,68438202.0156898,0.0,99501247.81926759,0.0,0.666666667560011,0.5128205133755495,1.2370287121834225e-46,680509353080.0442,1.533960355108653e+123,6.651945692313325e+20,3.023611678324239e+20,7.259467391569043e-17,1.2999664026344513e+122,black
779.97997997998,68438202.0156898,0.0,99501247.81926759,0.0,0.666666667560011,0.5128205133755495,1.0970142642470317e-46,767364323430.5667,2.0301976229179536e+123,6.923693965336048e+20,3.147133620607296e+20,-5.8488702554645466e-18,1.7205064600999608e+122,black
780.7807807807808,68438202.0156898,0.0,99501247.81926759,0.0,0.666666667560011,0.5128205133755495,9.728475047578698e-47,865304792959.657,2.686968000427484e+123,7.20654382085903e+20,3.2757017367541055e+20,4.679146822455767e-17,2.2770915257860032e+122,black
781.5815815815816,68438202.0156898,0.0,99501247.81926759,0.0,0.66666666756001,0.5128205133755505,8.62734695763692e-47,975745629366.2557,3.556204063003649e+123,7.500948785716754e+20,3.409522175325797e+20,-2.735947716158385e-15,3.0137322567827533e+122,black
782.3823823823824,68438202.0156898,0.0,99501247.81926759,0.0,0.6666666675600113,0.5128205133755492,7.65085125504569e-47,1100282283160.4565,4.7066386111444965e+123,7.807380914425434e+20,3.548809506557017e+20,-4.7123743627763155e-17,3.9886767891055064e+122,black
783.1831831831832,68438202.0156898,0.0,99501247.81926759,0.0,0.6666666675600113,0.5128205133755492,6.784881286710971e-47,1240713835862.213,6.229239555281023e+123,8.126331546084563e+20,3.693787066402074e+20,2.4637002846469986e-17,5.279016572272054e+122,black
783.983983983984,68438202.0156898,0.0,99501247.81926759,0.0,0.6666666675600113,0.5128205133755492,6.016927076500395e-47,1399068989894.3027,8.244402989681137e+123,8.458312092199052e+20,3.8446873146359316e+20,6.338125530042733e-16,6.986782194645032e+122,black
784.7847847847848,68438202.0156898,0.0,99501247.81926759,0.0,0.6666666675600136,0.5128205133755468,5.335894603614038e-47,1577635375625.2305,1.0911473230889675e+124,8.80385485668647e+20,4.0017522075847583e+20,2.1872072970427306e-16,9.24701121261837e+122,black
785.5855855855856,68438202.0156898,0.0,99501247.81926759,0.0,0.6666666675600127,0.5128205133755475,4.731945536131982e-47,1778992598936.918,1.4441342595382328e+124,9.163513889382937e+20,4.1652335860831525e+20,-2.261518995574844e-17,1.2238425928290112e+123,black
786.3863863863864,68438202.0156898,0.0,99501247.81926759,0.0,0.6666666675600124,0.5128205133755479,4.1963551044942287e-47,2006049506729.7341,1.9113127214272896e+124,9.537865874417477e+20,4.335393579280671e+20,4.4190740437081277e-17,1.6197565435824496e+123,black
787.1871871871872,68438202.0156898,0.0,99501247.81926759,0.0,0.6666666675600157,0.5128205133755446,3.7213860617274454e-47,2262086208708.9897,2.529623748595255e+124,9.927511054877979e+20,4.512505024944536e+20,-2.844755845289686e-15,2.1437489394875054e+123,black
787.987987987988,68438202.0156898,0.0,99501247.81926759,0.0,0.6666666675600139,0.5128205133755461,3.3001769096202626e-47,2550801462508.8965,3.347958833589009e+124,1.0333074195252758e+21,4.696851906933072e+20,-1.1420975504578123e-17,2.8372532488042464e+123,black
788.7887887887888,68438202.0156898,0.0,99501247.81926759,0.0,0.6666666675600128,0.5128205133755472,2.9266427761422183e-47,2876366106688.1987,4.431025901628081e+124,1.0755205583189346e+21,4.888729810540612e+20,-4.2217720019210084e-17,3.755106696294985e+123,black
789.5895895895897,68438202.0156898,0.0,99501247.81926759,0.0,0.6666666675600119,0.5128205133755483,2.595387512159403e-47,3243483313502.2427,5.864465937843511e+124,1.1194582072178607e+21,5.088446396444822e+20,-2.8502374216335243e-15,4.9698863880029765e+123,black
790.3903903903904,68438202.0156898,0.0,99501247.81926759,0.0,0.6666666675600144,0.5128205133755457,2.3016257375805424e-47,3657456531873.915,7.761624847086344e+124,1.1651908166833966e+21,5.296321894015439e+20,2.7581418061766167e-17,6.577648175496902e+123,black
791.1911911911913,68438202.0156898,0.0,99501247.81926759,0.0,0.6666666675600132,0.5128205133755468,2.0411137107944356e-47,4124266102082.4854,1.0272516015197866e+125,1.2127917152507915e+21,5.512689614776327e+20,-2.4920405809476322e-17,8.705522046777855e+123,black
791.991991991992,68438202.0156898,0.0,99501247.81926759,0.0,0.6666666675600125,0.5128205133755478,1.8100880227262865e-47,4650655648960.369,1.359568226517867e+125,1.2623372271055334e+21,5.737896486843334e+20,-5.352421159711772e-16,1.1521764631507353e+124,black
792.7927927927929,68438202.0156898,0.0,99501247.81926759,0.0,0.6666666675600145,0.5128205133755458,1.605211229874043e-47,5244229501652.764,1.7993895164752402e+125,1.3139067944630362e+21,5.972303611195619e+20,-5.780493473916891e-17,1.524906369894272e+124,black
793.5935935935936,68438202.0156898,0.0,99501247.81926759,0.0,0.6666666675600137,0.5128205133755466,1.4235236409292667e-47,5913562547283.536,2.3814933071021353e+125,1.3675831049477528e+21,6.216286840671602e+20,7.030895253807056e-18,2.0182146670357081e+124,black
794.3943943943945,68438202.0156898,0.0,99501247.81926759,0.0,0.6666666675600128,0.5128205133755475,1.2624005604816822e-47,6668324105498.044,3.151908088740185e+125,1.423452224176136e+21,6.470237382618797e+20,-9.148648894440496e-17,2.6711085497798186e+124,black
795.1951951951952,68438202.0156898,0.0,99501247.81926759,0.0,0.6666666675600142,0.512820513375546,1.1195143721421893e-47,7519417613396.502,4.171552601150889e+125,1.4816037337558273e+21,6.734562426162847e+20,4.615048387086913e-15,3.535214068771941e+124,black
795.995995995996,68438202.0156898,0.0,99501247.81926759,0.0,0.6666666675600139,0.5128205133755463,9.928009133287172e-48,8479138138777.586,5.5210528398129375e+125,1.5421308749225685e+21,7.009685795102582e+20,2.338309316216532e-17,4.678858338824526e+124,black
796.7967967967968,68438202.0156898,0.0,99501247.81926759,0.0,0.6666666675600128,0.5128205133755475,8.804296559590414e-48,9561349997157.062,7.307117367187002e+125,1.6051306980449088e+21,7.296048627476856e+20,1.8236413701892902e-17,6.1924723450737325e+124,black
797.5975975975977,68438202.0156898,0.0,99501247.81926759,0.0,0.6666666675600126,0.5128205133755478,7.807772622742173e-48,10781687038456.125,9.670975041718925e+125,1.6707042182366786e+21,7.594110082893992e+20,7.928039093635619e-16,8.195741560778751e+124,black
798.3983983983984,68438202.0156898,0.0,99501247.81926759,0.0,0.6666666675600144,0.512820513375546,6.924041337753328e-48,12157778496736.799,1.2799542358183709e+126,1.7389565773264632e+21,7.904348078756651e+20,-1.262790640273268e-16,1.0847069795070938e+125,black
799.1991991991993,68438202.0156898,0.0,99501247.81926759,0.0,0.6666666675600131,0.5128205133755472,6.140336144942458e-48,13709503665660.422,1.694020343059361e+126,1.8099972124440996e+21,8.227260056564088e+20,2.314519784285941e-17,1.4356104602197976e+125,black
800.0,68438202.0156898,0.0,99501247.81926759,0.0,0.6666666675600125,0.5128205133755477,5.445335481649428e-48,15459279078751.34,2.2420371309049682e+126,1.8839400314941565e+21,8.563363779518893e+20,6.539232105298489e-17,1.9000314668686175e+125,black
