time,S,SR,C,CR,M1,M2,TH1,TH2,TC,Treg,IL10,IFNgamma,IL2,color
0.0,1.0,0.0,0.0,0.0,85000.0,15000.0,71000.0,12000.0,56000.0,8000.0,0.0085,0.12,0.0094,black
0.40080160320641284,1.0426609169094343,0.0,0.027541876071658,0.0,56516.37078409219,14706.969854124718,46678.90252826323,6006.924568490418,8097.811083522461,5359.226582745561,3.3908332867523944e-06,0.011154810367918475,0.0003508045831216839,black
0.8016032064128257,1.0874428607393203,0.0,0.10289055982768007,0.0,37554.80345703908,14415.1783397012,27623.14550960261,3013.7215161190124,1117.4223060234842,3590.1466142918653,1.3728885533610732e-07,0.001456764257207294,4.6685475633764665e-05,black
1.2024048096192386,1.134177539549018,0.0,0.293534539339929,0.0,24953.126041800973,14129.173121681664,15216.663485941344,1512.1563862600556,145.52828560410615,2405.031602273046,9.472248945688836e-08,0.0004042545982302063,2.154528385497497e-05,black
1.6032064128256514,1.1829247506630527,0.0,0.7491339349067174,0.0,16579.830636029954,13848.842097734543,7916.235210542037,757.9435514046255,18.239299474498324,1611.1200035943705,4.535958824843183e-08,0.00018255696678946484,1.1291269711491635e-05,black
2.0040080160320644,1.2337683307905696,0.0,1.7856448427480507,0.0,11016.255177212508,13574.072831124087,3938.4655972584133,379.2952790988264,2.2359004446088084,1079.2785703820512,5.884630117870554e-08,9.031917356305127e-05,5.699931545314553e-06,black
2.404809619238477,1.286797813825949,0.0,4.040163231847166,0.0,7319.599382318661,13304.75519665942,1896.2048370333248,189.45374912615048,0.27092860819537223,722.9991774198145,-8.069903319834587e-10,4.408865546185303e-05,2.7754113613797776e-06,black
2.80561122244489,1.3421069006333226,0.0,8.742497749385947,0.0,4863.404034881795,13040.781071056157,892.1331847469588,94.44216045633249,0.032635264441546484,484.3292106870878,1.1433117149961765e-09,2.1012311109784268e-05,1.31631359201181e-06,black
3.2064128256513027,1.3997934371558027,0.0,18.170017440137734,0.0,3231.418860743999,12782.044666573353,413.1682467611982,46.984089840152016,0.0039201200791981715,324.4458024435462,6.033814086494597e-09,9.824539525031337e-06,6.130005766290806e-07,black
3.6072144288577155,1.4599595390735138,0.0,36.376362165598984,0.0,2147.069531172137,12528.442393352543,189.3264117346269,23.327040487997806,0.0004702141537755631,217.34133030643937,4.058269972556157e-09,4.531855240813279e-06,2.81951452835821e-07,black
4.008016032064129,1.522711746553258,0.0,70.30992454734816,0.0,1426.5887598068975,12279.872945110987,86.14046849036932,11.558453750575259,5.637847784062908e-05,145.5931774073958,-8.84912236469315e-11,2.0712338598262195e-06,1.2860675552091925e-07,black
4.408817635270541,1.5881611976781735,0.0,131.46019979534717,0.0,947.8757967858306,12036.237419549294,39.00728648495834,5.7159124123798275,6.780121901254181e-06,97.53002988914075,9.675391693631296e-10,9.407712872305758e-07,5.833564327738666e-08,black
4.809619238476954,1.6564238169083123,0.0,238.18524406761404,0.0,629.802119187604,11797.43951407425,17.60823146580328,2.821193322382695,8.176888114995843e-07,65.33326910885852,-9.797534595382258e-10,4.255346753302103e-07,2.636279237631579e-08,black
5.210420841683367,1.7276205160184417,0.0,418.8731595224254,0.0,418.463735727119,11563.385789266036,7.932513771558599,1.3898757454706716,8.326249842387322e-08,43.765304454450145,-1.2374680512786629e-09,1.9196450576162332e-07,1.1888396153483588e-08,black
5.61122244488978,1.801877406124284,0.0,716.0731408061237,0.0,278.04266949618295,11333.986084540225,3.568343088167302,0.6834357125258586,7.923327689708476e-09,29.317300645208586,-8.713000017657354e-10,8.642815200185122e-08,5.345626501533459e-09,black
6.012024048096192,1.8793260199257098,0.0,1191.6830395561133,0.0,184.7419772706234,11109.154064967463,1.603727153099865,0.33545371554318326,2.786856030735749e-09,19.638886821904222,9.697352815347263e-12,3.8862821284633346e-08,2.384001649527629e-09,black
6.412825651302605,1.96010354420026,0.0,1933.2164598423324,0.0,122.74971413070814,10888.807944088008,0.7203251256404913,0.16435903224531506,9.812985666813782e-10,13.155538223233618,2.3541873165025368e-11,1.746631629726292e-08,1.1162663528342152e-09,black
6.813627254509019,2.044353062553775,0.0,3061.071846117065,0.0,81.55986350106191,10672.871390296137,0.3234056971685238,0.08038861323824492,2.7193264469121317e-10,8.812501674996696,-8.036853581062427e-10,7.863904960139994e-09,7.4773633267607e-10,black
7.214428857715431,2.1322238087517746,0.0,4736.616058779278,0.0,54.191887412092576,10461.274626602017,0.14516272543511857,0.039251313059517276,6.940283056593036e-11,5.903217347465038,-4.987752210074081e-10,3.5685505898776778e-09,1.6814814723784568e-10,black
7.615230460921844,2.2238714310042114,0.0,7170.771319258475,0.0,36.00763711193629,10253.955718101215,0.06514393511399036,0.01913295881021374,3.1970197008982926e-12,3.954370099326482,-2.9116294583505645e-10,1.481415568022401e-09,-2.361298986104832e-10,black
8.016032064128257,2.319458267646939,0.0,10632.67755714262,0.0,23.925359321983812,10050.862016106048,0.029230371613717977,0.009310931978289796,1.225156559277053e-12,2.6488949024367776,-1.5104001995061428e-10,6.108871426347394e-10,1.6784515776395117e-11,black
8.41683366733467,2.4191536346848403,0.0,15457.902120474935,0.0,15.89744679549661,9851.951726908328,0.01311492131406257,0.004523832727185291,3.797376618896626e-13,1.7743984111340516,-5.691743694303093e-11,7.144724518236281e-10,-3.38261373901743e-11,black
8.817635270541082,2.523134125688837,0.0,22055.602515837592,0.0,10.563391780047423,9657.195543961478,0.005884024240268284,0.0021945060149191307,8.822232311647277e-14,1.1886026293557301,6.879520662355689e-12,3.47942536840867e-10,4.322710314316505e-12,black
9.218436873747494,2.6315839246184334,0.0,30914.023992213733,0.0,7.019216653045439,9466.57827235851,0.002639678568423443,0.0010628900570454145,5.0915592553600736e-15,0.7961980912735924,5.0589228358492746e-11,1.503670528732536e-11,1.0983355913208716e-11,black
9.619238476953909,2.744695132062675,0.0,42603.73775884933,0.0,4.664299588273243,9280.100362518646,0.0011841751767719458,0.0005140249223720953,2.4782881359823273e-15,0.5333406161389935,8.094193749084202e-11,1.2050217943284364e-11,2.3383345561109814e-12,black
10.02004008016032,2.862668105507101,0.0,57778.1070131358,0.0,3.0995636470962706,9097.779264602976,0.0005312217707839638,0.0002482215435334277,2.1383749389638193e-15,0.35726235156093333,1.0238379127416146e-10,3.277657832893251e-11,-2.6238015129593904e-12,black
10.420841683366733,2.9857118142633676,0.0,77170.58765624971,0.0,2.059848024157655,8919.650515824567,0.00023829212492507357,0.00011968932587562298,9.560145983454466e-16,0.2393142027139582,1.178630000759735e-10,1.9774644161383886e-11,5.80244610747686e-14,black
10.821643286573147,3.114044209691013,0.0,101588.63232661023,0.0,1.3689775644593354,8745.768479952823,0.00010690807021067903,5.763499617036306e-05,-6.792472313996446e-16,0.1603055924418679,1.2934001458871073e-10,-1.78115090568575e-11,8.429204973613707e-14,black
11.22244488977956,3.247892611914101,0.0,131904.14837932933,0.0,0.909864053691319,8576.206673971596,4.790347596917274e-05,2.769741499475536e-05,-6.0768469236969e-16,0.10737795215736345,1.3812173719979348e-10,-1.1999360176665205e-11,-8.192387301042384e-13,black
11.623246492985972,3.387494109876188,0.0,169040.77718829567,0.0,0.6047883852930903,8411.057635895015,2.153151859377814e-05,1.3310105732214977e-05,-6.087310376249846e-16,0.07192596111606785,1.4507981500330183e-10,-1.071645937922525e-11,-7.758855602739368e-13,black
12.024048096192384,3.533095984216252,0.0,213958.07926437588,0.0,0.4020502891065624,8250.432311538676,9.673193994546605e-06,6.387029722579516e-06,-6.087310376249846e-16,0.04817874658933122,1.5079772983845853e-10,-1.0123540099380574e-11,-7.165936322894691e-13,black
12.424849699398798,3.6849561442779812,0.0,267633.41205492563,0.0,0.26731077974387357,8094.458962198934,4.346896854575171e-06,3.0612190489169014e-06,-6.087310376249846e-16,0.032271842255780794,1.5566599334029404e-10,-9.857224331195205e-12,-6.899620554709323e-13,black
12.82565130260521,3.8433435848635824,0.0,331042.0174746743,0.0,0.1777552756432671,7943.281626904149,1.9535313337842924e-06,1.4653761656492468e-06,-6.087310376249846e-16,0.02161673201711343,1.5994644182321848e-10,-9.737555782799889e-12,-6.779952006314007e-13,black
13.226452905811623,4.008538861219794,0.0,405136.1467429638,0.0,0.1182341812674097,7797.058200567445,8.812762732871104e-07,7.02440172494399e-07,-6.087310376249846e-16,0.01448048425714627,1.6381485779793224e-10,-9.683942951278287e-12,-6.726339174792406e-13,black
13.627254509018037,4.180834589520101,0.0,490823.71683621075,0.0,0.07865968452246916,7655.958174461681,3.905881982132977e-07,3.335935586115567e-07,-6.087310376249846e-16,0.009699930192871154,1.673898467679493e-10,-9.659408525489464e-12,-6.701804749003582e-13,black
14.02805611222445,4.360535964144233,0.0,588947.7089819312,0.0,0.05234219541319035,7520.160169412884,1.7146308787400296e-07,1.5779644424552535e-07,-6.087310376249846e-16,0.006497322013374909,1.707514017974068e-10,-9.648452262838897e-12,-6.690848486353014e-13,black
14.428857715430862,4.547961295175008,0.0,700266.9715320141,0.0,0.03484105297034813,7389.849362668985,7.651270116804204e-08,7.486202327151442e-08,-6.087310376249846e-16,0.00435221098340932,1.7395379716444037e-10,-9.643704741472391e-12,-6.686100964986509e-13,black
14.829659318637274,4.743442575042122,0.0,825438.6631379144,0.0,0.023199202170676912,7265.214867297612,3.320544254349769e-08,3.5346767647530014e-08,-6.087310376249846e-16,0.002915300553741008,1.7703423498438684e-10,-9.641539377913562e-12,-6.683935601427679e-13,black
15.230460921843688,4.947326066005268,0.0,965003.3903943811,0.0,0.015453166640937616,7146.4472157961245,1.5893661725543066e-08,1.69422161630604e-08,-6.087310376249846e-16,0.0019527981957862723,1.8001842545676423e-10,-9.640673788715046e-12,-6.683070012229161e-13,black
15.6312625250501,5.159972913483288,0.0,1119373.198727634,0.0,0.01029800230715812,7033.736017799189,6.238958869003066e-09,7.621493422186257e-09,-6.087310376249846e-16,0.0013081019607192896,1.8292442847205988e-10,-9.640191053505616e-12,-6.682587277019732e-13,black
16.032064128256515,5.381759785487734,0.0,1288822.7196399283,0.0,0.0068654362789792485,6927.2678743495635,7.209786932368362e-09,4.955167041103308e-09,-6.087310376249846e-16,0.000876212477631184,1.8576521267960115e-10,-9.640239594920025e-12,-6.682635818434142e-13,black
16.432865731462925,5.613079540231926,0.0,1473483.7222496504,0.0,0.004579206099796368,6827.2246229595075,2.4493904287591125e-09,1.910258824886813e-09,-6.087310376249846e-16,0.0005869078813215442,1.8855034449676792e-10,-9.640001575077334e-12,-6.682397798591449e-13,black
16.83366733466934,5.854341921772805,0.0,1673342.9123212334,0.0,0.003056046861445805,6733.781948047156,2.1937514533392113e-09,1.6382213291001682e-09,-6.087310376249846e-16,0.0003931342010870915,1.9128713921689725e-10,-9.639988793129532e-12,-6.68238501664365e-13,black
17.234468937875754,6.105974285846347,0.0,1888242.9693432853,0.0,0.00204066162576507,6647.10839281272,3.0785940819331705e-10,5.725743415692304e-10,-6.087310376249846e-16,0.00026333100132965855,1.9398143503871934e-10,-9.639894498524653e-12,-6.68229072203877e-13,black
17.635270541082164,6.368422356918736,0.0,2117886.567330355,0.0,0.001363550993342225,6567.364782213481,7.049980167083735e-10,4.836939584287887e-10,-6.087310376249846e-16,0.0001763916842375988,1.9663808769411377e-10,-9.639914355455646e-12,-6.682310578969764e-13,black
18.03607214428858,6.642151017541916,0.0,2361843.0527362446,0.0,0.0009116581193953751,6494.70404743664,3.4021891418403587e-10,3.3519514182906265e-10,-6.087310376249846e-16,0.00011814870608044777,1.9926132323636323e-10,-9.639896116500175e-12,-6.682292340014293e-13,black
18.43687374749499,6.927645132086416,0.0,2619557.470198012,0.0,0.0006099650298622894,6429.271441214765,1.1813478269015573e-10,5.651237205070204e-11,-6.087310376249846e-16,7.9138047853243e-05,2.0185495648801818e-10,-9.639885012293526e-12,-6.682281235807643e-13,black
18.837675350701403,7.225410405383245,0.0,2890361.4592102556,0.0,0.00040842135370857237,6371.205103047861,2.085931940037165e-10,1.2442760846146963e-10,-6.087310376249846e-16,5.300880956299294e-05,2.0442254736815527e-10,-9.639889535214136e-12,-6.682285758728253e-13,black
19.238476953907817,7.535974278596887,0.0,3173485.6609149957,0.0,0.00027367622255140703,6320.636945120375,5.998830038726217e-11,3.836452563195548e-11,-6.087310376249846e-16,3.550587046800594e-05,2.0696750077986057e-10,-9.639882104969422e-12,-6.682278328483538e-13,black
19.639278557114228,7.859886869887182,0.0,3468073.275533119,0.0,0.0001835573230342088,6277.693825039112,4.3849983770474104e-11,2.471205872708705e-11,-6.087310376249846e-16,2.3784824808487848e-05,2.09493131952049e-10,-9.639881298053593e-12,-6.682277521567709e-13,black
20.04008016032064,8.19772194711874,0.0,3773194.1508805463,0.0,0.00012316321442120516,6242.498926033273,4.588284587519747e-11,2.372623065904899e-11,-6.087310376249846e-16,1.592635543803896e-05,2.120027137776979e-10,-9.639881399696705e-12,-6.682277623210819e-13,black
20.440881763527056,8.550077928104512,0.0,4087858.948705849,0.0,8.268189545439648e-05,6215.173309240199,1.4277847897954665e-11,1.2465994166347114e-11,-6.087310376249846e-16,1.0660725062005203e-05,2.1449950306844913e-10,-9.639879819446805e-12,-6.682276042960919e-13,black
20.841683366733466,8.91757894141817,0.0,4411033.496827898,0.0,5.561526368190323e-05,6195.83762084138,-7.428112067572025e-13,6.993412268151862e-12,-6.087310376249846e-16,7.143576256491347e-06,2.1698676247916711e-10,-9.639879068413848e-12,-6.682275291927962e-13,black
21.24248496993988,9.300875037207392,0.0,4741653.503477407,0.0,3.7426328566247645e-05,6184.613806013448,5.480086562869129e-12,8.691117626342475e-12,-6.087310376249846e-16,4.7845154794727355e-06,2.1946777622447653e-10,-9.639879379558735e-12,-6.682275603072851e-13,black
21.643286573146295,9.700647917375615,0.0,5078635.536647926,0.0,2.5249807642065488e-05,6181.62758818195,2.8607890303555956e-12,5.4046995219221505e-12,-6.087310376249846e-16,3.2097720206230087e-06,2.219458628441426e-10,-9.639879248593857e-12,-6.682275472107974e-13,black
22.044088176352705,10.117605533682717,0.0,5420895.123452555,0.0,1.70586907879625e-05,6187.009812113013,-1.2375776109759701e-12,2.3469862834697215e-13,-6.087310376249846e-16,2.1544305289978546e-06,2.244243760289901e-10,-9.639879043675525e-12,-6.682275267189643e-13,black
22.44488977955912,10.55248495956313,0.0,5767350.645886688,0.0,1.1565599473689905e-05,6200.897638542421,-1.4592908962585022e-12,1.4120876426843006e-13,-6.087310376249846e-16,1.4499209370811482e-06,2.269067113028573e-10,-9.639879032589861e-12,-6.682275256103978e-13,black
22.845691382765533,11.006057076859118,0.0,6116939.64212385,0.0,7.823565936395757e-06,6223.43791810863,-1.240698025829556e-12,5.05971703669022e-13,-6.087310376249846e-16,9.722963209513783e-07,2.2939632023745869e-10,-9.639879043519505e-12,-6.682275267033621e-13,black
23.246492985971944,11.47912607435608,0.0,6468626.931669943,0.0,5.262285073142705e-06,6254.788579540181,-1.2406980258295566e-12,3.201403928202812e-13,-6.087310376249846e-16,6.471701177113226e-07,2.318967109367066e-10,-9.639879043519505e-12,-6.682275267033621e-13,black
23.647294589178358,11.972541439764505,0.0,6821392.638967708,0.0,3.5211460214486022e-06,6295.121906175558,-1.2406980258295566e-12,-4.8130217467551445e-15,-6.087310376249846e-16,4.2773552787313783e-07,2.344115061486095e-10,-9.639879043519505e-12,-6.682275267033621e-13,black
24.04809619238477,12.487211496823765,0.0,7174248.273858502,0.0,2.3602417262020595e-06,6344.6298124618625,-1.2406980258295566e-12,-6.314495597025907e-14,-6.087310376249846e-16,2.82965460111812e-07,2.36944477140936e-10,-9.639879043519505e-12,-6.682275267033621e-13,black
24.448897795591183,13.02411348399419,0.0,7526219.272699053,0.0,1.5808201682707135e-06,6403.523760919182,-1.2406980258295566e-12,-6.314495597025907e-14,-6.087310376249846e-16,1.8697463904442432e-07,2.3949960035114616e-10,-9.639879043519505e-12,-6.682275267033621e-13,black
24.849699398797597,13.584134804164428,0.0,7876535.927169414,0.0,1.0743374437185165e-06,6472.01099414882,-1.2406980258295566e-12,-6.314495597025907e-14,-6.087310376249846e-16,1.255930030092052e-07,2.420803910486874e-10,-9.639879043519505e-12,-6.682275267033621e-13,black
25.250501002004007,14.168058956109888,0.0,8224544.108454216,0.0,7.531876112309009e-07,6550.278018830008,-1.2406980258295566e-12,-6.314495597025907e-14,-6.087310376249846e-16,8.740328941144013e-08,2.446899339205861e-10,-9.639879043519505e-12,-6.682275267033621e-13,black
25.65130260521042,14.77730902807787,0.0,8569201.65125009,0.0,5.195779732496829e-07,6638.680392498664,-1.2406980258295566e-12,-6.314495597025907e-14,-6.087310376249846e-16,5.97133936747301e-08,2.47333718347352e-10,-9.639879043519505e-12,-6.682275267033621e-13,black
26.052104208416836,15.412326198072096,0.0,8910344.544553833,0.0,3.8379582189258205e-07,6737.354820838934,-1.2406980258295566e-12,-6.314495597025907e-14,-6.087310376249846e-16,4.390774851959675e-08,2.500133534954236e-10,-9.639879043519505e-12,-6.682275267033621e-13,black
26.452905811623246,16.074583675303224,0.0,9247079.563234404,0.0,2.919906609382436e-07,6846.7002842242155,-1.2406980258295566e-12,-6.314495597025907e-14,-6.087310376249846e-16,3.305484418831789e-08,2.5273441398919634e-10,-9.639879043519505e-12,-6.682275267033621e-13,black
26.85370741482966,16.765417696657302,0.0,9578557.884024939,0.0,1.853536269225794e-07,6967.072156931938,-1.2406980258295566e-12,-6.314495597025907e-14,-6.087310376249846e-16,1.9562953403893595e-08,2.5550197847961745e-10,-9.639879043519505e-12,-6.682275267033621e-13,black
27.254509018036075,17.486070168328993,0.0,9904328.059628544,0.0,7.739146642061906e-08,7098.84293224382,-1.2406980258295566e-12,-6.314495597025907e-14,-6.087310376249846e-16,5.440185628130233e-09,2.583205399339112e-10,-9.639879043519505e-12,-6.682275267033621e-13,black
27.655310621242485,18.23774826437896,0.0,10224084.954783523,0.0,8.237206611222898e-09,7242.391406581548,-1.2406980258295566e-12,-6.314495597025907e-14,-6.087310376249846e-16,-3.7707332005830395e-09,2.611943756732036e-10,-9.639879043519505e-12,-6.682275267033621e-13,black
28.0561122244489,19.02170303149347,0.0,10537338.890030138,0.0,-1.5575977953622848e-08,7398.088453902293,-1.2406980258295566e-12,-6.314495597025907e-14,-6.087310376249846e-16,-6.987482332132034e-09,2.641280352572281e-10,-9.639879043519505e-12,-6.682275267033621e-13,black
28.45691382765531,19.839347311526236,0.0,10843764.431058144,0.0,-7.130437097136083e-09,7566.397935254472,-1.2406980258295566e-12,-6.314495597025907e-14,-6.087310376249846e-16,-5.895500282055703e-09,2.67126579130171e-10,-9.639879043519505e-12,-6.682275267033621e-13,black
28.857715430861724,20.692194466596273,0.0,11143138.18594989,0.0,8.304726537059175e-09,7747.841482800593,-1.2406980258295566e-12,-6.314495597025907e-14,-6.087310376249846e-16,-3.89978184140825e-09,2.701953851390283e-10,-9.639879043519505e-12,-6.682275267033621e-13,black
29.258517034068138,21.581661579182768,0.0,11435139.025234243,0.0,1.713304336796046e-08,7942.88539476587,-1.2406980258295566e-12,-6.314495597025907e-14,-6.087310376249846e-16,-2.758308053577781e-09,2.733395271181861e-10,-9.639879043519505e-12,-6.682275267033621e-13,black
29.65931863727455,22.50938550510852,0.0,11719607.013289636,0.0,2.010686989268504e-08,8152.117792444383,-1.2406980258295566e-12,-6.314495597025907e-14,-6.087310376249846e-16,-2.275818427977647e-09,2.765647754842522e-10,-9.639879043519505e-12,-6.682275267033621e-13,black
30.060120240480963,23.476951231018923,0.0,11996344.170788912,0.0,1.4592065440256105e-08,8376.098045406876,-1.2406980258295566e-12,-6.314495597025907e-14,-6.087310376249846e-16,-2.718041190965482e-09,2.7987673625197265e-10,-9.639879043519505e-12,-6.682275267033621e-13,black
30.460921843687377,24.486123267134136,0.0,12265284.19086178,0.0,9.675440158186541e-09,8615.485035350794,-1.2406980258295566e-12,-6.314495597025907e-14,-6.087310376249846e-16,-2.7551839436082017e-09,2.832815844447299e-10,-9.639879043519505e-12,-6.682275267033621e-13,black
30.861723446893787,25.538597498840247,0.0,12526276.56690814,0.0,7.367139746595437e-10,8870.900812412548,-1.2406980258295566e-12,-6.314495597025907e-14,-6.087310376249846e-16,-3.053172677819524e-09,2.867853364601488e-10,-9.639879043519505e-12,-6.682275267033621e-13,black
31.2625250501002,26.6363152181601,0.0,12779300.044440351,0.0,-1.4646363223660874e-08,9143.10526865203,-1.2406980258295566e-12,-6.314495597025907e-14,-6.087310376249846e-16,-4.173256520602926e-09,2.903948747506122e-10,-9.639879043519505e-12,-6.682275267033621e-13,black
31.663326653306616,27.78120208619179,0.0,13024344.364769276,0.0,-3.379744089226718e-08,9432.848830546392,-1.2406980258295566e-12,-6.314495597025907e-14,-6.087310376249846e-16,-5.896528890004408e-09,2.9411699317349124e-10,-9.639879043519505e-12,-6.682275267033621e-13,black
32.06412825651303,28.975283409608338,0.0,13261462.488040147,0.0,-5.022248554539342e-08,9740.937511289754,-1.2406980258295566e-12,-6.314495597025907e-14,-6.087310376249846e-16,-7.52222493661553e-09,2.979588185729404e-10,-9.639879043519505e-12,-6.682275267033621e-13,black
32.46492985971944,30.220684641902128,0.0,13490761.748821672,0.0,-5.478843627538195e-08,10068.233401528207,-1.2406980258295566e-12,-6.314495597025907e-14,-6.087310376249846e-16,-8.006102878836485e-09,3.0192782723562755e-10,-9.639879043519505e-12,-6.682275267033621e-13,black
32.86573146292585,31.51961050662527,0.0,13712238.426185334,0.0,-5.566089171969199e-08,10415.646462420384,-1.2406980258295566e-12,-6.314495597025907e-14,-6.087310376249846e-16,-8.263405182309417e-09,3.060320199580884e-10,-9.639879043519505e-12,-6.682275267033621e-13,black
33.26653306613227,32.874366793074685,0.0,13925950.455299987,0.0,-5.748883254761398e-08,10784.143093819022,-1.2406980258295566e-12,-6.314495597025907e-14,-6.087310376249846e-16,-8.764528703022207e-09,3.102797392734906e-10,-9.639879043519505e-12,-6.682275267033621e-13,black
33.66733466933868,34.287362151751196,0.0,14132031.654863564,0.0,-5.968992511702207e-08,11174.746840090464,-1.2406980258295566e-12,-6.314495597025907e-14,-6.087310376249846e-16,-9.336963642436656e-09,3.146796543953553e-10,-9.639879043519505e-12,-6.682275267033621e-13,black
34.06813627254509,35.7611031318729,0.0,14330652.403769115,0.0,-6.118978702069454e-08,11588.536439293355,-1.2406980258295566e-12,-6.314495597025907e-14,-6.087310376249846e-16,-9.712716354871376e-09,3.192408028317472e-10,-9.639879043519505e-12,-6.682275267033621e-13,black
34.46893787575151,37.298205555786765,0.0,14521974.762759034,0.0,-6.13445335240553e-08,12026.653121125568,-1.2406980258295566e-12,-6.314495597025907e-14,-6.087310376249846e-16,-9.73555498691653e-09,3.239726928132107e-10,-9.639879043519505e-12,-6.682275267033621e-13,black
34.86973947895792,38.90141507541941,0.0,14706071.367855458,0.0,-6.160805329903774e-08,12490.313796167902,-1.2406980258295566e-12,-6.314495597025907e-14,-6.087310376249846e-16,-9.73555498691653e-09,3.2888548840606645e-10,-9.639879043519505e-12,-6.682275267033621e-13,black
35.27054108216433,40.57356361962407,0.0,14883097.269668479,0.0,-6.199957560007788e-08,12980.783112025454,-1.2406980258295566e-12,-6.314495597025907e-14,-6.087310376249846e-16,-9.73555498691653e-09,3.3398961731556463e-10,-9.639879043519505e-12,-6.682275267033621e-13,black
35.671342685370746,42.317585003010855,0.0,15053228.347926447,0.0,-6.236965845341806e-08,13499.383468123857,-1.2406980258295566e-12,-6.314495597025907e-14,-6.087310376249846e-16,-9.73555498691653e-09,3.3929591144526737e-10,-9.639879043519505e-12,-6.682275267033621e-13,black
36.07214428857716,44.13651809677002,0.0,15216655.704007685,0.0,-6.250757944316191e-08,14047.49683438296,-1.2406980258295566e-12,-6.314495597025907e-14,-6.087310376249846e-16,-9.73555498691653e-09,3.448156290364533e-10,-9.639879043519505e-12,-6.682275267033621e-13,black
36.47294589178357,46.03362947747962,0.0,15373543.324577153,0.0,-6.250757944316191e-08,14626.629642274933,-1.2406980258295566e-12,-6.314495597025907e-14,-6.087310376249846e-16,-9.73555498691653e-09,3.505611488309896e-10,-9.639879043519505e-12,-6.682275267033621e-13,black
36.87374749498998,48.01232592780682,0.0,15524058.28491395,0.0,-6.25075794431619e-08,15238.36649067604,-1.2406980258295566e-12,-6.314495597025907e-14,-6.087310376249846e-16,-9.73555498691653e-09,3.5654547484626055e-10,-9.639879043519505e-12,-6.682275267033621e-13,black
37.274549098196395,50.07609362138083,0.0,15668391.741298994,0.0,-6.25075794431619e-08,15884.337969785898,-1.2406980258295566e-12,-6.314495597025907e-14,-6.087310376249846e-16,-9.73555498691653e-09,3.6278189217611626e-10,-9.639879043519505e-12,-6.682275267033621e-13,black
37.675350701402806,52.22854431019063,0.0,15806742.987880332,0.0,-6.25075794431619e-08,16566.245097966006,-1.2406980258295566e-12,-6.314495597025907e-14,-6.087310376249846e-16,-9.73555498691653e-09,3.692842284004803e-10,-9.639879043519505e-12,-6.682275267033621e-13,black
38.07615230460922,54.473450446825574,0.0,15939311.566259852,0.0,-6.25075794431619e-08,17285.87760612133,-1.2406980258295566e-12,-6.314495597025907e-14,-6.087310376249846e-16,-9.73555498691653e-09,3.760670393384207e-10,-9.639879043519505e-12,-6.682275267033621e-13,black
38.476953907815634,56.8148883045465,0.0,16066265.112746093,0.0,-6.25075794431619e-08,18045.18844496277,-1.2406980258295566e-12,-6.314495597025907e-14,-6.087310376249846e-16,-9.73555498691653e-09,3.831463659757368e-10,-9.639879043519505e-12,-6.682275267033621e-13,black
38.877755511022045,59.25701246161348,0.0,16187790.021747077,0.0,-6.25075794431619e-08,18846.176383197322,-1.2406980258295566e-12,-6.314495597025907e-14,-6.087310376249846e-16,-9.73555498691653e-09,3.90538541766883e-10,-9.639879043519505e-12,-6.682275267033621e-13,black
39.278557114228455,61.80411463555354,0.0,16304078.22831372,0.0,-6.25075794431619e-08,19690.91663621756,-1.2406980258295566e-12,-6.314495597025907e-14,-6.087310376249846e-16,-9.73555498691653e-09,3.982605037952404e-10,-9.639879043519505e-12,-6.682275267033621e-13,black
39.67935871743487,64.46063882148854,0.0,16415323.807247927,0.0,-6.250757944316191e-08,20581.568746992798,-1.2406980258295566e-12,-6.314495597025907e-14,-6.087310376249846e-16,-9.73555498691653e-09,4.06329872836062e-10,-9.639879043519505e-12,-6.682275267033621e-13,black
40.08016032064128,67.23136959884184,0.0,16521702.426979462,0.0,-6.250757944316191e-08,21520.462260025866,-1.2406980258295566e-12,-6.314495597025907e-14,-6.087310376249846e-16,-9.73555498691653e-09,4.14765922716257e-10,-9.639879043519505e-12,-6.682275267033621e-13,black
40.480961923847694,70.12136131958916,0.0,16623379.075827798,0.0,-6.250757944316191e-08,22510.064504111087,-1.2406980258295566e-12,-6.314495597025907e-14,-6.087310376249846e-16,-9.73555498691653e-09,4.235892157917284e-10,-9.639879043519505e-12,-6.682275267033621e-13,black
40.88176352705411,73.13571146660135,0.0,16720532.79084724,0.0,-6.250757944316191e-08,23552.877477114012,-1.2406980258295566e-12,-6.314495597025907e-14,-6.087310376249846e-16,-9.73555498691653e-09,4.328204362480476e-10,-9.639879043519505e-12,-6.682275267033621e-13,black
41.28256513026052,76.27969566704272,0.0,16813341.92653054,0.0,-6.250757944316191e-08,24651.499273056295,-1.2406980258295566e-12,-6.314495597025907e-14,-6.087310376249846e-16,-9.73555498691653e-09,4.4248108511849665e-10,-9.639879043519505e-12,-6.682275267033621e-13,black
41.68336673346693,79.55876769237132,0.0,16901984.154808912,0.0,-6.250757944316191e-08,25808.624082115795,-1.2406980258295566e-12,-6.314495597025907e-14,-6.087310376249846e-16,-9.73555498691653e-09,4.5259348028406905e-10,-9.639879043519505e-12,-6.682275267033621e-13,black
42.08416833667335,82.97855945833878,0.0,16986636.46505203,0.0,-6.250757944316191e-08,27027.042190626526,-1.2406980258295566e-12,-6.314495597025907e-14,-6.087310376249846e-16,-9.73555498691653e-09,4.6318075647346934e-10,-9.639879043519505e-12,-6.682275267033621e-13,black
42.48496993987976,86.54519246911137,0.0,17067457.4086294,0.0,-6.250757944316191e-08,28309.75855932312,-1.2406980258295566e-12,-6.314495597025907e-14,-6.087310376249846e-16,-9.73555498691653e-09,4.74268411048567e-10,-9.639879043519505e-12,-6.682275267033621e-13,black
42.88577154308617,90.26532953942551,0.0,17144584.150228728,0.0,-6.250757944316191e-08,29660.01251586991,-1.2406980258295566e-12,-6.314495597025907e-14,-6.087310376249846e-16,-9.73555498691653e-09,4.85884560716115e-10,-9.639879043519505e-12,-6.682275267033621e-13,black
43.28657314629259,94.14554397806923,0.0,17218168.43072447,0.0,-6.250757944316191e-08,31081.03757978517,-1.2406980258295566e-12,-6.314495597025907e-14,-6.087310376249846e-16,-9.73555498691653e-09,4.980568106065591e-10,-9.639879043519505e-12,-6.682275267033621e-13,black
43.687374749499,98.19263773246837,0.0,17288358.429745454,0.0,-6.250757944316191e-08,32576.182591799414,-1.2406980258295566e-12,-6.314495597025907e-14,-6.087310376249846e-16,-9.73555498691653e-09,5.108138333157997e-10,-9.639879043519505e-12,-6.682275267033621e-13,black
44.08817635270541,102.41364470585725,0.0,17355298.5765629,0.0,-6.250757944316191e-08,34148.91297682438,-1.2406980258295566e-12,-6.314495597025907e-14,-6.087310376249846e-16,-9.73555498691653e-09,5.241853853692492e-10,-9.639879043519505e-12,-6.682275267033621e-13,black
44.48897795591183,106.81583075727842,0.0,17419129.550090447,0.0,-6.250757944316191e-08,35802.81074395299,-1.2406980258295566e-12,-6.314495597025907e-14,-6.087310376249846e-16,-9.73555498691653e-09,5.382023072218319e-10,-9.639879043519505e-12,-6.682275267033621e-13,black
44.88977955911824,111.406998473236,0.0,17479985.045928627,0.0,-6.250757944316191e-08,37541.643289109124,-1.2406980258295566e-12,-6.314495597025907e-14,-6.087310376249846e-16,-9.73555498691653e-09,5.528978924456425e-10,-9.639879043519505e-12,-6.682275267033621e-13,black
45.29058116232465,116.19575782035687,0.0,17537988.905336715,0.0,-6.250757944316191e-08,39369.42449528485,-1.2406980258295566e-12,-6.314495597025907e-14,-6.087310376249846e-16,-9.73555498691653e-09,5.683091036379218e-10,-9.639879043519505e-12,-6.682275267033621e-13,black
45.69138276553107,121.19059008128248,0.0,17593265.044809707,0.0,-6.250757944316191e-08,41290.20341468853,-1.2406980258295566e-12,-6.314495597025907e-14,-6.087310376249846e-16,-9.73555498691653e-09,5.844723671499565e-10,-9.639879043519505e-12,-6.682275267033621e-13,black
46.09218436873748,126.400259807711,0.0,17645933.086164515,0.0,-6.250757944316191e-08,43308.15726775108,-1.2406980258295566e-12,-6.314495597025907e-14,-6.087310376249846e-16,-9.73555498691653e-09,6.014254237874839e-10,-9.639879043519505e-12,-6.682275267033621e-13,black
46.49298597194389,131.83383147185324,0.0,17696108.179904774,0.0,-6.250757944316191e-08,45427.595202216806,-1.2406980258295566e-12,-6.314495597025907e-14,-6.087310376249846e-16,-9.73555498691653e-09,6.192074036174116e-10,-9.639879043519505e-12,-6.682275267033621e-13,black
46.8937875751503,137.50066946643227,0.0,17743901.005220793,0.0,-6.250757944316191e-08,47652.95829314324,-1.2406980258295566e-12,-6.314495597025907e-14,-6.087310376249846e-16,-9.73555498691653e-09,6.37858825967816e-10,-9.639879043519505e-12,-6.682275267033621e-13,black
47.294589178356716,143.41073201488305,0.0,17789418.392693587,0.0,-6.250757944316191e-08,49988.8293387085,-1.2406980258295566e-12,-6.314495597025907e-14,-6.087310376249846e-16,-9.73555498691653e-09,6.574227075952569e-10,-9.639879043519505e-12,-6.682275267033621e-13,black
47.69539078156313,149.5751265650983,0.0,17832764.501000922,0.0,-6.250757944316191e-08,52439.951371069576,-1.2406980258295566e-12,-6.314495597025907e-14,-6.087310376249846e-16,-9.73555498691653e-09,6.77946656757037e-10,-9.639879043519505e-12,-6.682275267033621e-13,black
48.09619238476954,156.00480274333609,0.0,17874038.04769448,0.0,-6.250757944316191e-08,55011.1840934932,-1.2406980258295566e-12,-6.314495597025907e-14,-6.087310376249846e-16,-9.73555498691653e-09,6.994779450877143e-10,-9.639879043519505e-12,-6.682275267033621e-13,black
48.496993987975955,162.71104996995243,0.0,17913333.363492317,0.0,-6.250757944316191e-08,57707.520465516165,-1.2406980258295566e-12,-6.314495597025907e-14,-6.087310376249846e-16,-9.73555498691653e-09,7.220653838235084e-10,-9.639879043519505e-12,-6.682275267033621e-13,black
48.897795591182366,169.7055449984972,0.0,17950740.492999386,0.0,-6.250757944316191e-08,60534.08828738778,-1.2406980258295566e-12,-6.314495597025907e-14,-6.087310376249846e-16,-9.73555498691653e-09,7.457595030450506e-10,-9.639879043519505e-12,-6.682275267033621e-13,black
49.298597194388776,177.0003519157149,0.0,17986345.19470753,0.0,-6.250757944316191e-08,63496.150200070064,-1.2406980258295566e-12,-6.314495597025907e-14,-6.087310376249846e-16,-9.73555498691653e-09,7.706125516773866e-10,-9.639879043519505e-12,-6.682275267033621e-13,black
49.699398797595194,184.60819634793816,0.0,18020230.08415225,0.0,-6.250757944316191e-08,66599.0555315823,-1.2406980258295566e-12,-6.314495597025907e-14,-6.087310376249846e-16,-9.73555498691653e-09,7.966792474673375e-10,-9.639879043519505e-12,-6.682275267033621e-13,black
50.100200400801604,192.54338562827246,0.0,18052478.470057152,0.0,-6.250757944316191e-08,69848.07870553326,-1.2406980258295566e-12,-6.314495597025907e-14,-6.087310376249846e-16,-9.73555498691653e-09,8.240192937175157e-10,-9.639879043519505e-12,-6.682275267033621e-13,black
50.501002004008015,200.82007115371437,0.0,18083167.11016221,0.0,-6.250757944316191e-08,73248.7243903031,-1.2406980258295566e-12,-6.314495597025907e-14,-6.087310376249846e-16,-9.73555498691653e-09,8.526926266880798e-10,-9.639879043519505e-12,-6.682275267033621e-13,black
50.90180360721443,209.45279709903292,0.0,18112368.498792563,0.0,-6.250757944316191e-08,76806.63113885684,-1.2406980258295566e-12,-6.314495597025907e-14,-6.087310376249846e-16,-9.73555498691653e-09,8.827609163749774e-10,-9.639879043519505e-12,-6.682275267033621e-13,black
51.30260521042084,218.4566085289127,0.0,18140151.31757418,0.0,-6.250757944316191e-08,80527.55240306394,-1.2406980258295566e-12,-6.314495597025907e-14,-6.087310376249846e-16,-9.73555498691653e-09,9.142878622056749e-10,-9.639879043519505e-12,-6.682275267033621e-13,black
51.703406813627254,227.84705139795489,0.0,18166580.435433898,0.0,-6.250757944316191e-08,84417.35653369871,-1.2406980258295566e-12,-6.314495597025907e-14,-6.087310376249846e-16,-9.73555498691653e-09,9.473391930391605e-10,-9.639879043519505e-12,-6.682275267033621e-13,black
52.10420841683367,237.64044379522358,0.0,18191718.149450257,0.0,-6.250757944316191e-08,88481.92417322367,-1.2406980258295566e-12,-6.314495597025907e-14,-6.087310376249846e-16,-9.73555498691653e-09,9.819830648234555e-10,-9.639879043519505e-12,-6.682275267033621e-13,black
52.50501002004008,247.85536975013446,0.0,18215631.01850366,0.0,-6.250757944316191e-08,92726.58317433126,-1.2406980258295566e-12,-6.314495597025907e-14,-6.087310376249846e-16,-9.73555498691653e-09,1.0182922505866713e-09,-9.639879043519505e-12,-6.682275267033621e-13,black
52.90581162324649,258.51017181557484,0.0,18238378.392703205,0.0,-6.250757944316191e-08,97157.05711326686,-1.2406980258295566e-12,-6.314495597025907e-14,-6.087310376249846e-16,-9.73555498691653e-09,1.056340464443638e-09,-9.639879043519505e-12,-6.682275267033621e-13,black
53.30661322645291,269.6235803036317,0.0,18260015.291924596,0.0,-6.250757944316191e-08,101779.22726061376,-1.2406980258295566e-12,-6.314495597025907e-14,-6.087310376249846e-16,-9.73555498691653e-09,1.0962032840856505e-09,-9.639879043519505e-12,-6.682275267033621e-13,black
53.70741482965932,281.2149604253062,0.0,18280593.536389627,0.0,-6.250757944316191e-08,106599.03909252591,-1.2406980258295566e-12,-6.314495597025907e-14,-6.087310376249846e-16,-9.73555498691653e-09,1.1379585130991412e-09,-9.639879043519505e-12,-6.682275267033621e-13,black
54.10821643286573,293.3043122905151,0.0,18300161.746666204,0.0,-6.250757944316191e-08,111622.50229072841,-1.2406980258295566e-12,-6.314495597025907e-14,-6.087310376249846e-16,-9.73555498691653e-09,1.1816861809656823e-09,-9.639879043519505e-12,-6.682275267033621e-13,black
54.50901803607215,305.91227090809014,0.0,18318765.343668338,0.0,-6.250757944316191e-08,116855.69074251725,-1.2406980258295566e-12,-6.314495597025907e-14,-6.087310376249846e-16,-9.73555498691653e-09,1.2274685430619846e-09,-9.639879043519505e-12,-6.682275267033621e-13,black
54.90981963927856,319.06095243252184,0.0,18336449.5544271,0.0,-6.250757944316191e-08,122304.32208647292,-1.2406980258295566e-12,-6.314495597025907e-14,-6.087310376249846e-16,-9.73555498691653e-09,1.2753902827228289e-09,-9.639879043519505e-12,-6.682275267033621e-13,black
55.31062124248497,332.775685118955,0.0,18353265.56024338,0.0,-6.250757944316191e-08,127972.89769444536,-1.2406980258295566e-12,-6.314495597025907e-14,-6.087310376249846e-16,-9.73555498691653e-09,1.3255389245505996e-09,-9.639879043519505e-12,-6.682275267033621e-13,black
55.71142284569139,347.08091649810797,0.0,18369255.959444642,0.0,-6.250757944316191e-08,133866.73617520693,-1.2406980258295566e-12,-6.314495597025907e-14,-6.087310376249846e-16,-9.73555498691653e-09,1.3780038571491996e-09,-9.639879043519505e-12,-6.682275267033621e-13,black
56.1122244488978,362.00177712849165,0.0,18384460.32165269,0.0,-6.250757944316191e-08,139991.19643046122,-1.2406980258295566e-12,-6.314495597025907e-14,-6.087310376249846e-16,-9.73555498691653e-09,1.4328767065096605e-09,-9.639879043519505e-12,-6.682275267033621e-13,black
56.51302605210421,377.56424995808186,0.0,18398915.78933682,0.0,-6.250757944316191e-08,146351.5935081798,-1.2406980258295566e-12,-6.314495597025907e-14,-6.087310376249846e-16,-9.73555498691653e-09,1.4902513764495558e-09,-9.639879043519505e-12,-6.682275267033621e-13,black
56.91382765531062,393.7951703243185,0.0,18412657.0778138,0.0,-6.250757944316191e-08,152953.19860260165,-1.2406980258295566e-12,-6.314495597025907e-14,-6.087310376249846e-16,-9.73555498691653e-09,1.5502240486129965e-09,-9.639879043519505e-12,-6.682275267033621e-13,black
57.31462925851704,410.72222595410614,0.0,18425716.475247886,0.0,-6.250757944316191e-08,159801.23905423345,-1.2406980258295566e-12,-6.314495597025907e-14,-6.087310376249846e-16,-9.73555498691653e-09,1.6128931824706337e-09,-9.639879043519505e-12,-6.682275267033621e-13,black
57.71543086172345,428.375775937879,0.0,18438127.67837825,0.0,-6.250757944316191e-08,166899.95988092964,-1.2406980258295566e-12,-6.314495597025907e-14,-6.087310376249846e-16,-9.73555498691653e-09,1.678357479607059e-09,-9.639879043519505e-12,-6.682275267033621e-13,black
58.11623246492986,446.78951343029684,0.0,18449927.189976618,0.0,-6.250757944316191e-08,174252.28186867328,-1.2406980258295566e-12,-6.314495597025907e-14,-6.087310376249846e-16,-9.73555498691653e-09,1.7467151420565e-09,-9.639879043519505e-12,-6.682275267033621e-13,black
58.517034068136276,465.996039457743,0.0,18461144.98519692,0.0,-6.250757944316191e-08,181862.08519077077,-1.2406980258295566e-12,-6.314495597025907e-14,-6.087310376249846e-16,-9.73555498691653e-09,1.818068825895057e-09,-9.639879043519505e-12,-6.682275267033621e-13,black
58.91783567134269,486.02904652030657,0.0,18471809.116204962,0.0,-6.250757944316191e-08,189733.08281532268,-1.2406980258295566e-12,-6.314495597025907e-14,-6.087310376249846e-16,-9.73555498691653e-09,1.892523197453214e-09,-9.639879043519505e-12,-6.682275267033621e-13,black
59.3186372745491,506.92336235760536,0.0,18481945.80446881,0.0,-6.250757944316191e-08,197868.79792498882,-1.2406980258295566e-12,-6.314495597025907e-14,-6.087310376249846e-16,-9.73555498691653e-09,1.9701848843351412e-09,-9.639879043519505e-12,-6.682275267033621e-13,black
59.719438877755515,528.7149499487853,0.0,18491579.440758776,0.0,-6.250757944316191e-08,206272.5639169879,-1.2406980258295566e-12,-6.314495597025907e-14,-6.087310376249846e-16,-9.73555498691653e-09,2.051162475418691e-09,-9.639879043519505e-12,-6.682275267033621e-13,black
60.120240480961925,551.4409120034104,0.0,18500732.590844736,0.0,-6.250757944316191e-08,214947.5226569615,-1.2406980258295566e-12,-6.314495597025907e-14,-6.087310376249846e-16,-9.73555498691653e-09,2.1355665122536638e-09,-9.639879043519505e-12,-6.682275267033621e-13,black
60.521042084168336,575.143114876794,0.0,18509430.59293908,0.0,-6.250757944316191e-08,223895.21543856864,-1.2406980258295566e-12,-6.314495597025907e-14,-6.087310376249846e-16,-9.73555498691653e-09,2.2235025479151616e-09,-9.639879043519505e-12,-6.682275267033621e-13,black
60.92184368737475,599.8660217953463,0.0,18517698.8088403,0.0,-6.250757944316191e-08,233116.42546261573,-1.2406980258295566e-12,-6.314495597025907e-14,-6.087310376249846e-16,-9.73555498691653e-09,2.3150752971835e-09,-9.639879043519505e-12,-6.682275267033621e-13,black
61.322645290581164,625.6532816806941,0.0,18525558.296379797,0.0,-6.250757944316191e-08,242612.5041607173,-1.2406980258295566e-12,-6.314495597025907e-14,-6.087310376249846e-16,-9.73555498691653e-09,2.4103951702156378e-09,-9.639879043519505e-12,-6.682275267033621e-13,black
61.723446893787575,652.5500550150646,0.0,18533028.760107066,0.0,-6.250757944316191e-08,252384.46685896334,-1.2406980258295566e-12,-6.314495597025907e-14,-6.087310376249846e-16,-9.73555498691653e-09,2.5095738176473024e-09,-9.639879043519505e-12,-6.682275267033621e-13,black
62.12424849699399,680.6030138412842,0.0,18540128.551289722,0.0,-6.250757944316191e-08,262432.99277791864,-1.2406980258295566e-12,-6.314495597025907e-14,-6.087310376249846e-16,-9.73555498691653e-09,2.6127241305929893e-09,-9.639879043519505e-12,-6.682275267033621e-13,black
62.5250501002004,709.8603417627776,0.0,18546874.667913474,0.0,-6.250757944316191e-08,272758.4250326224,-1.2406980258295566e-12,-6.314495597025907e-14,-6.087310376249846e-16,-9.73555498691653e-09,2.719960240645952e-09,-9.639879043519505e-12,-6.682275267033621e-13,black
62.92585170340681,740.3719306013704,0.0,18553282.903150115,0.0,-6.250757944316191e-08,283360.7341573258,-1.2406980258295566e-12,-6.314495597025907e-14,-6.087310376249846e-16,-9.73555498691653e-09,2.8313971044157497e-09,-9.639879043519505e-12,-6.682275267033621e-13,black
63.32665330661323,772.1952932787458,0.0,18559372.30932222,0.0,-6.250757944316191e-08,294238.42140904575,-1.2406980258295566e-12,-6.314495597025907e-14,-6.087310376249846e-16,-9.73555498691653e-09,2.9471380118786937e-09,-9.639879043519505e-12,-6.682275267033621e-13,black
63.72745490981964,805.389040706461,0.0,18565160.27324282,0.0,-6.250757944316191e-08,305389.72864663723,-1.2406980258295566e-12,-6.314495597025907e-14,-6.087310376249846e-16,-9.73555498691653e-09,3.0672883672060983e-09,-9.639879043519505e-12,-6.682275267033621e-13,black
64.12825651302606,840.0116967932951,0.0,18570661.621598203,0.0,-6.250757944316191e-08,316812.8581182589,-1.2406980258295566e-12,-6.314495597025907e-14,-6.087310376249846e-16,-9.73555498691653e-09,3.1919581921990454e-09,-9.639879043519505e-12,-6.682275267033621e-13,black
64.52905811623246,876.1237998772743,0.0,18575890.20743641,0.0,-6.250757944316191e-08,328505.5826965761,-1.2406980258295566e-12,-6.314495597025907e-14,-6.087310376249846e-16,-9.73555498691653e-09,3.3212576867688808e-09,-9.639879043519505e-12,-6.682275267033621e-13,black
64.92985971943888,913.7879027256788,0.0,18580858.91016725,0.0,-6.250757944316191e-08,340465.24587876286,-1.2406980258295566e-12,-6.314495597025907e-14,-6.087310376249846e-16,-9.73555498691653e-09,3.4552972289372418e-09,-9.639879043519505e-12,-6.682275267033621e-13,black
65.3306613226453,953.0685725350345,0.0,18585579.63556229,0.0,-6.250757944316191e-08,352688.7617864996,-1.2406980258295566e-12,-6.314495597025907e-14,-6.087310376249846e-16,-9.73555498691653e-09,3.594187374836028e-09,-9.639879043519505e-12,-6.682275267033621e-13,black
65.7314629258517,994.0332841448546,0.0,18590063.68023268,0.0,-6.250757944316191e-08,365172.6139918067,-1.2406980258295566e-12,-6.314495597025907e-14,-6.087310376249846e-16,-9.73555498691653e-09,3.738037260494726e-09,-9.639879043519505e-12,-6.682275267033621e-13,black
66.13226452905812,1036.76037539272,0.0,18594324.977829326,0.0,-6.250757944316191e-08,377912.8450593924,-1.2406980258295566e-12,-6.314495597025907e-14,-6.087310376249846e-16,-9.73555498691653e-09,3.886940367454059e-09,-9.639879043519505e-12,-6.682275267033621e-13,black
66.53306613226454,1081.3273169898928,0.0,18598375.312539786,0.0,-6.250757944316191e-08,390905.07196639903,-1.2406980258295566e-12,-6.314495597025907e-14,-6.087310376249846e-16,-9.73555498691653e-09,4.040995511285127e-09,-9.639879043519505e-12,-6.682275267033621e-13,black
66.93386773547094,1127.8125732769158,0.0,18602225.07837372,0.0,-6.250757944316191e-08,404144.48365636123,-1.2406980258295566e-12,-6.314495597025907e-14,-6.087310376249846e-16,-9.73555498691653e-09,4.2003035121699456e-09,-9.639879043519505e-12,-6.682275267033621e-13,black
67.33466933867736,1176.2972925993483,0.0,18605883.96892439,0.0,-6.250757944316191e-08,417625.8388171366,-1.2406980258295566e-12,-6.314495597025907e-14,-6.087310376249846e-16,-9.73555498691653e-09,4.36496417033989e-09,-9.639879043519505e-12,-6.682275267033621e-13,black
67.73547094188378,1226.8653073077562,0.0,18609360.977368698,0.0,-6.250757944316191e-08,431343.465880903,-1.2406980258295566e-12,-6.314495597025907e-14,-6.087310376249846e-16,-9.73555498691653e-09,4.535076266075669e-09,-9.639879043519505e-12,-6.682275267033621e-13,black
68.13627254509018,1279.603133757716,0.0,18612664.396467164,0.0,-6.250757944316191e-08,445291.2630241598,-1.2406980258295566e-12,-6.314495597025907e-14,-6.087310376249846e-16,-9.73555498691653e-09,4.710737559707338e-09,-9.639879043519505e-12,-6.682275267033621e-13,black
68.5370741482966,1334.6025446151473,0.0,18615802.393120736,0.0,-6.250757944316191e-08,459462.9573670435,-1.2406980258295566e-12,-6.314495597025907e-14,-6.087310376249846e-16,-9.73555498691653e-09,4.89204169520455e-09,-9.639879043519505e-12,-6.682275267033621e-13,black
68.93787575150301,1391.9693399107146,0.0,18618784.967496328,0.0,-6.250757944316191e-08,473852.98879192135,-1.2406980258295566e-12,-6.314495597025907e-14,-6.087310376249846e-16,-9.73555498691653e-09,5.079067642029185e-09,-9.639879043519505e-12,-6.682275267033621e-13,black
69.33867735470942,1451.8062567197421,0.0,18621620.135688458,0.0,-6.250757944316191e-08,488454.78783086105,-1.2406980258295566e-12,-6.314495597025907e-14,-6.087310376249846e-16,-9.73555498691653e-09,5.27190026758982e-09,-9.639879043519505e-12,-6.682275267033621e-13,black
69.73947895791584,1514.2184891583356,0.0,18624315.16267995,0.0,-6.250757944316191e-08,503261.3318901167,-1.2406980258295566e-12,-6.314495597025907e-14,-6.087310376249846e-16,-9.73555498691653e-09,5.470623692552357e-09,-9.639879043519505e-12,-6.682275267033621e-13,black
70.14028056112225,1579.3148073737716,0.0,18626876.812282536,0.0,-6.250757944316191e-08,518265.25800561445,-1.2406980258295566e-12,-6.314495597025907e-14,-6.087310376249846e-16,-9.73555498691653e-09,5.675319943856486e-09,-9.639879043519505e-12,-6.682275267033621e-13,black
70.54108216432866,1647.2075575445028,0.0,18629311.347136848,0.0,-6.250757944316191e-08,533458.8628429545,-1.2406980258295566e-12,-6.314495597025907e-14,-6.087310376249846e-16,-9.73555498691653e-09,5.8860689547157064e-09,-9.639879043519505e-12,-6.682275267033621e-13,black
70.94188376753507,1718.0126618801671,0.0,18631624.52871243,0.0,-6.250757944316191e-08,548834.102697412,-1.2406980258295566e-12,-6.314495597025907e-14,-6.087310376249846e-16,-9.73555498691653e-09,6.102948564617346e-09,-9.639879043519505e-12,-6.682275267033621e-13,black
71.34268537074149,1791.8438755280504,0.0,18633820.911889963,0.0,-6.250757944316191e-08,564381.9063454042,-1.2406980258295566e-12,-6.314495597025907e-14,-6.087310376249846e-16,-9.73555498691653e-09,6.326038120222718e-09,-9.639879043519505e-12,-6.682275267033621e-13,black
71.7434869739479,1868.8734092761815,0.0,18635911.291180257,0.0,-6.250757944316191e-08,580099.4284178148,-1.2406980258295566e-12,-6.314495597025907e-14,-6.087310376249846e-16,-9.73555498691653e-09,6.555380465137555e-09,-9.639879043519505e-12,-6.682275267033621e-13,black
72.14428857715431,1949.215393271364,0.0,18637898.38670274,0.0,-6.250757944316191e-08,595976.1060897203,-1.2406980258295566e-12,-6.314495597025907e-14,-6.087310376249846e-16,-9.73555498691653e-09,6.79105500776627e-09,-9.639879043519505e-12,-6.682275267033621e-13,black
72.54509018036072,2033.0126793922543,0.0,18639787.506024107,0.0,-6.250757944316191e-08,612004.0447937464,-1.2406980258295566e-12,-6.314495597025907e-14,-6.087310376249846e-16,-9.73555498691653e-09,7.033123296517857e-09,-9.639879043519505e-12,-6.682275267033621e-13,black
72.94589178356713,2120.41217790902,0.0,18641583.514787752,0.0,-6.250757944316191e-08,628175.0673055493,-1.2406980258295566e-12,-6.314495597025907e-14,-6.087310376249846e-16,-9.73555498691653e-09,7.281644483636866e-09,-9.639879043519505e-12,-6.682275267033621e-13,black
73.34669338677355,2211.565031813433,0.0,18643290.858126514,0.0,-6.250757944316191e-08,644480.7346020254,-1.2406980258295566e-12,-6.314495597025907e-14,-6.087310376249846e-16,-9.73555498691653e-09,7.53667521589895e-09,-9.639879043519505e-12,-6.682275267033621e-13,black
73.74749498997996,2306.626791148989,0.0,18644913.582075473,0.0,-6.250757944316191e-08,660912.3667195287,-1.2406980258295566e-12,-6.314495597025907e-14,-6.087310376249846e-16,-9.73555498691653e-09,7.798269525306504e-09,-9.639879043519505e-12,-6.682275267033621e-13,black
74.14829659318637,2405.7680134194666,0.0,18646456.012552366,0.0,-6.250757944316191e-08,677462.0093319016,-1.2406980258295566e-12,-6.314495597025907e-14,-6.087310376249846e-16,-9.73555498691653e-09,8.066476648977469e-09,-9.639879043519505e-12,-6.682275267033621e-13,black
74.54909819639279,2509.173371983597,0.0,18647922.70954231,0.0,-6.250757944316191e-08,694122.3579207256,-1.2406980258295566e-12,-6.314495597025907e-14,-6.087310376249846e-16,-9.73555498691653e-09,8.341341131554854e-09,-9.639879043519505e-12,-6.682275267033621e-13,black
74.9498997995992,2617.025555669641,0.0,18649317.4620723,0.0,-6.250757944316191e-08,710885.3024005498,-1.2406980258295566e-12,-6.314495597025907e-14,-6.087310376249846e-16,-9.73555498691653e-09,8.622905948353791e-09,-9.639879043519505e-12,-6.682275267033621e-13,black
75.35070140280561,2729.514759486474,0.0,18650643.897203527,0.0,-6.250757944316191e-08,727742.7930394296,-1.2406980258295566e-12,-6.314495597025907e-14,-6.087310376249846e-16,-9.73555498691653e-09,8.911210545656238e-09,-9.639879043519505e-12,-6.682275267033621e-13,black
75.75150300601203,2846.8390666799437,0.0,18651905.514545355,0.0,-6.250757944316191e-08,744686.880159396,-1.2406980258295566e-12,-6.314495597025907e-14,-6.087310376249846e-16,-9.73555498691653e-09,9.206290690148357e-09,-9.639879043519505e-12,-6.682275267033621e-13,black
76.15230460921843,2969.2048049354444,0.0,18653105.719138697,0.0,-6.250757944316191e-08,761709.7514918025,-1.2406980258295566e-12,-6.314495597025907e-14,-6.087310376249846e-16,-9.73555498691653e-09,9.508178323493008e-09,-9.639879043519505e-12,-6.682275267033621e-13,black
76.55310621242485,3096.8269025804857,0.0,18654247.854339395,0.0,-6.250757944316191e-08,778803.7695326732,-1.2406980258295566e-12,-6.314495597025907e-14,-6.087310376249846e-16,-9.73555498691653e-09,9.816901416902257e-09,-9.639879043519505e-12,-6.682275267033621e-13,black
76.95390781563127,3229.929617536438,0.0,18655335.161799543,0.0,-6.250757944316191e-08,795961.4434979063,-1.2406980258295566e-12,-6.314495597025907e-14,-6.087310376249846e-16,-9.73555498691653e-09,1.0132484483022826e-08,-9.639879043519505e-12,-6.682275267033621e-13,black
77.35470941883767,3368.7515152559617,0.0,18656369.910434823,0.0,-6.250757944316191e-08,813174.6557792526,-1.2406980258295566e-12,-6.314495597025907e-14,-6.087310376249846e-16,-9.73555498691653e-09,1.0454956580563915e-08,-9.639879043519505e-12,-6.682275267033621e-13,black
77.75551102204409,3513.5398849983285,0.0,18657354.591035187,0.0,-6.250757944316191e-08,830435.7414804485,-1.2406980258295566e-12,-6.314495597025907e-14,-6.087310376249846e-16,-9.73555498691653e-09,1.0784340694288808e-08,-9.639879043519505e-12,-6.682275267033621e-13,black
78.15631262525051,3664.5516134817867,0.0,18658291.847945694,0.0,-6.250757944316191e-08,847737.4349841934,-1.2406980258295566e-12,-6.314495597025907e-14,-6.087310376249846e-16,-9.73555498691653e-09,1.1120654502068161e-08,-9.639879043519505e-12,-6.682275267033621e-13,black
78.55711422845691,3822.0546929370043,0.0,18659184.286671635,0.0,-6.250757944316191e-08,865072.7052112789,-1.2406980258295566e-12,-6.314495597025907e-14,-6.087310376249846e-16,-9.73555498691653e-09,1.1463912260648288e-08,-9.639879043519505e-12,-6.682275267033621e-13,black
78.95791583166333,3986.3286299590195,0.0,18660034.49646475,0.0,-6.250757944316191e-08,882434.7837384201,-1.2406980258295566e-12,-6.314495597025907e-14,-6.087310376249846e-16,-9.73555498691653e-09,1.1814124753066564e-08,-9.639879043519505e-12,-6.682275267033621e-13,black
79.35871743486975,4157.664854359143,0.0,18660845.07290952,0.0,-6.250757944316191e-08,899817.1929160836,-1.2406980258295566e-12,-6.314495597025907e-14,-6.087310376249846e-16,-9.73555498691653e-09,1.2171299236066735e-08,-9.639879043519505e-12,-6.682275267033621e-13,black
79.75951903807615,4336.367128016908,0.0,18661618.640509363,0.0,-6.250757944316191e-08,917213.7739863199,-1.2406980258295566e-12,-6.314495597025907e-14,-6.087310376249846e-16,-9.73555498691653e-09,1.2535439387514346e-08,-9.639879043519505e-12,-6.682275267033621e-13,black
80.16032064128257,4522.752671220382,0.0,18662357.329692166,0.0,-6.250757944316191e-08,934618.111289135,-1.2406980258295566e-12,-6.314495597025907e-14,-6.087310376249846e-16,-9.73555498691653e-09,1.2906548492179384e-08,-9.639879043519505e-12,-6.682275267033621e-13,black
80.56112224448898,4717.153527278871,0.0,18663062.072632518,0.0,-6.250757944316191e-08,952022.7559144229,-1.2406980258295566e-12,-6.314495597025907e-14,-6.087310376249846e-16,-9.73555498691653e-09,1.3284633702956105e-08,-9.639879043519505e-12,-6.682275267033621e-13,black
80.96192384769539,4919.914382648848,0.0,18663734.59431465,0.0,-6.250757944316191e-08,969421.4327559625,-1.2406980258295566e-12,-6.314495597025907e-14,-6.087310376249846e-16,-9.73555498691653e-09,1.3669694304122863e-08,-9.639879043519505e-12,-6.682275267033621e-13,black
81.3627254509018,5131.394094865848,0.0,18664376.58416622,0.0,-6.250757944316191e-08,986808.1266972986,-1.2406980258295566e-12,-6.314495597025907e-14,-6.087310376249846e-16,-9.73555498691653e-09,1.406172670969919e-08,-9.639879043519505e-12,-6.682275267033621e-13,black
81.76352705410822,5351.966190182597,0.0,18664989.651131187,0.0,-6.250757944316191e-08,1004177.0359980087,-1.2406980258295566e-12,-6.314495597025907e-14,-6.087310376249846e-16,-9.73555498691653e-09,1.4460724811595738e-08,-9.639879043519505e-12,-6.682275267033621e-13,black
82.16432865731463,5582.01929308579,0.0,18665575.330542434,0.0,-6.250757944316191e-08,1021522.5830179064,-1.2406980258295566e-12,-6.314495597025907e-14,-6.087310376249846e-16,-9.73555498691653e-09,1.4866680020299924e-08,-9.639879043519505e-12,-6.682275267033621e-13,black
82.56513026052104,5821.957555812887,0.0,18666135.090994433,0.0,-6.250757944316191e-08,1038839.4249412452,-1.2406980258295566e-12,-6.314495597025907e-14,-6.087310376249846e-16,-9.73555498691653e-09,1.527958130556157e-08,-9.639879043519505e-12,-6.682275267033621e-13,black
82.96593186372746,6072.201289238827,0.0,18666670.340739902,0.0,-6.250757944316191e-08,1056122.4557479422,-1.2406980258295566e-12,-6.314495597025907e-14,-6.087310376249846e-16,-9.73555498691653e-09,1.569941526548734e-08,-9.639879043519505e-12,-6.682275267033621e-13,black
83.36673346693387,6333.2001577877945,0.0,18667182.404390525,0.0,-6.250757944316191e-08,1073366.2620626965,-1.2406980258295566e-12,-6.314495597025907e-14,-6.087310376249846e-16,-9.73555498691653e-09,1.6126167968144675e-08,-9.639879043519505e-12,-6.682275267033621e-13,black
83.76753507014028,6605.422554067789,0.0,18667672.5559186,0.0,-6.250757944316191e-08,1090565.6144031994,-1.2406980258295566e-12,-6.314495597025907e-14,-6.087310376249846e-16,-9.73555498691653e-09,1.655982343264514e-08,-9.639879043519505e-12,-6.682275267033621e-13,black
84.1683366733467,6889.350646776171,0.0,18668142.038249493,0.0,-6.250757944316191e-08,1107715.711827522,-1.2406980258295566e-12,-6.314495597025907e-14,-6.087310376249846e-16,-9.73555498691653e-09,1.700036291060215e-08,-9.639879043519505e-12,-6.682275267033621e-13,black
84.5691382765531,7185.486427899123,0.0,18668592.056856494,0.0,-6.250757944316191e-08,1124811.948473778,-1.2406980258295566e-12,-6.314495597025907e-14,-6.087310376249846e-16,-9.73555498691653e-09,1.744776571934892e-08,-9.639879043519505e-12,-6.682275267033621e-13,black
84.96993987975952,7494.352300753557,0.0,18669023.786258757,0.0,-6.250757944316191e-08,1141849.9173936958,-1.2406980258295566e-12,-6.314495597025907e-14,-6.087310376249846e-16,-9.73555498691653e-09,1.7902009304988546e-08,-9.639879043519505e-12,-6.682275267033621e-13,black
85.37074148296594,7816.491668028925,0.0,18669438.376519255,0.0,-6.250757944316191e-08,1158825.4143861844,-1.2406980258295566e-12,-6.314495597025907e-14,-6.087310376249846e-16,-9.73555498691653e-09,1.8363069305443928e-08,-9.639879043519505e-12,-6.682275267033621e-13,black
85.77154308617234,8152.469519829124,0.0,18669836.959742736,0.0,-6.250757944316191e-08,1175734.4418309077,-1.2406980258295566e-12,-6.314495597025907e-14,-6.087310376249846e-16,-9.73555498691653e-09,1.883091961350786e-08,-9.639879043519505e-12,-6.682275267033621e-13,black
86.17234468937876,8502.877132895926,0.0,18670220.61155732,0.0,-6.250757944316191e-08,1192573.1391112418,-1.2406980258295566e-12,-6.314495597025907e-14,-6.087310376249846e-16,-9.73555498691653e-09,1.9305532561531593e-08,-9.639879043519505e-12,-6.682275267033621e-13,black
86.57314629258518,8868.350053412101,0.0,18670590.16714452,0.0,-6.250757944316191e-08,1209337.4758412447,-1.2406980258295566e-12,-6.314495597025907e-14,-6.087310376249846e-16,-9.73555498691653e-09,1.9786879499137588e-08,-9.639879043519505e-12,-6.682275267033621e-13,black
86.97394789579158,9249.53873685619,0.0,18670946.555661753,0.0,-6.250757944316191e-08,1226023.79046394,-1.2406980258295566e-12,-6.314495597025907e-14,-6.087310376249846e-16,-9.73555498691653e-09,2.0274929970185663e-08,-9.639879043519505e-12,-6.682275267033621e-13,black
87.374749498998,9647.118180773388,0.0,18671290.707703,0.0,-6.250757944316191e-08,1242628.6325792244,-1.2406980258295566e-12,-6.314495597025907e-14,-6.087310376249846e-16,-9.73555498691653e-09,2.0769652043431563e-08,-9.639879043519505e-12,-6.682275267033621e-13,black
87.77555110220442,10061.791067675244,0.0,18671623.5338217,0.0,-6.250757944316191e-08,1259148.721157049,-1.2406980258295566e-12,-6.314495597025907e-14,-6.087310376249846e-16,-9.73555498691653e-09,2.1271012451168056e-08,-9.639879043519505e-12,-6.682275267033621e-13,black
88.17635270541082,10494.28857941273,0.0,18671945.928550452,0.0,-6.250757944316191e-08,1275580.9443295484,-1.2406980258295566e-12,-6.314495597025907e-14,-6.087310376249846e-16,-9.73555498691653e-09,2.1778976658971534e-08,-9.639879043519505e-12,-6.682275267033621e-13,black
88.57715430861724,10945.371211549338,0.0,18672258.774420712,0.0,-6.250757944316191e-08,1291922.3591831676,-1.2406980258295566e-12,-6.314495597025907e-14,-6.087310376249846e-16,-9.73555498691653e-09,2.229350893544861e-08,-9.639879043519505e-12,-6.682275267033621e-13,black
88.97795591182366,11415.829587734017,0.0,18672562.945982467,0.0,-6.250757944316191e-08,1308170.1915507864,-1.2406980258295566e-12,-6.314495597025907e-14,-6.087310376249846e-16,-9.73555498691653e-09,2.2814572421982552e-08,-9.639879043519505e-12,-6.682275267033621e-13,black
89.37875751503006,11906.622935865746,0.0,18672859.279704243,0.0,-6.250757944316191e-08,1324321.459995561,-1.2406980258295566e-12,-6.314495597025907e-14,-6.087310376249846e-16,-9.73555498691653e-09,2.334213596543954e-08,-9.639879043519505e-12,-6.682275267033621e-13,black
89.77955911823648,12418.328976711551,0.0,18673148.009231284,0.0,-6.250757944316191e-08,1340374.1428892694,-1.2406980258295566e-12,-6.314495597025907e-14,-6.087310376249846e-16,-9.73555498691653e-09,2.3876142153841688e-08,-9.639879043519505e-12,-6.682275267033621e-13,black
90.1803607214429,12952.076277167169,0.0,18673430.046165224,0.0,-6.250757944316191e-08,1356325.3548936804,-1.2406980258295566e-12,-6.314495597025907e-14,-6.087310376249846e-16,-9.73555498691653e-09,2.4416563770742393e-08,-9.639879043519505e-12,-6.682275267033621e-13,black
90.5811623246493,13508.794312919124,0.0,18673706.01976288,0.0,-6.250757944316191e-08,1372172.8470717766,-1.2406980258295566e-12,-6.314495597025907e-14,-6.087310376249846e-16,-9.73555498691653e-09,2.4963358878568187e-08,-9.639879043519505e-12,-6.682275267033621e-13,black
90.98196392785572,14089.45621748029,0.0,18673976.536344238,0.0,-6.250757944316191e-08,1387914.4967589374,-1.2406980258295566e-12,-6.314495597025907e-14,-6.087310376249846e-16,-9.73555498691653e-09,2.5516484995472514e-08,-9.639879043519505e-12,-6.682275267033621e-13,black
91.38276553106213,14695.078782189776,0.0,18674242.179292455,0.0,-6.250757944316191e-08,1403548.3075629342,-1.2406980258295566e-12,-6.314495597025907e-14,-6.087310376249846e-16,-9.73555498691653e-09,2.6075899095335622e-08,-9.639879043519505e-12,-6.682275267033621e-13,black
91.78356713426854,15326.72245621297,0.0,18674503.509053852,0.0,-6.250757944316191e-08,1419072.4093639336,-1.2406980258295566e-12,-6.314495597025907e-14,-6.087310376249846e-16,-9.73555498691653e-09,2.6641557607764615e-08,-9.639879043519505e-12,-6.682275267033621e-13,black
92.18436873747495,15985.49370164867,0.0,18674761.0710151,0.0,-6.250757944316191e-08,1434485.0525009455,-1.2406980258295566e-12,-6.314495597025907e-14,-6.087310376249846e-16,-9.73555498691653e-09,2.7213416378578825e-08,-9.639879043519505e-12,-6.682275267033621e-13,black
92.58517034068136,16672.576069595645,0.0,18675015.499443967,0.0,-6.250757944316191e-08,1449784.5310609383,-1.2406980258295566e-12,-6.314495597025907e-14,-6.087310376249846e-16,-9.73555498691653e-09,2.7791430148406345e-08,-9.639879043519505e-12,-6.682275267033621e-13,black
92.98597194388778,17389.196197317546,0.0,18675267.40375933,0.0,-6.250757944316191e-08,1464969.266814415,-1.2406980258295566e-12,-6.314495597025907e-14,-6.087310376249846e-16,-9.73555498691653e-09,2.8375553123193688e-08,-9.639879043519505e-12,-6.682275267033621e-13,black
93.3867735470942,18136.623584279194,0.0,18675517.367782105,0.0,-6.250757944316191e-08,1480037.8097682633,-1.2406980258295566e-12,-6.314495597025907e-14,-6.087310376249846e-16,-9.73555498691653e-09,2.89657389779634e-08,-9.639879043519505e-12,-6.682275267033621e-13,black
93.7875751503006,18916.176923822313,0.0,18675765.97091291,0.0,-6.250757944316191e-08,1494988.8225360925,-1.2406980258295566e-12,-6.314495597025907e-14,-6.087310376249846e-16,-9.73555498691653e-09,2.9561940750579407e-08,-9.639879043519505e-12,-6.682275267033621e-13,black
94.18837675350701,19729.31209105881,0.0,18676013.736630287,0.0,-6.250757944316191e-08,1509820.9986351219,-1.2406980258295566e-12,-6.314495597025907e-14,-6.087310376249846e-16,-9.73555498691653e-09,2.7903730595306686e-08,-9.639879043519505e-12,-6.682275267033621e-13,black
94.58917835671343,20577.424691670538,0.0,18676261.248064447,0.0,-6.250757944316191e-08,1524533.2458338796,-1.2406980258295566e-12,-6.314495597025907e-14,-6.087310376249846e-16,-9.73555498691653e-09,2.4542756640620294e-08,-9.639879043519505e-12,-6.682275267033621e-13,black
94.98997995991984,21462.000032010244,0.0,18676509.06021554,0.0,-6.250757944316191e-08,1539124.5468941322,-1.2406980258295566e-12,-6.314495597025907e-14,-6.087310376249846e-16,-9.73555498691653e-09,1.89900600667534e-08,-9.639879043519505e-12,-6.682275267033621e-13,black
95.39078156312625,22384.57576055333,0.0,18676757.721820667,0.0,-6.250757944316191e-08,1553593.9942609973,-1.2406980258295566e-12,-6.314495597025907e-14,-6.087310376249846e-16,-9.73555498691653e-09,1.0675804013487595e-08,-9.639879043519505e-12,-6.682275267033621e-13,black
95.79158316633267,23346.78943903248,0.0,18677007.769173577,0.0,-6.250757944316191e-08,1567940.7336895382,-1.2406980258295566e-12,-6.314495597025907e-14,-6.087310376249846e-16,-9.73555498691653e-09,-9.71136530765396e-10,-9.639879043519505e-12,-6.682275267033621e-13,black
96.19238476953907,24350.536999785505,0.0,18677259.704269547,0.0,-6.250757944316191e-08,1582163.7771819779,-1.2406980258295566e-12,-6.314495597025907e-14,-6.087310376249846e-16,-9.73555498691653e-09,-1.63342989123916e-08,-9.639879043519505e-12,-6.682275267033621e-13,black
96.59318637274549,25397.448679256253,0.0,18677514.067086898,0.0,-6.250757944316191e-08,1596262.621661066,-1.2406980258295566e-12,-6.314495597025907e-14,-6.087310376249846e-16,-9.73555498691653e-09,-3.6234302412144873e-08,-9.639879043519505e-12,-6.682275267033621e-13,black
96.99398797595191,26489.33869129089,0.0,18677771.373566125,0.0,-6.250757944316191e-08,1610236.718119712,-1.2406980258295566e-12,-6.314495597025907e-14,-6.087310376249846e-16,-9.73555498691653e-09,-6.139285283523619e-08,-9.639879043519505e-12,-6.682275267033621e-13,black
97.39478957915831,27628.080694414726,0.0,18678032.13278596,0.0,-6.250757944316191e-08,1624085.618634923,-1.2406980258295566e-12,-6.314495597025907e-14,-6.087310376249846e-16,-9.73555498691653e-09,-9.258118131921098e-08,-9.639879043519505e-12,-6.682275267033621e-13,black
97.79559118236473,28815.786601333697,0.0,18678296.89962823,0.0,-6.250757944316191e-08,1637808.7791328575,-1.2406980258295566e-12,-6.314495597025907e-14,-6.087310376249846e-16,-9.73555498691653e-09,-1.3010142970305357e-07,-9.639879043519505e-12,-6.682275267033621e-13,black
98.19639278557115,30054.75045300284,0.0,18678566.258247048,0.0,-6.250757944316191e-08,1651405.621298258,-1.2406980258295566e-12,-6.314495597025907e-14,-6.087310376249846e-16,-9.73555498691653e-09,-1.7394943678253545e-07,-9.639879043519505e-12,-6.682275267033621e-13,black
98.59719438877755,31346.967239943813,0.0,18678840.680347078,0.0,-6.250757944316191e-08,1664876.0633362476,-1.2406980258295566e-12,-6.314495597025907e-14,-6.087310376249846e-16,-9.73555498691653e-09,-2.2521033699445248e-07,-9.639879043519505e-12,-6.682275267033621e-13,black
98.99799599198397,32694.667715180072,0.0,18679120.68270218,0.0,-6.250757944316191e-08,1678219.930049536,-1.2406980258295566e-12,-6.314495597025907e-14,-6.087310376249846e-16,-9.73555498691653e-09,-2.845074022804555e-07,-9.639879043519505e-12,-6.682275267033621e-13,black
99.39879759519039,34100.15519336845,0.0,18679406.779087827,0.0,-6.250757944316191e-08,1691437.132856336,-1.2406980258295566e-12,-6.314495597025907e-14,-6.087310376249846e-16,-9.73555498691653e-09,-3.5247538582625965e-07,-9.639879043519505e-12,-6.682275267033621e-13,black
99.79959919839679,35566.18154796681,0.0,18679699.626359407,0.0,-6.250757944316191e-08,1704527.3349333508,-1.2406980258295566e-12,-6.314495597025907e-14,-6.087310376249846e-16,-9.73555498691653e-09,-4.290951587098015e-07,-9.639879043519505e-12,-6.682275267033621e-13,black
100.20040080160321,37095.39605724849,0.0,18679999.81032388,0.0,-6.250757944316191e-08,1717490.4420646278,-1.2406980258295566e-12,-6.314495597025907e-14,-6.087310376249846e-16,-9.73555498691653e-09,-5.146690301828231e-07,-9.639879043519505e-12,-6.682275267033621e-13,black
100.60120240480963,38690.31822236098,0.0,18680307.835179344,0.0,-6.250757944316191e-08,1730326.626849356,-1.2406980258295566e-12,-6.314495597025907e-14,-6.087310376249846e-16,-9.73555498691653e-09,-6.098688487444873e-07,-9.639879043519505e-12,-6.682275267033621e-13,black
101.00200400801603,40353.698394290666,0.0,18680624.2636219,0.0,-6.250757944316191e-08,1743036.0075333058,-1.2406980258295566e-12,-6.314495597025907e-14,-6.087310376249846e-16,-9.73555498691653e-09,-7.150978378499604e-07,-9.639879043519505e-12,-6.682275267033621e-13,black
101.40280561122245,42088.37631546002,0.0,18680949.66188779,0.0,-6.250757944316191e-08,1755618.7739894025,-1.2406980258295566e-12,-6.314495597025907e-14,-6.087310376249846e-16,-9.73555498691653e-09,-8.307409202355346e-07,-9.639879043519505e-12,-6.682275267033621e-13,black
101.80360721442887,43897.90114723464,0.0,18681284.798000034,0.0,-6.250757944316191e-08,1768074.8003384906,-1.2406980258295566e-12,-6.314495597025907e-14,-6.087310376249846e-16,-9.73555498691653e-09,-9.559075506110548e-07,-9.639879043519505e-12,-6.682275267033621e-13,black
102.20440881763527,45785.35663451739,0.0,18681630.26612834,0.0,-6.250757944316191e-08,1780404.37896006,-1.2406980258295566e-12,-6.314495597025907e-14,-6.087310376249846e-16,-9.73555498691653e-09,-1.0908138110452703e-06,-9.639879043519505e-12,-6.682275267033621e-13,black
102.60521042084169,47753.87716042775,0.0,18681986.65159164,0.0,-6.250757944316191e-08,1792607.8980728956,-1.2406980258295566e-12,-6.314495597025907e-14,-6.087310376249846e-16,-9.73555498691653e-09,-1.2357360588866656e-06,-9.639879043519505e-12,-6.682275267033621e-13,black
103.0060120240481,49806.865496032515,0.0,18682354.600481067,0.0,-6.250757944316191e-08,1804685.7056899434,-1.2406980258295566e-12,-6.314495597025907e-14,-6.087310376249846e-16,-9.73555498691653e-09,-1.390569417572538e-06,-9.639879043519505e-12,-6.682275267033621e-13,black
103.40681362725451,51947.87731088198,0.0,18682734.7783342,0.0,-6.250757944316191e-08,1816638.1920974765,-1.2406980258295566e-12,-6.314495597025907e-14,-6.087310376249846e-16,-9.73555498691653e-09,-1.5550787565609446e-06,-9.639879043519505e-12,-6.682275267033621e-13,black
103.80761523046093,54181.30455254879,0.0,18683128.030505076,0.0,-6.250757944316191e-08,1828465.4993155997,-1.2406980258295566e-12,-6.314495597025907e-14,-6.087310376249846e-16,-9.73555498691653e-09,-1.7277352461938695e-06,-9.639879043519505e-12,-6.682275267033621e-13,black
104.20841683366734,56510.707393364966,0.0,18683534.991963428,0.0,-6.250757944316191e-08,1840168.227352129,-1.2406980258295566e-12,-6.314495597025907e-14,-6.087310376249846e-16,-9.73555498691653e-09,-1.908551441010349e-06,-9.639879043519505e-12,-6.682275267033621e-13,black
104.60921843687375,58940.16415970281,0.0,18683956.403732464,0.0,-6.250757944316191e-08,1851746.8611067028,-1.2406980258295566e-12,-6.314495597025907e-14,-6.087310376249846e-16,-9.73555498691653e-09,-2.0967843903087587e-06,-9.639879043519505e-12,-6.682275267033621e-13,black
105.01002004008016,61473.91736778706,0.0,18684393.030372407,0.0,-6.250757944316191e-08,1863201.9195705622,-1.2406980258295566e-12,-6.314495597025907e-14,-6.087310376249846e-16,-9.73555498691653e-09,-2.2915361593890007e-06,-9.639879043519505e-12,-6.682275267033621e-13,black
105.41082164328658,64116.381542729614,0.0,18684845.66217299,0.0,-6.250757944316191e-08,1874533.9516631868,-1.2406980258295566e-12,-6.314495597025907e-14,-6.087310376249846e-16,-9.73555498691653e-09,-2.4917391511977183e-06,-9.639879043519505e-12,-6.682275267033621e-13,black
105.81162324649299,66872.44262200985,0.0,18685315.13992917,0.0,-6.250757944316191e-08,1885743.5485771797,-1.2406980258295566e-12,-6.314495597025907e-14,-6.087310376249846e-16,-9.73555498691653e-09,-2.6952241730439716e-06,-9.639879043519505e-12,-6.682275267033621e-13,black
106.2124248496994,69746.95651682072,0.0,18685802.317691527,0.0,-6.250757944316191e-08,1896831.310782945,-1.2406980258295566e-12,-6.314495597025907e-14,-6.087310376249846e-16,-9.73555498691653e-09,-2.9003077611443616e-06,-9.639879043519505e-12,-6.682275267033621e-13,black
106.61322645290582,72744.95207681757,0.0,18686308.080072787,0.0,-6.250757944316191e-08,1907797.854913626,-1.2406980258295566e-12,-6.314495597025907e-14,-6.087310376249846e-16,-9.73555498691653e-09,-3.105163620521027e-06,-9.639879043519505e-12,-6.682275267033621e-13,black
107.01402805611222,75871.74749309677,0.0,18686833.352850135,0.0,-6.250757944316191e-08,1918643.815749297,-1.2406980258295566e-12,-6.314495597025907e-14,-6.087310376249846e-16,-9.73555498691653e-09,-3.307466367530759e-06,-9.639879043519505e-12,-6.682275267033621e-13,black
107.41482965931864,79132.89618817338,0.0,18687379.100361273,0.0,-6.250757944316191e-08,1929369.8385474468,-1.2406980258295566e-12,-6.314495597025907e-14,-6.087310376249846e-16,-9.73555498691653e-09,-3.504571665515571e-06,-9.639879043519505e-12,-6.682275267033621e-13,black
107.81563126252506,82534.17513435232,0.0,18687946.291798223,0.0,-6.250757944316191e-08,1939976.6991371608,-1.2406980258295566e-12,-6.314495597025907e-14,-6.087310376249846e-16,-9.73555498691653e-09,-3.693315293592096e-06,-9.639879043519505e-12,-6.682275267033621e-13,black
108.21643286573146,86081.6004048361,0.0,18688535.9135782,0.0,-6.250757944316191e-08,1950465.2652715477,-1.2406980258295566e-12,-6.314495597025907e-14,-6.087310376249846e-16,-9.73555498691653e-09,-3.8700431182022386e-06,-9.639879043519505e-12,-6.682275267033621e-13,black
108.61723446893788,89781.4921410519,0.0,18689149.065325435,0.0,-6.250757944316191e-08,1960836.1699291365,-1.2406980258295566e-12,-6.314495597025907e-14,-6.087310376249846e-16,-9.73555498691653e-09,-4.0310600582466805e-06,-9.639879043519505e-12,-6.682275267033621e-13,black
109.0180360721443,93640.42202468065,0.0,18689786.85705403,0.0,-6.250757944316191e-08,1971090.1695045978,-1.2406980258295566e-12,-6.314495597025907e-14,-6.087310376249846e-16,-9.73555498691653e-09,-4.1720828231480346e-06,-9.639879043519505e-12,-6.682275267033621e-13,black
109.4188376753507,97665.24164360475,0.0,18690450.443221223,0.0,-6.250757944316191e-08,1981228.0304624622,-1.2406980258295566e-12,-6.314495597025907e-14,-6.087310376249846e-16,-9.73555498691653e-09,-4.288378539731833e-06,-9.639879043519505e-12,-6.682275267033621e-13,black
109.81963927855712,101863.09426793252,0.0,18691141.02018747,0.0,-6.250757944316191e-08,1991250.5504003733,-1.2406980258295566e-12,-6.314495597025907e-14,-6.087310376249846e-16,-9.73555498691653e-09,-4.3748442084496266e-06,-9.639879043519505e-12,-6.682275267033621e-13,black
110.22044088176354,106241.44964685867,0.0,18691859.78151804,0.0,-6.250757944316191e-08,2001158.8037287232,-1.2406980258295566e-12,-6.314495597025907e-14,-6.087310376249846e-16,-9.73555498691653e-09,-4.427056839575959e-06,-9.639879043519505e-12,-6.682275267033621e-13,black
110.62124248496994,110808.04913064497,0.0,18692608.03750794,0.0,-6.250757944316191e-08,2010953.5123843858,-1.2406980258295566e-12,-6.314495597025907e-14,-6.087310376249846e-16,-9.73555498691653e-09,-4.438542423197123e-06,-9.639879043519505e-12,-6.682275267033621e-13,black
111.02204408817636,115570.96712051888,0.0,18693387.121673305,0.0,-6.250757944316191e-08,2020635.5515664415,-1.2406980258295566e-12,-6.314495597025907e-14,-6.087310376249846e-16,-9.73555498691653e-09,-4.402949898097348e-06,-9.639879043519505e-12,-6.682275267033621e-13,black
111.42284569138278,120538.60650889527,0.0,18694198.418127533,0.0,-6.250757944316191e-08,2030205.8114095381,-1.2406980258295566e-12,-6.314495597025907e-14,-6.087310376249846e-16,-9.73555498691653e-09,-4.31344180438408e-06,-9.639879043519505e-12,-6.682275267033621e-13,black
111.82364729458918,125719.70817737633,0.0,18695043.363213196,0.0,-6.250757944316191e-08,2039665.1958202526,-1.2406980258295566e-12,-6.314495597025907e-14,-6.087310376249846e-16,-9.73555498691653e-09,-4.162677686167752e-06,-9.639879043519505e-12,-6.682275267033621e-13,black
112.2244488977956,131123.7070186499,0.0,18695923.497220136,0.0,-6.250757944316191e-08,2049014.6902367703,-1.2406980258295566e-12,-6.314495597025907e-14,-6.087310376249846e-16,-9.73555498691653e-09,-3.946141375067734e-06,-9.639879043519505e-12,-6.682275267033621e-13,black
112.62525050100201,136760.12201483647,0.0,18696840.37648703,0.0,-6.250757944316191e-08,2058255.237263185,-1.2406980258295566e-12,-6.314495597025907e-14,-6.087310376249846e-16,-9.73555498691653e-09,-3.6561471269470537e-06,-9.639879043519505e-12,-6.682275267033621e-13,black
113.02605210420842,142638.8293661224,0.0,18697795.613138225,0.0,-6.250757944316191e-08,2067387.7879417746,-1.2406980258295566e-12,-6.314495597025907e-14,-6.087310376249846e-16,-9.73555498691653e-09,-3.2843670033075036e-06,-9.639879043519505e-12,-6.682275267033621e-13,black
113.42685370741484,148770.17628211676,0.0,18698790.89179003,0.0,-6.250757944316191e-08,2076413.3213332272,-1.2406980258295566e-12,-6.314495597025907e-14,-6.087310376249846e-16,-9.73555498691653e-09,-2.822820682346181e-06,-9.639879043519505e-12,-6.682275267033621e-13,black
113.82765531062124,155164.9233892501,0.0,18699827.961485438,0.0,-6.250757944316191e-08,2085332.8300087322,-1.2406980258295566e-12,-6.314495597025907e-14,-6.087310376249846e-16,-9.73555498691653e-09,-2.263211451835457e-06,-9.639879043519505e-12,-6.682275267033621e-13,black
114.22845691382766,161834.557842508,0.0,18700908.71238999,0.0,-6.250757944316191e-08,2094147.3519202985,-1.2406980258295566e-12,-6.314495597025907e-14,-6.087310376249846e-16,-9.73555498691653e-09,-1.6671302887632818e-06,-9.639879043519505e-12,-6.682275267033621e-13,black
114.62925851703407,168791.18351697386,0.0,18702035.14762727,0.0,-6.250757944316191e-08,2102857.9565191343,-1.2406980258295566e-12,-6.314495597025907e-14,-6.087310376249846e-16,-9.73555498691653e-09,-1.1377990655268952e-06,-9.639879043519505e-12,-6.682275267033621e-13,black
115.03006012024048,176046.83211985222,0.0,18703209.21153531,0.0,-6.250757944316191e-08,2111465.6682286225,-1.2406980258295566e-12,-6.314495597025907e-14,-6.087310376249846e-16,-9.73555498691653e-09,-6.569971238488179e-07,-9.639879043519505e-12,-6.682275267033621e-13,black
115.4308617234469,183614.28989012988,0.0,18704432.993703343,0.0,-6.250757944316191e-08,2119971.5538750966,-1.2406980258295566e-12,-6.314495597025907e-14,-6.087310376249846e-16,-9.73555498691653e-09,-2.7483476130658256e-07,-9.639879043519505e-12,-6.682275267033621e-13,black
115.83166332665331,191506.86070926077,0.0,18705708.669298418,0.0,-6.250757944316191e-08,2128376.695058486,-1.2406980258295566e-12,-6.314495597025907e-14,-6.087310376249846e-16,-9.73555498691653e-09,-5.1910495263729725e-08,-9.639879043519505e-12,-6.682275267033621e-13,black
116.23246492985972,199738.4632066171,0.0,18707038.51227932,0.0,-6.250757944316191e-08,2136682.155073609,-1.2406980258295566e-12,-6.314495597025907e-14,-6.087310376249846e-16,-9.73555498691653e-09,-5.824009838119035e-08,-9.639879043519505e-12,-6.682275267033621e-13,black
116.63326653306613,208324.3479511907,0.0,18708424.987298794,0.0,-6.250757944316191e-08,2144888.6984393783,-1.2406980258295566e-12,-6.314495597025907e-14,-6.087310376249846e-16,-9.73555498691653e-09,-3.5783316043178796e-07,-9.639879043519505e-12,-6.682275267033621e-13,black
117.03406813627255,217279.29072509165,0.0,18709870.521323234,0.0,-6.250757944316191e-08,2152997.5173805035,-1.2406980258295566e-12,-6.314495597025907e-14,-6.087310376249846e-16,-9.73555498691653e-09,-1.0516880872580233e-06,-9.639879043519505e-12,-6.682275267033621e-13,black
117.43486973947896,226619.09720206796,0.0,18711377.69546615,0.0,-6.250757944316191e-08,2161009.6371778036,-1.2406980258295566e-12,-6.314495597025907e-14,-6.087310376249846e-16,-9.73555498691653e-09,-2.2441415468106385e-06,-9.639879043519505e-12,-6.682275267033621e-13,black
117.83567134268537,236360.21861030208,0.0,18712949.197107516,0.0,-6.250757944316191e-08,2168926.0751677896,-1.2406980258295566e-12,-6.314495597025907e-14,-6.087310376249846e-16,-9.73555498691653e-09,-4.052940943264427e-06,-9.639879043519505e-12,-6.682275267033621e-13,black
118.23647294589179,246519.77094421326,0.0,18714587.823223107,0.0,-6.250757944316191e-08,2176747.8387407158,-1.2406980258295566e-12,-6.314495597025907e-14,-6.087310376249846e-16,-9.73555498691653e-09,-6.609976373516792e-06,-9.639879043519505e-12,-6.682275267033621e-13,black
118.6372745490982,257116.3452874754,0.0,18716296.580321353,0.0,-6.250757944316191e-08,2184476.321704182,-1.2406980258295566e-12,-6.314495597025907e-14,-6.087310376249846e-16,-9.73555498691653e-09,-1.0009787018256143e-05,-9.639879043519505e-12,-6.682275267033621e-13,black
119.03807615230461,268168.58177902,0.0,18718078.511284623,0.0,-6.250757944316191e-08,2192112.5745249344,-1.2406980258295566e-12,-6.314495597025907e-14,-6.087310376249846e-16,-9.73555498691653e-09,-1.4405701655467911e-05,-9.639879043519505e-12,-6.682275267033621e-13,black
119.43887775551103,279695.8601616566,0.0,18719936.780679688,0.0,-6.250757944316191e-08,2199657.640379843,-1.2406980258295566e-12,-6.314495597025907e-14,-6.087310376249846e-16,-9.73555498691653e-09,-1.9966252012441217e-05,-9.639879043519505e-12,-6.682275267033621e-13,black
119.83967935871743,291718.5028743858,0.0,18721874.700541835,0.0,-6.250757944316191e-08,2207112.6457473305,-1.2406980258295566e-12,-6.314495597025907e-14,-6.087310376249846e-16,-9.73555498691653e-09,-2.6863765767164912e-05,-9.639879043519505e-12,-6.682275267033621e-13,black
120.24048096192385,304257.6553547006,0.0,18723895.716741078,0.0,-6.250757944316191e-08,2214478.7284572884,-1.2406980258295566e-12,-6.314495597025907e-14,-6.087310376249846e-16,-9.73555498691653e-09,-3.52842686787691e-05,-9.639879043519505e-12,-6.682275267033621e-13,black
120.64128256513027,317335.8217912434,0.0,18726003.470358137,0.0,-6.250757944316191e-08,2221757.0298062065,-1.2406980258295566e-12,-6.314495597025907e-14,-6.087310376249846e-16,-9.73555498691653e-09,-4.536884764775788e-05,-9.639879043519505e-12,-6.682275267033621e-13,black
121.04208416833667,330976.62387077516,0.0,18728201.77181218,0.0,-6.250757944316191e-08,2228948.6991355927,-1.2406980258295566e-12,-6.314495597025907e-14,-6.087310376249846e-16,-9.73555498691653e-09,-5.724466266250897e-05,-9.639879043519505e-12,-6.682275267033621e-13,black
121.44288577154309,345203.7666202613,0.0,18730494.48595501,0.0,-6.250757944316191e-08,2236054.911128697,-1.2406980258295566e-12,-6.314495597025907e-14,-6.087310376249846e-16,-9.73555498691653e-09,-7.114744203881376e-05,-9.639879043519505e-12,-6.682275267033621e-13,black
121.8436873747495,360042.343988428,0.0,18732885.679889463,0.0,-6.250757944316191e-08,2243076.8455774784,-1.2406980258295566e-12,-6.314495597025907e-14,-6.087310376249846e-16,-9.73555498691653e-09,-8.727402463367252e-05,-9.639879043519505e-12,-6.682275267033621e-13,black
122.24448897795591,375518.46761623764,0.0,18735379.58250235,0.0,-6.250757944316191e-08,2250015.694045866,-1.2406980258295566e-12,-6.314495597025907e-14,-6.087310376249846e-16,-9.73555498691653e-09,-0.0001058283681398528,-9.639879043519505e-12,-6.682275267033621e-13,black
122.64529058116233,391659.4668596076,0.0,18737980.608446322,0.0,-6.250757944316191e-08,2256872.645822014,-1.2406980258295566e-12,-6.314495597025907e-14,-6.087310376249846e-16,-9.73555498691653e-09,-0.0001269949721200226,-9.639879043519505e-12,-6.682275267033621e-13,black
123.04609218436875,408495.1256230826,0.0,18740693.500393778,0.0,-6.250757944316191e-08,2263648.7869877913,-1.2406980258295566e-12,-6.314495597025907e-14,-6.087310376249846e-16,-9.73555498691653e-09,-0.00015075206524257361,-9.639879043519505e-12,-6.682275267033621e-13,black
123.44689378757515,426054.4842784855,0.0,18743522.965387076,0.0,-6.250757944316191e-08,2270345.371125624,-1.2406980258295566e-12,-6.314495597025907e-14,-6.087310376249846e-16,-9.73555498691653e-09,-0.00017737019436833305,-9.639879043519505e-12,-6.682275267033621e-13,black
123.84769539078157,444368.5309857132,0.0,18746473.983010024,0.0,-6.250757944316191e-08,2276963.5965047632,-1.2406980258295566e-12,-6.314495597025907e-14,-6.087310376249846e-16,-9.73555498691653e-09,-0.0002070006254810593,-9.639879043519505e-12,-6.682275267033621e-13,black
124.24849699398798,463469.51467290055,0.0,18749551.728182208,0.0,-6.250757944316191e-08,2283504.666365999,-1.2406980258295566e-12,-6.314495597025907e-14,-6.087310376249846e-16,-9.73555498691653e-09,-0.00023978585629409052,-9.639879043519505e-12,-6.682275267033621e-13,black
124.64929859719439,483390.9820647372,0.0,18752761.5765476,0.0,-6.250757944316191e-08,2289969.788532535,-1.2406980258295566e-12,-6.314495597025907e-14,-6.087310376249846e-16,-9.73555498691653e-09,-0.0002758582295451134,-9.639879043519505e-12,-6.682275267033621e-13,black
125.0501002004008,504169.0101505527,0.0,18756109.22466696,0.0,-6.250757944316191e-08,2296360.1481634136,-1.2406980258295566e-12,-6.314495597025907e-14,-6.087310376249846e-16,-9.73555498691653e-09,-0.00031505078874871704,-9.639879043519505e-12,-6.682275267033621e-13,black
125.45090180360722,525840.2629833496,0.0,18759600.50523557,0.0,-6.250757944316191e-08,2302676.9518533745,-1.2406980258295566e-12,-6.314495597025907e-14,-6.087310376249846e-16,-9.73555498691653e-09,-0.0003573725578400565,-9.639879043519505e-12,-6.682275267033621e-13,black
125.85170340681363,548442.8777801206,0.0,18763241.47401228,0.0,-6.250757944316191e-08,2308921.408167981,-1.2406980258295566e-12,-6.314495597025907e-14,-6.087310376249846e-16,-9.73555498691653e-09,-0.0004028027720502355,-9.639879043519505e-12,-6.682275267033621e-13,black
126.25250501002004,572016.7699783632,0.0,18767038.440948144,0.0,-6.250757944316191e-08,2315094.721232816,-1.2406980258295566e-12,-6.314495597025907e-14,-6.087310376249846e-16,-9.73555498691653e-09,-0.0004512249734081381,-9.639879043519505e-12,-6.682275267033621e-13,black
126.65330661322646,596603.8523766648,0.0,18770997.97245675,0.0,-6.250757944316191e-08,2321198.105631415,-1.2406980258295566e-12,-6.314495597025907e-14,-6.087310376249846e-16,-9.73555498691653e-09,-0.0005023078533481649,-9.639879043519505e-12,-6.682275267033621e-13,black
127.05410821643287,622248.0139159184,0.0,18775126.895511687,0.0,-6.250757944316191e-08,2327232.7832787232,-1.2406980258295566e-12,-6.314495597025907e-14,-6.087310376249846e-16,-9.73555498691653e-09,-0.0005555333234499326,-9.639879043519505e-12,-6.682275267033621e-13,black
127.45490981963928,648994.3811706953,0.0,18779432.27530581,0.0,-6.250757944316191e-08,2333199.956494287,-1.2406980258295566e-12,-6.314495597025907e-14,-6.087310376249846e-16,-9.73555498691653e-09,-0.0006105495341577169,-9.639879043519505e-12,-6.682275267033621e-13,black
127.8557114228457,676890.2178581661,0.0,18783921.453285325,0.0,-6.250757944316191e-08,2339100.83542622,-1.2406980258295566e-12,-6.314495597025907e-14,-6.087310376249846e-16,-9.73555498691653e-09,-0.0006667818357437112,-9.639879043519505e-12,-6.682275267033621e-13,black
128.25651302605212,705984.8340853876,0.0,18788602.05560591,0.0,-6.250757944316191e-08,2344936.631341488,-1.2406980258295566e-12,-6.314495597025907e-14,-6.087310376249846e-16,-9.73555498691653e-09,-0.0007235089729923126,-9.639879043519505e-12,-6.682275267033621e-13,black
128.6573146292585,736330.5373422494,0.0,18793482.096927747,0.0,-6.250757944316191e-08,2350708.5739850597,-1.2406980258295566e-12,-6.314495597025907e-14,-6.087310376249846e-16,-9.73555498691653e-09,-0.0007796041031991384,-9.639879043519505e-12,-6.682275267033621e-13,black
129.05811623246493,767980.611145472,0.0,18798569.761609722,0.0,-6.250757944316191e-08,2356417.869588485,-1.2406980258295566e-12,-6.314495597025907e-14,-6.087310376249846e-16,-9.73555498691653e-09,-0.0008341106843555622,-9.639879043519505e-12,-6.682275267033621e-13,black
129.45891783567134,800990.9867886083,0.0,18803873.585731056,0.0,-6.250757944316191e-08,2362065.732620809,-1.2406980258295566e-12,-6.314495597025907e-14,-6.087310376249846e-16,-9.73555498691653e-09,-0.0008857810476777276,-9.639879043519505e-12,-6.682275267033621e-13,black
129.85971943887776,835419.8985443615,0.0,18809402.420249037,0.0,-6.250757944316191e-08,2367653.377273939,-1.2406980258295566e-12,-6.314495597025907e-14,-6.087310376249846e-16,-9.73555498691653e-09,-0.0009331813758896826,-9.639879043519505e-12,-6.682275267033621e-13,black
130.26052104208418,871329.0620491824,0.0,18815165.661466762,0.0,-6.250757944316191e-08,2373182.0222573644,-1.2406980258295566e-12,-6.314495597025907e-14,-6.087310376249846e-16,-9.73555498691653e-09,-0.0009746986892686746,-9.639879043519505e-12,-6.682275267033621e-13,black
130.6613226452906,908781.9859962711,0.0,18821172.906465847,0.0,-6.250757944316191e-08,2378652.8826100375,-1.2406980258295566e-12,-6.314495597025907e-14,-6.087310376249846e-16,-9.73555498691653e-09,-0.00100849958730424,-9.639879043519505e-12,-6.682275267033621e-13,black
131.06212424849699,947844.6713840014,0.0,18827434.087463323,0.0,-6.250757944316191e-08,2384067.172325157,-1.2406980258295566e-12,-6.314495597025907e-14,-6.087310376249846e-16,-9.73555498691653e-09,-0.0010325291712214985,-9.639879043519505e-12,-6.682275267033621e-13,black
131.4629258517034,988586.0480913683,0.0,18833959.55347852,0.0,-6.250757944316191e-08,2389426.1057853387,-1.2406980258295566e-12,-6.314495597025907e-14,-6.087310376249846e-16,-9.73555498691653e-09,-0.0010445055459044922,-9.639879043519505e-12,-6.682275267033621e-13,black
131.86372745490982,1031077.9499554851,0.0,18840760.769297373,0.0,-6.250757944316191e-08,2394731.0615355833,-1.2406980258295566e-12,-6.314495597025907e-14,-6.087310376249846e-16,-9.73555498691653e-09,-0.0010439938354439206,-9.639879043519505e-12,-6.682275267033621e-13,black
132.26452905811624,1075395.910725027,0.0,18847854.090956245,0.0,-6.250757944316191e-08,2399984.440239548,-1.2406980258295566e-12,-6.314495597025907e-14,-6.087310376249846e-16,-9.73555498691653e-09,-0.0010432758884471112,-9.639879043519505e-12,-6.682275267033621e-13,black
132.66533066132266,1121618.767684446,0.0,18855252.41016869,0.0,-6.250757944316191e-08,2405187.790324418,-1.2406980258295566e-12,-6.314495597025907e-14,-6.087310376249846e-16,-9.73555498691653e-09,-0.001043605014251482,-9.639879043519505e-12,-6.682275267033621e-13,black
133.06613226452907,1169828.3956569086,0.0,18862968.204747725,0.0,-6.250757944316191e-08,2410342.47606632,-1.2406980258295566e-12,-6.314495597025907e-14,-6.087310376249846e-16,-9.73555498691653e-09,-0.001043638400167387,-9.639879043519505e-12,-6.682275267033621e-13,black
133.46693386773546,1220110.1890863962,0.0,18871014.950634032,0.0,-6.250757944316191e-08,2415449.9805323374,-1.2406980258295566e-12,-6.314495597025907e-14,-6.087310376249846e-16,-9.73555498691653e-09,-0.001043255885494695,-9.639879043519505e-12,-6.682275267033621e-13,black
133.86773547094188,1272553.217379463,0.0,18879406.900474936,0.0,-6.250757944316191e-08,2420511.8554589436,-1.2406980258295566e-12,-6.314495597025907e-14,-6.087310376249846e-16,-9.73555498691653e-09,-0.0010429142967936002,-9.639879043519505e-12,-6.682275267033621e-13,black
134.2685370741483,1327250.3723303042,0.0,18888158.794801645,0.0,-6.250757944316191e-08,2425529.654566567,-1.2406980258295566e-12,-6.314495597025907e-14,-6.087310376249846e-16,-9.73555498691653e-09,-0.0010427878843301318,-9.639879043519505e-12,-6.682275267033621e-13,black
134.66933867735472,1384298.5353189528,0.0,18897285.903145052,0.0,-6.250757944316191e-08,2430504.937405746,-1.2406980258295566e-12,-6.314495597025907e-14,-6.087310376249846e-16,-9.73555498691653e-09,-0.001042799122401033,-9.639879043519505e-12,-6.682275267033621e-13,black
135.07014028056113,1443798.7398474824,0.0,18906804.13252762,0.0,-6.250757944316191e-08,2435439.2882652525,-1.2406980258295566e-12,-6.314495597025907e-14,-6.087310376249846e-16,-9.73555498691653e-09,-0.0010428414196587954,-9.639879043519505e-12,-6.682275267033621e-13,black
135.47094188376755,1505858.153491646,0.0,18916730.38612954,0.0,-6.250757944316191e-08,2440334.3414792144,-1.2406980258295566e-12,-6.314495597025907e-14,-6.087310376249846e-16,-9.73555498691653e-09,-0.0010429256687646362,-9.639879043519505e-12,-6.682275267033621e-13,black
135.87174348697394,1570588.8815064526,0.0,18927082.337905895,0.0,-6.250757944316191e-08,2445191.7649517697,-1.2406980258295566e-12,-6.314495597025907e-14,-6.087310376249846e-16,-9.73555498691653e-09,-0.0010430731538597696,-9.639879043519505e-12,-6.682275267033621e-13,black
136.27254509018036,1638100.7638795243,0.0,18937877.25957109,0.0,-6.250757944316191e-08,2450013.1986662094,-1.2406980258295566e-12,-6.314495597025907e-14,-6.087310376249846e-16,-9.73555498691653e-09,-0.0010431531308896353,-9.639879043519505e-12,-6.682275267033621e-13,black
136.67334669338678,1708525.3591144732,0.0,18949135.85513433,0.0,-6.250757944316191e-08,2454800.4470011136,-1.2406980258295566e-12,-6.314495597025907e-14,-6.087310376249846e-16,-9.73555498691653e-09,-0.0010432476847736724,-9.639879043519505e-12,-6.682275267033621e-13,black
137.0741482965932,1781979.0830045927,0.0,18960876.447003357,0.0,-6.250757944316191e-08,2459555.202356703,-1.2406980258295566e-12,-6.314495597025907e-14,-6.087310376249846e-16,-9.73555498691653e-09,-0.0010433230553765032,-9.639879043519505e-12,-6.682275267033621e-13,black
137.4749498997996,1858584.9844232453,0.0,18973118.38231552,0.0,-6.250757944316191e-08,2464279.2031606683,-1.2406980258295566e-12,-6.314495597025907e-14,-6.087310376249846e-16,-9.73555498691653e-09,-0.001043353682258965,-9.639879043519505e-12,-6.682275267033621e-13,black
137.87575150300603,1938500.1827104636,0.0,18985886.285985183,0.0,-6.250757944316191e-08,2468974.426596225,-1.2406980258295566e-12,-6.314495597025907e-14,-6.087310376249846e-16,-9.73555498691653e-09,-0.0010433890214214348,-9.639879043519505e-12,-6.682275267033621e-13,black
138.27655310621242,2021841.927541157,0.0,18999198.613146137,0.0,-6.250757944316191e-08,2473642.5714874966,-1.2406980258295566e-12,-6.314495597025907e-14,-6.087310376249846e-16,-9.73555498691653e-09,-0.0010434053151442617,-9.639879043519505e-12,-6.682275267033621e-13,black
138.67735470941884,2108773.286991879,0.0,19013080.868732706,0.0,-6.250757944316191e-08,2478285.655502686,-1.2406980258295566e-12,-6.314495597025907e-14,-6.087310376249846e-16,-9.73555498691653e-09,-0.001043411523082853,-9.639879043519505e-12,-6.682275267033621e-13,black
139.07815631262525,2199442.408830716,0.0,19027556.266963176,0.0,-6.250757944316191e-08,2482905.5926102935,-1.2406980258295566e-12,-6.314495597025907e-14,-6.087310376249846e-16,-9.73555498691653e-09,-0.0010434122694939403,-9.639879043519505e-12,-6.682275267033621e-13,black
139.47895791583167,2293994.713542251,0.0,19042647.60304443,0.0,-6.250757944316191e-08,2487504.277843132,-1.2406980258295566e-12,-6.314495597025907e-14,-6.087310376249846e-16,-9.73555498691653e-09,-0.0010434112931922291,-9.639879043519505e-12,-6.682275267033621e-13,black
139.8797595190381,2392627.712256584,0.0,19058385.598684765,0.0,-6.250757944316191e-08,2492083.9730460253,-1.2406980258295566e-12,-6.314495597025907e-14,-6.087310376249846e-16,-9.73555498691653e-09,-0.0010434048187946273,-9.639879043519505e-12,-6.682275267033621e-13,black
140.2805611222445,2495491.49554085,0.0,19074793.76337515,0.0,-6.250757944316191e-08,2496646.605892347,-1.2406980258295566e-12,-6.314495597025907e-14,-6.087310376249846e-16,-9.73555498691653e-09,-0.0010433970760265038,-9.639879043519505e-12,-6.682275267033621e-13,black
140.6813627254509,2602763.5792361405,0.0,19091899.78938145,0.0,-6.250757944316191e-08,2501194.2965377215,-1.2406980258295566e-12,-6.314495597025907e-14,-6.087310376249846e-16,-9.73555498691653e-09,-0.0010433913829346075,-9.639879043519505e-12,-6.682275267033621e-13,black
141.0821643286573,2714637.914978948,0.0,19109733.807365295,0.0,-6.250757944316191e-08,2505729.288627594,-1.2406980258295566e-12,-6.314495597025907e-14,-6.087310376249846e-16,-9.73555498691653e-09,-0.0010433845935134422,-9.639879043519505e-12,-6.682275267033621e-13,black
141.48296593186373,2831316.5113956425,0.0,19128327.196307637,0.0,-6.250757944316191e-08,2510253.880333122,-1.2406980258295566e-12,-6.314495597025907e-14,-6.087310376249846e-16,-9.73555498691653e-09,-0.0010433763334055986,-9.639879043519505e-12,-6.682275267033621e-13,black
141.88376753507015,2953008.2120988565,0.0,19147712.409942564,0.0,-6.250757944316191e-08,2514770.4142931313,-1.2406980258295566e-12,-6.314495597025907e-14,-6.087310376249846e-16,-9.73555498691653e-09,-0.00104337034687889,-9.639879043519505e-12,-6.682275267033621e-13,black
142.28456913827657,3079930.546938351,0.0,19167923.147459593,0.0,-6.250757944316191e-08,2519281.302287255,-1.2406980258295566e-12,-6.314495597025907e-14,-6.087310376249846e-16,-9.73555498691653e-09,-0.0010433667755264271,-9.639879043519505e-12,-6.682275267033621e-13,black
142.68537074148298,3212305.1530183684,0.0,19188993.627749152,0.0,-6.250757944316191e-08,2523788.995258901,-1.2406980258295566e-12,-6.314495597025907e-14,-6.087310376249846e-16,-9.73555498691653e-09,-0.0010433625629212057,-9.639879043519505e-12,-6.682275267033621e-13,black
143.08617234468937,3350371.8389122332,0.0,19210960.971885007,0.0,-6.250757944316191e-08,2528296.0597015065,-1.2406980258295566e-12,-6.314495597025907e-14,-6.087310376249846e-16,-9.73555498691653e-09,-0.0010433596560319527,-9.639879043519505e-12,-6.682275267033621e-13,black
143.4869739478958,3494376.687697471,0.0,19233863.17770877,0.0,-6.250757944316191e-08,2532805.113811527,-1.2406980258295566e-12,-6.314495597025907e-14,-6.087310376249846e-16,-9.73555498691653e-09,-0.0010433580511679935,-9.639879043519505e-12,-6.682275267033621e-13,black
143.8877755511022,3644574.939627191,0.0,19257739.37716084,0.0,-6.250757944316191e-08,2537318.860777684,-1.2406980258295566e-12,-6.314495597025907e-14,-6.087310376249846e-16,-9.73555498691653e-09,-0.001043357097464979,-9.639879043519505e-12,-6.682275267033621e-13,black
144.28857715430863,3801231.532024204,0.0,19282630.40666427,0.0,-6.250757944316191e-08,2541840.055154935,-1.2406980258295566e-12,-6.314495597025907e-14,-6.087310376249846e-16,-9.73555498691653e-09,-0.0010433565944334567,-9.639879043519505e-12,-6.682275267033621e-13,black
144.68937875751504,3964620.7197403023,0.0,19308578.40615005,0.0,-6.250757944316191e-08,2546371.526503272,-1.2406980258295566e-12,-6.314495597025907e-14,-6.087310376249846e-16,-9.73555498691653e-09,-0.0010433560203920414,-9.639879043519505e-12,-6.682275267033621e-13,black
145.09018036072143,4135038.396448585,0.0,19335628.54424736,0.0,-6.250757944316191e-08,2550916.272773921,-1.2406980258295566e-12,-6.314495597025907e-14,-6.087310376249846e-16,-9.73555498691653e-09,-0.0010433557658539555,-9.639879043519505e-12,-6.682275267033621e-13,black
145.49098196392785,4312785.1896399185,0.0,19363826.767922413,0.0,-6.250757944316191e-08,2555477.3232915383,-1.2406980258295566e-12,-6.314495597025907e-14,-6.087310376249846e-16,-9.73555498691653e-09,-0.0010433556872654032,-9.639879043519505e-12,-6.682275267033621e-13,black
145.89178356713427,4498168.76453348,0.0,19393220.10917051,0.0,-6.250757944316191e-08,2560057.757427781,-1.2406980258295566e-12,-6.314495597025907e-14,-6.087310376249846e-16,-9.73555498691653e-09,-0.0010433553041103796,-9.639879043519505e-12,-6.682275267033621e-13,black
146.2925851703407,4691526.98276456,0.0,19423859.808215752,0.0,-6.250757944316191e-08,2564660.8856277945,-1.2406980258295566e-12,-6.314495597025907e-14,-6.087310376249846e-16,-9.73555498691653e-09,-0.001043354789015387,-9.639879043519505e-12,-6.682275267033621e-13,black
146.6933867735471,4893219.865961478,0.0,19455800.230526205,0.0,-6.250757944316191e-08,2569290.1864565606,-1.2406980258295566e-12,-6.314495597025907e-14,-6.087310376249846e-16,-9.73555498691653e-09,-0.0010433546041820085,-9.639879043519505e-12,-6.682275267033621e-13,black
147.09418837675352,5103584.915936617,0.0,19489092.81379837,0.0,-6.250757944316191e-08,2573948.961890215,-1.2406980258295566e-12,-6.314495597025907e-14,-6.087310376249846e-16,-9.73555498691653e-09,-0.0010433542655509578,-9.639879043519505e-12,-6.682275267033621e-13,black
147.4949899799599,5322986.659754136,0.0,19523792.780095655,0.0,-6.250757944316191e-08,2578640.7195606288,-1.2406980258295566e-12,-6.314495597025907e-14,-6.087310376249846e-16,-9.73555498691653e-09,-0.001043353713210263,-9.639879043519505e-12,-6.682275267033621e-13,black
147.89579158316633,5551801.592980611,0.0,19559957.096029043,0.0,-6.250757944316191e-08,2583369.0565912575,-1.2406980258295566e-12,-6.314495597025907e-14,-6.087310376249846e-16,-9.73555498691653e-09,-0.001043352894928129,-9.639879043519505e-12,-6.682275267033621e-13,black
148.29659318637275,5790482.387342943,0.0,19597652.862034794,0.0,-6.250757944316191e-08,2588138.1542116045,-1.2406980258295566e-12,-6.314495597025907e-14,-6.087310376249846e-16,-9.73555498691653e-09,-0.0010433519881962565,-9.639879043519505e-12,-6.682275267033621e-13,black
148.69739478957916,6039440.343894901,0.0,19636941.9538789,0.0,-6.250757944316191e-08,2592951.872252082,-1.2406980258295566e-12,-6.314495597025907e-14,-6.087310376249846e-16,-9.73555498691653e-09,-0.0010433509937286544,-9.639879043519505e-12,-6.682275267033621e-13,black
149.09819639278558,6299095.713521524,0.0,19677887.597459808,0.0,-6.250757944316191e-08,2597814.1367807845,-1.2406980258295566e-12,-6.314495597025907e-14,-6.087310376249846e-16,-9.73555498691653e-09,-0.0010433499094803199,-9.639879043519505e-12,-6.682275267033621e-13,black
149.498997995992,6569895.493115463,0.0,19720556.69403056,0.0,-6.250757944316191e-08,2602729.077193776,-1.2406980258295566e-12,-6.314495597025907e-14,-6.087310376249846e-16,-9.73555498691653e-09,-0.0010433487921900862,-9.639879043519505e-12,-6.682275267033621e-13,black
149.8997995991984,6852312.222654964,0.0,19765019.601393577,0.0,-6.250757944316191e-08,2607701.0164673687,-1.2406980258295566e-12,-6.314495597025907e-14,-6.087310376249846e-16,-9.73555498691653e-09,-0.0010433476846327169,-9.639879043519505e-12,-6.682275267033621e-13,black
150.3006012024048,7146927.495861996,0.0,19811360.58286004,0.0,-6.250757944316191e-08,2612735.1108602257,-1.2406980258295566e-12,-6.314495597025907e-14,-6.087310376249846e-16,-9.73555498691653e-09,-0.0010433463898158275,-9.639879043519505e-12,-6.682275267033621e-13,black
150.70140280561122,7454207.079963467,0.0,19859649.6699495,0.0,-6.250757944316191e-08,2617835.6273025502,-1.2406980258295566e-12,-6.314495597025907e-14,-6.087310376249846e-16,-9.73555498691653e-09,-0.0010433450790298204,-9.639879043519505e-12,-6.682275267033621e-13,black
151.10220440881764,7774683.599567182,0.0,19909965.520027887,0.0,-6.250757944316191e-08,2623007.342777471,-1.2406980258295566e-12,-6.314495597025907e-14,-6.087310376249846e-16,-9.73555498691653e-09,-0.0010433437978919925,-9.639879043519505e-12,-6.682275267033621e-13,black
151.50300601202406,8108907.342388972,0.0,19962389.26105775,0.0,-6.250757944316191e-08,2628255.1674867463,-1.2406980258295566e-12,-6.314495597025907e-14,-6.087310376249846e-16,-9.73555498691653e-09,-0.0010433425993621114,-9.639879043519505e-12,-6.682275267033621e-13,black
151.90380761523048,8457502.51751053,0.0,20017011.12514285,0.0,-6.250757944316191e-08,2633584.569457256,-1.2406980258295566e-12,-6.314495597025907e-14,-6.087310376249846e-16,-9.73555498691653e-09,-0.0010433414276370457,-9.639879043519505e-12,-6.682275267033621e-13,black
152.30460921843687,8821131.05024058,0.0,20073926.179494396,0.0,-6.250757944316191e-08,2639001.3012844604,-1.2406980258295566e-12,-6.314495597025907e-14,-6.087310376249846e-16,-9.73555498691653e-09,-0.0010433401928706576,-9.639879043519505e-12,-6.682275267033621e-13,black
152.70541082164328,9200385.897585422,0.0,20133221.74700519,0.0,-6.250757944316191e-08,2644510.5949360505,-1.2406980258295566e-12,-6.314495597025907e-14,-6.087310376249846e-16,-9.73555498691653e-09,-0.0010433389913485347,-9.639879043519505e-12,-6.682275267033621e-13,black
153.1062124248497,9595922.953268068,0.0,20194992.959483214,0.0,-6.250757944316191e-08,2650118.157298727,-1.2406980258295566e-12,-6.314495597025907e-14,-6.087310376249846e-16,-9.73555498691653e-09,-0.0010433378332634015,-9.639879043519505e-12,-6.682275267033621e-13,black
153.50701402805612,10008419.67727747,0.0,20259337.87956369,0.0,-6.250757944316191e-08,2655829.857936718,-1.2406980258295566e-12,-6.314495597025907e-14,-6.087310376249846e-16,-9.73555498691653e-09,-0.0010433367280951451,-9.639879043519505e-12,-6.682275267033621e-13,black
153.90781563126254,10438699.751252603,0.0,20326371.341532454,0.0,-6.250757944316191e-08,2661652.648058571,-1.2406980258295566e-12,-6.314495597025907e-14,-6.087310376249846e-16,-9.73555498691653e-09,-0.001043335635734199,-9.639879043519505e-12,-6.682275267033621e-13,black
154.30861723446895,10887511.515592184,0.0,20396200.35060088,0.0,-6.250757944316191e-08,2667592.927142546,-1.2406980258295566e-12,-6.314495597025907e-14,-6.087310376249846e-16,-9.73555498691653e-09,-0.001043334553355002,-9.639879043519505e-12,-6.682275267033621e-13,black
154.70941883767534,11355600.619193226,0.0,20468932.149402235,0.0,-6.250757944316191e-08,2673657.078514746,-1.2406980258295566e-12,-6.314495597025907e-14,-6.087310376249846e-16,-9.73555498691653e-09,-0.0010433334869304777,-9.639879043519505e-12,-6.682275267033621e-13,black
155.11022044088176,11843776.956069347,0.0,20544681.650144883,0.0,-6.250757944316191e-08,2679851.9628097876,-1.2406980258295566e-12,-6.314495597025907e-14,-6.087310376249846e-16,-9.73555498691653e-09,-0.0010433324249865964,-9.639879043519505e-12,-6.682275267033621e-13,black
155.51102204408818,12352899.133622915,0.0,20623569.496277712,0.0,-6.250757944316191e-08,2686184.7988297036,-1.2406980258295566e-12,-6.314495597025907e-14,-6.087310376249846e-16,-9.73555498691653e-09,-0.001043331360888858,-9.639879043519505e-12,-6.682275267033621e-13,black
155.9118236472946,12883988.66278983,0.0,20705733.74613541,0.0,-6.250757944316191e-08,2692663.983761303,-1.2406980258295566e-12,-6.314495597025907e-14,-6.087310376249846e-16,-9.73555498691653e-09,-0.0010433303234590415,-9.639879043519505e-12,-6.682275267033621e-13,black
156.31262525050101,13437901.295239752,0.0,20791296.279141616,0.0,-6.250757944316191e-08,2699296.733162425,-1.2406980258295566e-12,-6.314495597025907e-14,-6.087310376249846e-16,-9.73555498691653e-09,-0.0010433292862672568,-9.639879043519505e-12,-6.682275267033621e-13,black
156.71342685370743,14015606.205824953,0.0,20880391.348325837,0.0,-6.250757944316191e-08,2706091.0860278187,-1.2406980258295566e-12,-6.314495597025907e-14,-6.087310376249846e-16,-9.73555498691653e-09,-0.0010433282434502461,-9.639879043519505e-12,-6.682275267033621e-13,black
157.11422845691382,14618111.30897674,0.0,20973157.953449685,0.0,-6.250757944316191e-08,2713055.3686597166,-1.2406980258295566e-12,-6.314495597025907e-14,-6.087310376249846e-16,-9.73555498691653e-09,-0.0010433271885839813,-9.639879043519505e-12,-6.682275267033621e-13,black
157.51503006012024,15246465.065061217,0.0,21069740.034493692,0.0,-6.250757944316191e-08,2720198.207830781,-1.2406980258295566e-12,-6.314495597025907e-14,-6.087310376249846e-16,-9.73555498691653e-09,-0.0010433261145115686,-9.639879043519505e-12,-6.682275267033621e-13,black
157.91583166332666,15901842.737373363,0.0,21170293.096258115,0.0,-6.250757944316191e-08,2727529.094435434,-1.2406980258295566e-12,-6.314495597025907e-14,-6.087310376249846e-16,-9.73555498691653e-09,-0.0010433250426965621,-9.639879043519505e-12,-6.682275267033621e-13,black
158.31663326653307,16585384.51542324,0.0,21274971.937000394,0.0,-6.250757944316191e-08,2735057.329690737,-1.2406980258295566e-12,-6.314495597025907e-14,-6.087310376249846e-16,-9.73555498691653e-09,-0.001043323965824436,-9.639879043519505e-12,-6.682275267033621e-13,black
158.7174348697395,17298289.902139854,0.0,21383937.8921705,0.0,-6.250757944316191e-08,2742792.641784197,-1.2406980258295566e-12,-6.314495597025907e-14,-6.087310376249846e-16,-9.73555498691653e-09,-0.0010433228799983573,-9.639879043519505e-12,-6.682275267033621e-13,black
159.1182364729459,18041822.868109092,0.0,21497359.282846827,0.0,-6.250757944316191e-08,2750745.2208597604,-1.2406980258295566e-12,-6.314495597025907e-14,-6.087310376249846e-16,-9.73555498691653e-09,-0.0010433217857375718,-9.639879043519505e-12,-6.682275267033621e-13,black
159.5190380761523,18817303.098423272,0.0,21615410.805091817,0.0,-6.250757944316191e-08,2758925.6633490073,-1.2406980258295566e-12,-6.314495597025907e-14,-6.087310376249846e-16,-9.73555498691653e-09,-0.0010433206841135236,-9.639879043519505e-12,-6.682275267033621e-13,black
159.91983967935872,19626104.768570144,0.0,21738271.109334666,0.0,-6.250757944316191e-08,2767344.8987168237,-1.2406980258295566e-12,-6.314495597025907e-14,-6.087310376249846e-16,-9.73555498691653e-09,-0.0010433195747524325,-9.639879043519505e-12,-6.682275267033621e-13,black
160.32064128256513,20469661.56150984,0.0,21866125.12355882,0.0,-6.250757944316191e-08,2776014.276283567,-1.2406980258295566e-12,-6.314495597025907e-14,-6.087310376249846e-16,-9.73555498691653e-09,-0.0010433184573914879,-9.639879043519505e-12,-6.682275267033621e-13,black
160.72144288577155,21349474.020428963,0.0,21999168.15179158,0.0,-6.250757944316191e-08,2784945.7119536106,-1.2406980258295566e-12,-6.314495597025907e-14,-6.087310376249846e-16,-9.73555498691653e-09,-0.001043317334764935,-9.639879043519505e-12,-6.682275267033621e-13,black
161.12224448897797,22267104.72270508,0.0,22137600.71573479,0.0,-6.250757944316191e-08,2794151.5225774124,-1.2406980258295566e-12,-6.314495597025907e-14,-6.087310376249846e-16,-9.73555498691653e-09,-0.0010433162085557825,-9.639879043519505e-12,-6.682275267033621e-13,black
161.5230460921844,23224182.801368568,0.0,22281630.501244858,0.0,-6.250757944316191e-08,2803644.500061943,-1.2406980258295566e-12,-6.314495597025907e-14,-6.087310376249846e-16,-9.73555498691653e-09,-0.0010433150806698024,-9.639879043519505e-12,-6.682275267033621e-13,black
161.92384769539078,24222407.16255081,0.0,22431471.733983252,0.0,-6.250757944316191e-08,2813437.9057040988,-1.2406980258295566e-12,-6.314495597025907e-14,-6.087310376249846e-16,-9.73555498691653e-09,-0.0010433139520707449,-9.639879043519505e-12,-6.682275267033621e-13,black
162.3246492985972,25263553.411964823,0.0,22587341.467160605,0.0,-6.250757944316191e-08,2823545.3864031364,-1.2406980258295566e-12,-6.314495597025907e-14,-6.087310376249846e-16,-9.73555498691653e-09,-0.0010433128173842113,-9.639879043519505e-12,-6.682275267033621e-13,black
162.7254509018036,26349462.447258603,0.0,22749471.133120008,0.0,-6.250757944316191e-08,2833981.2770331516,-1.2406980258295566e-12,-6.314495597025907e-14,-6.087310376249846e-16,-9.73555498691653e-09,-0.0010433116804174857,-9.639879043519505e-12,-6.682275267033621e-13,black
163.12625250501003,27482054.17531725,0.0,22918097.177470654,0.0,-6.250757944316191e-08,2844760.3736247565,-1.2406980258295566e-12,-6.314495597025907e-14,-6.087310376249846e-16,-9.73555498691653e-09,-0.0010433105410162955,-9.639879043519505e-12,-6.682275267033621e-13,black
163.52705410821645,28663326.61276621,0.0,23093463.862247497,0.0,-6.250757944316191e-08,2855898.014411087,-1.2406980258295566e-12,-6.314495597025907e-14,-6.087310376249846e-16,-9.73555498691653e-09,-0.001043309398596723,-9.639879043519505e-12,-6.682275267033621e-13,black
163.92785571142286,29895358.144739214,0.0,23275823.439698737,0.0,-6.250757944316191e-08,2867410.094353294,-1.2406980258295566e-12,-6.314495597025907e-14,-6.087310376249846e-16,-9.73555498691653e-09,-0.0010433082520741042,-9.639879043519505e-12,-6.682275267033621e-13,black
164.32865731462925,31180399.715954747,0.0,23465437.49243592,0.0,-6.250757944316191e-08,2879313.4969876315,-1.2406980258295566e-12,-6.314495597025907e-14,-6.087310376249846e-16,-9.73555498691653e-09,-0.0010433071050984658,-9.639879043519505e-12,-6.682275267033621e-13,black
164.72945891783567,32520703.113534205,0.0,23662574.850868262,0.0,-6.250757944316191e-08,2891625.3016335038,-1.2406980258295566e-12,-6.314495597025907e-14,-6.087310376249846e-16,-9.73555498691653e-09,-0.0010433059557178102,-9.639879043519505e-12,-6.682275267033621e-13,black
165.1302605210421,33918621.07442335,0.0,23867513.03602245,0.0,-6.250757944316191e-08,2904363.2519755326,-1.2406980258295566e-12,-6.314495597025907e-14,-6.087310376249846e-16,-9.73555498691653e-09,-0.0010433048020806635,-9.639879043519505e-12,-6.682275267033621e-13,black
165.5310621242485,35376613.68865968,0.0,24080538.487081587,0.0,-6.250757944316191e-08,2917545.789821171,-1.2406980258295566e-12,-6.314495597025907e-14,-6.087310376249846e-16,-9.73555498691653e-09,-0.0010433036426095233,-9.639879043519505e-12,-6.682275267033621e-13,black
165.93186372745492,36897239.26074127,0.0,24301946.587355897,0.0,-6.250757944316191e-08,2931192.016737742,-1.2406980258295566e-12,-6.314495597025907e-14,-6.087310376249846e-16,-9.73555498691653e-09,-0.0010433024752572436,-9.639879043519505e-12,-6.682275267033621e-13,black
166.3326653306613,38483239.935367614,0.0,24532044.744176988,0.0,-6.250757944316191e-08,2945322.129274628,-1.2406980258295566e-12,-6.314495597025907e-14,-6.087310376249846e-16,-9.73555498691653e-09,-0.0010433013022934587,-9.639879043519505e-12,-6.682275267033621e-13,black
166.73346693386773,40137479.715162635,0.0,24771150.304381665,0.0,-6.250757944316191e-08,2959957.108956983,-1.2406980258295566e-12,-6.314495597025907e-14,-6.087310376249846e-16,-9.73555498691653e-09,-0.0010433001264909994,-9.639879043519505e-12,-6.682275267033621e-13,black
167.13426853707415,41862824.24007258,0.0,25019586.432192057,0.0,-6.250757944316191e-08,2975118.11825164,-1.2406980258295566e-12,-6.314495597025907e-14,-6.087310376249846e-16,-9.73555498691653e-09,-0.0010432989439191985,-9.639879043519505e-12,-6.682275267033621e-13,black
167.53507014028057,43662313.524857506,0.0,25277688.23691758,0.0,-6.250757944316191e-08,2990827.3755903416,-1.2406980258295566e-12,-6.314495597025907e-14,-6.087310376249846e-16,-9.73555498691653e-09,-0.0010432977538056634,-9.639879043519505e-12,-6.682275267033621e-13,black
167.93587174348698,45539110.55309526,0.0,25545801.058474496,0.0,-6.250757944316191e-08,3007107.898759907,-1.2406980258295566e-12,-6.314495597025907e-14,-6.087310376249846e-16,-9.73555498691653e-09,-0.001043296555338892,-9.639879043519505e-12,-6.682275267033621e-13,black
168.3366733466934,47496541.379907325,0.0,25824281.870575774,0.0,-6.250757944316191e-08,3023983.6884642965,-1.2406980258295566e-12,-6.314495597025907e-14,-6.087310376249846e-16,-9.73555498691653e-09,-0.0010432953481518145,-9.639879043519505e-12,-6.682275267033621e-13,black
168.7374749498998,49538261.239321865,0.0,26113504.802755352,0.0,-6.250757944316191e-08,3041480.4727351763,-1.2406980258295566e-12,-6.314495597025907e-14,-6.087310376249846e-16,-9.73555498691653e-09,-0.0010432941344518042,-9.639879043519505e-12,-6.682275267033621e-13,black
169.1382765531062,51667754.71080898,0.0,26413844.8941459,0.0,-6.250757944316191e-08,3059623.487230042,-1.2406980258295566e-12,-6.314495597025907e-14,-6.087310376249846e-16,-9.73555498691653e-09,-0.0010432929124490134,-9.639879043519505e-12,-6.682275267033621e-13,black
169.53907815631263,53888777.426160485,0.0,26725692.624288734,0.0,-6.250757944316191e-08,3078439.446340291,-1.2406980258295566e-12,-6.314495597025907e-14,-6.087310376249846e-16,-9.73555498691653e-09,-0.0010432916820875724,-9.639879043519505e-12,-6.682275267033621e-13,black
169.93987975951904,56205236.72628261,0.0,27049450.104361594,0.0,-6.250757944316191e-08,3097956.017057092,-1.2406980258295566e-12,-6.314495597025907e-14,-6.087310376249846e-16,-9.73555498691653e-09,-0.0010432904434456917,-9.639879043519505e-12,-6.682275267033621e-13,black
170.34068136272546,58621196.00368686,0.0,27385531.31143937,0.0,-6.250757944316191e-08,3118201.8433641186,-1.2406980258295566e-12,-6.314495597025907e-14,-6.087310376249846e-16,-9.73555498691653e-09,-0.0010432891967519346,-9.639879043519505e-12,-6.682275267033621e-13,black
170.74148296593188,61140925.19214152,0.0,27734364.05532302,0.0,-6.250757944316191e-08,3139206.748385096,-1.2406980258295566e-12,-6.314495597025907e-14,-6.087310376249846e-16,-9.73555498691653e-09,-0.0010432879419673188,-9.639879043519505e-12,-6.682275267033621e-13,black
171.14228456913827,63769199.02516389,0.0,28096401.247704994,0.0,-6.250757944316191e-08,3161002.8909151806,-1.2406980258295566e-12,-6.314495597025907e-14,-6.087310376249846e-16,-9.73555498691653e-09,-0.0010432866760363207,-9.639879043519505e-12,-6.682275267033621e-13,black
171.5430861723447,66510460.76415421,0.0,28472089.576054815,0.0,-6.250757944316191e-08,3183621.5518409526,-1.2406980258295566e-12,-6.314495597025907e-14,-6.087310376249846e-16,-9.73555498691653e-09,-0.001043285400811952,-9.639879043519505e-12,-6.682275267033621e-13,black
171.9438877755511,69369543.49328172,0.0,28861896.655438785,0.0,-6.250757944316191e-08,3207095.920170861,-1.2406980258295566e-12,-6.314495597025907e-14,-6.087310376249846e-16,-9.73555498691653e-09,-0.0010432841163266829,-9.639879043519505e-12,-6.682275267033621e-13,black
172.34468937875752,72351475.13107564,0.0,29266303.77901854,0.0,-6.250757944316191e-08,3231460.349622826,-1.2406980258295566e-12,-6.314495597025907e-14,-6.087310376249846e-16,-9.73555498691653e-09,-0.0010432828226840916,-9.639879043519505e-12,-6.682275267033621e-13,black
172.74549098196394,75461483.97474779,0.0,29685806.197433863,0.0,-6.250757944316191e-08,3256750.3876463217,-1.2406980258295566e-12,-6.314495597025907e-14,-6.087310376249846e-16,-9.73555498691653e-09,-0.001043281520063829,-9.639879043519505e-12,-6.682275267033621e-13,black
173.14629258517036,78705051.2436798,0.0,30120914.96693952,0.0,-6.250757944316191e-08,3283002.9782003616,-1.2406980258295566e-12,-6.314495597025907e-14,-6.087310376249846e-16,-9.73555498691653e-09,-0.0010432802084194245,-9.639879043519505e-12,-6.682275267033621e-13,black
173.54709418837675,82088361.90800586,0.0,30572172.0916371,0.0,-6.250757944316191e-08,3310258.1369914217,-1.2406980258295566e-12,-6.314495597025907e-14,-6.087310376249846e-16,-9.73555498691653e-09,-0.0010432788845731408,-9.639879043519505e-12,-6.682275267033621e-13,black
173.94789579158316,85617117.07275538,0.0,31040110.977152884,0.0,-6.250757944316191e-08,3338554.5693825334,-1.2406980258295566e-12,-6.314495597025907e-14,-6.087310376249846e-16,-9.73555498691653e-09,-0.0010432775500187155,-9.639879043519505e-12,-6.682275267033621e-13,black
174.34869739478958,89297538.88647008,0.0,31525290.067140754,0.0,-6.250757944316191e-08,3367933.394064998,-1.2406980258295566e-12,-6.314495597025907e-14,-6.087310376249846e-16,-9.73555498691653e-09,-0.0010432762043950823,-9.639879043519505e-12,-6.682275267033621e-13,black
174.749498997996,93136100.56259407,0.0,32028283.926167265,0.0,-6.250757944316191e-08,3398437.1534722364,-1.2406980258295566e-12,-6.314495597025907e-14,-6.087310376249846e-16,-9.73555498691653e-09,-0.0010432748472919869,-9.639879043519505e-12,-6.682275267033621e-13,black
175.15030060120242,97139533.5443422,0.0,32549683.573185563,0.0,-6.250757944316191e-08,3430109.848793029,-1.2406980258295566e-12,-6.314495597025907e-14,-6.087310376249846e-16,-9.73555498691653e-09,-0.0010432734782443612,-9.639879043519505e-12,-6.682275267033621e-13,black
175.55110220440883,101314875.89532523,0.0,33090098.688159216,0.0,-6.250757944316191e-08,3462997.1147032143,-1.2406980258295566e-12,-6.314495597025907e-14,-6.087310376249846e-16,-9.73555498691653e-09,-0.0010432720967395953,-9.639879043519505e-12,-6.682275267033621e-13,black
175.95190380761522,105670112.67031798,0.0,33650186.71613172,0.0,-6.250757944316191e-08,3497148.400380799,-1.2406980258295566e-12,-6.314495597025907e-14,-6.087310376249846e-16,-9.73555498691653e-09,-0.001043270702410035,-9.639879043519505e-12,-6.682275267033621e-13,black
176.35270541082164,110212576.2345086,0.0,34230580.19142271,0.0,-6.250757944316191e-08,3532611.558749187,-1.2406980258295566e-12,-6.314495597025907e-14,-6.087310376249846e-16,-9.73555498691653e-09,-0.0010432692945245914,-9.639879043519505e-12,-6.682275267033621e-13,black
176.75350701402806,114950277.47276197,0.0,34831947.23091048,0.0,-6.250757944316191e-08,3569437.368817123,-1.2406980258295566e-12,-6.314495597025907e-14,-6.087310376249846e-16,-9.73555498691653e-09,-0.0010432678723973929,-9.639879043519505e-12,-6.682275267033621e-13,black
177.15430861723448,119891550.74782166,0.0,35454975.41013959,0.0,-6.250757944316191e-08,3607678.3431351804,-1.2406980258295566e-12,-6.314495597025907e-14,-6.087310376249846e-16,-9.73555498691653e-09,-0.0010432664352688279,-9.639879043519505e-12,-6.682275267033621e-13,black
177.5551102204409,125045063.14632459,0.0,36100372.19135455,0.0,-6.250757944316191e-08,3647388.769862223,-1.2406980258295566e-12,-6.314495597025907e-14,-6.087310376249846e-16,-9.73555498691653e-09,-0.0010432649823005707,-9.639879043519505e-12,-6.682275267033621e-13,black
177.9559118236473,130419852.53671475,0.0,36768866.837566905,0.0,-6.250757944316191e-08,3688624.8463162035,-1.2406980258295566e-12,-6.314495597025907e-14,-6.087310376249846e-16,-9.73555498691653e-09,-0.001043263512627306,-9.639879043519505e-12,-6.682275267033621e-13,black
178.3567134268537,136026223.88152948,0.0,37461256.59286787,0.0,-6.250757944316191e-08,3731447.5376777616,-1.2406980258295566e-12,-6.314495597025907e-14,-6.087310376249846e-16,-9.73555498691653e-09,-0.0010432620270974617,-9.639879043519505e-12,-6.682275267033621e-13,black
178.75751503006012,141873609.0329991,0.0,38178296.24810827,0.0,-6.250757944316191e-08,3775915.7940628435,-1.2406980258295566e-12,-6.314495597025907e-14,-6.087310376249846e-16,-9.73555498691653e-09,-0.001043260524038209,-9.639879043519505e-12,-6.682275267033621e-13,black
179.15831663326654,147972321.07506406,0.0,38920788.57587022,0.0,-6.250757944316191e-08,3822092.1336658,-1.2406980258295566e-12,-6.314495597025907e-14,-6.087310376249846e-16,-9.73555498691653e-09,-0.0010432590026847603,-9.639879043519505e-12,-6.682275267033621e-13,black
179.55911823647295,154333089.61904743,0.0,39689560.313531235,0.0,-6.250757944316191e-08,3870041.1799257477,-1.2406980258295566e-12,-6.314495597025907e-14,-6.087310376249846e-16,-9.73555498691653e-09,-0.0010432574622426802,-9.639879043519505e-12,-6.682275267033621e-13,black
179.95991983967937,160967072.71339455,0.0,40485462.72868496,0.0,-6.250757944316191e-08,3919829.7120509655,-1.2406980258295566e-12,-6.314495597025907e-14,-6.087310376249846e-16,-9.73555498691653e-09,-0.0010432559018881524,-9.639879043519505e-12,-6.682275267033621e-13,black
180.3607214428858,167885875.69667646,0.0,41309372.578367166,0.0,-6.250757944316191e-08,3971526.735714825,-1.2406980258295566e-12,-6.314495597025907e-14,-6.087310376249846e-16,-9.73555498691653e-09,-0.0010432543207715647,-9.639879043519505e-12,-6.682275267033621e-13,black
180.76152304609218,175102803.22869742,0.0,42162263.011154704,0.0,-6.250757944316191e-08,4025207.136373981,-1.2406980258295566e-12,-6.314495597025907e-14,-6.087310376249846e-16,-9.73555498691653e-09,-0.0010432527186104692,-9.639879043519505e-12,-6.682275267033621e-13,black
181.1623246492986,182629983.34377652,0.0,43045040.3403679,0.0,-6.250757944316191e-08,4080943.3400080465,-1.2406980258295566e-12,-6.314495597025907e-14,-6.087310376249846e-16,-9.73555498691653e-09,-0.0010432510943096521,-9.639879043519505e-12,-6.682275267033621e-13,black
181.56312625250501,190480692.49132445,0.0,43958675.8046656,0.0,-6.250757944316191e-08,4138812.083738991,-1.2406980258295566e-12,-6.314495597025907e-14,-6.087310376249846e-16,-9.73555498691653e-09,-0.0010432494470669178,-9.639879043519505e-12,-6.682275267033621e-13,black
181.96392785571143,198668743.44247016,0.0,44904170.74152212,0.0,-6.250757944316191e-08,4198892.653505129,-1.2406980258295566e-12,-6.314495597025907e-14,-6.087310376249846e-16,-9.73555498691653e-09,-0.0010432477760751258,-9.639879043519505e-12,-6.682275267033621e-13,black
182.36472945891785,207208500.63447198,0.0,45882557.34745429,0.0,-6.250757944316191e-08,4261266.944563906,-1.2406980258295566e-12,-6.314495597025907e-14,-6.087310376249846e-16,-9.73555498691653e-09,-0.0010432460805240983,-9.639879043519505e-12,-6.682275267033621e-13,black
182.76553106212427,216114895.51512963,0.0,46894899.43824858,0.0,-6.250757944316191e-08,4326019.521994689,-1.2406980258295566e-12,-6.314495597025907e-14,-6.087310376249846e-16,-9.73555498691653e-09,-0.00104324435960253,-9.639879043519505e-12,-6.682275267033621e-13,black
183.16633266533066,225405019.45404476,0.0,47942378.91216609,0.0,-6.250757944316191e-08,4393241.999456097,-1.2406980258295566e-12,-6.314495597025907e-14,-6.087310376249846e-16,-9.73555498691653e-09,-0.0010432426117396197,-9.639879043519505e-12,-6.682275267033621e-13,black
183.56713426853707,235094553.93556565,0.0,49026101.743046634,0.0,-6.250757944316191e-08,4463023.28609731,-1.2406980258295566e-12,-6.314495597025907e-14,-6.087310376249846e-16,-9.73555498691653e-09,-0.001043240836334768,-9.639879043519505e-12,-6.682275267033621e-13,black
183.9679358717435,245200561.28382236,0.0,50147249.51600626,0.0,-6.250757944316191e-08,4535457.244076445,-1.2406980258295566e-12,-6.314495597025907e-14,-6.087310376249846e-16,-9.73555498691653e-09,-0.0010432390324219493,-9.639879043519505e-12,-6.682275267033621e-13,black
184.3687374749499,255740823.703915,0.0,51307043.446780816,0.0,-6.250757944316191e-08,4610640.897826786,-1.2406980258295566e-12,-6.314495597025907e-14,-6.087310376249846e-16,-9.73555498691653e-09,-0.001043237198997551,-9.639879043519505e-12,-6.682275267033621e-13,black
184.76953907815633,266733833.8751853,0.0,52506743.79732132,0.0,-6.250757944316191e-08,4688674.426808568,-1.2406980258295566e-12,-6.314495597025907e-14,-6.087310376249846e-16,-9.73555498691653e-09,-0.001043235335034209,-9.639879043519505e-12,-6.682275267033621e-13,black
185.17034068136272,278198814.7331566,0.0,53747650.87709447,0.0,-6.250757944316191e-08,4769661.238158558,-1.2406980258295566e-12,-6.314495597025907e-14,-6.087310376249846e-16,-9.73555498691653e-09,-0.001043233439480578,-9.639879043519505e-12,-6.682275267033621e-13,black
185.57114228456913,290157685.7013893,0.0,55031206.89961287,0.0,-6.250757944316191e-08,4853713.102846688,-1.2406980258295566e-12,-6.314495597025907e-14,-6.087310376249846e-16,-9.73555498691653e-09,-0.001043231510606274,-9.639879043519505e-12,-6.682275267033621e-13,black
185.97194388777555,302630757.028166,0.0,56358772.860951245,0.0,-6.250757944316191e-08,4940938.976085161,-1.2406980258295566e-12,-6.314495597025907e-14,-6.087310376249846e-16,-9.73555498691653e-09,-0.0010432295474568163,-9.639879043519505e-12,-6.682275267033621e-13,black
186.37274549098197,315639946.099782,0.0,57731795.16919945,0.0,-6.250757944316191e-08,5031453.385454772,-1.2406980258295566e-12,-6.314495597025907e-14,-6.087310376249846e-16,-9.73555498691653e-09,-0.0010432275487780168,-9.639879043519505e-12,-6.682275267033621e-13,black
186.7735470941884,329208145.60144967,0.0,59151772.88204337,0.0,-6.250757944316191e-08,5125374.808423442,-1.2406980258295566e-12,-6.314495597025907e-14,-6.087310376249846e-16,-9.73555498691653e-09,-0.0010432255132349683,-9.639879043519505e-12,-6.682275267033621e-13,black
187.1743486973948,343359163.27240163,0.0,60620254.561477914,0.0,-6.250757944316191e-08,5222825.536813477,-1.2406980258295566e-12,-6.314495597025907e-14,-6.087310376249846e-16,-9.73555498691653e-09,-0.0010432234394387367,-9.639879043519505e-12,-6.682275267033621e-13,black
187.5751503006012,358117747.4108022,0.0,62138839.57164303,0.0,-6.250757944316191e-08,5323931.764338924,-1.2406980258295566e-12,-6.314495597025907e-14,-6.087310376249846e-16,-9.73555498691653e-09,-0.001043221325944206,-9.639879043519505e-12,-6.682275267033621e-13,black
187.9759519038076,373512008.4380212,0.0,63709289.93456323,0.0,-6.250757944316191e-08,5428829.839138847,-1.2406980258295566e-12,-6.314495597025907e-14,-6.087310376249846e-16,-9.73555498691653e-09,-0.0010432191712580012,-9.639879043519505e-12,-6.682275267033621e-13,black
188.37675350701403,389568248.9975261,0.0,65333291.90387433,0.0,-6.250757944316191e-08,5537652.983675554,-1.2406980258295566e-12,-6.314495597025907e-14,-6.087310376249846e-16,-9.73555498691653e-09,-0.0010432169738144802,-9.639879043519505e-12,-6.682275267033621e-13,black
188.77755511022045,406314624.2622466,0.0,67012624.97809447,0.0,-6.250757944316191e-08,5650540.734520322,-1.2406980258295566e-12,-6.314495597025907e-14,-6.087310376249846e-16,-9.73555498691653e-09,-0.001043214731988866,-9.639879043519505e-12,-6.682275267033621e-13,black
189.17835671342687,423780606.0550075,0.0,68749137.29530784,0.0,-6.250757944316191e-08,5767637.585463675,-1.2406980258295566e-12,-6.314495597025907e-14,-6.087310376249846e-16,-9.73555498691653e-09,-0.001043212444092731,-9.639879043519505e-12,-6.682275267033621e-13,black
189.57915831663328,441996844.6906415,0.0,70544739.3793448,0.0,-6.250757944316191e-08,5889092.653952798,-1.2406980258295566e-12,-6.314495597025907e-14,-6.087310376249846e-16,-9.73555498691653e-09,-0.0010432101083711527,-9.639879043519505e-12,-6.682275267033621e-13,black
189.97995991983967,460995201.85377926,0.0,72401405.77781396,0.0,-6.250757944316191e-08,6015059.787599092,-1.2406980258295566e-12,-6.314495597025907e-14,-6.087310376249846e-16,-9.73555498691653e-09,-0.001043207723000589,-9.639879043519505e-12,-6.682275267033621e-13,black
190.3807615230461,480811786.95296997,0.0,74321298.93941143,0.0,-6.250757944316191e-08,6145705.503624154,-1.2406980258295566e-12,-6.314495597025907e-14,-6.087310376249846e-16,-9.73555498691653e-09,-0.0010432052863011112,-9.639879043519505e-12,-6.682275267033621e-13,black
190.7815631262525,501480651.2904698,0.0,76306512.87120089,0.0,-6.250757944316191e-08,6281192.564286761,-1.2406980258295566e-12,-6.314495597025907e-14,-6.087310376249846e-16,-9.73555498691653e-09,-0.001043202796281888,-9.639879043519505e-12,-6.682275267033621e-13,black
191.18236472945893,523037973.6391723,0.0,78359243.78844526,0.0,-6.250757944316191e-08,6421690.9134529885,-1.2406980258295566e-12,-6.314495597025907e-14,-6.087310376249846e-16,-9.73555498691653e-09,-0.0010432002509354378,-9.639879043519505e-12,-6.682275267033621e-13,black
191.58316633266534,545521713.0825498,0.0,80481776.2853783,0.0,-6.250757944316191e-08,6567376.791981256,-1.2406980258295566e-12,-6.314495597025907e-14,-6.087310376249846e-16,-9.73555498691653e-09,-0.0010431976482083802,-9.639879043519505e-12,-6.682275267033621e-13,black
191.98396793587176,568971349.1789088,0.0,82676473.0600112,0.0,-6.250757944316191e-08,6718432.080845464,-1.2406980258295566e-12,-6.314495597025907e-14,-6.087310376249846e-16,-9.73555498691653e-09,-0.0010431949859784227,-9.639879043519505e-12,-6.682275267033621e-13,black
192.38476953907815,593427924.5241779,0.0,84945776.9463368,0.0,-6.250757944316191e-08,6875044.4329006225,-1.2406980258295566e-12,-6.314495597025907e-14,-6.087310376249846e-16,-9.73555498691653e-09,-0.0010431922620529254,-9.639879043519505e-12,-6.682275267033621e-13,black
192.78557114228457,618937584.479184,0.0,87292378.91202334,0.0,-6.250757944316191e-08,7037416.360540703,-1.2406980258295566e-12,-6.314495597025907e-14,-6.087310376249846e-16,-9.73555498691653e-09,-0.0010431894741487718,-9.639879043519505e-12,-6.682275267033621e-13,black
193.18637274549098,645544456.8439955,0.0,89718880.16028744,0.0,-6.250757944316191e-08,7205747.024015741,-1.2406980258295566e-12,-6.314495597025907e-14,-6.087310376249846e-16,-9.73555498691653e-09,-0.0010431866199292303,-9.639879043519505e-12,-6.682275267033621e-13,black
193.5871743486974,673295024.2549262,0.0,92227999.64372666,0.0,-6.250757944316191e-08,7380243.4514744505,-1.2406980258295566e-12,-6.314495597025907e-14,-6.087310376249846e-16,-9.73555498691653e-09,-0.0010431836969793725,-9.639879043519505e-12,-6.682275267033621e-13,black
193.98797595190382,702238129.5213876,0.0,94822574.32988682,0.0,-6.250757944316191e-08,7561120.575397922,-1.2406980258295566e-12,-6.314495597025907e-14,-6.087310376249846e-16,-9.73555498691653e-09,-0.0010431807028048387,-9.639879043519505e-12,-6.682275267033621e-13,black
194.38877755511024,732424567.7501783,0.0,97505539.85693528,0.0,-6.250757944316191e-08,7748600.210836839,-1.2406980258295566e-12,-6.314495597025907e-14,-6.087310376249846e-16,-9.73555498691653e-09,-0.0010431776348328137,-9.639879043519505e-12,-6.682275267033621e-13,black
194.78957915831663,763907140.7426217,0.0,100279933.12748984,0.0,-6.250757944316191e-08,7942911.217483698,-1.2406980258295566e-12,-6.314495597025907e-14,-6.087310376249846e-16,-9.73555498691653e-09,-0.0010431744904105286,-9.639879043519505e-12,-6.682275267033621e-13,black
195.19038076152304,796745198.9393277,0.0,103149039.34025325,0.0,-6.250757944316191e-08,8144302.166657027,-1.2406980258295566e-12,-6.314495597025907e-14,-6.087310376249846e-16,-9.73555498691653e-09,-0.0010431712665723123,-9.639879043519505e-12,-6.682275267033621e-13,black
195.59118236472946,830995805.9517331,0.0,106116108.45146382,0.0,-6.250757944316191e-08,8353016.731048944,-1.2406980258295566e-12,-6.314495597025907e-14,-6.087310376249846e-16,-9.73555498691653e-09,-0.0010431679604966052,-9.639879043519505e-12,-6.682275267033621e-13,black
195.99198396793588,866718649.247084,0.0,109184514.07493351,0.0,-6.250757944316191e-08,8569307.379233606,-1.2406980258295566e-12,-6.314495597025907e-14,-6.087310376249846e-16,-9.73555498691653e-09,-0.0010431645692539919,-9.639879043519505e-12,-6.682275267033621e-13,black
196.3927855711423,903976607.6861959,0.0,112357772.59200385,0.0,-6.250757944316191e-08,8793436.967647012,-1.2406980258295566e-12,-6.314495597025907e-14,-6.087310376249846e-16,-9.73555498691653e-09,-0.001043161089779237,-9.639879043519505e-12,-6.682275267033621e-13,black
196.79358717434872,942835076.2588844,0.0,115639522.26022348,0.0,-6.250757944316191e-08,9025676.869398268,-1.2406980258295566e-12,-6.314495597025907e-14,-6.087310376249846e-16,-9.73555498691653e-09,-0.001043157518907423,-9.639879043519505e-12,-6.682275267033621e-13,black
197.1943887775551,983362036.4419277,0.0,119033526.32089795,0.0,-6.250757944316191e-08,9266307.180817934,-1.2406980258295566e-12,-6.314495597025907e-14,-6.087310376249846e-16,-9.73555498691653e-09,-0.0010431538533716307,-9.639879043519505e-12,-6.682275267033621e-13,black
197.59519038076152,1025633610.2223227,0.0,122543875.16570772,0.0,-6.250757944316191e-08,9515631.852910532,-1.2406980258295566e-12,-6.314495597025907e-14,-6.087310376249846e-16,-9.73555498691653e-09,-0.0010431500895693915,-9.639879043519505e-12,-6.682275267033621e-13,black
197.99599198396794,1069723666.1769394,0.0,126174609.58710498,0.0,-6.250757944316191e-08,9773950.417253135,-1.2406980258295566e-12,-6.314495597025907e-14,-6.087310376249846e-16,-9.73555498691653e-09,-0.0010431462240016107,-9.639879043519505e-12,-6.682275267033621e-13,black
198.39679358717436,1115708898.685713,0.0,129929905.70915116,0.0,-6.250757944316191e-08,10041571.82515624,-1.2406980258295566e-12,-6.314495597025907e-14,-6.087310376249846e-16,-9.73555498691653e-09,-0.001043142253059042,-9.639879043519505e-12,-6.682275267033621e-13,black
198.79759519038078,1163670266.9390295,0.0,133814127.77754472,0.0,-6.250757944316191e-08,10318818.379268326,-1.2406980258295566e-12,-6.314495597025907e-14,-6.087310376249846e-16,-9.73555498691653e-09,-0.0010431381729622562,-9.639879043519505e-12,-6.682275267033621e-13,black
199.1983967935872,1213691973.2031972,0.0,137831791.6238116,0.0,-6.250757944316191e-08,10606022.967773631,-1.2406980258295566e-12,-6.314495597025907e-14,-6.087310376249846e-16,-9.73555498691653e-09,-0.001043133979805371,-9.639879043519505e-12,-6.682275267033621e-13,black
199.59919839679358,1265861553.7114635,0.0,141987568.51821232,0.0,-6.250757944316191e-08,10903529.326825349,-1.2406980258295566e-12,-6.314495597025907e-14,-6.087310376249846e-16,-9.73555498691653e-09,-0.001043129669552866,-9.639879043519505e-12,-6.682275267033621e-13,black
200.0,1320276606.5032387,0.0,146286539.28851262,0.0,-6.250757944316191e-08,11211709.893016849,-1.2406980258295566e-12,-6.314495597025907e-14,-6.087310376249846e-16,-9.73555498691653e-09,-0.0010431252378715163,-9.639879043519505e-12,-6.682275267033621e-13,green
200.20050125313284,1348369378.8399734,0.0,146296081.9859822,0.0,-6.250757944316191e-08,11368029.257905286,-1.2406980258295566e-12,-6.314495597025907e-14,-6.087310376249846e-16,-9.73555498691653e-09,-0.0010431229742655398,-9.639879043519505e-12,-6.682275267033621e-13,green
200.40100250626566,1377059005.3947592,0.0,146509638.15539268,0.0,-6.250757944316191e-08,11523264.66053382,-1.2406980258295566e-12,-6.314495597025907e-14,-6.087310376249846e-16,-9.73555498691653e-09,-0.0010431206794087931,-9.639879043519505e-12,-6.682275267033621e-13,green
200.6015037593985,1406360472.9319897,0.0,146911041.62592584,0.0,-6.250757944316191e-08,11677837.35497981,-1.2406980258295566e-12,-6.314495597025907e-14,-6.087310376249846e-16,-9.73555498691653e-09,-0.0010431183534965482,-9.639879043519505e-12,-6.682275267033621e-13,green
200.80200501253134,1436283323.1500332,0.0,147491028.54651996,0.0,-6.250757944316191e-08,11831994.031849902,-1.2406980258295566e-12,-6.314495597025907e-14,-6.087310376249846e-16,-9.73555498691653e-09,-0.0010431159966059677,-9.639879043519505e-12,-6.682275267033621e-13,green
201.00250626566415,1466844429.8611,0.0,148234498.74047506,0.0,-6.250757944316191e-08,11986144.080124157,-1.2406980258295566e-12,-6.314495597025907e-14,-6.087310376249846e-16,-9.73555498691653e-09,-0.0010431136088146346,-9.639879043519505e-12,-6.682275267033621e-13,green
201.203007518797,1498050215.3840444,0.0,149138121.7677367,0.0,-6.250757944316191e-08,12140391.379119908,-1.2406980258295566e-12,-6.314495597025907e-14,-6.087310376249846e-16,-9.73555498691653e-09,-0.0010431111900388323,-9.639879043519505e-12,-6.682275267033621e-13,green
201.40350877192984,1529919257.8595374,0.0,150187767.0666407,0.0,-6.250757944316191e-08,12295133.05440102,-1.2406980258295566e-12,-6.314495597025907e-14,-6.087310376249846e-16,-9.73555498691653e-09,-0.0010431087402470807,-9.639879043519505e-12,-6.682275267033621e-13,green
201.60401002506265,1562468524.450676,0.0,151370311.67423373,0.0,-6.250757944316191e-08,12450736.385219935,-1.2406980258295566e-12,-6.314495597025907e-14,-6.087310376249846e-16,-9.73555498691653e-09,-0.0010431062594208086,-9.639879043519505e-12,-6.682275267033621e-13,green
201.8045112781955,1595711517.7603202,0.0,152680481.87931043,0.0,-6.250757944316191e-08,12607380.811248286,-1.2406980258295566e-12,-6.314495597025907e-14,-6.087310376249846e-16,-9.73555498691653e-09,-0.0010431037473025726,-9.639879043519505e-12,-6.682275267033621e-13,green
202.00501253132833,1629661949.2042437,0.0,154112530.88749796,0.0,-6.250757944316191e-08,12765257.093458978,-1.2406980258295566e-12,-6.314495597025907e-14,-6.087310376249846e-16,-9.73555498691653e-09,-0.001043101203649325,-9.639879043519505e-12,-6.682275267033621e-13,green
202.20551378446115,1664334428.7180092,0.0,155659108.03285527,0.0,-6.250757944316191e-08,12924595.123363392,-1.2406980258295566e-12,-6.314495597025907e-14,-6.087310376249846e-16,-9.73555498691653e-09,-0.0010430986282596714,-9.639879043519505e-12,-6.682275267033621e-13,green
202.406015037594,1699744785.7172818,0.0,157315775.02126938,0.0,-6.250757944316191e-08,13085564.93398237,-1.2406980258295566e-12,-6.314495597025907e-14,-6.087310376249846e-16,-9.73555498691653e-09,-0.0010430960207495038,-9.639879043519505e-12,-6.682275267033621e-13,green
202.60651629072683,1735908658.781039,0.0,159077637.80097046,0.0,-6.250757944316191e-08,13248345.925604062,-1.2406980258295566e-12,-6.314495597025907e-14,-6.087310376249846e-16,-9.73555498691653e-09,-0.0010430933807633075,-9.639879043519505e-12,-6.682275267033621e-13,green
202.80701754385964,1772841605.370284,0.0,160939438.04468676,0.0,-6.250757944316191e-08,13413125.12040282,-1.2406980258295566e-12,-6.314495597025907e-14,-6.087310376249846e-16,-9.73555498691653e-09,-0.0010430907079658084,-9.639879043519505e-12,-6.682275267033621e-13,green
203.00751879699249,1810560560.3881228,0.0,162897608.15692416,0.0,-6.250757944316191e-08,13580056.055022372,-1.2406980258295566e-12,-6.314495597025907e-14,-6.087310376249846e-16,-9.73555498691653e-09,-0.0010430880018911675,-9.639879043519505e-12,-6.682275267033621e-13,green
203.2080200501253,1849082130.1755896,0.0,164948177.2509468,0.0,-6.250757944316191e-08,13749300.253429694,-1.2406980258295566e-12,-6.314495597025907e-14,-6.087310376249846e-16,-9.73555498691653e-09,-0.0010430852621046893,-9.639879043519505e-12,-6.682275267033621e-13,green
203.40852130325814,1888423028.635987,0.0,167087251.0773869,0.0,-6.250757944316191e-08,13921017.881734895,-1.2406980258295566e-12,-6.314495597025907e-14,-6.087310376249846e-16,-9.73555498691653e-09,-0.0010430824881649825,-9.639879043519505e-12,-6.682275267033621e-13,green
203.60902255639098,1928601942.2779505,0.0,169313007.81264758,0.0,-6.250757944316191e-08,14095329.068426479,-1.2406980258295566e-12,-6.314495597025907e-14,-6.087310376249846e-16,-9.73555498691653e-09,-0.0010430796794657139,-9.639879043519505e-12,-6.682275267033621e-13,green
203.8095238095238,1969636577.7266161,0.0,171622596.1642453,0.0,-6.250757944316191e-08,14272373.830515048,-1.2406980258295566e-12,-6.314495597025907e-14,-6.087310376249846e-16,-9.73555498691653e-09,-0.0010430768354824846,-9.639879043519505e-12,-6.682275267033621e-13,green
204.01002506265664,2011544364.2935047,0.0,174012873.49308237,0.0,-6.250757944316191e-08,14452297.813596629,-1.2406980258295566e-12,-6.314495597025907e-14,-6.087310376249846e-16,-9.73555498691653e-09,-0.0010430739557140839,-9.639879043519505e-12,-6.682275267033621e-13,green
204.21052631578948,2054342731.2901359,0.0,176480697.16006106,0.0,-6.250757944316191e-08,14635246.663267253,-1.2406980258295566e-12,-6.314495597025907e-14,-6.087310376249846e-16,-9.73555498691653e-09,-0.0010430710396593002,-9.639879043519505e-12,-6.682275267033621e-13,green
204.4110275689223,2098050992.7623734,0.0,179024487.6275684,0.0,-6.250757944316191e-08,14821337.418240817,-1.2406980258295566e-12,-6.314495597025907e-14,-6.087310376249846e-16,-9.73555498691653e-09,-0.0010430680866827845,-9.639879043519505e-12,-6.682275267033621e-13,green
204.61152882205513,2142690417.1536777,0.0,181644286.23458642,0.0,-6.250757944316191e-08,15010657.452986032,-1.2406980258295566e-12,-6.314495597025907e-14,-6.087310376249846e-16,-9.73555498691653e-09,-0.0010430650960100924,-9.639879043519505e-12,-6.682275267033621e-13,green
204.81203007518798,2188280251.2014537,0.0,184338457.62133744,0.0,-6.250757944316191e-08,15203324.827838298,-1.2406980258295566e-12,-6.314495597025907e-14,-6.087310376249846e-16,-9.73555498691653e-09,-0.001043062067010665,-9.639879043519505e-12,-6.682275267033621e-13,green
205.0125313283208,2234839720.701516,0.0,187105349.0601686,0.0,-6.250757944316191e-08,15399457.920988742,-1.2406980258295566e-12,-6.314495597025907e-14,-6.087310376249846e-16,-9.73555498691653e-09,-0.0010430589990554342,-9.639879043519505e-12,-6.682275267033621e-13,green
205.21303258145363,2282388262.6456122,0.0,189943408.209294,0.0,-6.250757944316191e-08,15599173.595584197,-1.2406980258295566e-12,-6.314495597025907e-14,-6.087310376249846e-16,-9.73555498691653e-09,-0.0010430558915042528,-9.639879043519505e-12,-6.682275267033621e-13,green
205.41353383458647,2330948984.7923365,0.0,192852827.51959187,0.0,-6.250757944316191e-08,15802562.381999258,-1.2406980258295566e-12,-6.314495597025907e-14,-6.087310376249846e-16,-9.73555498691653e-09,-0.0010430527435244064,-9.639879043519505e-12,-6.682275267033621e-13,green
205.6140350877193,2380544057.9711905,0.0,195833354.099843,0.0,-6.250757944316191e-08,16009721.531803679,-1.2406980258295566e-12,-6.314495597025907e-14,-6.087310376249846e-16,-9.73555498691653e-09,-0.001043049554332332,-9.639879043519505e-12,-6.682275267033621e-13,green
205.81453634085213,2431194663.409765,0.0,198884264.6802323,0.0,-6.250757944316191e-08,16220755.395618409,-1.2406980258295566e-12,-6.314495597025907e-14,-6.087310376249846e-16,-9.73555498691653e-09,-0.0010430463231963808,-9.639879043519505e-12,-6.682275267033621e-13,green
206.01503759398497,2482921982.3356495,0.0,202004835.9909446,0.0,-6.250757944316191e-08,16435768.324064394,-1.2406980258295566e-12,-6.314495597025907e-14,-6.087310376249846e-16,-9.73555498691653e-09,-0.0010430430493849033,-9.639879043519505e-12,-6.682275267033621e-13,green
206.21553884711778,2535748537.5367413,0.0,205194718.82913128,0.0,-6.250757944316191e-08,16654860.979553036,-1.2406980258295566e-12,-6.314495597025907e-14,-6.087310376249846e-16,-9.73555498691653e-09,-0.0010430397321097577,-9.639879043519505e-12,-6.682275267033621e-13,green
206.41604010025063,2589700415.978836,0.0,208454557.79088756,0.0,-6.250757944316191e-08,16878124.225879233,-1.2406980258295566e-12,-6.314495597025907e-14,-6.087310376249846e-16,-9.73555498691653e-09,-0.001043036370432716,-9.639879043519505e-12,-6.682275267033621e-13,green
206.61654135338347,2644801161.872345,0.0,211784288.4763807,0.0,-6.250757944316191e-08,17105655.917365745,-1.2406980258295566e-12,-6.314495597025907e-14,-6.087310376249846e-16,-9.73555498691653e-09,-0.0010430329635226245,-9.639879043519505e-12,-6.682275267033621e-13,green
206.81704260651628,2701074108.584129,0.0,215183787.69631758,0.0,-6.250757944316191e-08,17337554.48798514,-1.2406980258295566e-12,-6.314495597025907e-14,-6.087310376249846e-16,-9.73555498691653e-09,-0.001043029510557208,-9.639879043519505e-12,-6.682275267033621e-13,green
207.01754385964912,2758542626.2651205,0.0,218652939.35611135,0.0,-6.250757944316191e-08,17573918.34416666,-1.2406980258295566e-12,-6.314495597025907e-14,-6.087310376249846e-16,-9.73555498691653e-09,-0.0010430260107128296,-9.639879043519505e-12,-6.682275267033621e-13,green
207.21804511278197,2817234625.562067,0.0,222192503.1066635,0.0,-6.250757944316191e-08,17814842.49248743,-1.2406980258295566e-12,-6.314495597025907e-14,-6.087310376249846e-16,-9.73555498691653e-09,-0.001043022462997742,-9.639879043519505e-12,-6.682275267033621e-13,green
207.41854636591478,2877178246.0005755,0.0,225803282.74375236,0.0,-6.250757944316191e-08,18060421.76814369,-1.2406980258295566e-12,-6.314495597025907e-14,-6.087310376249846e-16,-9.73555498691653e-09,-0.001043018866411723,-9.639879043519505e-12,-6.682275267033621e-13,green
207.61904761904762,2938399152.8877964,0.0,229485604.84971103,0.0,-6.250757944316191e-08,18310752.85898767,-1.2406980258295566e-12,-6.314495597025907e-14,-6.087310376249846e-16,-9.73555498691653e-09,-0.0010430152200461582,-9.639879043519505e-12,-6.682275267033621e-13,green
207.81954887218046,3000923011.530878,0.0,233239796.0068725,0.0,-6.250757944316191e-08,18565932.452871602,-1.2406980258295566e-12,-6.314495597025907e-14,-6.087310376249846e-16,-9.73555498691653e-09,-0.0010430115229924334,-9.639879043519505e-12,-6.682275267033621e-13,green
208.02005012531328,3064775487.2369704,0.0,237066182.7975698,0.0,-6.250757944316191e-08,18826057.23764772,-1.2406980258295566e-12,-6.314495597025907e-14,-6.087310376249846e-16,-9.73555498691653e-09,-0.0010430077743419335,-9.639879043519505e-12,-6.682275267033621e-13,green
208.22055137844612,3129982519.125049,0.0,240965132.853548,0.0,-6.250757944316191e-08,19091223.968824826,-1.2406980258295566e-12,-6.314495597025907e-14,-6.087310376249846e-16,-9.73555498691653e-09,-0.0010430039731766393,-9.639879043519505e-12,-6.682275267033621e-13,green
208.42105263157896,3196577657.810376,0.0,244938154.90937105,0.0,-6.250757944316191e-08,19361531.282647498,-1.2406980258295566e-12,-6.314495597025907e-14,-6.087310376249846e-16,-9.73555498691653e-09,-0.0010430001183170865,-9.639879043519505e-12,-6.682275267033621e-13,green
208.62155388471177,3264592743.062118,0.0,248986501.2124123,0.0,-6.250757944316191e-08,19637077.39262485,-1.2406980258295566e-12,-6.314495597025907e-14,-6.087310376249846e-16,-9.73555498691653e-09,-0.0010429962086425752,-9.639879043519505e-12,-6.682275267033621e-13,green
208.82205513784461,3334056880.4297924,0.0,253111014.10039842,0.0,-6.250757944316191e-08,19917959.83666365,-1.2406980258295566e-12,-6.314495597025907e-14,-6.087310376249846e-16,-9.73555498691653e-09,-0.0010429922431263237,-9.639879043519505e-12,-6.682275267033621e-13,green
209.02255639097746,3404999175.462916,0.0,257312535.91105634,0.0,-6.250757944316191e-08,20204276.15267065,-1.2406980258295566e-12,-6.314495597025907e-14,-6.087310376249846e-16,-9.73555498691653e-09,-0.0010429882207415495,-9.639879043519505e-12,-6.682275267033621e-13,green
209.22305764411027,3477448733.7110066,0.0,261591908.98211285,0.0,-6.250757944316191e-08,20496123.878552638,-1.2406980258295566e-12,-6.314495597025907e-14,-6.087310376249846e-16,-9.73555498691653e-09,-0.0010429841404614702,-9.639879043519505e-12,-6.682275267033621e-13,green
209.4235588972431,3551435405.4284515,0.0,265950038.83409154,0.0,-6.250757944316191e-08,20793601.757571235,-1.2406980258295566e-12,-6.314495597025907e-14,-6.087310376249846e-16,-9.73555498691653e-09,-0.0010429800012363212,-9.639879043519505e-12,-6.682275267033621e-13,green
209.62406015037595,3626998013.6040525,0.0,270388592.25883037,0.0,-6.250757944316191e-08,21096823.055961605,-1.2406980258295566e-12,-6.314495597025907e-14,-6.087310376249846e-16,-9.73555498691653e-09,-0.0010429758017394312,-9.639879043519505e-12,-6.682275267033621e-13,green
209.82456140350877,3704171655.34115,0.0,274908919.93386024,0.0,-6.250757944316191e-08,21405895.00936295,-1.2406980258295566e-12,-6.314495597025907e-14,-6.087310376249846e-16,-9.73555498691653e-09,-0.0010429715407591128,-9.639879043519505e-12,-6.682275267033621e-13,green
210.0250626566416,3782989268.6549935,0.0,279512189.3537766,0.0,-6.250757944316191e-08,21720921.35878533,-1.2406980258295566e-12,-6.314495597025907e-14,-6.087310376249846e-16,-9.73555498691653e-09,-0.0010429672171503102,-9.639879043519505e-12,-6.682275267033621e-13,green
210.22556390977445,3863483791.5608306,0.0,284199568.0131746,0.0,-6.250757944316191e-08,22042005.845238794,-1.2406980258295566e-12,-6.314495597025907e-14,-6.087310376249846e-16,-9.73555498691653e-09,-0.001042962829767968,-9.639879043519505e-12,-6.682275267033621e-13,green
210.42606516290726,3945688162.0739098,0.0,288972223.40664965,0.0,-6.250757944316191e-08,22369252.209733397,-1.2406980258295566e-12,-6.314495597025907e-14,-6.087310376249846e-16,-9.73555498691653e-09,-0.0010429583774670302,-9.639879043519505e-12,-6.682275267033621e-13,green
210.6265664160401,4029636886.8023844,0.0,293831409.3455968,0.0,-6.250757944316191e-08,22702767.642808765,-1.2406980258295566e-12,-6.314495597025907e-14,-6.087310376249846e-16,-9.73555498691653e-09,-0.0010429538590567267,-9.639879043519505e-12,-6.682275267033621e-13,green
210.82706766917292,4115374557.0138474,0.0,298778934.58178186,0.0,-6.250757944316191e-08,23042681.512416426,-1.2406980258295566e-12,-6.314495597025907e-14,-6.087310376249846e-16,-9.73555498691653e-09,-0.0010429492730523848,-9.639879043519505e-12,-6.682275267033621e-13,green
211.02756892230576,4202940042.292689,0.0,303816293.0132052,0.0,-6.250757944316191e-08,23389110.603819724,-1.2406980258295566e-12,-6.314495597025907e-14,-6.087310376249846e-16,-9.73555498691653e-09,-0.0010429446181360815,-9.639879043519505e-12,-6.682275267033621e-13,green
211.2280701754386,4292370613.970465,0.0,308944890.58893573,0.0,-6.250757944316191e-08,23742168.187526584,-1.2406980258295566e-12,-6.314495597025907e-14,-6.087310376249846e-16,-9.73555498691653e-09,-0.001042939893036473,-9.639879043519505e-12,-6.682275267033621e-13,green
211.42857142857142,4383703543.378734,0.0,314166133.2580427,0.0,-6.250757944316191e-08,24101967.534044933,-1.2406980258295566e-12,-6.314495597025907e-14,-6.087310376249846e-16,-9.73555498691653e-09,-0.0010429350964822155,-9.639879043519505e-12,-6.682275267033621e-13,green
211.62907268170426,4476976101.849052,0.0,319481426.9695951,0.0,-6.250757944316191e-08,24468621.9138827,-1.2406980258295566e-12,-6.314495597025907e-14,-6.087310376249846e-16,-9.73555498691653e-09,-0.0010429302272019648,-9.639879043519505e-12,-6.682275267033621e-13,green
211.8295739348371,4572228966.50117,0.0,324892352.27199286,0.0,-6.250757944316191e-08,24842252.295291282,-1.2406980258295566e-12,-6.314495597025907e-14,-6.087310376249846e-16,-9.73555498691653e-09,-0.0010429252838276345,-9.639879043519505e-12,-6.682275267033621e-13,green
212.0300751879699,4669514995.1426935,0.0,330401114.1623181,0.0,-6.250757944316191e-08,25223007.177244816,-1.2406980258295566e-12,-6.314495597025907e-14,-6.087310376249846e-16,-9.73555498691653e-09,-0.001042920264645142,-9.639879043519505e-12,-6.682275267033621e-13,green
212.23057644110276,4768877561.872321,0.0,336009431.4508628,0.0,-6.250757944316191e-08,25611013.62369147,-1.2406980258295566e-12,-6.314495597025907e-14,-6.087310376249846e-16,-9.73555498691653e-09,-0.0010429151682097928,-9.639879043519505e-12,-6.682275267033621e-13,green
212.4310776942356,4870358773.755768,0.0,341718957.99287826,0.0,-6.250757944316191e-08,26006395.834838536,-1.2406980258295566e-12,-6.314495597025907e-14,-6.087310376249846e-16,-9.73555498691653e-09,-0.0010429099931128824,-9.639879043519505e-12,-6.682275267033621e-13,green
212.6315789473684,4974000737.858747,0.0,347531347.64361554,0.0,-6.250757944316191e-08,26409278.010893304,-1.2406980258295566e-12,-6.314495597025907e-14,-6.087310376249846e-16,-9.73555498691653e-09,-0.001042904737945706,-9.639879043519505e-12,-6.682275267033621e-13,green
212.83208020050125,5079845561.246971,0.0,353448254.2583258,0.0,-6.250757944316191e-08,26819784.352063056,-1.2406980258295566e-12,-6.314495597025907e-14,-6.087310376249846e-16,-9.73555498691653e-09,-0.0010428994012995595,-9.639879043519505e-12,-6.682275267033621e-13,green
213.0325814536341,5187935350.986156,0.0,359471331.69226027,0.0,-6.250757944316191e-08,27238039.058555085,-1.2406980258295566e-12,-6.314495597025907e-14,-6.087310376249846e-16,-9.73555498691653e-09,-0.001042893981765738,-9.639879043519505e-12,-6.682275267033621e-13,green
213.2330827067669,5298314865.410782,0.0,365602351.59695905,0.0,-6.250757944316191e-08,27664172.56463162,-1.2406980258295566e-12,-6.314495597025907e-14,-6.087310376249846e-16,-9.73555498691653e-09,-0.0010428884778619055,-9.639879043519505e-12,-6.682275267033621e-13,green
213.43358395989975,5411048090.537959,0.0,371843939.9129298,0.0,-6.250757944316191e-08,28098360.515523773,-1.2406980258295566e-12,-6.314495597025907e-14,-6.087310376249846e-16,-9.73555498691653e-09,-0.0010428828875717264,-9.639879043519505e-12,-6.682275267033621e-13,green
213.6340852130326,5526187659.094768,0.0,378198218.1522162,0.0,-6.250757944316191e-08,28540751.860929344,-1.2406980258295566e-12,-6.314495597025907e-14,-6.087310376249846e-16,-9.73555498691653e-09,-0.0010428772091941733,-9.639879043519505e-12,-6.682275267033621e-13,green
213.8345864661654,5643782646.176573,0.0,384667149.76072425,0.0,-6.250757944316191e-08,28991487.18531668,-1.2406980258295566e-12,-6.314495597025907e-14,-6.087310376249846e-16,-9.73555498691653e-09,-0.001042871441127023,-9.639879043519505e-12,-6.682275267033621e-13,green
214.03508771929825,5763882126.8787365,0.0,391252698.18435997,0.0,-6.250757944316191e-08,29450707.073154137,-1.2406980258295566e-12,-6.314495597025907e-14,-6.087310376249846e-16,-9.73555498691653e-09,-0.0010428655817680522,-9.639879043519505e-12,-6.682275267033621e-13,green
214.2355889724311,5886535176.296621,0.0,397956826.8690293,0.0,-6.250757944316191e-08,29918552.108910054,-1.2406980258295566e-12,-6.314495597025907e-14,-6.087310376249846e-16,-9.73555498691653e-09,-0.0010428596295150373,-9.639879043519505e-12,-6.682275267033621e-13,green
214.4360902255639,6011790869.525588,0.0,404781499.26063806,0.0,-6.250757944316191e-08,30395162.87705277,-1.2406980258295566e-12,-6.314495597025907e-14,-6.087310376249846e-16,-9.73555498691653e-09,-0.001042853582765755,-9.639879043519505e-12,-6.682275267033621e-13,green
214.63659147869674,6139699543.502597,0.0,411728725.66800195,0.0,-6.250757944316191e-08,30880683.046412557,-1.2406980258295566e-12,-6.314495597025907e-14,-6.087310376249846e-16,-9.73555498691653e-09,-0.001042847439883957,-9.639879043519505e-12,-6.682275267033621e-13,green
214.83709273182959,6270333267.112055,0.0,418801323.49195874,0.0,-6.250757944316191e-08,31375309.40595091,-1.2406980258295566e-12,-6.314495597025907e-14,-6.087310376249846e-16,-9.73555498691653e-09,-0.0010428411986473953,-9.639879043519505e-12,-6.682275267033621e-13,green
215.0375939849624,6403755772.80356,0.0,426001800.5306269,0.0,-6.250757944316191e-08,31879218.367600877,-1.2406980258295566e-12,-6.314495597025907e-14,-6.087310376249846e-16,-9.73555498691653e-09,-0.0010428348570586134,-9.639879043519505e-12,-6.682275267033621e-13,green
215.23809523809524,6540024122.0446615,0.0,433332416.8318296,0.0,-6.250757944316191e-08,32392570.037189372,-1.2406980258295566e-12,-6.314495597025907e-14,-6.087310376249846e-16,-9.73555498691653e-09,-0.0010428284133000368,-9.639879043519505e-12,-6.682275267033621e-13,green
215.43859649122805,6679195376.302912,0.0,440795432.44339037,0.0,-6.250757944316191e-08,32915524.520543315,-1.2406980258295566e-12,-6.314495597025907e-14,-6.087310376249846e-16,-9.73555498691653e-09,-0.0010428218655540906,-9.639879043519505e-12,-6.682275267033621e-13,green
215.6390977443609,6821326597.045862,0.0,448393107.41313267,0.0,-6.250757944316191e-08,33448241.92348963,-1.2406980258295566e-12,-6.314495597025907e-14,-6.087310376249846e-16,-9.73555498691653e-09,-0.0010428152120032,-9.639879043519505e-12,-6.682275267033621e-13,green
215.83959899749374,6966474845.741064,0.0,456127701.7888797,0.0,-6.250757944316191e-08,33990882.35185523,-1.2406980258295566e-12,-6.314495597025907e-14,-6.087310376249846e-16,-9.73555498691653e-09,-0.0010428084508297907,-9.639879043519505e-12,-6.682275267033621e-13,green
216.04010025062655,7114697488.500671,0.0,464001486.39053696,0.0,-6.250757944316191e-08,34543606.651160434,-1.2406980258295566e-12,-6.314495597025907e-14,-6.087310376249846e-16,-9.73555498691653e-09,-0.001042801580208238,-9.639879043519505e-12,-6.682275267033621e-13,green
216.2406015037594,7266074305.040736,0.0,472017524.5719293,0.0,-6.250757944316191e-08,35106630.08835465,-1.2406980258295566e-12,-6.314495597025907e-14,-6.087310376249846e-16,-9.73555498691653e-09,-0.001042794597720664,-9.639879043519505e-12,-6.682275267033621e-13,green
216.44110275689223,7420683065.6004305,0.0,480178808.6327754,0.0,-6.250757944316191e-08,35680163.05126994,-1.2406980258295566e-12,-6.314495597025907e-14,-6.087310376249846e-16,-9.73555498691653e-09,-0.0010427875010022894,-9.639879043519505e-12,-6.682275267033621e-13,green
216.64160401002505,7578590108.847846,0.0,488487926.65810955,0.0,-6.250757944316191e-08,36264388.17127236,-1.2406980258295566e-12,-6.314495597025907e-14,-6.087310376249846e-16,-9.73555498691653e-09,-0.0010427802879904007,-9.639879043519505e-12,-6.682275267033621e-13,green
216.8421052631579,7739861773.451066,0.0,496947466.7329653,0.0,-6.250757944316191e-08,36859488.07972792,-1.2406980258295566e-12,-6.314495597025907e-14,-6.087310376249846e-16,-9.73555498691653e-09,-0.0010427729566222837,-9.639879043519505e-12,-6.682275267033621e-13,green
217.04260651629073,7904564398.078181,0.0,505560016.94237685,0.0,-6.250757944316191e-08,37465645.40800267,-1.2406980258295566e-12,-6.314495597025907e-14,-6.087310376249846e-16,-9.73555498691653e-09,-0.001042765504835225,-9.639879043519505e-12,-6.682275267033621e-13,green
217.24310776942355,8072764321.3972845,0.0,514328165.37137836,0.0,-6.250757944316191e-08,38083042.787462644,-1.2406980258295566e-12,-6.314495597025907e-14,-6.087310376249846e-16,-9.73555498691653e-09,-0.0010427579305665104,-9.639879043519505e-12,-6.682275267033621e-13,green
217.4436090225564,8244527882.076458,0.0,523254500.1050034,0.0,-6.250757944316191e-08,38711862.84947387,-1.2406980258295566e-12,-6.314495597025907e-14,-6.087310376249846e-16,-9.73555498691653e-09,-0.0010427502317534268,-9.639879043519505e-12,-6.682275267033621e-13,green
217.64411027568923,8419943717.094588,0.0,532342431.63925564,0.0,-6.250757944316191e-08,39352340.84572027,-1.2406980258295566e-12,-6.314495597025907e-14,-6.087310376249846e-16,-9.73555498691653e-09,-0.001042742405754503,-9.639879043519505e-12,-6.682275267033621e-13,green
217.84461152882204,8599109612.429502,0.0,541595707.905434,0.0,-6.250757944316191e-08,40004733.618006945,-1.2406980258295566e-12,-6.314495597025907e-14,-6.087310376249846e-16,-9.73555498691653e-09,-0.0010427344496908052,-9.639879043519505e-12,-6.682275267033621e-13,green
218.04511278195488,8782102597.7566,0.0,551017311.2965436,0.0,-6.250757944316191e-08,40669249.02670533,-1.2406980258295566e-12,-6.314495597025907e-14,-6.087310376249846e-16,-9.73555498691653e-09,-0.0010427263612221324,-9.639879043519505e-12,-6.682275267033621e-13,green
218.24561403508773,8968999690.378258,0.0,560610223.749245,0.0,-6.250757944316191e-08,41346094.90298856,-1.2406980258295566e-12,-6.314495597025907e-14,-6.087310376249846e-16,-9.73555498691653e-09,-0.0010427181380086047,-9.639879043519505e-12,-6.682275267033621e-13,green
218.44611528822054,9159877907.59685,0.0,570377427.2001987,0.0,-6.250757944316191e-08,42035479.07802976,-1.2406980258295566e-12,-6.314495597025907e-14,-6.087310376249846e-16,-9.73555498691653e-09,-0.001042709777710343,-9.639879043519505e-12,-6.682275267033621e-13,green
218.64661654135338,9354814266.714752,0.0,580321903.5860653,0.0,-6.250757944316191e-08,42737609.383002065,-1.2406980258295566e-12,-6.314495597025907e-14,-6.087310376249846e-16,-9.73555498691653e-09,-0.0010427012779874669,-9.639879043519505e-12,-6.682275267033621e-13,green
218.84711779448622,9553885785.03435,0.0,590446634.8435057,0.0,-6.250757944316191e-08,43452693.64907864,-1.2406980258295566e-12,-6.314495597025907e-14,-6.087310376249846e-16,-9.73555498691653e-09,-0.0010426926365000974,-9.639879043519505e-12,-6.682275267033621e-13,green
219.04761904761904,9757169479.858011,0.0,600754602.9091803,0.0,-6.250757944316191e-08,44180939.70743259,-1.2406980258295566e-12,-6.314495597025907e-14,-6.087310376249846e-16,-9.73555498691653e-09,-0.0010426838509083544,-9.639879043519505e-12,-6.682275267033621e-13,green
219.24812030075188,9964765740.537306,0.0,611249564.9861256,0.0,-6.250757944316191e-08,44922610.79591149,-1.2406980258295566e-12,-6.314495597025907e-14,-6.087310376249846e-16,-9.73555498691653e-09,-0.0010426749182772174,-9.639879043519505e-12,-6.682275267033621e-13,green
219.44862155388472,10176799195.393122,0.0,621936082.30007,0.0,-6.250757944316191e-08,45678027.614191376,-1.2406980258295566e-12,-6.314495597025907e-14,-6.087310376249846e-16,-9.73555498691653e-09,-0.0010426658350544491,-9.639879043519505e-12,-6.682275267033621e-13,green
219.64912280701753,10393361984.197672,0.0,632817638.4100306,0.0,-6.250757944316191e-08,46447433.843351215,-1.2406980258295566e-12,-6.314495597025907e-14,-6.087310376249846e-16,-9.73555498691653e-09,-0.001042656598515094,-9.639879043519505e-12,-6.682275267033621e-13,green
219.84962406015038,10614545674.032427,0.0,643897697.8784924,0.0,-6.250757944316191e-08,47231071.8068274,-1.2406980258295566e-12,-6.314495597025907e-14,-6.087310376249846e-16,-9.73555498691653e-09,-0.0010426472059487796,-9.639879043519505e-12,-6.682275267033621e-13,green
220.05012531328322,10840441831.978848,0.0,655179725.2679399,0.0,-6.250757944316191e-08,48029183.828056276,-1.2406980258295566e-12,-6.314495597025907e-14,-6.087310376249846e-16,-9.73555498691653e-09,-0.0010426376546451338,-9.639879043519505e-12,-6.682275267033621e-13,green
220.25062656641603,11071142025.118402,0.0,666667185.1408583,0.0,-6.250757944316191e-08,48842012.230474226,-1.2406980258295566e-12,-6.314495597025907e-14,-6.087310376249846e-16,-9.73555498691653e-09,-0.0010426279418937845,-9.639879043519505e-12,-6.682275267033621e-13,green
220.45112781954887,11306737820.532562,0.0,678363542.0597326,0.0,-6.250757944316191e-08,49669799.337517634,-1.2406980258295566e-12,-6.314495597025907e-14,-6.087310376249846e-16,-9.73555498691653e-09,-0.0010426180649843588,-9.639879043519505e-12,-6.682275267033621e-13,green
220.65162907268171,11547320785.302788,0.0,690272260.5870475,0.0,-6.250757944316191e-08,50512787.47262285,-1.2406980258295566e-12,-6.314495597025907e-14,-6.087310376249846e-16,-9.73555498691653e-09,-0.0010426080212064847,-9.639879043519505e-12,-6.682275267033621e-13,green
220.85213032581453,11793002814.867954,0.0,702397460.7547306,0.0,-6.250757944316191e-08,51371266.42758132,-1.2406980258295566e-12,-6.314495597025907e-14,-6.087310376249846e-16,-9.73555498691653e-09,-0.0010425978073432432,-9.639879043519505e-12,-6.682275267033621e-13,green
221.05263157894737,12043934884.376232,0.0,714744522.6844833,0.0,-6.250757944316191e-08,52245617.24845951,-1.2406980258295566e-12,-6.314495597025907e-14,-6.087310376249846e-16,-9.73555498691653e-09,-0.001042587419203918,-9.639879043519505e-12,-6.682275267033621e-13,green
221.2531328320802,12300227856.420233,0.0,727317533.1050423,0.0,-6.250757944316191e-08,53136127.31526947,-1.2406980258295566e-12,-6.314495597025907e-14,-6.087310376249846e-16,-9.73555498691653e-09,-0.0010425768535973269,-9.639879043519505e-12,-6.682275267033621e-13,green
221.45363408521303,12561990367.171307,0.0,740120506.9562111,0.0,-6.250757944316191e-08,54043078.80914997,-1.2406980258295566e-12,-6.314495597025907e-14,-6.087310376249846e-16,-9.73555498691653e-09,-0.001042566107387766,-9.639879043519505e-12,-6.682275267033621e-13,green
221.65413533834587,12829331052.800797,0.0,753157459.1777924,0.0,-6.250757944316191e-08,54966753.91123974,-1.2406980258295566e-12,-6.314495597025907e-14,-6.087310376249846e-16,-9.73555498691653e-09,-0.0010425551774395315,-9.639879043519505e-12,-6.682275267033621e-13,green
221.8546365914787,13102358549.480059,0.0,766432404.7095897,0.0,-6.250757944316191e-08,55907434.80267754,-1.2406980258295566e-12,-6.314495597025907e-14,-6.087310376249846e-16,-9.73555498691653e-09,-0.0010425440606169195,-9.639879043519505e-12,-6.682275267033621e-13,green
222.05513784461152,13381181493.380447,0.0,779949358.4914066,0.0,-6.250757944316191e-08,56865403.664602146,-1.2406980258295566e-12,-6.314495597025907e-14,-6.087310376249846e-16,-9.73555498691653e-09,-0.0010425327537842263,-9.639879043519505e-12,-6.682275267033621e-13,green
222.25563909774436,13665908520.673306,0.0,793712335.4630456,0.0,-6.250757944316191e-08,57840942.67815227,-1.2406980258295566e-12,-6.314495597025907e-14,-6.087310376249846e-16,-9.73555498691653e-09,-0.0010425212538057481,-9.639879043519505e-12,-6.682275267033621e-13,green
222.4561403508772,13956665273.146864,0.0,807725923.7168567,0.0,-6.250757944316191e-08,58834372.50118214,-1.2406980258295566e-12,-6.314495597025907e-14,-6.087310376249846e-16,-9.73555498691653e-09,-0.0010425095571294754,-9.639879043519505e-12,-6.682275267033621e-13,green
222.65664160401002,14253632682.23348,0.0,821996574.811864,0.0,-6.250757944316191e-08,59846138.88926629,-1.2406980258295566e-12,-6.314495597025907e-14,-6.087310376249846e-16,-9.73555498691653e-09,-0.001042497658849883,-9.639879043519505e-12,-6.682275267033621e-13,green
222.85714285714286,14556945141.547745,0.0,836529171.8095204,0.0,-6.250757944316191e-08,60876582.302041784,-1.2406980258295566e-12,-6.314495597025907e-14,-6.087310376249846e-16,-9.73555498691653e-09,-0.0010424855552007126,-9.639879043519505e-12,-6.682275267033621e-13,green
223.0576441102757,14866731523.83827,0.0,851328411.6975592,0.0,-6.250757944316191e-08,61926030.70769706,-1.2406980258295566e-12,-6.314495597025907e-14,-6.087310376249846e-16,-9.73555498691653e-09,-0.0010424732425508595,-9.639879043519505e-12,-6.682275267033621e-13,green
223.25814536340852,15183120701.853651,0.0,866398991.463713,0.0,-6.250757944316191e-08,62994812.07442053,-1.2406980258295566e-12,-6.314495597025907e-14,-6.087310376249846e-16,-9.73555498691653e-09,-0.0010424607172692195,-9.639879043519505e-12,-6.682275267033621e-13,green
223.45864661654136,15506241548.3425,0.0,881745608.095715,0.0,-6.250757944316191e-08,64083254.37040061,-1.2406980258295566e-12,-6.314495597025907e-14,-6.087310376249846e-16,-9.73555498691653e-09,-0.0010424479757246876,-9.639879043519505e-12,-6.682275267033621e-13,green
223.6591478696742,15836222936.053429,0.0,897372958.5812985,0.0,-6.250757944316191e-08,65191685.56382577,-1.2406980258295566e-12,-6.314495597025907e-14,-6.087310376249846e-16,-9.73555498691653e-09,-0.001042435014286159,-9.639879043519505e-12,-6.682275267033621e-13,green
223.859649122807,16173193737.735033,0.0,913285739.908196,0.0,-6.250757944316191e-08,66320433.62288441,-1.2406980258295566e-12,-6.314495597025907e-14,-6.087310376249846e-16,-9.73555498691653e-09,-0.0010424218293225295,-9.639879043519505e-12,-6.682275267033621e-13,green
224.06015037593986,16517293814.815678,0.0,929488975.3974669,0.0,-6.250757944316191e-08,67469851.51168516,-1.2406980258295566e-12,-6.314495597025907e-14,-6.087310376249846e-16,-9.73555498691653e-09,-0.001042408416938653,-9.639879043519505e-12,-6.682275267033621e-13,green
224.26065162907267,16868724603.014683,0.0,945989516.9559202,0.0,-6.250757944316191e-08,68640432.25721042,-1.2406980258295566e-12,-6.314495597025907e-14,-6.087310376249846e-16,-9.73555498691653e-09,-0.00104239477175985,-9.639879043519505e-12,-6.682275267033621e-13,green
224.4611528822055,17227649093.07549,0.0,962793074.7811552,0.0,-6.250757944316191e-08,69832581.43575945,-1.2406980258295566e-12,-6.314495597025907e-14,-6.087310376249846e-16,-9.73555498691653e-09,-0.0010423808893352132,-9.639879043519505e-12,-6.682275267033621e-13,green
224.66165413533835,17594221243.935616,0.0,979905090.8511734,0.0,-6.250757944316191e-08,71046684.07900706,-1.2406980258295566e-12,-6.314495597025907e-14,-6.087310376249846e-16,-9.73555498691653e-09,-0.0010423667654308564,-9.639879043519505e-12,-6.682275267033621e-13,green
224.86215538847117,17968595014.532566,0.0,997331007.1439754,0.0,-6.250757944316191e-08,72283125.21862788,-1.2406980258295566e-12,-6.314495597025907e-14,-6.087310376249846e-16,-9.73555498691653e-09,-0.0010423523958128923,-9.639879043519505e-12,-6.682275267033621e-13,green
225.062656641604,18350924363.80386,0.0,1015076265.6375625,0.0,-6.250757944316191e-08,73542289.8862967,-1.2406980258295566e-12,-6.314495597025907e-14,-6.087310376249846e-16,-9.73555498691653e-09,-0.0010423377762474346,-9.639879043519505e-12,-6.682275267033621e-13,green
225.26315789473685,18741364029.26424,0.0,1033146338.5656294,0.0,-6.250757944316191e-08,74824564.74874632,-1.2406980258295566e-12,-6.314495597025907e-14,-6.087310376249846e-16,-9.73555498691653e-09,-0.0010423229024822168,-9.639879043519505e-12,-6.682275267033621e-13,green
225.46365914786966,19140114412.517506,0.0,1051548472.6790768,0.0,-6.250757944316191e-08,76130432.36998871,-1.2406980258295566e-12,-6.314495597025907e-14,-6.087310376249846e-16,-9.73555498691653e-09,-0.001042307769187029,-9.639879043519505e-12,-6.682275267033621e-13,green
225.6641604010025,19547371463.87981,0.0,1070289741.7507236,0.0,-6.250757944316191e-08,77460365.96606936,-1.2406980258295566e-12,-6.314495597025907e-14,-6.087310376249846e-16,-9.73555498691653e-09,-0.001042292371136737,-9.639879043519505e-12,-6.682275267033621e-13,green
225.86466165413535,19963309735.178654,0.0,1089376388.003104,0.0,-6.250757944316191e-08,78814793.81494604,-1.2406980258295566e-12,-6.314495597025907e-14,-6.087310376249846e-16,-9.73555498691653e-09,-0.0010422767036113389,-9.639879043519505e-12,-6.682275267033621e-13,green
226.06516290726816,20388103778.241554,0.0,1108814653.6587515,0.0,-6.250757944316191e-08,80194144.19457655,-1.2406980258295566e-12,-6.314495597025907e-14,-6.087310376249846e-16,-9.73555498691653e-09,-0.001042260761890833,-9.639879043519505e-12,-6.682275267033621e-13,green
226.265664160401,20821928144.896027,0.0,1128610780.940201,0.0,-6.250757944316191e-08,81598845.38291869,-1.2406980258295566e-12,-6.314495597025907e-14,-6.087310376249846e-16,-9.73555498691653e-09,-0.0010422445412552172,-9.639879043519505e-12,-6.682275267033621e-13,green
226.46616541353384,21264957386.96957,0.0,1148771012.0699854,0.0,-6.250757944316191e-08,83029325.6579302,-1.2406980258295566e-12,-6.314495597025907e-14,-6.087310376249846e-16,-9.73555498691653e-09,-0.00104222803698449,-9.639879043519505e-12,-6.682275267033621e-13,green
226.66666666666666,21717393274.701363,0.0,1169302450.079763,0.0,-6.250757944316191e-08,84486072.51943073,-1.2406980258295566e-12,-6.314495597025907e-14,-6.087310376249846e-16,-9.73555498691653e-09,-0.0010422112437251997,-9.639879043519505e-12,-6.682275267033621e-13,green
226.8671679197995,22179480979.49932,0.0,1190213570.605974,0.0,-6.250757944316191e-08,85969667.89956936,-1.2406980258295566e-12,-6.314495597025907e-14,-6.087310376249846e-16,-9.73555498691653e-09,-0.0010421941551138265,-9.639879043519505e-12,-6.682275267033621e-13,green
227.06766917293234,22651421730.299393,0.0,1211511459.5610275,0.0,-6.250757944316191e-08,87480598.12039736,-1.2406980258295566e-12,-6.314495597025907e-14,-6.087310376249846e-16,-9.73555498691653e-09,-0.0010421767658095166,-9.639879043519505e-12,-6.682275267033621e-13,green
227.26817042606515,23133415113.15127,0.0,1233203150.8994336,0.0,-6.250757944316191e-08,89019345.9293715,-1.2406980258295566e-12,-6.314495597025907e-14,-6.087310376249846e-16,-9.73555498691653e-09,-0.0010421590705096508,-9.639879043519505e-12,-6.682275267033621e-13,green
227.468671679198,23625660714.10464,0.0,1255295678.5757022,0.0,-6.250757944316191e-08,90586394.07394855,-1.2406980258295566e-12,-6.314495597025907e-14,-6.087310376249846e-16,-9.73555498691653e-09,-0.0010421410639116098,-9.639879043519505e-12,-6.682275267033621e-13,green
227.6691729323308,24128358119.20918,0.0,1277796076.5443432,0.0,-6.250757944316191e-08,92182225.30158527,-1.2406980258295566e-12,-6.314495597025907e-14,-6.087310376249846e-16,-9.73555498691653e-09,-0.0010421227407127745,-9.639879043519505e-12,-6.682275267033621e-13,green
227.86967418546365,24641715966.241753,0.0,1300711616.036024,0.0,-6.250757944316191e-08,93807342.4257479,-1.2406980258295566e-12,-6.314495597025907e-14,-6.087310376249846e-16,-9.73555498691653e-09,-0.001042104095403833,-9.639879043519505e-12,-6.682275267033621e-13,green
228.0701754385965,25166014658.44236,0.0,1324051449.4951267,0.0,-6.250757944316191e-08,95462407.35069615,-1.2406980258295566e-12,-6.314495597025907e-14,-6.087310376249846e-16,-9.73555498691653e-09,-0.0010420851208367374,-9.639879043519505e-12,-6.682275267033621e-13,green
228.2706766917293,25701496011.06898,0.0,1347823717.845479,0.0,-6.250757944316191e-08,97147996.43825178,-1.2406980258295566e-12,-6.314495597025907e-14,-6.087310376249846e-16,-9.73555498691653e-09,-0.0010420658107445813,-9.639879043519505e-12,-6.682275267033621e-13,green
228.47117794486215,26248388231.424175,0.0,1372036205.300715,0.0,-6.250757944316191e-08,98864655.8839096,-1.2406980258295566e-12,-6.314495597025907e-14,-6.087310376249846e-16,-9.73555498691653e-09,-0.0010420461591711906,-9.639879043519505e-12,-6.682275267033621e-13,green
228.671679197995,26806919526.810486,0.0,1396696696.0744662,0.0,-6.250757944316191e-08,100612931.88316429,-1.2406980258295566e-12,-6.314495597025907e-14,-6.087310376249846e-16,-9.73555498691653e-09,-0.0010420261601603907,-9.639879043519505e-12,-6.682275267033621e-13,green
228.8721804511278,27377318104.530476,0.0,1421812974.3803668,0.0,-6.250757944316191e-08,102393370.63151066,-1.2406980258295566e-12,-6.314495597025907e-14,-6.087310376249846e-16,-9.73555498691653e-09,-0.0010420058077560076,-9.639879043519505e-12,-6.682275267033621e-13,green
229.07268170426065,27959812443.3436,0.0,1447392832.0382886,0.0,-6.250757944316191e-08,104206518.90867598,-1.2406980258295566e-12,-6.314495597025907e-14,-6.087310376249846e-16,-9.73555498691653e-09,-0.0010419850959957344,-9.639879043519505e-12,-6.682275267033621e-13,green
229.2731829573935,28554688605.69183,0.0,1473445674.3665729,0.0,-6.250757944316191e-08,106053047.42661758,-1.2406980258295566e-12,-6.314495597025907e-14,-6.087310376249846e-16,-9.73555498691653e-09,-0.001041964017616315,-9.639879043519505e-12,-6.682275267033621e-13,green
229.4736842105263,29162241946.94152,0.0,1499981167.071896,0.0,-6.250757944316191e-08,107933646.89762607,-1.2406980258295566e-12,-6.314495597025907e-14,-6.087310376249846e-16,-9.73555498691653e-09,-0.0010419425651445441,-9.639879043519505e-12,-6.682275267033621e-13,green
229.67418546365914,29782734436.992092,0.0,1527008040.3980145,0.0,-6.250757944316191e-08,109848936.18142572,-1.2406980258295566e-12,-6.314495597025907e-14,-6.087310376249846e-16,-9.73555498691653e-09,-0.0010419207318614727,-9.639879043519505e-12,-6.682275267033621e-13,green
229.87468671679198,30416428045.743004,0.0,1554535024.5886865,0.0,-6.250757944316191e-08,111799534.13774084,-1.2406980258295566e-12,-6.314495597025907e-14,-6.087310376249846e-16,-9.73555498691653e-09,-0.0010418985110481507,-9.639879043519505e-12,-6.682275267033621e-13,green
230.0751879699248,31063584743.0937,0.0,1582570849.88767,0.0,-6.250757944316191e-08,113786059.6262958,-1.2406980258295566e-12,-6.314495597025907e-14,-6.087310376249846e-16,-9.73555498691653e-09,-0.0010418758959856288,-9.639879043519505e-12,-6.682275267033621e-13,green
230.27568922305764,31724494593.61448,0.0,1611125345.285227,0.0,-6.250757944316191e-08,115809186.9489398,-1.2406980258295566e-12,-6.314495597025907e-14,-6.087310376249846e-16,-9.73555498691653e-09,-0.0010418528793256796,-9.639879043519505e-12,-6.682275267033621e-13,green
230.47619047619048,32399491163.262154,0.0,1640210041.0549915,0.0,-6.250757944316191e-08,117869676.2533154,-1.2406980258295566e-12,-6.314495597025907e-14,-6.087310376249846e-16,-9.73555498691653e-09,-0.0010418294527457111,-9.639879043519505e-12,-6.682275267033621e-13,green
230.6766917293233,33088867070.076805,0.0,1669834866.0501502,0.0,-6.250757944316191e-08,119968206.88029838,-1.2406980258295566e-12,-6.314495597025907e-14,-6.087310376249846e-16,-9.73555498691653e-09,-0.0010418056088403026,-9.639879043519505e-12,-6.682275267033621e-13,green
230.87719298245614,33792913605.970486,0.0,1700009697.2607253,0.0,-6.250757944316191e-08,122105455.55377859,-1.2406980258295566e-12,-6.314495597025907e-14,-6.087310376249846e-16,-9.73555498691653e-09,-0.0010417813402337362,-9.639879043519505e-12,-6.682275267033621e-13,green
231.07769423558898,34511922062.85526,0.0,1730744411.6767392,0.0,-6.250757944316191e-08,124282098.997646,-1.2406980258295566e-12,-6.314495597025907e-14,-6.087310376249846e-16,-9.73555498691653e-09,-0.001041756639550294,-9.639879043519505e-12,-6.682275267033621e-13,green
231.2781954887218,35246198122.32559,0.0,1762049313.240077,0.0,-6.250757944316191e-08,126498843.84634136,-1.2406980258295566e-12,-6.314495597025907e-14,-6.087310376249846e-16,-9.73555498691653e-09,-0.0010417314990970729,-9.639879043519505e-12,-6.682275267033621e-13,green
231.47869674185463,35996118622.04132,0.0,1793936817.142463,0.0,-6.250757944316191e-08,128756544.64007932,-1.2406980258295566e-12,-6.314495597025907e-14,-6.087310376249846e-16,-9.73555498691653e-09,-0.001041705909612707,-9.639879043519505e-12,-6.682275267033621e-13,green
231.67919799498748,36762017716.8214,0.0,1826418072.1461115,0.0,-6.250757944316191e-08,131055967.19805574,-1.2406980258295566e-12,-6.314495597025907e-14,-6.087310376249846e-16,-9.73555498691653e-09,-0.0010416798627766702,-9.639879043519505e-12,-6.682275267033621e-13,green
231.8796992481203,37544220863.187294,0.0,1859503968.928714,0.0,-6.250757944316191e-08,133397859.25909041,-1.2406980258295566e-12,-6.314495597025907e-14,-6.087310376249846e-16,-9.73555498691653e-09,-0.0010416533504601694,-9.639879043519505e-12,-6.682275267033621e-13,green
232.08020050125313,38343053517.66049,0.0,1893205398.1679642,0.0,-6.250757944316191e-08,135782968.5620032,-1.2406980258295566e-12,-6.314495597025907e-14,-6.087310376249846e-16,-9.73555498691653e-09,-0.0010416263645344108,-9.639879043519505e-12,-6.682275267033621e-13,green
232.28070175438597,39158845265.593185,0.0,1927533354.3219166,0.0,-6.250757944316191e-08,138212051.56448033,-1.2406980258295566e-12,-6.314495597025907e-14,-6.087310376249846e-16,-9.73555498691653e-09,-0.0010415988967809333,-9.639879043519505e-12,-6.682275267033621e-13,green
232.4812030075188,39992005120.61324,0.0,1962500828.3206954,0.0,-6.250757944316191e-08,140686032.4531792,-1.2406980258295566e-12,-6.314495597025907e-14,-6.087310376249846e-16,-9.73555498691653e-09,-0.0010415709372562896,-9.639879043519505e-12,-6.682275267033621e-13,green
232.68170426065163,40842920288.24194,0.0,1998120262.936036,0.0,-6.250757944316191e-08,143205789.36250126,-1.2406980258295566e-12,-6.314495597025907e-14,-6.087310376249846e-16,-9.73555498691653e-09,-0.0010415424764906507,-9.639879043519505e-12,-6.682275267033621e-13,green
232.88220551378447,41711954401.23756,0.0,2034403508.4257028,0.0,-6.250757944316191e-08,145772150.6481607,-1.2406980258295566e-12,-6.314495597025907e-14,-6.087310376249846e-16,-9.73555498691653e-09,-0.0010415135055261296,-9.639879043519505e-12,-6.682275267033621e-13,green
233.08270676691728,42599471092.35848,0.0,2071362415.0474644,0.0,-6.250757944316191e-08,148385944.66587216,-1.2406980258295566e-12,-6.314495597025907e-14,-6.087310376249846e-16,-9.73555498691653e-09,-0.0010414840154048396,-9.639879043519505e-12,-6.682275267033621e-13,green
233.28320802005013,43505834009.56264,0.0,2109008833.5153584,0.0,-6.250757944316191e-08,151047999.80205482,-1.2406980258295566e-12,-6.314495597025907e-14,-6.087310376249846e-16,-9.73555498691653e-09,-0.0010414539971685664,-9.639879043519505e-12,-6.682275267033621e-13,green
233.48370927318297,44431473231.95881,0.0,2147356608.7215476,0.0,-6.250757944316191e-08,153759278.64128113,-1.2406980258295566e-12,-6.314495597025907e-14,-6.087310376249846e-16,-9.73555498691653e-09,-0.0010414234404274856,-9.639879043519505e-12,-6.682275267033621e-13,green
233.68421052631578,45376843491.01213,0.0,2186420325.5903807,0.0,-6.250757944316191e-08,156520793.56856588,-1.2406980258295566e-12,-6.314495597025907e-14,-6.087310376249846e-16,-9.73555498691653e-09,-0.001041392334260508,-9.639879043519505e-12,-6.682275267033621e-13,green
233.88471177944862,46342350934.30411,0.0,2226213110.6202,0.0,-6.250757944316191e-08,159333458.8241923,-1.2406980258295566e-12,-6.314495597025907e-14,-6.087310376249846e-16,-9.73555498691653e-09,-0.0010413606687935408,-9.639879043519505e-12,-6.682275267033621e-13,green
234.08521303258146,47328401709.41622,0.0,2266748090.309349,0.0,-6.250757944316191e-08,162198188.64844364,-1.2406980258295566e-12,-6.314495597025907e-14,-6.087310376249846e-16,-9.73555498691653e-09,-0.0010413284341524909,-9.639879043519505e-12,-6.682275267033621e-13,green
234.28571428571428,48335401963.930084,0.0,2308038391.156174,0.0,-6.250757944316191e-08,165115897.28160354,-1.2406980258295566e-12,-6.314495597025907e-14,-6.087310376249846e-16,-9.73555498691653e-09,-0.001041295620463265,-9.639879043519505e-12,-6.682275267033621e-13,green
234.48621553884712,49363786597.16243,0.0,2350098030.426399,0.0,-6.250757944316191e-08,168087555.98980546,-1.2406980258295566e-12,-6.314495597025907e-14,-6.087310376249846e-16,-9.73555498691653e-09,-0.0010412622172385271,-9.639879043519505e-12,-6.682275267033621e-13,green
234.68671679197996,50414087254.63795,0.0,2392944022.713227,0.0,-6.250757944316191e-08,171114327.92446274,-1.2406980258295566e-12,-6.314495597025907e-14,-6.087310376249846e-16,-9.73555498691653e-09,-0.0010412282119274506,-9.639879043519505e-12,-6.682275267033621e-13,green
234.88721804511277,51486767215.683914,0.0,2436591264.5332317,0.0,-6.250757944316191e-08,174197240.64028487,-1.2406980258295566e-12,-6.314495597025907e-14,-6.087310376249846e-16,-9.73555498691653e-09,-0.0010411935934373847,-9.639879043519505e-12,-6.682275267033621e-13,green
235.08771929824562,52582281484.48038,0.0,2481054396.027807,0.0,-6.250757944316191e-08,177337305.27915242,-1.2406980258295566e-12,-6.314495597025907e-14,-6.087310376249846e-16,-9.73555498691653e-09,-0.0010411583508521786,-9.639879043519505e-12,-6.682275267033621e-13,green
235.28822055137846,53701085065.20755,0.0,2526348057.338355,0.0,-6.250757944316191e-08,180535532.98294643,-1.2406980258295566e-12,-6.314495597025907e-14,-6.087310376249846e-16,-9.73555498691653e-09,-0.0010411224732556816,-9.639879043519505e-12,-6.682275267033621e-13,green
235.48872180451127,54843637979.42673,0.0,2572487031.7275257,0.0,-6.250757944316191e-08,183792944.8824123,-1.2406980258295566e-12,-6.314495597025907e-14,-6.087310376249846e-16,-9.73555498691653e-09,-0.0010410859496261503,-9.639879043519505e-12,-6.682275267033621e-13,green
235.6892230576441,56010514281.319176,0.0,2619489355.2488127,0.0,-6.250757944316191e-08,187110789.1303957,-1.2406980258295566e-12,-6.314495597025907e-14,-6.087310376249846e-16,-9.73555498691653e-09,-0.0010410487665419843,-9.639879043519505e-12,-6.682275267033621e-13,green
235.88972431077696,57202260281.348694,0.0,2667372272.56365,0.0,-6.250757944316191e-08,190490258.64609945,-1.2406980258295566e-12,-6.314495597025907e-14,-6.087310376249846e-16,-9.73555498691653e-09,-0.0010410109111654603,-9.639879043519505e-12,-6.682275267033621e-13,green
236.09022556390977,58419385548.325645,0.0,2716151980.274469,0.0,-6.250757944316191e-08,193932473.20152217,-1.2406980258295566e-12,-6.314495597025907e-14,-6.087310376249846e-16,-9.73555498691653e-09,-0.0010409723714320954,-9.639879043519505e-12,-6.682275267033621e-13,green
236.2907268170426,59662399651.06058,0.0,2765844674.983706,0.0,-6.250757944316191e-08,197438552.56866297,-1.2406980258295566e-12,-6.314495597025907e-14,-6.087310376249846e-16,-9.73555498691653e-09,-0.0010409331352774069,-9.639879043519505e-12,-6.682275267033621e-13,green
236.49122807017545,60931812158.3639,0.0,2816466553.293794,0.0,-6.250757944316191e-08,201009616.51952064,-1.2406980258295566e-12,-6.314495597025907e-14,-6.087310376249846e-16,-9.73555498691653e-09,-0.001040893190636912,-9.639879043519505e-12,-6.682275267033621e-13,green
236.69172932330827,62228202876.04812,0.0,2868035758.8675,0.0,-6.250757944316191e-08,204646923.63397712,-1.2406980258295566e-12,-6.314495597025907e-14,-6.087310376249846e-16,-9.73555498691653e-09,-0.0010408525239852529,-9.639879043519505e-12,-6.682275267033621e-13,green
236.8922305764411,63552227932.615585,0.0,2920572551.131045,0.0,-6.250757944316191e-08,208351883.32681203,-1.2406980258295566e-12,-6.314495597025907e-14,-6.087310376249846e-16,-9.73555498691653e-09,-0.0010408111202096192,-9.639879043519505e-12,-6.682275267033621e-13,green
237.09273182957395,64904459206.55641,0.0,2974094853.991589,0.0,-6.250757944316191e-08,212125738.51130983,-1.2406980258295566e-12,-6.314495597025907e-14,-6.087310376249846e-16,-9.73555498691653e-09,-0.0010407689659495348,-9.639879043519505e-12,-6.682275267033621e-13,green
237.29323308270676,66285467371.16461,0.0,3028620557.9467015,0.0,-6.250757944316191e-08,215969729.71895176,-1.2406980258295566e-12,-6.314495597025907e-14,-6.087310376249846e-16,-9.73555498691653e-09,-0.0010407260478695916,-9.639879043519505e-12,-6.682275267033621e-13,green
237.4937343358396,67695823099.73433,0.0,3084167553.4939585,0.0,-6.250757944316191e-08,219885097.48121938,-1.2406980258295566e-12,-6.314495597025907e-14,-6.087310376249846e-16,-9.73555498691653e-09,-0.0010406823526343807,-9.639879043519505e-12,-6.682275267033621e-13,green
237.69423558897245,69136124571.16164,0.0,3140754546.312154,0.0,-6.250757944316191e-08,223873135.41464308,-1.2406980258295566e-12,-6.314495597025907e-14,-6.087310376249846e-16,-9.73555498691653e-09,-0.0010406378663426455,-9.639879043519505e-12,-6.682275267033621e-13,green
237.89473684210526,70607133744.4318,0.0,3198405096.016879,0.0,-6.250757944316191e-08,227935453.22678322,-1.2406980258295566e-12,-6.314495597025907e-14,-6.087310376249846e-16,-9.73555498691653e-09,-0.00104059257172383,-9.639879043519505e-12,-6.682275267033621e-13,green
238.0952380952381,72109513835.93828,0.0,3257139835.7977986,0.0,-6.250757944316191e-08,232073470.05473658,-1.2406980258295566e-12,-6.314495597025907e-14,-6.087310376249846e-16,-9.73555498691653e-09,-0.00104054645353872,-9.639879043519505e-12,-6.682275267033621e-13,green
238.29573934837092,73643903062.41585,0.0,3316978657.931781,0.0,-6.250757944316191e-08,236288556.78695175,-1.2406980258295566e-12,-6.314495597025907e-14,-6.087310376249846e-16,-9.73555498691653e-09,-0.0010404994970623967,-9.639879043519505e-12,-6.682275267033621e-13,green
238.49624060150376,75210939640.59944,0.0,3377941454.6957026,0.0,-6.250757944316191e-08,240582084.31187794,-1.2406980258295566e-12,-6.314495597025907e-14,-6.087310376249846e-16,-9.73555498691653e-09,-0.001040451687569941,-9.639879043519505e-12,-6.682275267033621e-13,green
238.6967418546366,76811261787.22385,0.0,3440048118.3664346,0.0,-6.250757944316191e-08,244955423.51796383,-1.2406980258295566e-12,-6.314495597025907e-14,-6.087310376249846e-16,-9.73555498691653e-09,-0.0010404030103364345,-9.639879043519505e-12,-6.682275267033621e-13,green
238.8972431077694,78445518844.3505,0.0,3503318844.0331826,0.0,-6.250757944316191e-08,249409966.79629478,-1.2406980258295566e-12,-6.314495597025907e-14,-6.087310376249846e-16,-9.73555498691653e-09,-0.001040353450410711,-9.639879043519505e-12,-6.682275267033621e-13,green
239.09774436090225,80114576992.35442,0.0,3567779728.752652,0.0,-6.250757944316191e-08,253947525.6353577,-1.2406980258295566e-12,-6.314495597025907e-14,-6.087310376249846e-16,-9.73555498691653e-09,-0.0010403029884319326,-9.639879043519505e-12,-6.682275267033621e-13,green
239.29824561403507,81819233145.17896,0.0,3633454984.267915,0.0,-6.250757944316191e-08,258569777.64793694,-1.2406980258295566e-12,-6.314495597025907e-14,-6.087310376249846e-16,-9.73555498691653e-09,-0.001040251606447878,-9.639879043519505e-12,-6.682275267033621e-13,green
239.4987468671679,83560216179.57816,0.0,3700366970.4662848,0.0,-6.250757944316191e-08,263278268.9469508,-1.2406980258295566e-12,-6.314495597025907e-14,-6.087310376249846e-16,-9.73555498691653e-09,-0.0010401992878899466,-9.639879043519505e-12,-6.682275267033621e-13,green
239.69924812030075,85338254972.30586,0.0,3768538047.23507,0.0,-6.250757944316191e-08,268074545.64531714,-1.2406980258295566e-12,-6.314495597025907e-14,-6.087310376249846e-16,-9.73555498691653e-09,-0.001040146016189537,-9.639879043519505e-12,-6.682275267033621e-13,green
239.89974937343356,87154078400.11595,0.0,3837990574.461579,0.0,-6.250757944316191e-08,272960153.8559538,-1.2406980258295566e-12,-6.314495597025907e-14,-6.087310376249846e-16,-9.73555498691653e-09,-0.0010400917747780476,-9.639879043519505e-12,-6.682275267033621e-13,green
240.1002506265664,89008415824.10132,0.0,3908746925.000511,0.0,-6.250757944316191e-08,277936640.61793053,-1.2406980258295566e-12,-6.314495597025907e-14,-6.087310376249846e-16,-9.73555498691653e-09,-0.0010400365470771642,-9.639879043519505e-12,-6.682275267033621e-13,green
240.30075187969925,90902191312.76952,0.0,3980834684.680708,0.0,-6.250757944316191e-08,283005925.28923255,-1.2406980258295566e-12,-6.314495597025907e-14,-6.087310376249846e-16,-9.73555498691653e-09,-0.0010399803126035349,-9.639879043519505e-12,-6.682275267033621e-13,green
240.50125313283206,92836363133.96606,0.0,4054282354.9626293,0.0,-6.250757944316191e-08,288169992.62371373,-1.2406980258295566e-12,-6.314495597025907e-14,-6.087310376249846e-16,-9.73555498691653e-09,-0.0010399230501879095,-9.639879043519505e-12,-6.682275267033621e-13,green
240.7017543859649,94811762198.27762,0.0,4129115027.5234,0.0,-6.250757944316191e-08,293430583.8430714,-1.2406980258295566e-12,-6.314495597025907e-14,-6.087310376249846e-16,-9.73555498691653e-09,-0.0010398647412153046,-9.639879043519505e-12,-6.682275267033621e-13,green
240.90225563909775,96829219416.29057,0.0,4205357794.040137,0.0,-6.250757944316191e-08,298789440.16900253,-1.2406980258295566e-12,-6.314495597025907e-14,-6.087310376249846e-16,-9.73555498691653e-09,-0.0010398053670707364,-9.639879043519505e-12,-6.682275267033621e-13,green
241.10275689223056,98889565698.59138,0.0,4283035746.1899576,0.0,-6.250757944316191e-08,304248302.8232038,-1.2406980258295566e-12,-6.314495597025907e-14,-6.087310376249846e-16,-9.73555498691653e-09,-0.0010397449091392218,-9.639879043519505e-12,-6.682275267033621e-13,green
241.3032581453634,100993631955.76668,0.0,4362173975.649986,0.0,-6.250757944316191e-08,309808913.0273727,-1.2406980258295566e-12,-6.314495597025907e-14,-6.087310376249846e-16,-9.73555498691653e-09,-0.001039683348805777,-9.639879043519505e-12,-6.682275267033621e-13,green
241.50375939849624,103142385890.06876,0.0,4442801433.877224,0.0,-6.250757944316191e-08,315473267.70356673,-1.2406980258295566e-12,-6.314495597025907e-14,-6.087310376249846e-16,-9.73555498691653e-09,-0.00103962066474369,-9.639879043519505e-12,-6.682275267033621e-13,green
241.70426065162906,105336975214.57616,0.0,4524952151.60131,0.0,-6.250757944316191e-08,321243700.26242167,-1.2406980258295566e-12,-6.314495597025907e-14,-6.087310376249846e-16,-9.73555498691653e-09,-0.0010395568320577526,-9.639879043519505e-12,-6.682275267033621e-13,green
241.9047619047619,107578352024.48926,0.0,4608654639.903111,0.0,-6.250757944316191e-08,327122178.45222354,-1.2406980258295566e-12,-6.314495597025907e-14,-6.087310376249846e-16,-9.73555498691653e-09,-0.0010394918297306438,-9.639879043519505e-12,-6.682275267033621e-13,green
242.10526315789474,109867463483.11464,0.0,4693937270.702788,0.0,-6.250757944316191e-08,333110660.8022242,-1.2406980258295566e-12,-6.314495597025907e-14,-6.087310376249846e-16,-9.73555498691653e-09,-0.0010394256368428108,-9.639879043519505e-12,-6.682275267033621e-13,green
242.30576441102755,112205256753.75911,0.0,4780828415.920512,0.0,-6.250757944316191e-08,339211105.8416762,-1.2406980258295566e-12,-6.314495597025907e-14,-6.087310376249846e-16,-9.73555498691653e-09,-0.0010393582324747014,-9.639879043519505e-12,-6.682275267033621e-13,green
242.5062656641604,114592678999.72914,0.0,4869356447.476441,0.0,-6.250757944316191e-08,345425472.0998311,-1.2406980258295566e-12,-6.314495597025907e-14,-6.087310376249846e-16,-9.73555498691653e-09,-0.0010392895957067629,-9.639879043519505e-12,-6.682275267033621e-13,green
242.70676691729324,117030750486.6826,0.0,4959551674.7540865,0.0,-6.250757944316191e-08,351755854.3615384,-1.2406980258295566e-12,-6.314495597025907e-14,-6.087310376249846e-16,-9.73555498691653e-09,-0.0010392197041877596,-9.639879043519505e-12,-6.682275267033621e-13,green
242.90726817042605,119520765456.55847,0.0,5051451668.449248,0.0,-6.250757944316191e-08,358204858.0765051,-1.2406980258295566e-12,-6.314495597025907e-14,-6.087310376249846e-16,-9.73555498691653e-09,-0.0010391485302007272,-9.639879043519505e-12,-6.682275267033621e-13,green
243.1077694235589,122063833027.32039,0.0,5145089092.836663,0.0,-6.250757944316191e-08,364774743.64154494,-1.2406980258295566e-12,-6.314495597025907e-14,-6.087310376249846e-16,-9.73555498691653e-09,-0.001039076049654289,-9.639879043519505e-12,-6.682275267033621e-13,green
243.30827067669173,124661036258.59225,0.0,5240495921.555577,0.0,-6.250757944316191e-08,371467722.88328755,-1.2406980258295566e-12,-6.314495597025907e-14,-6.087310376249846e-16,-9.73555498691653e-09,-0.0010390022389674114,-9.639879043519505e-12,-6.682275267033621e-13,green
243.50877192982455,127313458209.99767,0.0,5337704128.245227,0.0,-6.250757944316191e-08,378286007.62836206,-1.2406980258295566e-12,-6.314495597025907e-14,-6.087310376249846e-16,-9.73555498691653e-09,-0.001038927074559061,-9.639879043519505e-12,-6.682275267033621e-13,green
243.7092731829574,130022194258.7027,0.0,5436746041.779381,0.0,-6.250757944316191e-08,385231832.0733657,-1.2406980258295566e-12,-6.314495597025907e-14,-6.087310376249846e-16,-9.73555498691653e-09,-0.0010388505326100837,-9.639879043519505e-12,-6.682275267033621e-13,green
243.90977443609023,132788600376.14763,0.0,5537661506.498906,0.0,-6.250757944316191e-08,392307903.68183255,-1.2406980258295566e-12,-6.314495597025907e-14,-6.087310376249846e-16,-9.73555498691653e-09,-0.0010387725842635593,-9.639879043519505e-12,-6.682275267033621e-13,green
244.11027568922304,135613965448.9869,0.0,5640488432.037918,0.0,-6.250757944316191e-08,399516808.08418566,-1.2406980258295566e-12,-6.314495597025907e-14,-6.087310376249846e-16,-9.73555498691653e-09,-0.00103869320195944,-9.639879043519505e-12,-6.682275267033621e-13,green
244.3107769423559,138499497183.61606,0.0,5745262386.814228,0.0,-6.250757944316191e-08,406860983.47885805,-1.2406980258295566e-12,-6.314495597025907e-14,-6.087310376249846e-16,-9.73555498691653e-09,-0.0010386123597070415,-9.639879043519505e-12,-6.682275267033621e-13,green
244.51127819548873,141446403286.43103,0.0,5852018939.245657,0.0,-6.250757944316191e-08,414342868.06428355,-1.2406980258295566e-12,-6.314495597025907e-14,-6.087310376249846e-16,-9.73555498691653e-09,-0.0010385300315156791,-9.639879043519505e-12,-6.682275267033621e-13,green
244.71177944862154,144455891463.82733,0.0,5960793657.750013,0.0,-6.250757944316191e-08,421964900.038895,-1.2406980258295566e-12,-6.314495597025907e-14,-6.087310376249846e-16,-9.73555498691653e-09,-0.0010384461913946685,-9.639879043519505e-12,-6.682275267033621e-13,green
244.91228070175438,147529352202.8729,0.0,6071626975.31129,0.0,-6.250757944316191e-08,429729850.4348072,-1.2406980258295566e-12,-6.314495597025907e-14,-6.087310376249846e-16,-9.73555498691653e-09,-0.0010383608098545275,-9.639879043519505e-12,-6.682275267033621e-13,green
245.11278195488723,150668326561.61823,0.0,6184563332.243686,0.0,-6.250757944316191e-08,437640764.46571934,-1.2406980258295566e-12,-6.314495597025907e-14,-6.087310376249846e-16,-9.73555498691653e-09,-0.001038273854523537,-9.639879043519505e-12,-6.682275267033621e-13,green
245.31328320802004,153874167222.17728,0.0,6299642155.38159,0.0,-6.250757944316191e-08,445700344.32297724,-1.2406980258295566e-12,-6.314495597025907e-14,-6.087310376249846e-16,-9.73555498691653e-09,-0.0010381852966358791,-9.639879043519505e-12,-6.682275267033621e-13,green
245.51378446115288,157148225751.0539,0.0,6416902841.868298,0.0,-6.250757944316191e-08,453911290.16646135,-1.2406980258295566e-12,-6.314495597025907e-14,-6.087310376249846e-16,-9.73555498691653e-09,-0.0010380951074470915,-9.639879043519505e-12,-6.682275267033621e-13,green
245.71428571428572,160491853714.7515,0.0,6536384788.847084,0.0,-6.250757944316191e-08,462276302.1560509,-1.2406980258295566e-12,-6.314495597025907e-14,-6.087310376249846e-16,-9.73555498691653e-09,-0.0010380032582127119,-9.639879043519505e-12,-6.682275267033621e-13,green
245.91478696741854,163906480109.3199,0.0,6658129291.809308,0.0,-6.250757944316191e-08,470798221.6652247,-1.2406980258295566e-12,-6.314495597025907e-14,-6.087310376249846e-16,-9.73555498691653e-09,-0.0010379097187233754,-9.639879043519505e-12,-6.682275267033621e-13,green
246.11528822055138,167393866563.86105,0.0,6782185801.44475,0.0,-6.250757944316191e-08,479480496.71327776,-1.2406980258295566e-12,-6.314495597025907e-14,-6.087310376249846e-16,-9.73555498691653e-09,-0.0010378144524765777,-9.639879043519505e-12,-6.682275267033621e-13,green
246.31578947368422,170955561739.89026,0.0,6908598547.09517,0.0,-6.250757944316191e-08,488326186.9158435,-1.2406980258295566e-12,-6.314495597025907e-14,-6.087310376249846e-16,-9.73555498691653e-09,-0.0010377174269989835,-9.639879043519505e-12,-6.682275267033621e-13,green
246.51629072681703,174593078230.1495,0.0,7037410873.800545,0.0,-6.250757944316191e-08,497338286.1074481,-1.2406980258295566e-12,-6.314495597025907e-14,-6.087310376249846e-16,-9.73555498691653e-09,-0.0010376186104996486,-9.639879043519505e-12,-6.682275267033621e-13,green
246.71679197994987,178307928627.38046,0.0,7168666126.60084,0.0,-6.250757944316191e-08,506519788.122617,-1.2406980258295566e-12,-6.314495597025907e-14,-6.087310376249846e-16,-9.73555498691653e-09,-0.0010375179711876283,-9.639879043519505e-12,-6.682275267033621e-13,green
246.91729323308272,182101638552.1366,0.0,7302407980.986916,0.0,-6.250757944316191e-08,515873710.161551,-1.2406980258295566e-12,-6.314495597025907e-14,-6.087310376249846e-16,-9.73555498691653e-09,-0.0010374154770278123,-9.639879043519505e-12,-6.682275267033621e-13,green
247.11779448621553,185976086884.88287,0.0,7438689072.899458,0.0,-6.250757944316191e-08,525403703.00409317,-1.2406980258295566e-12,-6.314495597025907e-14,-6.087310376249846e-16,-9.73555498691653e-09,-0.0010373110893643186,-9.639879043519505e-12,-6.682275267033621e-13,green
247.31829573934837,189933087895.80667,0.0,7577560399.437236,0.0,-6.250757944316191e-08,535113301.5500921,-1.2406980258295566e-12,-6.314495597025907e-14,-6.087310376249846e-16,-9.73555498691653e-09,-0.0010372047707521872,-9.639879043519505e-12,-6.682275267033621e-13,green
247.5187969924812,193974335917.721,0.0,7719069915.483383,0.0,-6.250757944316191e-08,545005825.5890024,-1.2406980258295566e-12,-6.314495597025907e-14,-6.087310376249846e-16,-9.73555498691653e-09,-0.0010370964859943148,-9.639879043519505e-12,-6.682275267033621e-13,green
247.71929824561403,198101525283.43936,0.0,7863265575.921053,0.0,-6.250757944316191e-08,555084594.9102799,-1.2406980258295566e-12,-6.314495597025907e-14,-6.087310376249846e-16,-9.73555498691653e-09,-0.001036986199893598,-9.639879043519505e-12,-6.682275267033621e-13,green
247.91979949874687,202316361137.72693,0.0,8010195639.678342,0.0,-6.250757944316191e-08,565352948.179733,-1.2406980258295566e-12,-6.314495597025907e-14,-6.087310376249846e-16,-9.73555498691653e-09,-0.0010368738770521464,-9.639879043519505e-12,-6.682275267033621e-13,green
248.1203007518797,206620905454.17654,0.0,8159918400.134804,0.0,-6.250757944316191e-08,575814847.0429296,-1.2406980258295566e-12,-6.314495597025907e-14,-6.087310376249846e-16,-9.73555498691653e-09,-0.0010367594754454523,-9.639879043519505e-12,-6.682275267033621e-13,green
248.32080200501252,211017170134.96445,0.0,8312490742.602135,0.0,-6.250757944316191e-08,586474165.7268298,-1.2406980258295566e-12,-6.314495597025907e-14,-6.087310376249846e-16,-9.73555498691653e-09,-0.001036642953978877,-9.639879043519505e-12,-6.682275267033621e-13,green
248.52130325814537,215507036441.86307,0.0,8467965878.628351,0.0,-6.250757944316191e-08,597334550.3761289,-1.2406980258295566e-12,-6.314495597025907e-14,-6.087310376249846e-16,-9.73555498691653e-09,-0.0010365242739838857,-9.639879043519505e-12,-6.682275267033621e-13,green
248.7218045112782,220092385636.64526,0.0,8626397019.761484,0.0,-6.250757944316191e-08,608399647.1355237,-1.2406980258295566e-12,-6.314495597025907e-14,-6.087310376249846e-16,-9.73555498691653e-09,-0.0010364033967919448,-9.639879043519505e-12,-6.682275267033621e-13,green
248.92230576441102,224775108533.67545,0.0,8787837626.345446,0.0,-6.250757944316191e-08,619673118.8733844,-1.2406980258295566e-12,-6.314495597025907e-14,-6.087310376249846e-16,-9.73555498691653e-09,-0.0010362802835589295,-9.639879043519505e-12,-6.682275267033621e-13,green
249.12280701754386,229557488430.45813,0.0,8952351380.891647,0.0,-6.250757944316191e-08,631159315.5763625,-1.2406980258295566e-12,-6.314495597025907e-14,-6.087310376249846e-16,-9.73555498691653e-09,-0.001036154888226334,-9.639879043519505e-12,-6.682275267033621e-13,green
249.3233082706767,234441771522.6188,0.0,9120000999.598345,0.0,-6.250757944316191e-08,642862522.2770339,-1.2406980258295566e-12,-6.314495597025907e-14,-6.087310376249846e-16,-9.73555498691653e-09,-0.0010360271654176352,-9.639879043519505e-12,-6.682275267033621e-13,green
249.52380952380952,239430048951.61084,0.0,9290845160.299957,0.0,-6.250757944316191e-08,654786752.5554072,-1.2406980258295566e-12,-6.314495597025907e-14,-6.087310376249846e-16,-9.73555498691653e-09,-0.0010358970726064213,-9.639879043519505e-12,-6.682275267033621e-13,green
249.72431077694236,244524411858.88806,0.0,9464942540.830921,0.0,-6.250757944316191e-08,666936019.9914919,-1.2406980258295566e-12,-6.314495597025907e-14,-6.087310376249846e-16,-9.73555498691653e-09,-0.0010357645672662789,-9.639879043519505e-12,-6.682275267033621e-13,green
249.9248120300752,249726959480.97937,0.0,9642352012.358448,0.0,-6.250757944316191e-08,679314352.3780614,-1.2406980258295566e-12,-6.314495597025907e-14,-6.087310376249846e-16,-9.73555498691653e-09,-0.0010356296067235771,-9.639879043519505e-12,-6.682275267033621e-13,green
250.12531328320802,255040217386.2889,0.0,9823142628.034136,0.0,-6.250757944316191e-08,691926526.0314528,-1.2406980258295566e-12,-6.314495597025907e-14,-6.087310376249846e-16,-9.73555498691653e-09,-0.0010354921405513469,-9.639879043519505e-12,-6.682275267033621e-13,green
250.32581453634086,260466691943.21655,0.0,10007382982.46038,0.0,-6.250757944316191e-08,704777283.5579839,-1.2406980258295566e-12,-6.314495597025907e-14,-6.087310376249846e-16,-9.73555498691653e-09,-0.001035352118671793,-9.639879043519505e-12,-6.682275267033621e-13,green
250.5263157894737,266008707616.13342,0.0,10195137325.868229,0.0,-6.250757944316191e-08,717871048.1896548,-1.2406980258295566e-12,-6.314495597025907e-14,-6.087310376249846e-16,-9.73555498691653e-09,-0.0010352094943152554,-9.639879043519505e-12,-6.682275267033621e-13,green
250.7268170426065,271668588869.41064,0.0,10386469908.488733,0.0,-6.250757944316191e-08,731212243.1584657,-1.2406980258295566e-12,-6.314495597025907e-14,-6.087310376249846e-16,-9.73555498691653e-09,-0.0010350642207120743,-9.639879043519505e-12,-6.682275267033621e-13,green
250.92731829573935,277448666731.96246,0.0,10581445144.125969,0.0,-6.250757944316191e-08,744805303.0344231,-1.2406980258295566e-12,-6.314495597025907e-14,-6.087310376249846e-16,-9.73555498691653e-09,-0.0010349162509742465,-9.639879043519505e-12,-6.682275267033621e-13,green
251.12781954887217,283351733121.8263,0.0,10780138930.86023,0.0,-6.250757944316191e-08,758655458.4160725,-1.2406980258295566e-12,-6.314495597025907e-14,-6.087310376249846e-16,-9.73555498691653e-09,-0.0010347655299050137,-9.639879043519505e-12,-6.682275267033621e-13,green
251.328320802005,289380584390.00085,0.0,10982627277.230822,0.0,-6.250757944316191e-08,772767947.558387,-1.2406980258295566e-12,-6.314495597025907e-14,-6.087310376249846e-16,-9.73555498691653e-09,-0.0010346120022277016,-9.639879043519505e-12,-6.682275267033621e-13,green
251.52882205513785,295537804398.4665,0.0,11188980897.048965,0.0,-6.250757944316191e-08,787147641.7141368,-1.2406980258295566e-12,-6.314495597025907e-14,-6.087310376249846e-16,-9.73555498691653e-09,-0.0010344556164963168,-9.639879043519505e-12,-6.682275267033621e-13,green
251.72932330827066,301825977009.20337,0.0,11399270504.125872,0.0,-6.250757944316191e-08,801799412.1360922,-1.2406980258295566e-12,-6.314495597025907e-14,-6.087310376249846e-16,-9.73555498691653e-09,-0.0010342963212648664,-9.639879043519505e-12,-6.682275267033621e-13,green
251.9298245614035,308247692212.24084,0.0,11613566972.108725,0.0,-6.250757944316191e-08,816728140.4853882,-1.2406980258295566e-12,-6.314495597025907e-14,-6.087310376249846e-16,-9.73555498691653e-09,-0.0010341340649778358,-9.639879043519505e-12,-6.682275267033621e-13,green
252.13032581453632,314806043752.50037,0.0,11831954313.923876,0.0,-6.250757944316191e-08,831939564.0403683,-1.2406980258295566e-12,-6.314495597025907e-14,-6.087310376249846e-16,-9.73555498691653e-09,-0.0010339687870765779,-9.639879043519505e-12,-6.682275267033621e-13,green
252.33082706766916,321504144255.8369,0.0,12054517034.963078,0.0,-6.250757944316191e-08,847439452.1482501,-1.2406980258295566e-12,-6.314495597025907e-14,-6.087310376249846e-16,-9.73555498691653e-09,-0.0010338004266650042,-9.639879043519505e-12,-6.682275267033621e-13,green
252.531328320802,328344864998.9296,0.0,12281333345.58404,0.0,-6.250757944316191e-08,863233164.229694,-1.2406980258295566e-12,-6.314495597025907e-14,-6.087310376249846e-16,-9.73555498691653e-09,-0.0010336289271604307,-9.639879043519505e-12,-6.682275267033621e-13,green
252.73182957393482,335331077258.4578,0.0,12512481456.144464,0.0,-6.250757944316191e-08,879326059.70536,-1.2406980258295566e-12,-6.314495597025907e-14,-6.087310376249846e-16,-9.73555498691653e-09,-0.0010334542319801743,-9.639879043519505e-12,-6.682275267033621e-13,green
252.93233082706766,342465657960.6237,0.0,12748039718.772371,0.0,-6.250757944316191e-08,895723507.5563835,-1.2406980258295566e-12,-6.314495597025907e-14,-6.087310376249846e-16,-9.73555498691653e-09,-0.0010332762844415635,-9.639879043519505e-12,-6.682275267033621e-13,green
253.1328320802005,349752036055.14526,0.0,12988100338.188953,0.0,-6.250757944316191e-08,912431810.9324276,-1.2406980258295566e-12,-6.314495597025907e-14,-6.087310376249846e-16,-9.73555498691653e-09,-0.0010330950180920185,-9.639879043519505e-12,-6.682275267033621e-13,green
253.33333333333331,357193677257.6485,0.0,13232756441.726768,0.0,-6.250757944316191e-08,929457335.2007122,-1.2406980258295566e-12,-6.314495597025907e-14,-6.087310376249846e-16,-9.73555498691653e-09,-0.0010329103658282624,-9.639879043519505e-12,-6.682275267033621e-13,green
253.53383458646616,364793772349.64056,0.0,13482094257.46428,0.0,-6.250757944316191e-08,946805980.4678406,-1.2406980258295566e-12,-6.314495597025907e-14,-6.087310376249846e-16,-9.73555498691653e-09,-0.0010327222654129009,-9.639879043519505e-12,-6.682275267033621e-13,green
253.734335839599,372555512112.62787,0.0,13736200013.479933,0.0,-6.250757944316191e-08,964483646.8404146,-1.2406980258295566e-12,-6.314495597025907e-14,-6.087310376249846e-16,-9.73555498691653e-09,-0.0010325306546085397,-9.639879043519505e-12,-6.682275267033621e-13,green
253.9348370927318,380482092436.68176,0.0,13995160060.171175,0.0,-6.250757944316191e-08,982496243.0453069,-1.2406980258295566e-12,-6.314495597025907e-14,-6.087310376249846e-16,-9.73555498691653e-09,-0.001032335471088249,-9.639879043519505e-12,-6.682275267033621e-13,green
254.13533834586465,388577313481.37177,0.0,14259075216.508476,0.0,-6.250757944316191e-08,1000850697.4630013,-1.2406980258295566e-12,-6.314495597025907e-14,-6.087310376249846e-16,-9.73555498691653e-09,-0.0010321366419343005,-9.639879043519505e-12,-6.682275267033621e-13,green
254.3358395989975,396845034070.2092,0.0,14528047706.106289,0.0,-6.250757944316191e-08,1019554037.4644152,-1.2406980258295566e-12,-6.314495597025907e-14,-6.087310376249846e-16,-9.73555498691653e-09,-0.001031934093200786,-9.639879043519505e-12,-6.682275267033621e-13,green
254.5363408521303,405288800044.73785,0.0,14802172258.567774,0.0,-6.250757944316191e-08,1038612762.2898984,-1.2406980258295566e-12,-6.314495597025907e-14,-6.087310376249846e-16,-9.73555498691653e-09,-0.0010317277564273113,-9.639879043519505e-12,-6.682275267033621e-13,green
254.73684210526315,413912157246.5005,0.0,15081543603.496067,0.0,-6.250757944316191e-08,1058033371.1797991,-1.2406980258295566e-12,-6.314495597025907e-14,-6.087310376249846e-16,-9.73555498691653e-09,-0.0010315175631534822,-9.639879043519505e-12,-6.682275267033621e-13,green
254.937343358396,422718656138.13434,0.0,15366256583.437796,0.0,-6.250757944316191e-08,1077822371.0750227,-1.2406980258295566e-12,-6.314495597025907e-14,-6.087310376249846e-16,-9.73555498691653e-09,-0.0010313034448386329,-9.639879043519505e-12,-6.682275267033621e-13,green
255.1378446115288,431712521842.4318,0.0,15656422530.209692,0.0,-6.250757944316191e-08,1097987393.1651518,-1.2406980258295566e-12,-6.314495597025907e-14,-6.087310376249846e-16,-9.73555498691653e-09,-0.0010310853212228367,-9.639879043519505e-12,-6.682275267033621e-13,green
255.33834586466165,440898059636.2771,0.0,15952154734.662899,0.0,-6.250757944316191e-08,1118536202.2079523,-1.2406980258295566e-12,-6.314495597025907e-14,-6.087310376249846e-16,-9.73555498691653e-09,-0.001030863110653841,-9.639879043519505e-12,-6.682275267033621e-13,green
255.5388471177945,450279208592.40076,0.0,16253557537.30646,0.0,-6.250757944316191e-08,1139475952.7213058,-1.2406980258295566e-12,-6.314495597025907e-14,-6.087310376249846e-16,-9.73555498691653e-09,-0.0010306367378405843,-9.639879043519505e-12,-6.682275267033621e-13,green
255.7393483709273,459859907783.5324,0.0,16560735278.649382,0.0,-6.250757944316191e-08,1160813799.2230928,-1.2406980258295566e-12,-6.314495597025907e-14,-6.087310376249846e-16,-9.73555498691653e-09,-0.0010304061274920048,-9.639879043519505e-12,-6.682275267033621e-13,green
255.93984962406014,469644096282.40173,0.0,16873792299.20068,0.0,-6.250757944316191e-08,1182556896.2311928,-1.2406980258295566e-12,-6.314495597025907e-14,-6.087310376249846e-16,-9.73555498691653e-09,-0.0010301712043170412,-9.639879043519505e-12,-6.682275267033621e-13,green
256.140350877193,479636296401.1076,0.0,17192847173.60474,0.0,-6.250757944316191e-08,1204713360.9620006,-1.2406980258295566e-12,-6.314495597025907e-14,-6.087310376249846e-16,-9.73555498691653e-09,-0.0010299318829823608,-9.639879043519505e-12,-6.682275267033621e-13,green
256.3408521303258,489841456383.36926,0.0,17518028871.497524,0.0,-6.250757944316191e-08,1227292013.6772783,-1.2406980258295566e-12,-6.314495597025907e-14,-6.087310376249846e-16,-9.73555498691653e-09,-0.0010296880708208997,-9.639879043519505e-12,-6.682275267033621e-13,green
256.5413533834586,500263970101.5152,0.0,17849452832.911488,0.0,-6.250757944316191e-08,1250300759.589939,-1.2406980258295566e-12,-6.314495597025907e-14,-6.087310376249846e-16,-9.73555498691653e-09,-0.001029439684710813,-9.639879043519505e-12,-6.682275267033621e-13,green
256.7418546365915,510908229607.1979,0.0,18187234453.444946,0.0,-6.250757944316191e-08,1273747500.9076781,-1.2406980258295566e-12,-6.314495597025907e-14,-6.087310376249846e-16,-9.73555498691653e-09,-0.0010291866415616054,-9.639879043519505e-12,-6.682275267033621e-13,green
256.9423558897243,521778626952.06885,0.0,18531489128.69618,0.0,-6.250757944316191e-08,1297640139.8381882,-1.2406980258295566e-12,-6.314495597025907e-14,-6.087310376249846e-16,-9.73555498691653e-09,-0.0010289288582827807,-9.639879043519505e-12,-6.682275267033621e-13,green
257.1428571428571,532880003306.8047,0.0,18882343070.10868,0.0,-6.250757944316191e-08,1321987314.2357616,-1.2406980258295566e-12,-6.314495597025907e-14,-6.087310376249846e-16,-9.73555498691653e-09,-0.001028666244124151,-9.639879043519505e-12,-6.682275267033621e-13,green
257.34335839599,544217969213.5956,0.0,19239941017.40632,0.0,-6.250757944316191e-08,1346798922.1674788,-1.2406980258295566e-12,-6.314495597025907e-14,-6.087310376249846e-16,-9.73555498691653e-09,-0.0010283986952139546,-9.639879043519505e-12,-6.682275267033621e-13,green
257.5438596491228,555797446863.3058,0.0,19604411133.189777,0.0,-6.250757944316191e-08,1372083734.1968303,-1.2406980258295566e-12,-6.314495597025907e-14,-6.087310376249846e-16,-9.73555498691653e-09,-0.00102812611942021,-9.639879043519505e-12,-6.682275267033621e-13,green
257.7443609022556,567623331406.9015,0.0,19975880928.875225,0.0,-6.250757944316191e-08,1397850476.5965784,-1.2406980258295566e-12,-6.314495597025907e-14,-6.087310376249846e-16,-9.73555498691653e-09,-0.0010278484250720995,-9.639879043519505e-12,-6.682275267033621e-13,green
257.9448621553885,579700517995.3478,0.0,20354477915.87881,0.0,-6.250757944316191e-08,1424107875.6394827,-1.2406980258295566e-12,-6.314495597025907e-14,-6.087310376249846e-16,-9.73555498691653e-09,-0.0010275655204988058,-9.639879043519505e-12,-6.682275267033621e-13,green
258.1453634085213,592034223988.8165,0.0,20740337278.440166,0.0,-6.250757944316191e-08,1450865181.1512449,-1.2406980258295566e-12,-6.314495597025907e-14,-6.087310376249846e-16,-9.73555498691653e-09,-0.0010272773085848023,-9.639879043519505e-12,-6.682275267033621e-13,green
258.3458646616541,604630737987.0538,0.0,21133619710.411915,0.0,-6.250757944316191e-08,1478133383.598798,-1.2406980258295566e-12,-6.314495597025907e-14,-6.087310376249846e-16,-9.73555498691653e-09,-0.0010269836741126975,-9.639879043519505e-12,-6.682275267033621e-13,green
258.546365914787,617495604132.2014,0.0,21534468177.74917,0.0,-6.250757944316191e-08,1505922263.7909997,-1.2406980258295566e-12,-6.314495597025907e-14,-6.087310376249846e-16,-9.73555498691653e-09,-0.001026684514444985,-9.639879043519505e-12,-6.682275267033621e-13,green
258.7468671679198,630634278263.927,0.0,21943023543.64499,0.0,-6.250757944316191e-08,1534241459.0553336,-1.2406980258295566e-12,-6.314495597025907e-14,-6.087310376249846e-16,-9.73555498691653e-09,-0.0010263797284362991,-9.639879043519505e-12,-6.682275267033621e-13,green
258.9473684210526,644052216221.8971,0.0,22359426671.292393,0.0,-6.250757944316191e-08,1563100606.7192802,-1.2406980258295566e-12,-6.314495597025907e-14,-6.087310376249846e-16,-9.73555498691653e-09,-0.0010260692149412732,-9.639879043519505e-12,-6.682275267033621e-13,green
259.1478696741855,657755079814.0491,0.0,22783823292.01529,0.0,-6.250757944316191e-08,1592509675.9663084,-1.2406980258295566e-12,-6.314495597025907e-14,-6.087310376249846e-16,-9.73555498691653e-09,-0.0010257528693655726,-9.639879043519505e-12,-6.682275267033621e-13,green
259.3483709273183,671749838488.0422,0.0,23216390043.65187,0.0,-6.250757944316191e-08,1622480742.848433,-1.2406980258295566e-12,-6.314495597025907e-14,-6.087310376249846e-16,-9.73555498691653e-09,-0.0010254305652182408,-9.639879043519505e-12,-6.682275267033621e-13,green
259.5488721804511,686042767730.736,0.0,23657287162.038292,0.0,-6.250757944316191e-08,1653024765.3083324,-1.2406980258295566e-12,-6.314495597025907e-14,-6.087310376249846e-16,-9.73555498691653e-09,-0.001025102187628798,-9.639879043519505e-12,-6.682275267033621e-13,green
259.74937343358397,700639948463.2213,0.0,24106670284.381897,0.0,-6.250757944316191e-08,1684152387.8044045,-1.2406980258295566e-12,-6.314495597025907e-14,-6.087310376249846e-16,-9.73555498691653e-09,-0.0010247676249847972,-9.639879043519505e-12,-6.682275267033621e-13,green
259.9498746867168,715547461606.5906,0.0,24564695047.890064,0.0,-6.250757944316191e-08,1715874254.7950492,-1.2406980258295566e-12,-6.314495597025907e-14,-6.087310376249846e-16,-9.73555498691653e-09,-0.0010244267656737915,-9.639879043519505e-12,-6.682275267033621e-13,green
260.1503759398496,730771501315.9589,0.0,25031519753.890846,0.0,-6.250757944316191e-08,1748201191.5874763,-1.2406980258295566e-12,-6.314495597025907e-14,-6.087310376249846e-16,-9.73555498691653e-09,-0.0010240794962042483,-9.639879043519505e-12,-6.682275267033621e-13,green
260.35087719298247,746319717226.5189,0.0,25507336947.61235,0.0,-6.250757944316191e-08,1781146348.071501,-1.2406980258295566e-12,-6.314495597025907e-14,-6.087310376249846e-16,-9.73555498691653e-09,-0.0010237256789313786,-9.639879043519505e-12,-6.682275267033621e-13,green
260.5513784461153,762199233120.9473,0.0,25992326802.25419,0.0,-6.250757944316191e-08,1814722034.2851052,-1.2406980258295566e-12,-6.314495597025907e-14,-6.087310376249846e-16,-9.73555498691653e-09,-0.0010233651849367578,-9.639879043519505e-12,-6.682275267033621e-13,green
260.7518796992481,778416825110.1008,0.0,26486661311.145123,0.0,-6.250757944316191e-08,1848940004.991157,-1.2406980258295566e-12,-6.314495597025907e-14,-6.087310376249846e-16,-9.73555498691653e-09,-0.0010229978910714724,-9.639879043519505e-12,-6.682275267033621e-13,green
260.95238095238096,794979269304.8387,0.0,26990512467.61397,0.0,-6.250757944316191e-08,1883812014.9525292,-1.2406980258295566e-12,-6.314495597025907e-14,-6.087310376249846e-16,-9.73555498691653e-09,-0.0010226236741866083,-9.639879043519505e-12,-6.682275267033621e-13,green
261.1528822055138,811893384988.4625,0.0,27504053271.931717,0.0,-6.250757944316191e-08,1919349887.3253613,-1.2406980258295566e-12,-6.314495597025907e-14,-6.087310376249846e-16,-9.73555498691653e-09,-0.0010222424104232128,-9.639879043519505e-12,-6.682275267033621e-13,green
261.3533834586466,829167492598.6797,0.0,28027491736.88169,0.0,-6.250757944316191e-08,1955567823.3766801,-1.2406980258295566e-12,-6.314495597025907e-14,-6.087310376249846e-16,-9.73555498691653e-09,-0.0010218539512334938,-9.639879043519505e-12,-6.682275267033621e-13,green
261.55388471177946,846809707239.566,0.0,28561031086.1021,0.0,-6.250757944316191e-08,1992479699.0864246,-1.2406980258295566e-12,-6.314495597025907e-14,-6.087310376249846e-16,-9.73555498691653e-09,-0.0010214581514466923,-9.639879043519505e-12,-6.682275267033621e-13,green
261.7543859649123,864827579880.1991,0.0,29104861385.501644,0.0,-6.250757944316191e-08,2030098496.7386045,-1.2406980258295566e-12,-6.314495597025907e-14,-6.087310376249846e-16,-9.73555498691653e-09,-0.001021054875170135,-9.639879043519505e-12,-6.682275267033621e-13,green
261.9548872180451,883228661489.6587,0.0,29659172700.9891,0.0,-6.250757944316191e-08,2068437198.6172347,-1.2406980258295566e-12,-6.314495597025907e-14,-6.087310376249846e-16,-9.73555498691653e-09,-0.0010206439865111487,-9.639879043519505e-12,-6.682275267033621e-13,green
262.15538847117796,902020507443.3792,0.0,30224155200.144535,0.0,-6.250757944316191e-08,2107508793.932617,-1.2406980258295566e-12,-6.314495597025907e-14,-6.087310376249846e-16,-9.73555498691653e-09,-0.001020225349505235,-9.639879043519505e-12,-6.682275267033621e-13,green
262.35588972431077,921212082055.3342,0.0,30800031560.099316,0.0,-6.250757944316191e-08,2147328486.5864623,-1.2406980258295566e-12,-6.314495597025907e-14,-6.087310376249846e-16,-9.73555498691653e-09,-0.0010197988052216785,-9.639879043519505e-12,-6.682275267033621e-13,green
262.5563909774436,940812656473.0193,0.0,31387031537.79694,0.0,-6.250757944316191e-08,2187911962.787939,-1.2406980258295566e-12,-6.314495597025907e-14,-6.087310376249846e-16,-9.73555498691653e-09,-0.0010193641897282661,-9.639879043519505e-12,-6.682275267033621e-13,green
262.75689223057645,960830645133.3707,0.0,31985365122.62176,0.0,-6.250757944316191e-08,2229273562.0944896,-1.2406980258295566e-12,-6.314495597025907e-14,-6.087310376249846e-16,-9.73555498691653e-09,-0.0010189213530574805,-9.639879043519505e-12,-6.682275267033621e-13,green
262.95739348370927,981274462473.3251,0.0,32595242303.958134,0.0,-6.250757944316191e-08,2271427624.0635576,-1.2406980258295566e-12,-6.314495597025907e-14,-6.087310376249846e-16,-9.73555498691653e-09,-0.001018470145241805,-9.639879043519505e-12,-6.682275267033621e-13,green
263.1578947368421,1002152522929.8208,0.0,33216873071.19047,0.0,-6.250757944316191e-08,2314388488.252589,-1.2406980258295566e-12,-6.314495597025907e-14,-6.087310376249846e-16,-9.73555498691653e-09,-0.0010180104163137226,-9.639879043519505e-12,-6.682275267033621e-13,green
263.35839598997495,1023474368919.0842,0.0,33850492764.811172,0.0,-6.250757944316191e-08,2358172256.925531,-1.2406980258295566e-12,-6.314495597025907e-14,-6.087310376249846e-16,-9.73555498691653e-09,-0.001017541998079167,-9.639879043519505e-12,-6.682275267033621e-13,green
263.55889724310777,1045250539067.1277,0.0,34496359114.92753,0.0,-6.250757944316191e-08,2402796589.1350784,-1.2406980258295566e-12,-6.314495597025907e-14,-6.087310376249846e-16,-9.73555498691653e-09,-0.001017064706246729,-9.639879043519505e-12,-6.682275267033621e-13,green
263.7593984962406,1067490424580.2681,0.0,35154704063.619606,0.0,-6.250757944316191e-08,2448277350.8476753,-1.2406980258295566e-12,-6.314495597025907e-14,-6.087310376249846e-16,-9.73555498691653e-09,-0.0010165783750656812,-9.639879043519505e-12,-6.682275267033621e-13,green
263.95989974937345,1090203409177.3577,0.0,35825759384.68817,0.0,-6.250757944316191e-08,2494630396.329014,-1.2406980258295566e-12,-6.314495597025907e-14,-6.087310376249846e-16,-9.73555498691653e-09,-0.001016082838906281,-9.639879043519505e-12,-6.682275267033621e-13,green
264.16040100250626,1113398878022.9502,0.0,36509756885.80319,0.0,-6.250757944316191e-08,2541871582.072261,-1.2406980258295566e-12,-6.314495597025907e-14,-6.087310376249846e-16,-9.73555498691653e-09,-0.0010155779321156264,-9.639879043519505e-12,-6.682275267033621e-13,green
264.3609022556391,1137087712532.251,0.0,37206963428.0491,0.0,-6.250757944316191e-08,2590019069.92766,-1.2406980258295566e-12,-6.314495597025907e-14,-6.087310376249846e-16,-9.73555498691653e-09,-0.0010150634650706635,-9.639879043519505e-12,-6.682275267033621e-13,green
264.56140350877195,1161281300649.5027,0.0,37917657739.22015,0.0,-6.250757944316191e-08,2639091802.1830792,-1.2406980258295566e-12,-6.314495597025907e-14,-6.087310376249846e-16,-9.73555498691653e-09,-0.0010145392400336694,-9.639879043519505e-12,-6.682275267033621e-13,green
264.76190476190476,1185990033643.301,0.0,38642095197.490295,0.0,-6.250757944316191e-08,2689107185.49246,-1.2406980258295566e-12,-6.314495597025907e-14,-6.087310376249846e-16,-9.73555498691653e-09,-0.001014005075233809,-9.639879043519505e-12,-6.682275267033621e-13,green
264.9624060150376,1211224302782.2458,0.0,39380531181.03361,0.0,-6.250757944316191e-08,2740082626.509754,-1.2406980258295566e-12,-6.314495597025907e-14,-6.087310376249846e-16,-9.73555498691653e-09,-0.0010134607889002484,-9.639879043519505e-12,-6.682275267033621e-13,green
265.16290726817044,1236994530211.5283,0.0,40133221778.43687,0.0,-6.250757944316191e-08,2792035579.171219,-1.2406980258295566e-12,-6.314495597025907e-14,-6.087310376249846e-16,-9.73555498691653e-09,-0.0010129061987714624,-9.639879043519505e-12,-6.682275267033621e-13,green
265.36340852130326,1263313112116.9236,0.0,40900468497.27387,0.0,-6.250757944316191e-08,2844986520.3241305,-1.2406980258295566e-12,-6.314495597025907e-14,-6.087310376249846e-16,-9.73555498691653e-09,-0.0010123410912145255,-9.639879043519505e-12,-6.682275267033621e-13,green
265.56390977443607,1290192447067.7166,0.0,41682572899.95857,0.0,-6.250757944316191e-08,2898955930.465714,-1.2406980258295566e-12,-6.314495597025907e-14,-6.087310376249846e-16,-9.73555498691653e-09,-0.0010117652525586328,-9.639879043519505e-12,-6.682275267033621e-13,green
265.76441102756894,1317644052143.5466,0.0,42479816267.47444,0.0,-6.250757944316191e-08,2953962940.2401094,-1.2406980258295566e-12,-6.314495597025907e-14,-6.087310376249846e-16,-9.73555498691653e-09,-0.001011178483141591,-9.639879043519505e-12,-6.682275267033621e-13,green
265.96491228070175,1345679444424.0544,0.0,43292479880.80502,0.0,-6.250757944316191e-08,3010026680.291462,-1.2406980258295566e-12,-6.314495597025907e-14,-6.087310376249846e-16,-9.73555498691653e-09,-0.001010580583301205,-9.639879043519505e-12,-6.682275267033621e-13,green
266.16541353383457,1374310249789.2754,0.0,44120847394.52669,0.0,-6.250757944316191e-08,3067166447.596169,-1.2406980258295566e-12,-6.314495597025907e-14,-6.087310376249846e-16,-9.73555498691653e-09,-0.0010099713516611743,-9.639879043519505e-12,-6.682275267033621e-13,green
266.36591478696744,1403550507033.3914,0.0,44965255103.428055,0.0,-6.250757944316191e-08,3125405227.954143,-1.2406980258295566e-12,-6.314495597025907e-14,-6.087310376249846e-16,-9.73555498691653e-09,-0.0010093505488306942,-9.639879043519505e-12,-6.682275267033621e-13,green
266.56641604010025,1433413726764.5605,0.0,45826027779.37458,0.0,-6.250757944316191e-08,3184765199.683181,-1.2406980258295566e-12,-6.314495597025907e-14,-6.087310376249846e-16,-9.73555498691653e-09,-0.001008717943740321,-9.639879043519505e-12,-6.682275267033621e-13,green
266.76691729323306,1463912673972.7356,0.0,46703473927.80102,0.0,-6.250757944316191e-08,3245267401.21221,-1.2406980258295566e-12,-6.314495597025907e-14,-6.087310376249846e-16,-9.73555498691653e-09,-0.00100807331706753,-9.639879043519505e-12,-6.682275267033621e-13,green
266.96741854636593,1495060113647.8752,0.0,47597902054.14233,0.0,-6.250757944316191e-08,3306932870.970172,-1.2406980258295566e-12,-6.314495597025907e-14,-6.087310376249846e-16,-9.73555498691653e-09,-0.0010074164494897956,-9.639879043519505e-12,-6.682275267033621e-13,green
267.16791979949875,1526869046457.9094,0.0,48509625634.07759,0.0,-6.250757944316191e-08,3369783006.022915,-1.2406980258295566e-12,-6.314495597025907e-14,-6.087310376249846e-16,-9.73555498691653e-09,-0.0010067471180011008,-9.639879043519505e-12,-6.682275267033621e-13,green
267.36842105263156,1559355121066.6233,0.0,49439013987.22345,0.0,-6.250757944316191e-08,3433843232.9560704,-1.2406980258295566e-12,-6.314495597025907e-14,-6.087310376249846e-16,-9.73555498691653e-09,-0.0010060650582089927,-9.639879043519505e-12,-6.682275267033621e-13,green
267.56892230576443,1592533058023.2354,0.0,50386416860.06474,0.0,-6.250757944316191e-08,3499137566.0207314,-1.2406980258295566e-12,-6.314495597025907e-14,-6.087310376249846e-16,-9.73555498691653e-09,-0.0010053700202268395,-9.639879043519505e-12,-6.682275267033621e-13,green
267.76942355889724,1626417023154.3904,0.0,51352172300.46803,0.0,-6.250757944316191e-08,3565689175.3331428,-1.2406980258295566e-12,-6.314495597025907e-14,-6.087310376249846e-16,-9.73555498691653e-09,-0.0010046617628379586,-9.639879043519505e-12,-6.682275267033621e-13,green
267.96992481203006,1661021182286.7266,0.0,52336618356.29968,0.0,-6.250757944316191e-08,3633521231.009533,-1.2406980258295566e-12,-6.314495597025907e-14,-6.087310376249846e-16,-9.73555498691653e-09,-0.001003940044825668,-9.639879043519505e-12,-6.682275267033621e-13,green
268.1704260651629,1696361075523.2002,0.0,53340125830.28869,0.0,-6.250757944316191e-08,3702658946.082283,-1.2406980258295566e-12,-6.314495597025907e-14,-6.087310376249846e-16,-9.73555498691653e-09,-0.0010032046036516245,-9.639879043519505e-12,-6.682275267033621e-13,green
268.37092731829574,1732453803034.87,0.0,54363102708.236855,0.0,-6.250757944316191e-08,3773129852.6867657,-1.2406980258295566e-12,-6.314495597025907e-14,-6.087310376249846e-16,-9.73555498691653e-09,-0.0010024551525732968,-9.639879043519505e-12,-6.682275267033621e-13,green
268.57142857142856,1769314933849.0747,0.0,55405920482.264465,0.0,-6.250757944316191e-08,3844959206.852596,-1.2406980258295566e-12,-6.314495597025907e-14,-6.087310376249846e-16,-9.73555498691653e-09,-0.001001691428603585,-9.639879043519505e-12,-6.682275267033621e-13,green
268.7719298245614,1806960016613.5637,0.0,56468950158.75938,0.0,-6.250757944316191e-08,3918172234.314329,-1.2406980258295566e-12,-6.314495597025907e-14,-6.087310376249846e-16,-9.73555498691653e-09,-0.001000913169071575,-9.639879043519505e-12,-6.682275267033621e-13,green
268.97243107769424,1845404881979.4639,0.0,57552569217.72017,0.0,-6.250757944316191e-08,3992794578.965229,-1.2406980258295566e-12,-6.314495597025907e-14,-6.087310376249846e-16,-9.73555498691653e-09,-0.001000120106962402,-9.639879043519505e-12,-6.682275267033621e-13,green
269.17293233082705,1884668283776.1284,0.0,58657222243.01521,0.0,-6.250757944316191e-08,4068856219.229743,-1.2406980258295566e-12,-6.314495597025907e-14,-6.087310376249846e-16,-9.73555498691653e-09,-0.0009993119302328635,-9.639879043519505e-12,-6.682275267033621e-13,green
269.3734335839599,1924767895134.1255,0.0,59783329010.21694,0.0,-6.250757944316191e-08,4146385531.0564456,-1.2406980258295566e-12,-6.314495597025907e-14,-6.087310376249846e-16,-9.73555498691653e-09,-0.000998488343486731,-9.639879043519505e-12,-6.682275267033621e-13,green
269.57393483709274,1965720807070.4434,0.0,60931295932.01983,0.0,-6.250757944316191e-08,4225410027.2274284,-1.2406980258295566e-12,-6.314495597025907e-14,-6.087310376249846e-16,-9.73555498691653e-09,-0.0009976490602945929,-9.639879043519505e-12,-6.682275267033621e-13,green
269.77443609022555,2007544110602.073,0.0,62101529421.11842,0.0,-6.250757944316191e-08,4305957220.524789,-1.2406980258295566e-12,-6.314495597025907e-14,-6.087310376249846e-16,-9.73555498691653e-09,-0.000996793794227038,-9.639879043519505e-12,-6.682275267033621e-13,green
269.9749373433584,2050256645280.2183,0.0,63294471577.061066,0.0,-6.250757944316191e-08,4388057234.267105,-1.2406980258295566e-12,-6.314495597025907e-14,-6.087310376249846e-16,-9.73555498691653e-09,-0.0009959222321460983,-9.639879043519505e-12,-6.682275267033621e-13,green
270.17543859649123,2093879069379.4846,0.0,64510601618.78217,0.0,-6.250757944316191e-08,4471742907.100896,-1.2406980258295566e-12,-6.314495597025907e-14,-6.087310376249846e-16,-9.73555498691653e-09,-0.0009950340331331214,-9.639879043519505e-12,-6.682275267033621e-13,green
270.37593984962405,2138430188258.8115,0.0,65750360947.9803,0.0,-6.250757944316191e-08,4557044311.296182,-1.2406980258295566e-12,-6.314495597025907e-14,-6.087310376249846e-16,-9.73555498691653e-09,-0.0009941288845724198,-9.639879043519505e-12,-6.682275267033621e-13,green
270.5764411027569,2183928788525.206,0.0,67014190583.63485,0.0,-6.250757944316191e-08,4643991491.1266165,-1.2406980258295566e-12,-6.314495597025907e-14,-6.087310376249846e-16,-9.73555498691653e-09,-0.0009932064741347392,-9.639879043519505e-12,-6.682275267033621e-13,green
270.77694235588973,2230394002658.034,0.0,68302538479.82628,0.0,-6.250757944316191e-08,4732615004.193886,-1.2406980258295566e-12,-6.314495597025907e-14,-6.087310376249846e-16,-9.73555498691653e-09,-0.0009922664842446477,-9.639879043519505e-12,-6.682275267033621e-13,green
270.97744360902254,2277848324990.315,0.0,69615919999.3023,0.0,-6.250757944316191e-08,4822950397.610022,-1.2406980258295566e-12,-6.314495597025907e-14,-6.087310376249846e-16,-9.73555498691653e-09,-0.0009913085463342634,-9.639879043519505e-12,-6.682275267033621e-13,green
271.1779448621554,2326313048668.6313,0.0,70954826419.77141,0.0,-6.250757944316191e-08,4915031435.740756,-1.2406980258295566e-12,-6.314495597025907e-14,-6.087310376249846e-16,-9.73555498691653e-09,-0.0009903323100552473,-9.639879043519505e-12,-6.682275267033621e-13,green
271.3784461152882,2375808847816.1104,0.0,72319736606.87712,0.0,-6.250757944316191e-08,5008890964.225356,-1.2406980258295566e-12,-6.314495597025907e-14,-6.087310376249846e-16,-9.73555498691653e-09,-0.000989337434448582,-9.639879043519505e-12,-6.682275267033621e-13,green
271.57894736842104,2426356544743.8896,0.0,73711132974.46663,0.0,-6.250757944316191e-08,5104562042.368609,-1.2406980258295566e-12,-6.314495597025907e-14,-6.087310376249846e-16,-9.73555498691653e-09,-0.0009883235763209503,-9.639879043519505e-12,-6.682275267033621e-13,green
271.7794486215539,2477980102913.72,0.0,75129573147.88367,0.0,-6.250757944316191e-08,5202082258.556904,-1.2406980258295566e-12,-6.314495597025907e-14,-6.087310376249846e-16,-9.73555498691653e-09,-0.0009872903451184395,-9.639879043519505e-12,-6.682275267033621e-13,green
271.9799498746867,2530702942235.7383,0.0,76575601737.70903,0.0,-6.250757944316191e-08,5301488417.454378,-1.2406980258295566e-12,-6.314495597025907e-14,-6.087310376249846e-16,-9.73555498691653e-09,-0.000986237358482519,-9.639879043519505e-12,-6.682275267033621e-13,green
272.18045112781954,2584547588083.8936,0.0,78049741935.81,0.0,-6.250757944316191e-08,5402816033.934304,-1.2406980258295566e-12,-6.314495597025907e-14,-6.087310376249846e-16,-9.73555498691653e-09,-0.000985164247541997,-9.639879043519505e-12,-6.682275267033621e-13,green
272.3809523809524,2639536606396.9326,0.0,79552517853.2998,0.0,-6.250757944316191e-08,5506100681.393651,-1.2406980258295566e-12,-6.314495597025907e-14,-6.087310376249846e-16,-9.73555498691653e-09,-0.0009840706428181382,-9.639879043519505e-12,-6.682275267033621e-13,green
272.5814536340852,2695695640829.487,0.0,81084523345.95044,0.0,-6.250757944316191e-08,5611382373.515827,-1.2406980258295566e-12,-6.314495597025907e-14,-6.087310376249846e-16,-9.73555498691653e-09,-0.0009829561287367906,-9.639879043519505e-12,-6.682275267033621e-13,green
272.78195488721803,2753050624547.918,0.0,82646358830.21004,0.0,-6.250757944316191e-08,5718701541.669002,-1.2406980258295566e-12,-6.314495597025907e-14,-6.087310376249846e-16,-9.73555498691653e-09,-0.000981820285387742,-9.639879043519505e-12,-6.682275267033621e-13,green
272.9824561403509,2811626132050.6064,0.0,84238593933.5135,0.0,-6.250757944316191e-08,5828096657.042026,-1.2406980258295566e-12,-6.314495597025907e-14,-6.087310376249846e-16,-9.73555498691653e-09,-0.0009806627132097556,-9.639879043519505e-12,-6.682275267033621e-13,green
273.1829573934837,2871446737840.492,0.0,85861798283.38457,0.0,-6.250757944316191e-08,5939606190.830401,-1.2406980258295566e-12,-6.314495597025907e-14,-6.087310376249846e-16,-9.73555498691653e-09,-0.000979483012641526,-9.639879043519505e-12,-6.682275267033621e-13,green
273.38345864661653,2932539708632.402,0.0,87516593971.81134,0.0,-6.250757944316191e-08,6053272541.2887945,-1.2406980258295566e-12,-6.314495597025907e-14,-6.087310376249846e-16,-9.73555498691653e-09,-0.0009782807441172483,-9.639879043519505e-12,-6.682275267033621e-13,green
273.5839598997494,2994933788674.9985,0.0,89203631884.2144,0.0,-6.250757944316191e-08,6169140261.911887,-1.2406980258295566e-12,-6.314495597025907e-14,-6.087310376249846e-16,-9.73555498691653e-09,-0.000977055446115934,-9.639879043519505e-12,-6.682275267033621e-13,green
273.7844611528822,3058655788262.7534,0.0,90923525218.09258,0.0,-6.250757944316191e-08,6287251085.18589,-1.2406980258295566e-12,-6.314495597025907e-14,-6.087310376249846e-16,-9.73555498691653e-09,-0.0009758066858538843,-9.639879043519505e-12,-6.682275267033621e-13,green
273.98496240601503,3123732517690.152,0.0,92676887170.94507,0.0,-6.250757944316191e-08,6407646743.597038,-1.2406980258295566e-12,-6.314495597025907e-14,-6.087310376249846e-16,-9.73555498691653e-09,-0.0009745340305474003,-9.639879043519505e-12,-6.682275267033621e-13,green
274.1854636591479,3190192891737.596,0.0,94464372872.62535,0.0,-6.250757944316191e-08,6530372010.375759,-1.2406980258295566e-12,-6.314495597025907e-14,-6.087310376249846e-16,-9.73555498691653e-09,-0.0009732370163341741,-9.639879043519505e-12,-6.682275267033621e-13,green
274.3859649122807,3258068600660.338,0.0,96286692754.94598,0.0,-6.250757944316191e-08,6655475668.999795,-1.2406980258295566e-12,-6.314495597025907e-14,-6.087310376249846e-16,-9.73555498691653e-09,-0.0009719151383642643,-9.639879043519505e-12,-6.682275267033621e-13,green
274.5864661654135,3327388948040.92,0.0,98144509694.73033,0.0,-6.250757944316191e-08,6783003054.474702,-1.2406980258295566e-12,-6.314495597025907e-14,-6.087310376249846e-16,-9.73555498691653e-09,-0.0009705679270336141,-9.639879043519505e-12,-6.682275267033621e-13,green
274.7869674185464,3398183194361.757,0.0,100038485710.02202,0.0,-6.250757944316191e-08,6912999439.531225,-1.2406980258295566e-12,-6.314495597025907e-14,-6.087310376249846e-16,-9.73555498691653e-09,-0.0009691949133746605,-9.639879043519505e-12,-6.682275267033621e-13,green
274.9874686716792,3470482774882.424,0.0,101969332414.96172,0.0,-6.250757944316191e-08,7045513168.901916,-1.2406980258295566e-12,-6.314495597025907e-14,-6.087310376249846e-16,-9.73555498691653e-09,-0.0009677955964763225,-9.639879043519505e-12,-6.682275267033621e-13,green
275.187969924812,3544322058172.6543,0.0,103937828318.23842,0.0,-6.250757944316191e-08,7180596730.794025,-1.2406980258295566e-12,-6.314495597025907e-14,-6.087310376249846e-16,-9.73555498691653e-09,-0.0009663694323425327,-9.639879043519505e-12,-6.682275267033621e-13,green
275.3884711779449,3619732912677.838,0.0,105944694912.85593,0.0,-6.250757944316191e-08,7318299081.840785,-1.2406980258295566e-12,-6.314495597025907e-14,-6.087310376249846e-16,-9.73555498691653e-09,-0.0009649159136994993,-9.639879043519505e-12,-6.682275267033621e-13,green
275.5889724310777,3696747158808.1333,0.0,107990652596.36783,0.0,-6.250757944316191e-08,7458669110.822806,-1.2406980258295566e-12,-6.314495597025907e-14,-6.087310376249846e-16,-9.73555498691653e-09,-0.0009634345339789806,-9.639879043519505e-12,-6.682275267033621e-13,green
275.7894736842105,3775398968791.6284,0.0,110076473322.1709,0.0,-6.250757944316191e-08,7601759024.1040325,-1.2406980258295566e-12,-6.314495597025907e-14,-6.087310376249846e-16,-9.73555498691653e-09,-0.000961924752291394,-9.639879043519505e-12,-6.682275267033621e-13,green
275.98997493734333,3855725758320.5366,0.0,112203000145.90384,0.0,-6.250757944316191e-08,7747625603.429164,-1.2406980258295566e-12,-6.314495597025907e-14,-6.087310376249846e-16,-9.73555498691653e-09,-0.0009603859804135453,-9.639879043519505e-12,-6.682275267033621e-13,green
276.1904761904762,3937762202693.3276,0.0,114371016049.12053,0.0,-6.250757944316191e-08,7896321764.81653,-1.2406980258295566e-12,-6.314495597025907e-14,-6.087310376249846e-16,-9.73555498691653e-09,-0.0009588176701142762,-9.639879043519505e-12,-6.682275267033621e-13,green
276.390977443609,4021542921298.8926,0.0,116581302787.74185,0.0,-6.250757944316191e-08,8047900345.415815,-1.2406980258295566e-12,-6.314495597025907e-14,-6.087310376249846e-16,-9.73555498691653e-09,-0.0009572192739783468,-9.639879043519505e-12,-6.682275267033621e-13,green
276.59147869674183,4107105064182.159,0.0,118834691686.11716,0.0,-6.250757944316191e-08,8202417775.771937,-1.2406980258295566e-12,-6.314495597025907e-14,-6.087310376249846e-16,-9.73555498691653e-09,-0.0009555902079222897,-9.639879043519505e-12,-6.682275267033621e-13,green
276.7919799498747,4194489349302.5503,0.0,121132083953.9975,0.0,-6.250757944316191e-08,8359935552.676179,-1.2406980258295566e-12,-6.314495597025907e-14,-6.087310376249846e-16,-9.73555498691653e-09,-0.0009539298361649368,-9.639879043519505e-12,-6.682275267033621e-13,green
276.9924812030075,4283733506017.612,0.0,123474322262.83559,0.0,-6.250757944316191e-08,8520510929.266163,-1.2406980258295566e-12,-6.314495597025907e-14,-6.087310376249846e-16,-9.73555498691653e-09,-0.0009522375662288049,-9.639879043519505e-12,-6.682275267033621e-13,green
277.1929824561403,4374875199055.0464,0.0,125862248018.16756,0.0,-6.250757944316191e-08,8684201066.908619,-1.2406980258295566e-12,-6.314495597025907e-14,-6.087310376249846e-16,-9.73555498691653e-09,-0.0009505128065728725,-9.639879043519505e-12,-6.682275267033621e-13,green
277.3934837092732,4467954928621.958,0.0,128296760195.0887,0.0,-6.250757944316191e-08,8851067111.5406,-1.2406980258295566e-12,-6.314495597025907e-14,-6.087310376249846e-16,-9.73555498691653e-09,-0.0009487549248190426,-9.639879043519505e-12,-6.682275267033621e-13,green
277.593984962406,4563017190337.375,0.0,130778838888.69911,0.0,-6.250757944316191e-08,9021175823.669909,-1.2406980258295566e-12,-6.314495597025907e-14,-6.087310376249846e-16,-9.73555498691653e-09,-0.0009469632310465894,-9.639879043519505e-12,-6.682275267033621e-13,green
277.7944862155388,4660103018345.139,0.0,133309393914.76624,0.0,-6.250757944316191e-08,9194589099.550627,-1.2406980258295566e-12,-6.314495597025907e-14,-6.087310376249846e-16,-9.73555498691653e-09,-0.0009451370851875645,-9.639879043519505e-12,-6.682275267033621e-13,green
277.9949874686717,4759253368521.188,0.0,135889333499.96162,0.0,-6.250757944316191e-08,9371368725.450502,-1.2406980258295566e-12,-6.314495597025907e-14,-6.087310376249846e-16,-9.73555498691653e-09,-0.0009432758483012479,-9.639879043519505e-12,-6.682275267033621e-13,green
278.1954887218045,4860510922988.64,0.0,138519602019.5594,0.0,-6.250757944316191e-08,9551578888.726334,-1.2406980258295566e-12,-6.314495597025907e-14,-6.087310376249846e-16,-9.73555498691653e-09,-0.0009413788567250963,-9.639879043519505e-12,-6.682275267033621e-13,green
278.3959899749373,4963924866578.176,0.0,141201280019.24716,0.0,-6.250757944316191e-08,9735292821.546219,-1.2406980258295566e-12,-6.314495597025907e-14,-6.087310376249846e-16,-9.73555498691653e-09,-0.0009394453536703986,-9.639879043519505e-12,-6.682275267033621e-13,green
278.59649122807014,5069540535937.231,0.0,143935367461.55573,0.0,-6.250757944316191e-08,9922578403.524578,-1.2406980258295566e-12,-6.314495597025907e-14,-6.087310376249846e-16,-9.73555498691653e-09,-0.0009374746374588044,-9.639879043519505e-12,-6.682275267033621e-13,green
278.796992481203,5177402724816.75,0.0,146722852940.453,0.0,-6.250757944316191e-08,10113502759.144793,-1.2406980258295566e-12,-6.314495597025907e-14,-6.087310376249846e-16,-9.73555498691653e-09,-0.0009354660141868583,-9.639879043519505e-12,-6.682275267033621e-13,green
278.9974937343358,5287556965022.628,0.0,149564740464.66534,0.0,-6.250757944316191e-08,10308134033.110674,-1.2406980258295566e-12,-6.314495597025907e-14,-6.087310376249846e-16,-9.73555498691653e-09,-0.0009334187794514206,-9.639879043519505e-12,-6.682275267033621e-13,green
279.19799498746863,5400056324879.48,0.0,152462191448.0228,0.0,-6.250757944316191e-08,10506550787.928116,-1.2406980258295566e-12,-6.314495597025907e-14,-6.087310376249846e-16,-9.73555498691653e-09,-0.0009313321216336639,-9.639879043519505e-12,-6.682275267033621e-13,green
279.3984962406015,5514951213316.182,0.0,155416311761.1427,0.0,-6.250757944316191e-08,10708827909.994785,-1.2406980258295566e-12,-6.314495597025907e-14,-6.087310376249846e-16,-9.73555498691653e-09,-0.0009292052669477379,-9.639879043519505e-12,-6.682275267033621e-13,green
279.5989974937343,5632290591639.943,0.0,158428177040.12073,0.0,-6.250757944316191e-08,10915038284.647041,-1.2406980258295566e-12,-6.314495597025907e-14,-6.087310376249846e-16,-9.73555498691653e-09,-0.0009270374622018837,-9.639879043519505e-12,-6.682275267033621e-13,green
279.79949874686713,5752123566884.189,0.0,161498865875.9154,0.0,-6.250757944316191e-08,11125254998.00501,-1.2406980258295566e-12,-6.314495597025907e-14,-6.087310376249846e-16,-9.73555498691653e-09,-0.000924827952144924,-9.639879043519505e-12,-6.682275267033621e-13,green
280.0,5874506490307.226,0.0,164629603749.25537,0.0,-6.250757944316191e-08,11339561117.390543,-1.2406980258295566e-12,-6.314495597025907e-14,-6.087310376249846e-16,-9.73555498691653e-09,-0.0009225758791495334,-9.639879043519505e-12,-6.682275267033621e-13,red
280.14070351758795,5961940514832.342,0.0,161096179446.4511,0.0,-6.250757944316191e-08,11488296905.642212,-1.2406980258295566e-12,-6.314495597025907e-14,-6.087310376249846e-16,-9.73555498691653e-09,-0.0009209698516198798,-9.639879043519505e-12,-6.682275267033621e-13,red
280.2814070351759,6050675582980.486,0.0,158711305520.32126,0.0,-6.250757944316191e-08,11631847358.961618,-1.2406980258295566e-12,-6.314495597025907e-14,-6.087310376249846e-16,-9.73555498691653e-09,-0.0009193432689443193,-9.639879043519505e-12,-6.682275267033621e-13,red
280.4221105527638,6140730324294.084,0.0,157254160975.5826,0.0,-6.250757944316191e-08,11771622061.827757,-1.2406980258295566e-12,-6.314495597025907e-14,-6.087310376249846e-16,-9.73555498691653e-09,-0.0009176967219901285,-9.639879043519505e-12,-6.682275267033621e-13,red
280.56281407035175,6232125987595.168,0.0,156516393384.5241,0.0,-6.250757944316191e-08,11908958974.209044,-1.2406980258295566e-12,-6.314495597025907e-14,-6.087310376249846e-16,-9.73555498691653e-09,-0.0009160307208053168,-9.639879043519505e-12,-6.682275267033621e-13,red
280.7035175879397,6324881939442.72,0.0,156362867705.45676,0.0,-6.250757944316191e-08,12044736381.623163,-1.2406980258295566e-12,-6.314495597025907e-14,-6.087310376249846e-16,-9.73555498691653e-09,-0.0009143455229350524,-9.639879043519505e-12,-6.682275267033621e-13,red
280.84422110552765,6419018424772.715,0.0,156682180322.55795,0.0,-6.250757944316191e-08,12179685057.654602,-1.2406980258295566e-12,-6.314495597025907e-14,-6.087310376249846e-16,-9.73555498691653e-09,-0.0009126412834815207,-9.639879043519505e-12,-6.682275267033621e-13,red
280.9849246231156,6514556009642.298,0.0,157383409819.3431,0.0,-6.250757944316191e-08,12314407402.569176,-1.2406980258295566e-12,-6.314495597025907e-14,-6.087310376249846e-16,-9.73555498691653e-09,-0.0009109180748363453,-9.639879043519505e-12,-6.682275267033621e-13,red
281.1256281407035,6611515576061.377,0.0,158395039033.044,0.0,-6.250757944316191e-08,12449383903.22536,-1.2406980258295566e-12,-6.314495597025907e-14,-6.087310376249846e-16,-9.73555498691653e-09,-0.0009091758907316831,-9.639879043519505e-12,-6.682275267033621e-13,red
281.26633165829145,6709918217091.428,0.0,159655212235.6434,0.0,-6.250757944316191e-08,12585034270.673107,-1.2406980258295566e-12,-6.314495597025907e-14,-6.087310376249846e-16,-9.73555498691653e-09,-0.0009074146850110864,-9.639879043519505e-12,-6.682275267033621e-13,red
281.4070351758794,6809785435844.992,0.0,161121990857.1068,0.0,-6.250757944316191e-08,12721652987.287277,-1.2406980258295566e-12,-6.314495597025907e-14,-6.087310376249846e-16,-9.73555498691653e-09,-0.0009056343296417074,-9.639879043519505e-12,-6.682275267033621e-13,red
281.54773869346735,6911139055527.727,0.0,162760087614.0701,0.0,-6.250757944316191e-08,12859492748.27792,-1.2406980258295566e-12,-6.314495597025907e-14,-6.087310376249846e-16,-9.73555498691653e-09,-0.0009038346669586271,-9.639879043519505e-12,-6.682275267033621e-13,red
281.6884422110553,7014001136424.119,0.0,164540354938.00003,0.0,-6.250757944316191e-08,12998767687.431665,-1.2406980258295566e-12,-6.314495597025907e-14,-6.087310376249846e-16,-9.73555498691653e-09,-0.0009020155126920724,-9.639879043519505e-12,-6.682275267033621e-13,red
281.8291457286432,7118394209909.919,0.0,166441328668.6234,0.0,-6.250757944316191e-08,13139643830.720503,-1.2406980258295566e-12,-6.314495597025907e-14,-6.087310376249846e-16,-9.73555498691653e-09,-0.000900176647195689,-9.639879043519505e-12,-6.682275267033621e-13,red
281.96984924623115,7224341041911.263,0.0,168444102891.21164,0.0,-6.250757944316191e-08,13282271300.317806,-1.2406980258295566e-12,-6.314495597025907e-14,-6.087310376249846e-16,-9.73555498691653e-09,-0.0008983178381638111,-9.639879043519505e-12,-6.682275267033621e-13,red
282.1105527638191,7331864903018.898,0.0,170535686495.8073,0.0,-6.250757944316191e-08,13426763397.291182,-1.2406980258295566e-12,-6.314495597025907e-14,-6.087310376249846e-16,-9.73555498691653e-09,-0.0008964388244526889,-9.639879043519505e-12,-6.682275267033621e-13,red
282.25125628140705,7440988923823.14,0.0,172701028317.14426,0.0,-6.250757944316191e-08,13573246315.814528,-1.2406980258295566e-12,-6.314495597025907e-14,-6.087310376249846e-16,-9.73555498691653e-09,-0.0008945393545707555,-9.639879043519505e-12,-6.682275267033621e-13,red
282.391959798995,7551737238140.664,0.0,174934565066.32147,0.0,-6.250757944316191e-08,13721787612.880875,-1.2406980258295566e-12,-6.314495597025907e-14,-6.087310376249846e-16,-9.73555498691653e-09,-0.0008926191286934344,-9.639879043519505e-12,-6.682275267033621e-13,red
282.5326633165829,7664133797704.418,0.0,177228974700.4306,0.0,-6.250757944316191e-08,13872465720.456245,-1.2406980258295566e-12,-6.314495597025907e-14,-6.087310376249846e-16,-9.73555498691653e-09,-0.0008906778559109822,-9.639879043519505e-12,-6.682275267033621e-13,red
282.67336683417085,7778203224572.148,0.0,179579343045.6961,0.0,-6.250757944316191e-08,14025344739.360954,-1.2406980258295566e-12,-6.314495597025907e-14,-6.087310376249846e-16,-9.73555498691653e-09,-0.0008887152282368076,-9.639879043519505e-12,-6.682275267033621e-13,red
282.8140703517588,7893970489811.911,0.0,181982312325.03867,0.0,-6.250757944316191e-08,14180479395.466972,-1.2406980258295566e-12,-6.314495597025907e-14,-6.087310376249846e-16,-9.73555498691653e-09,-0.0008867309276213156,-9.639879043519505e-12,-6.682275267033621e-13,red
282.95477386934675,8011478462011.462,0.0,184431866755.2562,0.0,-6.250757944316191e-08,14337965177.312653,-1.2406980258295566e-12,-6.314495597025907e-14,-6.087310376249846e-16,-9.73555498691653e-09,-0.0008847244097570431,-9.639879043519505e-12,-6.682275267033621e-13,red
283.09547738693465,8130700582224.895,0.0,186931962522.98322,0.0,-6.250757944316191e-08,14497741470.889532,-1.2406980258295566e-12,-6.314495597025907e-14,-6.087310376249846e-16,-9.73555498691653e-09,-0.00088269601115207,-9.639879043519505e-12,-6.682275267033621e-13,red
283.2361809045226,8251715332839.632,0.0,189473992604.84927,0.0,-6.250757944316191e-08,14659967834.867636,-1.2406980258295566e-12,-6.314495597025907e-14,-6.087310376249846e-16,-9.73555498691653e-09,-0.0008806447278764725,-9.639879043519505e-12,-6.682275267033621e-13,red
283.37688442211055,8374547775947.029,0.0,192058245800.67105,0.0,-6.250757944316191e-08,14824676116.59523,-1.2406980258295566e-12,-6.314495597025907e-14,-6.087310376249846e-16,-9.73555498691653e-09,-0.0008785702305220765,-9.639879043519505e-12,-6.682275267033621e-13,red
283.5175879396985,8499204276709.417,0.0,194684795458.5857,0.0,-6.250757944316191e-08,14991874404.525051,-1.2406980258295566e-12,-6.314495597025907e-14,-6.087310376249846e-16,-9.73555498691653e-09,-0.0008764724354272088,-9.639879043519505e-12,-6.682275267033621e-13,red
283.65829145728645,8625713365981.445,0.0,197353015069.7864,0.0,-6.250757944316191e-08,15161604893.848005,-1.2406980258295566e-12,-6.314495597025907e-14,-6.087310376249846e-16,-9.73555498691653e-09,-0.0008743509711034567,-9.639879043519505e-12,-6.682275267033621e-13,red
283.79899497487435,8754114099242.568,0.0,200062047015.3155,0.0,-6.250757944316191e-08,15333925344.958298,-1.2406980258295566e-12,-6.314495597025907e-14,-6.087310376249846e-16,-9.73555498691653e-09,-0.000872205329025638,-9.639879043519505e-12,-6.682275267033621e-13,red
283.9396984924623,8884413723764.674,0.0,202811832000.36127,0.0,-6.250757944316191e-08,15508845835.126513,-1.2406980258295566e-12,-6.314495597025907e-14,-6.087310376249846e-16,-9.73555498691653e-09,-0.0008700354148251085,-9.639879043519505e-12,-6.682275267033621e-13,red
284.08040201005025,9016664801825.826,0.0,205601963933.31583,0.0,-6.250757944316191e-08,15686439297.9795,-1.2406980258295566e-12,-6.314495597025907e-14,-6.087310376249846e-16,-9.73555498691653e-09,-0.0008678405440733606,-9.639879043519505e-12,-6.682275267033621e-13,red
284.2211055276382,9150878106641.336,0.0,208432359581.25067,0.0,-6.250757944316191e-08,15866720682.063896,-1.2406980258295566e-12,-6.314495597025907e-14,-6.087310376249846e-16,-9.73555498691653e-09,-0.0008656205764892662,-9.639879043519505e-12,-6.682275267033621e-13,red
284.36180904522615,9287079965947.568,0.0,211303083870.1587,0.0,-6.250757944316191e-08,16049724785.60546,-1.2406980258295566e-12,-6.314495597025907e-14,-6.087310376249846e-16,-9.73555498691653e-09,-0.0008633751692712714,-9.639879043519505e-12,-6.682275267033621e-13,red
284.50251256281405,9425308170110.16,0.0,214214409504.20676,0.0,-6.250757944316191e-08,16235500444.77488,-1.2406980258295566e-12,-6.314495597025907e-14,-6.087310376249846e-16,-9.73555498691653e-09,-0.0008611038300675479,-9.639879043519505e-12,-6.682275267033621e-13,red
284.643216080402,9565593692417.531,0.0,217167016747.05362,0.0,-6.250757944316191e-08,16424084850.981369,-1.2406980258295566e-12,-6.314495597025907e-14,-6.087310376249846e-16,-9.73555498691653e-09,-0.000858806154696791,-9.639879043519505e-12,-6.682275267033621e-13,red
284.78391959798995,9707968069637.842,0.0,220161357565.36496,0.0,-6.250757944316191e-08,16615517322.226158,-1.2406980258295566e-12,-6.314495597025907e-14,-6.087310376249846e-16,-9.73555498691653e-09,-0.0008564817332070424,-9.639879043519505e-12,-6.682275267033621e-13,red
284.9246231155779,9852471623800.725,0.0,223198025776.2063,0.0,-6.250757944316191e-08,16809847998.887262,-1.2406980258295566e-12,-6.314495597025907e-14,-6.087310376249846e-16,-9.73555498691653e-09,-0.0008541300426638325,-9.639879043519505e-12,-6.682275267033621e-13,red
285.06532663316585,9999129721370.043,0.0,226277401272.82065,0.0,-6.250757944316191e-08,17007108380.617474,-1.2406980258295566e-12,-6.314495597025907e-14,-6.087310376249846e-16,-9.73555498691653e-09,-0.0008517507542564912,-9.639879043519505e-12,-6.682275267033621e-13,red
285.20603015075375,10147961120357.648,0.0,229399774973.80225,0.0,-6.250757944316191e-08,17207321656.385723,-1.2406980258295566e-12,-6.314495597025907e-14,-6.087310376249846e-16,-9.73555498691653e-09,-0.000849343625469478,-9.639879043519505e-12,-6.682275267033621e-13,red
285.3467336683417,10299020182890.49,0.0,232565989983.0832,0.0,-6.250757944316191e-08,17410555029.565353,-1.2406980258295566e-12,-6.314495597025907e-14,-6.087310376249846e-16,-9.73555498691653e-09,-0.0008469079534745451,-9.639879043519505e-12,-6.682275267033621e-13,red
285.48743718592965,10452314853578.848,0.0,235776175520.7453,0.0,-6.250757944316191e-08,17616818275.38083,-1.2406980258295566e-12,-6.314495597025907e-14,-6.087310376249846e-16,-9.73555498691653e-09,-0.0008444436357432592,-9.639879043519505e-12,-6.682275267033621e-13,red
285.6281407035176,10607902484136.164,0.0,239031297631.94327,0.0,-6.250757944316191e-08,17826181706.114746,-1.2406980258295566e-12,-6.314495597025907e-14,-6.087310376249846e-16,-9.73555498691653e-09,-0.0008419499331488047,-9.639879043519505e-12,-6.682275267033621e-13,red
285.76884422110555,10765800505475.16,0.0,242331649926.88968,0.0,-6.250757944316191e-08,18038666691.78707,-1.2406980258295566e-12,-6.314495597025907e-14,-6.087310376249846e-16,-9.73555498691653e-09,-0.0008394266210482851,-9.639879043519505e-12,-6.682275267033621e-13,red
285.90954773869345,10926076586921.107,0.0,245678534560.28674,0.0,-6.250757944316191e-08,18254355107.80548,-1.2406980258295566e-12,-6.314495597025907e-14,-6.087310376249846e-16,-9.73555498691653e-09,-0.0008368728320641744,-9.639879043519505e-12,-6.682275267033621e-13,red
286.0502512562814,11088805734866.61,0.0,249073394873.35934,0.0,-6.250757944316191e-08,18473337706.943813,-1.2406980258295566e-12,-6.314495597025907e-14,-6.087310376249846e-16,-9.73555498691653e-09,-0.0008342876047732724,-9.639879043519505e-12,-6.682275267033621e-13,red
286.19095477386935,11253987998369.24,0.0,252516231810.1179,0.0,-6.250757944316191e-08,18695614548.55849,-1.2406980258295566e-12,-6.314495597025907e-14,-6.087310376249846e-16,-9.73555498691653e-09,-0.000831670938546765,-9.639879043519505e-12,-6.682275267033621e-13,red
286.3316582914573,11421623377429.002,0.0,256007045370.5624,0.0,-6.250757944316191e-08,18921185632.649513,-1.2406980258295566e-12,-6.314495597025907e-14,-6.087310376249846e-16,-9.73555498691653e-09,-0.0008290228333846521,-9.639879043519505e-12,-6.682275267033621e-13,red
286.47236180904525,11591711872045.889,0.0,259545835554.69284,0.0,-6.250757944316191e-08,19150050959.216877,-1.2406980258295566e-12,-6.314495597025907e-14,-6.087310376249846e-16,-9.73555498691653e-09,-0.0008263432892869337,-9.639879043519505e-12,-6.682275267033621e-13,red
286.61306532663315,11764263816073.508,0.0,263132787742.505,0.0,-6.250757944316191e-08,19382223056.615242,-1.2406980258295566e-12,-6.314495597025907e-14,-6.087310376249846e-16,-9.73555498691653e-09,-0.0008236321745815018,-9.639879043519505e-12,-6.682275267033621e-13,red
286.7537688442211,11939432257952.414,0.0,266770647484.72418,0.0,-6.250757944316191e-08,19617887474.709812,-1.2406980258295566e-12,-6.314495597025907e-14,-6.087310376249846e-16,-9.73555498691653e-09,-0.0008208875391525951,-9.639879043519505e-12,-6.682275267033621e-13,red
286.89447236180905,12117268137885.453,0.0,270460328602.55872,0.0,-6.250757944316191e-08,19857105971.384155,-1.2406980258295566e-12,-6.314495597025907e-14,-6.087310376249846e-16,-9.73555498691653e-09,-0.0008181087339292914,-9.639879043519505e-12,-6.682275267033621e-13,red
287.035175879397,12297771455872.627,0.0,274201831096.0086,0.0,-6.250757944316191e-08,20099878546.638264,-1.2406980258295566e-12,-6.314495597025907e-14,-6.087310376249846e-16,-9.73555498691653e-09,-0.0008152957589115904,-9.639879043519505e-12,-6.682275267033621e-13,red
287.1758793969849,12480942211913.934,0.0,277995154965.0738,0.0,-6.250757944316191e-08,20346205200.47214,-1.2406980258295566e-12,-6.314495597025907e-14,-6.087310376249846e-16,-9.73555498691653e-09,-0.0008124486140994925,-9.639879043519505e-12,-6.682275267033621e-13,red
287.31658291457285,12666780406009.373,0.0,281840300209.75433,0.0,-6.250757944316191e-08,20596085932.88579,-1.2406980258295566e-12,-6.314495597025907e-14,-6.087310376249846e-16,-9.73555498691653e-09,-0.0008095672994929974,-9.639879043519505e-12,-6.682275267033621e-13,red
287.4572864321608,12855334853365.943,0.0,285738097378.4656,0.0,-6.250757944316191e-08,20849579944.10167,-1.2406980258295566e-12,-6.314495597025907e-14,-6.087310376249846e-16,-9.73555498691653e-09,-0.0008066511980877758,-9.639879043519505e-12,-6.682275267033621e-13,red
287.59798994974875,13046775260536.826,0.0,289691433881.04315,0.0,-6.250757944316191e-08,21106893044.28264,-1.2406980258295566e-12,-6.314495597025907e-14,-6.087310376249846e-16,-9.73555498691653e-09,-0.0008036981648621329,-9.639879043519505e-12,-6.682275267033621e-13,red
287.7386934673367,13241116121475.244,0.0,293700556319.5322,0.0,-6.250757944316191e-08,21368042810.84582,-1.2406980258295566e-12,-6.314495597025907e-14,-6.087310376249846e-16,-9.73555498691653e-09,-0.0008007080166184048,-9.639879043519505e-12,-6.682275267033621e-13,red
287.8793969849246,13438357436181.2,0.0,297765464693.9328,0.0,-6.250757944316191e-08,21633029243.791218,-1.2406980258295566e-12,-6.314495597025907e-14,-6.087310376249846e-16,-9.73555498691653e-09,-0.0007976807533565913,-9.639879043519505e-12,-6.682275267033621e-13,red
288.02010050251255,13638499204654.686,0.0,301886159004.2448,0.0,-6.250757944316191e-08,21901852343.11882,-1.2406980258295566e-12,-6.314495597025907e-14,-6.087310376249846e-16,-9.73555498691653e-09,-0.0007946163750766926,-9.639879043519505e-12,-6.682275267033621e-13,red
288.1608040201005,13841541426895.713,0.0,306062639250.46844,0.0,-6.250757944316191e-08,22174512108.828636,-1.2406980258295566e-12,-6.314495597025907e-14,-6.087310376249846e-16,-9.73555498691653e-09,-0.0007915148817787086,-9.639879043519505e-12,-6.682275267033621e-13,red
288.30150753768845,14047588904682.012,0.0,310296366924.99817,0.0,-6.250757944316191e-08,22451136977.928257,-1.2406980258295566e-12,-6.314495597025907e-14,-6.087310376249846e-16,-9.73555498691653e-09,-0.0007883749582921176,-9.639879043519505e-12,-6.682275267033621e-13,red
288.4422110552764,14256753263387.22,0.0,314588898677.3311,0.0,-6.250757944316191e-08,22731863749.900204,-1.2406980258295566e-12,-6.314495597025907e-14,-6.087310376249846e-16,-9.73555498691653e-09,-0.0007851952038162453,-9.639879043519505e-12,-6.682275267033621e-13,red
288.5829145728643,14469034530555.2,0.0,318940234891.57477,0.0,-6.250757944316191e-08,23016692458.50012,-1.2406980258295566e-12,-6.314495597025907e-14,-6.087310376249846e-16,-9.73555498691653e-09,-0.0007819756180054404,-9.639879043519505e-12,-6.682275267033621e-13,red
288.72361809045225,14684432706185.945,0.0,323350375567.72894,0.0,-6.250757944316191e-08,23305623103.727985,-1.2406980258295566e-12,-6.314495597025907e-14,-6.087310376249846e-16,-9.73555498691653e-09,-0.0007787162008597032,-9.639879043519505e-12,-6.682275267033621e-13,red
288.8643216080402,14903021488413.0,0.0,327820917014.85657,0.0,-6.250757944316191e-08,23598742330.083057,-1.2406980258295566e-12,-6.314495597025907e-14,-6.087310376249846e-16,-9.73555498691653e-09,-0.0007754160315567696,-9.639879043519505e-12,-6.682275267033621e-13,red
289.00502512562815,15124920597649.168,0.0,332354452389.26666,0.0,-6.250757944316191e-08,23896190888.961845,-1.2406980258295566e-12,-6.314495597025907e-14,-6.087310376249846e-16,-9.73555498691653e-09,-0.0007720736142484248,-9.639879043519505e-12,-6.682275267033621e-13,red
289.1457286432161,15350131702246.455,0.0,336951017827.63336,0.0,-6.250757944316191e-08,24197970741.791557,-1.2406980258295566e-12,-6.314495597025907e-14,-6.087310376249846e-16,-9.73555498691653e-09,-0.0007686889280894231,-9.639879043519505e-12,-6.682275267033621e-13,red
289.286432160804,15578654802204.865,0.0,341610613329.9566,0.0,-6.250757944316191e-08,24504081888.572197,-1.2406980258295566e-12,-6.314495597025907e-14,-6.087310376249846e-16,-9.73555498691653e-09,-0.0007652619730797647,-9.639879043519505e-12,-6.682275267033621e-13,red
289.42713567839195,15810548977156.89,0.0,346334500898.9285,0.0,-6.250757944316191e-08,24814593687.628788,-1.2406980258295566e-12,-6.314495597025907e-14,-6.087310376249846e-16,-9.73555498691653e-09,-0.000761792014851446,-9.639879043519505e-12,-6.682275267033621e-13,red
289.5678391959799,16045956507866.191,0.0,351125719800.3535,0.0,-6.250757944316191e-08,25129673173.77578,-1.2406980258295566e-12,-6.314495597025907e-14,-6.087310376249846e-16,-9.73555498691653e-09,-0.000758277284834895,-9.639879043519505e-12,-6.682275267033621e-13,red
289.70854271356785,16284883656626.953,0.0,355984403803.37994,0.0,-6.250757944316191e-08,25449327698.823215,-1.2406980258295566e-12,-6.314495597025907e-14,-6.087310376249846e-16,-9.73555498691653e-09,-0.0007547177051889285,-9.639879043519505e-12,-6.682275267033621e-13,red
289.8492462311558,16527330423439.176,0.0,360910552908.0078,0.0,-6.250757944316191e-08,25773557262.7711,-1.2406980258295566e-12,-6.314495597025907e-14,-6.087310376249846e-16,-9.73555498691653e-09,-0.0007511132759135468,-9.639879043519505e-12,-6.682275267033621e-13,red
289.9899497487437,16773338831140.045,0.0,365904895456.79596,0.0,-6.250757944316191e-08,26102412037.07771,-1.2406980258295566e-12,-6.314495597025907e-14,-6.087310376249846e-16,-9.73555498691653e-09,-0.0007474634776621878,-9.639879043519505e-12,-6.682275267033621e-13,red
290.13065326633165,17023058980223.926,0.0,370970033001.3173,0.0,-6.250757944316191e-08,26436071228.12693,-1.2406980258295566e-12,-6.314495597025907e-14,-6.087310376249846e-16,-9.73555498691653e-09,-0.0007437664553917146,-9.639879043519505e-12,-6.682275267033621e-13,red
290.2713567839196,17276504217501.098,0.0,376106196869.35925,0.0,-6.250757944316191e-08,26774550770.80036,-1.2406980258295566e-12,-6.314495597025907e-14,-6.087310376249846e-16,-9.73555498691653e-09,-0.0007400220441532449,-9.639879043519505e-12,-6.682275267033621e-13,red
290.41206030150755,17533674950317.436,0.0,381313393486.1277,0.0,-6.250757944316191e-08,27117851153.728184,-1.2406980258295566e-12,-6.314495597025907e-14,-6.087310376249846e-16,-9.73555498691653e-09,-0.000736230238938036,-9.639879043519505e-12,-6.682275267033621e-13,red
290.5527638190955,17794684229860.32,0.0,386593406046.6908,0.0,-6.250757944316191e-08,27466107987.028873,-1.2406980258295566e-12,-6.314495597025907e-14,-6.087310376249846e-16,-9.73555498691653e-09,-0.0007323896496637928,-9.639879043519505e-12,-6.682275267033621e-13,red
290.6934673366834,18059620668087.188,0.0,391947632257.779,0.0,-6.250757944316191e-08,27819427564.836315,-1.2406980258295566e-12,-6.314495597025907e-14,-6.087310376249846e-16,-9.73555498691653e-09,-0.0007284991867540495,-9.639879043519505e-12,-6.682275267033621e-13,red
290.83417085427135,18328484264998.04,0.0,397376072119.3922,0.0,-6.250757944316191e-08,28177809887.150494,-1.2406980258295566e-12,-6.314495597025907e-14,-6.087310376249846e-16,-9.73555498691653e-09,-0.0007245588502088063,-9.639879043519505e-12,-6.682275267033621e-13,red
290.9748743718593,18601300335468.01,0.0,402879159491.02924,0.0,-6.250757944316191e-08,28541285028.96465,-1.2406980258295566e-12,-6.314495597025907e-14,-6.087310376249846e-16,-9.73555498691653e-09,-0.0007205683299392176,-9.639879043519505e-12,-6.682275267033621e-13,red
291.11557788944725,18878228670887.742,0.0,408459632960.6652,0.0,-6.250757944316191e-08,28910042828.267914,-1.2406980258295566e-12,-6.314495597025907e-14,-6.087310376249846e-16,-9.73555498691653e-09,-0.0007165256686167353,-9.639879043519505e-12,-6.682275267033621e-13,red
291.2562814070352,19159297265082.918,0.0,414117972301.04706,0.0,-6.250757944316191e-08,29284116542.744297,-1.2406980258295566e-12,-6.314495597025907e-14,-6.087310376249846e-16,-9.73555498691653e-09,-0.0007124305233373141,-9.639879043519505e-12,-6.682275267033621e-13,red
291.3969849246231,19444506118053.547,0.0,419854177512.1748,0.0,-6.250757944316191e-08,29663506172.39381,-1.2406980258295566e-12,-6.314495597025907e-14,-6.087310376249846e-16,-9.73555498691653e-09,-0.0007082828941009543,-9.639879043519505e-12,-6.682275267033621e-13,red
291.53768844221105,19733975330891.156,0.0,425670520255.3265,0.0,-6.250757944316191e-08,30048352757.049526,-1.2406980258295566e-12,-6.314495597025907e-14,-6.087310376249846e-16,-9.73555498691653e-09,-0.0007040813169438107,-9.639879043519505e-12,-6.682275267033621e-13,red
291.678391959799,20027872864614.895,0.0,431570177442.0402,0.0,-6.250757944316191e-08,30438853540.498375,-1.2406980258295566e-12,-6.314495597025907e-14,-6.087310376249846e-16,-9.73555498691653e-09,-0.0006998237445168025,-9.639879043519505e-12,-6.682275267033621e-13,red
291.81909547738695,20326199855308.11,0.0,437553170560.8515,0.0,-6.250757944316191e-08,30835009856.89147,-1.2406980258295566e-12,-6.314495597025907e-14,-6.087310376249846e-16,-9.73555498691653e-09,-0.0006955101629717214,-9.639879043519505e-12,-6.682275267033621e-13,red
291.9597989949749,20628956302970.812,0.0,443619499611.7603,0.0,-6.250757944316191e-08,31236821706.22883,-1.2406980258295566e-12,-6.314495597025907e-14,-6.087310376249846e-16,-9.73555498691653e-09,-0.0006911405723085671,-9.639879043519505e-12,-6.682275267033621e-13,red
292.1005025125628,20936142207603.0,0.0,449769164594.76666,0.0,-6.250757944316191e-08,31644289088.510433,-1.2406980258295566e-12,-6.314495597025907e-14,-6.087310376249846e-16,-9.73555498691653e-09,-0.0006867149725273397,-9.639879043519505e-12,-6.682275267033621e-13,red
292.24120603015075,21247788311197.434,0.0,456002712939.4581,0.0,-6.250757944316191e-08,32057448136.668716,-1.2406980258295566e-12,-6.314495597025907e-14,-6.087310376249846e-16,-9.73555498691653e-09,-0.0006822329908854428,-9.639879043519505e-12,-6.682275267033621e-13,red
292.3819095477387,21564173100410.633,0.0,462325103720.4374,0.0,-6.250757944316191e-08,32476626172.995968,-1.2406980258295566e-12,-6.314495597025907e-14,-6.087310376249846e-16,-9.73555498691653e-09,-0.0006776912507689974,-9.639879043519505e-12,-6.682275267033621e-13,red
292.52261306532665,21885363239312.258,0.0,468737524039.8043,0.0,-6.250757944316191e-08,32901901551.824734,-1.2406980258295566e-12,-6.314495597025907e-14,-6.087310376249846e-16,-9.73555498691653e-09,-0.0006730889438849758,-9.639879043519505e-12,-6.682275267033621e-13,red
292.66331658291455,22211358727902.316,0.0,475239973897.559,0.0,-6.250757944316191e-08,33333274273.15502,-1.2406980258295566e-12,-6.314495597025907e-14,-6.087310376249846e-16,-9.73555498691653e-09,-0.0006684260702333777,-9.639879043519505e-12,-6.682275267033621e-13,red
292.8040201005025,22542159566180.805,0.0,481832453293.70135,0.0,-6.250757944316191e-08,33770744336.98682,-1.2406980258295566e-12,-6.314495597025907e-14,-6.087310376249846e-16,-9.73555498691653e-09,-0.0006637026298142032,-9.639879043519505e-12,-6.682275267033621e-13,red
292.94472361809045,22877765754147.727,0.0,488514962228.23145,0.0,-6.250757944316191e-08,34214311743.32014,-1.2406980258295566e-12,-6.314495597025907e-14,-6.087310376249846e-16,-9.73555498691653e-09,-0.0006589186226274524,-9.639879043519505e-12,-6.682275267033621e-13,red
293.0854271356784,23218341467400.168,0.0,495290266874.31354,0.0,-6.250757944316191e-08,34664169466.72098,-1.2406980258295566e-12,-6.314495597025907e-14,-6.087310376249846e-16,-9.73555498691653e-09,-0.0006540720706995215,-9.639879043519505e-12,-6.682275267033621e-13,red
293.22613065326635,23564128014503.523,0.0,502162433008.4071,0.0,-6.250757944316191e-08,35120601145.053345,-1.2406980258295566e-12,-6.314495597025907e-14,-6.087310376249846e-16,-9.73555498691653e-09,-0.0006491600667653777,-9.639879043519505e-12,-6.682275267033621e-13,red
293.36683417085425,23915127536384.355,0.0,509131496702.704,0.0,-6.250757944316191e-08,35583609294.795815,-1.2406980258295566e-12,-6.314495597025907e-14,-6.087310376249846e-16,-9.73555498691653e-09,-0.0006441825850313202,-9.639879043519505e-12,-6.682275267033621e-13,red
293.5075376884422,24271340033042.656,0.0,516197457957.20386,0.0,-6.250757944316191e-08,36053193915.94839,-1.2406980258295566e-12,-6.314495597025907e-14,-6.087310376249846e-16,-9.73555498691653e-09,-0.0006391396254973491,-9.639879043519505e-12,-6.682275267033621e-13,red
293.64824120603015,24632765504478.434,0.0,523360316771.9069,0.0,-6.250757944316191e-08,36529355008.51106,-1.2406980258295566e-12,-6.314495597025907e-14,-6.087310376249846e-16,-9.73555498691653e-09,-0.0006340311881634643,-9.639879043519505e-12,-6.682275267033621e-13,red
293.7889447236181,24999434131403.492,0.0,530620517144.6748,0.0,-6.250757944316191e-08,37012128248.810844,-1.2406980258295566e-12,-6.314495597025907e-14,-6.087310376249846e-16,-9.73555498691653e-09,-0.0006288569115290876,-9.639879043519505e-12,-6.682275267033621e-13,red
293.92964824120605,25371637929322.637,0.0,537982355006.6478,0.0,-6.250757944316191e-08,37501858825.54645,-1.2406980258295566e-12,-6.314495597025907e-14,-6.087310376249846e-16,-9.73555498691653e-09,-0.0006236132978710869,-9.639879043519505e-12,-6.682275267033621e-13,red
294.07035175879395,25749450372033.973,0.0,545446911253.77875,0.0,-6.250757944316191e-08,37998633591.38268,-1.2406980258295566e-12,-6.314495597025907e-14,-6.087310376249846e-16,-9.73555498691653e-09,-0.000618299467130017,-9.639879043519505e-12,-6.682275267033621e-13,red
294.2110552763819,26132871459537.48,0.0,553014185886.0673,0.0,-6.250757944316191e-08,38502452546.31955,-1.2406980258295566e-12,-6.314495597025907e-14,-6.087310376249846e-16,-9.73555498691653e-09,-0.0006129154193058778,-9.639879043519505e-12,-6.682275267033621e-13,red
294.35175879396985,26521901191833.176,0.0,560684178903.5137,0.0,-6.250757944316191e-08,39013315690.35705,-1.2406980258295566e-12,-6.314495597025907e-14,-6.087310376249846e-16,-9.73555498691653e-09,-0.0006074611543986692,-9.639879043519505e-12,-6.682275267033621e-13,red
294.4924623115578,26916717417935.176,0.0,568460250698.4437,0.0,-6.250757944316191e-08,39531428207.58331,-1.2406980258295566e-12,-6.314495597025907e-14,-6.087310376249846e-16,-9.73555498691653e-09,-0.0006019345512609236,-9.639879043519505e-12,-6.682275267033621e-13,red
294.63316582914575,27317520409998.19,0.0,576346185340.2556,0.0,-6.250757944316191e-08,40057021151.62348,-1.2406980258295566e-12,-6.314495597025907e-14,-6.087310376249846e-16,-9.73555498691653e-09,-0.0005963332213116529,-9.639879043519505e-12,-6.682275267033621e-13,red
294.77386934673365,27724310341985.074,0.0,584341986115.9141,0.0,-6.250757944316191e-08,40590094723.17819,-1.2406980258295566e-12,-6.314495597025907e-14,-6.087310376249846e-16,-9.73555498691653e-09,-0.0005906571624760589,-9.639879043519505e-12,-6.682275267033621e-13,red
294.9145728643216,28137087213895.816,0.0,592447653025.419,0.0,-6.250757944316191e-08,41130648922.24742,-1.2406980258295566e-12,-6.314495597025907e-14,-6.087310376249846e-16,-9.73555498691653e-09,-0.0005849063747541415,-9.639879043519505e-12,-6.682275267033621e-13,red
295.05527638190955,28555911884063.47,0.0,600664385581.2904,0.0,-6.250757944316191e-08,41678753427.21691,-1.2406980258295566e-12,-6.314495597025907e-14,-6.087310376249846e-16,-9.73555498691653e-09,-0.0005790801354580545,-9.639879043519505e-12,-6.682275267033621e-13,red
295.1959798994975,28981086529876.344,0.0,608998139673.9136,0.0,-6.250757944316191e-08,42234754209.32124,-1.2406980258295566e-12,-6.314495597025907e-14,-6.087310376249846e-16,-9.73555498691653e-09,-0.0005731748562554352,-9.639879043519505e-12,-6.682275267033621e-13,red
295.33668341708545,29412652300260.41,0.0,617449726345.0869,0.0,-6.250757944316191e-08,42798698381.10184,-1.2406980258295566e-12,-6.314495597025907e-14,-6.087310376249846e-16,-9.73555498691653e-09,-0.0005671900485060729,-9.639879043519505e-12,-6.682275267033621e-13,red
295.47738693467335,29850609195215.68,0.0,626019145594.8109,0.0,-6.250757944316191e-08,43370585942.558685,-1.2406980258295566e-12,-6.314495597025907e-14,-6.087310376249846e-16,-9.73555498691653e-09,-0.0005611257122099676,-9.639879043519505e-12,-6.682275267033621e-13,red
295.6180904522613,30294960469400.023,0.0,634706454384.9764,0.0,-6.250757944316191e-08,43950420646.846344,-1.2406980258295566e-12,-6.314495597025907e-14,-6.087310376249846e-16,-9.73555498691653e-09,-0.0005549818089010888,-9.639879043519505e-12,-6.682275267033621e-13,red
295.75879396984925,30745949629369.742,0.0,643515914482.7126,0.0,-6.250757944316191e-08,44538483296.97784,-1.2406980258295566e-12,-6.314495597025907e-14,-6.087310376249846e-16,-9.73555498691653e-09,-0.0005487554606331369,-9.639879043519505e-12,-6.682275267033621e-13,red
295.8994974874372,31203728121163.637,0.0,652450176443.9625,0.0,-6.250757944316191e-08,45134948535.08458,-1.2406980258295566e-12,-6.314495597025907e-14,-6.087310376249846e-16,-9.73555498691653e-09,-0.0005424448775012586,-9.639879043519505e-12,-6.682275267033621e-13,red
296.0402010050251,31668295944781.71,0.0,661509240268.7264,0.0,-6.250757944316191e-08,45739816361.16658,-1.2406980258295566e-12,-6.314495597025907e-14,-6.087310376249846e-16,-9.73555498691653e-09,-0.0005360500595054538,-9.639879043519505e-12,-6.682275267033621e-13,red
296.18090452261305,32139677458146.36,0.0,670693494027.9244,0.0,-6.250757944316191e-08,46353114987.2728,-1.2406980258295566e-12,-6.314495597025907e-14,-6.087310376249846e-16,-9.73555498691653e-09,-0.0005295707200964081,-9.639879043519505e-12,-6.682275267033621e-13,red
296.321608040201,32618156259524.082,0.0,680007456014.9698,0.0,-6.250757944316191e-08,46975172885.10339,-1.2406980258295566e-12,-6.314495597025907e-14,-6.087310376249846e-16,-9.73555498691653e-09,-0.0005230035229925016,-9.639879043519505e-12,-6.682275267033621e-13,red
296.46231155778895,33103813619383.902,0.0,689452421032.6459,0.0,-6.250757944316191e-08,47606084184.46198,-1.2406980258295566e-12,-6.314495597025907e-14,-6.087310376249846e-16,-9.73555498691653e-09,-0.0005163475121188774,-9.639879043519505e-12,-6.682275267033621e-13,red
296.6030150753769,33596649537725.844,0.0,699028389080.9532,0.0,-6.250757944316191e-08,48245848885.34861,-1.2406980258295566e-12,-6.314495597025907e-14,-6.087310376249846e-16,-9.73555498691653e-09,-0.0005096026874755349,-9.639879043519505e-12,-6.682275267033621e-13,red
296.7437185929648,34096733194816.973,0.0,708736497881.2999,0.0,-6.250757944316191e-08,48894546655.43161,-1.2406980258295566e-12,-6.314495597025907e-14,-6.087310376249846e-16,-9.73555498691653e-09,-0.0005027682381578315,-9.639879043519505e-12,-6.682275267033621e-13,red
296.88442211055275,34604370759809.3,0.0,718581782615.1569,0.0,-6.250757944316191e-08,49552530077.65834,-1.2406980258295566e-12,-6.314495597025907e-14,-6.087310376249846e-16,-9.73555498691653e-09,-0.0004958405753680148,-9.639879043519505e-12,-6.682275267033621e-13,red
297.0251256281407,35119598596440.78,0.0,728564841311.4839,0.0,-6.250757944316191e-08,50219841028.33745,-1.2406980258295566e-12,-6.314495597025907e-14,-6.087310376249846e-16,-9.73555498691653e-09,-0.0004888192728642505,-9.639879043519505e-12,-6.682275267033621e-13,red
297.16582914572865,35642416704711.4,0.0,738685673970.2808,0.0,-6.250757944316191e-08,50896479507.46892,-1.2406980258295566e-12,-6.314495597025907e-14,-6.087310376249846e-16,-9.73555498691653e-09,-0.00048170433064653875,-9.639879043519505e-12,-6.682275267033621e-13,red
297.3065326633166,36173007944352.01,0.0,748947633048.6444,0.0,-6.250757944316191e-08,51582653494.64921,-1.2406980258295566e-12,-6.314495597025907e-14,-6.087310376249846e-16,-9.73555498691653e-09,-0.0004744936147743224,-9.639879043519505e-12,-6.682275267033621e-13,red
297.4472361809045,36711742284274.52,0.0,759357501368.0233,0.0,-6.250757944316191e-08,52278783782.2784,-1.2406980258295566e-12,-6.314495597025907e-14,-6.087310376249846e-16,-9.73555498691653e-09,-0.00046718280777615815,-9.639879043519505e-12,-6.682275267033621e-13,red
297.58793969849245,37258630367934.984,0.0,769915474060.1152,0.0,-6.250757944316191e-08,52984882475.928764,-1.2406980258295566e-12,-6.314495597025907e-14,-6.087310376249846e-16,-9.73555498691653e-09,-0.0004597717854448059,-9.639879043519505e-12,-6.682275267033621e-13,red
297.7286432160804,37813672195333.4,0.0,780621551124.9203,0.0,-6.250757944316191e-08,53700949575.6003,-1.2406980258295566e-12,-6.314495597025907e-14,-6.087310376249846e-16,-9.73555498691653e-09,-0.0004522605477802656,-9.639879043519505e-12,-6.682275267033621e-13,red
297.86934673366835,38376867766469.74,0.0,791475732562.438,0.0,-6.250757944316191e-08,54426985081.29301,-1.2406980258295566e-12,-6.314495597025907e-14,-6.087310376249846e-16,-9.73555498691653e-09,-0.0004446490947825375,-9.639879043519505e-12,-6.682275267033621e-13,red
298.0100502512563,38948217081344.055,0.0,802478018372.669,0.0,-6.250757944316191e-08,55162988993.006905,-1.2406980258295566e-12,-6.314495597025907e-14,-6.087310376249846e-16,-9.73555498691653e-09,-0.0004369374264516211,-9.639879043519505e-12,-6.682275267033621e-13,red
298.1507537688442,39528053428453.79,0.0,813634192621.1647,0.0,-6.250757944316191e-08,55909340306.00428,-1.2406980258295566e-12,-6.314495597025907e-14,-6.087310376249846e-16,-9.73555498691653e-09,-0.00042912167210580816,-9.639879043519505e-12,-6.682275267033621e-13,red
298.29145728643215,40116780336569.3,0.0,824951258360.4675,0.0,-6.250757944316191e-08,56666497888.482864,-1.2406980258295566e-12,-6.314495597025907e-14,-6.087310376249846e-16,-9.73555498691653e-09,-0.00042119714532044817,-9.639879043519505e-12,-6.682275267033621e-13,red
298.4321608040201,40714398707284.21,0.0,836429231237.3121,0.0,-6.250757944316191e-08,57434462765.679726,-1.2406980258295566e-12,-6.314495597025907e-14,-6.087310376249846e-16,-9.73555498691653e-09,-0.0004131638356247868,-9.639879043519505e-12,-6.682275267033621e-13,red
298.57286432160805,41320908540598.516,0.0,848068111251.6984,0.0,-6.250757944316191e-08,58213234937.594826,-1.2406980258295566e-12,-6.314495597025907e-14,-6.087310376249846e-16,-9.73555498691653e-09,-0.0004050217430188242,-9.639879043519505e-12,-6.682275267033621e-13,red
298.713567839196,41936309836512.22,0.0,859867898403.6261,0.0,-6.250757944316191e-08,59002814404.22818,-1.2406980258295566e-12,-6.314495597025907e-14,-6.087310376249846e-16,-9.73555498691653e-09,-0.00039677086750256036,-9.639879043519505e-12,-6.682275267033621e-13,red
298.8542713567839,42560604836010.58,0.0,871828572784.1597,0.0,-6.250757944316191e-08,59803204026.675835,-1.2406980258295566e-12,-6.314495597025907e-14,-6.087310376249846e-16,-9.73555498691653e-09,-0.0003884111832963507,-9.639879043519505e-12,-6.682275267033621e-13,red
298.99497487437185,43194081778971.64,0.0,883947573667.4027,0.0,-6.250757944316191e-08,60614771804.66839,-1.2406980258295566e-12,-6.314495597025907e-14,-6.087310376249846e-16,-9.73555498691653e-09,-0.0003799393745722435,-9.639879043519505e-12,-6.682275267033621e-13,red
299.1356783919598,43836981633401.1,0.0,896226389363.4253,0.0,-6.250757944316191e-08,61437805184.3408,-1.2406980258295566e-12,-6.314495597025907e-14,-6.087310376249846e-16,-9.73555498691653e-09,-0.00037135266119032887,-9.639879043519505e-12,-6.682275267033621e-13,red
299.27638190954775,44489453790608.45,0.0,908677109798.8141,0.0,-6.250757944316191e-08,62272420205.02014,-1.2406980258295566e-12,-6.314495597025907e-14,-6.087310376249846e-16,-9.73555498691653e-09,-0.00036264929472357903,-9.639879043519505e-12,-6.682275267033621e-13,red
299.4170854271357,45151645808802.39,0.0,921303824683.8268,0.0,-6.250757944316191e-08,63118774959.79963,-1.2406980258295566e-12,-6.314495597025907e-14,-6.087310376249846e-16,-9.73555498691653e-09,-0.00035382757131008016,-9.639879043519505e-12,-6.682275267033621e-13,red
299.5577889447236,45823679276148.38,0.0,934108706119.8923,0.0,-6.250757944316191e-08,63977006262.584724,-1.2406980258295566e-12,-6.314495597025907e-14,-6.087310376249846e-16,-9.73555498691653e-09,-0.00034488609120943256,-9.639879043519505e-12,-6.682275267033621e-13,red
299.69849246231155,46505713785827.55,0.0,947093641744.149,0.0,-6.250757944316191e-08,64847298833.56603,-1.2406980258295566e-12,-6.314495597025907e-14,-6.087310376249846e-16,-9.73555498691653e-09,-0.0003358230216777031,-9.639879043519505e-12,-6.682275267033621e-13,red
299.8391959798995,47197901162724.266,0.0,960260831353.5934,0.0,-6.250757944316191e-08,65729826014.739265,-1.2406980258295566e-12,-6.314495597025907e-14,-6.087310376249846e-16,-9.73555498691653e-09,-0.0003266366198936849,-9.639879043519505e-12,-6.682275267033621e-13,red
299.97989949748745,47900394794969.086,0.0,973612669892.1567,0.0,-6.250757944316191e-08,66624761823.473305,-1.2406980258295566e-12,-6.314495597025907e-14,-6.087310376249846e-16,-9.73555498691653e-09,-0.0003173251263516741,-9.639879043519505e-12,-6.682275267033621e-13,red
300.1206030150754,48613459601688.62,0.0,987153644319.0701,0.0,-6.250757944316191e-08,67532404597.59517,-1.2406980258295566e-12,-6.314495597025907e-14,-6.087310376249846e-16,-9.73555498691653e-09,-0.0003078855083656778,-9.639879043519505e-12,-6.682275267033621e-13,red
300.2613065326633,49337334458429.6,0.0,1000887876876.2745,0.0,-6.250757944316191e-08,68453022867.83549,-1.2406980258295566e-12,-6.314495597025907e-14,-6.087310376249846e-16,-9.73555498691653e-09,-0.00029831503286823825,-9.639879043519505e-12,-6.682275267033621e-13,red
300.40201005025125,50072019692544.586,0.0,1014815373212.8478,0.0,-6.250757944316191e-08,69386617002.186,-1.2406980258295566e-12,-6.314495597025907e-14,-6.087310376249846e-16,-9.73555498691653e-09,-0.0002886136961139881,-9.639879043519505e-12,-6.682275267033621e-13,red
300.5427135678392,50817515304033.56,0.0,1028936133328.7894,0.0,-6.250757944316191e-08,70333187000.64668,-1.2406980258295566e-12,-6.314495597025907e-14,-6.087310376249846e-16,-9.73555498691653e-09,-0.00027878149810292753,-9.639879043519505e-12,-6.682275267033621e-13,red
300.68341708542715,51573943188943.91,0.0,1043252144534.2739,0.0,-6.250757944316191e-08,71292869996.42303,-1.2406980258295566e-12,-6.314495597025907e-14,-6.087310376249846e-16,-9.73555498691653e-09,-0.00026881704802294497,-9.639879043519505e-12,-6.682275267033621e-13,red
300.8241206030151,52341841107771.086,0.0,1057772174110.335,0.0,-6.250757944316191e-08,72266270970.74397,-1.2406980258295566e-12,-6.314495597025907e-14,-6.087310376249846e-16,-9.73555498691653e-09,-0.0002587142101229104,-9.639879043519505e-12,-6.682275267033621e-13,red
300.964824120603,53121272678905.445,0.0,1072497259247.8994,0.0,-6.250757944316191e-08,73253461494.37808,-1.2406980258295566e-12,-6.314495597025907e-14,-6.087310376249846e-16,-9.73555498691653e-09,-0.0002484722585283621,-9.639879043519505e-12,-6.682275267033621e-13,red
301.10552763819095,53912237902346.96,0.0,1087427399946.9669,0.0,-6.250757944316191e-08,74254441567.32532,-1.2406980258295566e-12,-6.314495597025907e-14,-6.087310376249846e-16,-9.73555498691653e-09,-0.00023809119323930022,-9.639879043519505e-12,-6.682275267033621e-13,red
301.2462311557789,54714752136987.53,0.0,1102562840068.0935,0.0,-6.250757944316191e-08,75269228438.47733,-1.2406980258295566e-12,-6.314495597025907e-14,-6.087310376249846e-16,-9.73555498691653e-09,-0.00022757083974175637,-9.639879043519505e-12,-6.682275267033621e-13,red
301.38693467336685,55529324494513.35,0.0,1117911663023.7688,0.0,-6.250757944316191e-08,76298393868.63182,-1.2406980258295566e-12,-6.314495597025907e-14,-6.087310376249846e-16,-9.73555498691653e-09,-0.00021690541330196016,-9.639879043519505e-12,-6.682275267033621e-13,red
301.5276381909548,56356202230137.79,0.0,1133477794604.609,0.0,-6.250757944316191e-08,77342215539.17365,-1.2406980258295566e-12,-6.314495597025907e-14,-6.087310376249846e-16,-9.73555498691653e-09,-0.00020609210450574656,-9.639879043519505e-12,-6.682275267033621e-13,red
301.6683417085427,57195385343860.82,0.0,1149261234810.6133,0.0,-6.250757944316191e-08,78400693450.10278,-1.2406980258295566e-12,-6.314495597025907e-14,-6.087310376249846e-16,-9.73555498691653e-09,-0.00019513091335311591,-9.639879043519505e-12,-6.682275267033621e-13,red
301.80904522613065,58046873835682.484,0.0,1165261983641.783,0.0,-6.250757944316191e-08,79473827601.41928,-1.2406980258295566e-12,-6.314495597025907e-14,-6.087310376249846e-16,-9.73555498691653e-09,-0.00018402183984406761,-9.639879043519505e-12,-6.682275267033621e-13,red
301.9497487437186,58910976024589.14,0.0,1181485354548.8606,0.0,-6.250757944316191e-08,80561960676.68658,-1.2406980258295566e-12,-6.314495597025907e-14,-6.087310376249846e-16,-9.73555498691653e-09,-0.00017276139550189638,-9.639879043519505e-12,-6.682275267033621e-13,red
302.09045226130655,59788288979704.55,0.0,1197941637191.3225,0.0,-6.250757944316191e-08,81665756293.08044,-1.2406980258295566e-12,-6.314495597025907e-14,-6.087310376249846e-16,-9.73555498691653e-09,-0.00016134282478503048,-9.639879043519505e-12,-6.682275267033621e-13,red
302.23115577889445,60678827873019.01,0.0,1214631093037.41,0.0,-6.250757944316191e-08,82785231313.62889,-1.2406980258295566e-12,-6.314495597025907e-14,-6.087310376249846e-16,-9.73555498691653e-09,-0.0001497659560299099,-9.639879043519505e-12,-6.682275267033621e-13,red
302.3718592964824,61582592704532.51,0.0,1231553722087.1226,0.0,-6.250757944316191e-08,83920385738.3319,-1.2406980258295566e-12,-6.314495597025907e-14,-6.087310376249846e-16,-9.73555498691653e-09,-0.00013803078923653494,-9.639879043519505e-12,-6.682275267033621e-13,red
302.51256281407035,62499583474245.016,0.0,1248709524340.4597,0.0,-6.250757944316191e-08,85071219567.18942,-1.2406980258295566e-12,-6.314495597025907e-14,-6.087310376249846e-16,-9.73555498691653e-09,-0.0001261373244049059,-9.639879043519505e-12,-6.682275267033621e-13,red
302.6532663316583,63429918007975.33,0.0,1266100463583.1807,0.0,-6.250757944316191e-08,86237863523.2758,-1.2406980258295566e-12,-6.314495597025907e-14,-6.087310376249846e-16,-9.73555498691653e-09,-0.00011408423437740285,-9.639879043519505e-12,-6.682275267033621e-13,red
302.79396984924625,64374412190686.51,0.0,1283740138051.1182,0.0,-6.250757944316191e-08,87421222798.60884,-1.2406980258295566e-12,-6.314495597025907e-14,-6.087310376249846e-16,-9.73555498691653e-09,-0.00010186232925017615,-9.639879043519505e-12,-6.682275267033621e-13,red
302.93467336683415,65333221933092.6,0.0,1301631146285.4324,0.0,-6.250757944316191e-08,88621470369.94412,-1.2406980258295566e-12,-6.314495597025907e-14,-6.087310376249846e-16,-9.73555498691653e-09,-8.946985288781951e-05,-9.639879043519505e-12,-6.682275267033621e-13,red
303.0753768844221,66306347235193.58,0.0,1319773488286.123,0.0,-6.250757944316191e-08,89838606237.2816,-1.2406980258295566e-12,-6.314495597025907e-14,-6.087310376249846e-16,-9.73555498691653e-09,-7.690680529033326e-05,-9.639879043519505e-12,-6.682275267033621e-13,red
303.21608040201005,67293788096989.49,0.0,1338167164053.1912,0.0,-6.250757944316191e-08,91072630400.62134,-1.2406980258295566e-12,-6.314495597025907e-14,-6.087310376249846e-16,-9.73555498691653e-09,-6.417318645771675e-05,-9.639879043519505e-12,-6.682275267033621e-13,red
303.356783919598,68295549015647.67,0.0,1356812159068.2236,0.0,-6.250757944316191e-08,92323548307.24223,-1.2406980258295566e-12,-6.314495597025907e-14,-6.087310376249846e-16,-9.73555498691653e-09,-5.126894610491198e-05,-9.639879043519505e-12,-6.682275267033621e-13,red
303.49748743718595,69312062310522.09,0.0,1375707077654.766,0.0,-6.250757944316191e-08,93591883612.12814,-1.2406980258295566e-12,-6.314495597025907e-14,-6.087310376249846e-16,-9.73555498691653e-09,-3.81892502548408e-05,-9.639879043519505e-12,-6.682275267033621e-13,red
303.63819095477385,70343700517044.55,0.0,1394857130520.0872,0.0,-6.250757944316191e-08,94878052924.20488,-1.2406980258295566e-12,-6.314495597025907e-14,-6.087310376249846e-16,-9.73555498691653e-09,-2.4929920318849823e-05,-9.639879043519505e-12,-6.682275267033621e-13,red
303.7788944723618,71390680385915.75,0.0,1414276741379.3206,0.0,-6.250757944316191e-08,96182237102.28328,-1.2406980258295566e-12,-6.314495597025907e-14,-6.087310376249846e-16,-9.73555498691653e-09,-1.148850225859728e-05,-9.639879043519505e-12,-6.682275267033621e-13,red
303.91959798994975,72453226103707.92,0.0,1433970631033.4292,0.0,-6.250757944316191e-08,97504680093.06963,-1.2406980258295566e-12,-6.314495597025907e-14,-6.087310376249846e-16,-9.73555498691653e-09,1.7003275361844008e-06,-9.639879043519505e-12,-6.682275267033621e-13,red
304.0603015075377,73531585516891.78,0.0,1453942095912.2375,0.0,-6.250757944316191e-08,98845709605.4064,-1.2406980258295566e-12,-6.314495597025907e-14,-6.087310376249846e-16,-9.73555498691653e-09,4.764491587374418e-06,-9.639879043519505e-12,-6.682275267033621e-13,red
304.20100502512565,74626015349234.81,0.0,1474194710242.7585,0.0,-6.250757944316191e-08,100205574856.07724,-1.2406980258295566e-12,-6.314495597025907e-14,-6.087310376249846e-16,-9.73555498691653e-09,5.049938904023896e-06,-9.639879043519505e-12,-6.682275267033621e-13,red
304.34170854271355,75736777746785.14,0.0,1494732427389.0508,0.0,-6.250757944316191e-08,101584553153.32964,-1.2406980258295566e-12,-6.314495597025907e-14,-6.087310376249846e-16,-9.73555498691653e-09,5.138912559252089e-06,-9.639879043519505e-12,-6.682275267033621e-13,red
304.4824120603015,76864110393205.53,0.0,1515558958618.7097,0.0,-6.250757944316191e-08,102982905994.36002,-1.2406980258295566e-12,-6.314495597025907e-14,-6.087310376249846e-16,-9.73555498691653e-09,5.2020176479032875e-06,-9.639879043519505e-12,-6.682275267033621e-13,red
304.62311557788945,78008241031464.33,0.0,1536677894601.3342,0.0,-6.250757944316191e-08,104400884256.97778,-1.2406980258295566e-12,-6.314495597025907e-14,-6.087310376249846e-16,-9.73555498691653e-09,5.263390793384297e-06,-9.639879043519505e-12,-6.682275267033621e-13,red
304.7638190954774,79169988439565.17,0.0,1558102563775.3518,0.0,-6.250757944316191e-08,105839387939.37395,-1.2406980258295566e-12,-6.314495597025907e-14,-6.087310376249846e-16,-9.73555498691653e-09,5.3310031242353e-06,-9.639879043519505e-12,-6.682275267033621e-13,red
304.9045226130653,80349306175420.7,0.0,1579832217389.0918,0.0,-6.250757944316191e-08,107298365960.65445,-1.2406980258295566e-12,-6.314495597025907e-14,-6.087310376249846e-16,-9.73555498691653e-09,5.402379066026135e-06,-9.639879043519505e-12,-6.682275267033621e-13,red
305.04522613065325,81545947947874.31,0.0,1601862840912.4678,0.0,-6.250757944316191e-08,108777547621.62837,-1.2406980258295566e-12,-6.314495597025907e-14,-6.087310376249846e-16,-9.73555498691653e-09,5.476596922474939e-06,-9.639879043519505e-12,-6.682275267033621e-13,red
305.1859296482412,82760026334612.64,0.0,1624196256365.8135,0.0,-6.250757944316191e-08,110277056368.20001,-1.2406980258295566e-12,-6.314495597025907e-14,-6.087310376249846e-16,-9.73555498691653e-09,5.553455790934555e-06,-9.639879043519505e-12,-6.682275267033621e-13,red
305.32663316582915,83993277034815.98,0.0,1646860555276.7969,0.0,-6.250757944316191e-08,111798795463.45232,-1.2406980258295566e-12,-6.314495597025907e-14,-6.087310376249846e-16,-9.73555498691653e-09,5.6298581964934006e-06,-9.639879043519505e-12,-6.682275267033621e-13,red
305.4673366834171,85244671360575.22,0.0,1669839088784.147,0.0,-6.250757944316191e-08,113341636910.2395,-1.2406980258295566e-12,-6.314495597025907e-14,-6.087310376249846e-16,-9.73555498691653e-09,5.707639903681637e-06,-9.639879043519505e-12,-6.682275267033621e-13,red
305.608040201005,86514209311890.42,0.0,1693131856887.865,0.0,-6.250757944316191e-08,114905580708.56166,-1.2406980258295566e-12,-6.314495597025907e-14,-6.087310376249846e-16,-9.73555498691653e-09,5.786800912499268e-06,-9.639879043519505e-12,-6.682275267033621e-13,red
305.74874371859295,87801305968127.31,0.0,1716729409776.1206,0.0,-6.250757944316191e-08,116489987378.78883,-1.2406980258295566e-12,-6.314495597025907e-14,-6.087310376249846e-16,-9.73555498691653e-09,5.867517084287585e-06,-9.639879043519505e-12,-6.682275267033621e-13,red
305.8894472361809,89110739747377.2,0.0,1740708946215.9995,0.0,-6.250757944316191e-08,118100081050.23657,-1.2406980258295566e-12,-6.314495597025907e-14,-6.087310376249846e-16,-9.73555498691653e-09,5.948351747187853e-06,-9.639879043519505e-12,-6.682275267033621e-13,red
306.03015075376885,90438695470353.97,0.0,1765008829253.2898,0.0,-6.250757944316191e-08,119731690679.3562,-1.2406980258295566e-12,-6.314495597025907e-14,-6.087310376249846e-16,-9.73555498691653e-09,6.030451967156153e-06,-9.639879043519505e-12,-6.682275267033621e-13,red
306.1708542713568,91785436385152.86,0.0,1789633311849.5374,0.0,-6.250757944316191e-08,121385104068.94464,-1.2406980258295566e-12,-6.314495597025907e-14,-6.087310376249846e-16,-9.73555498691653e-09,6.113738596423678e-06,-9.639879043519505e-12,-6.682275267033621e-13,red
306.3115577889447,93152307656307.81,0.0,1814603795064.1216,0.0,-6.250757944316191e-08,123061783967.36768,-1.2406980258295566e-12,-6.314495597025907e-14,-6.087310376249846e-16,-9.73555498691653e-09,6.198360900936484e-06,-9.639879043519505e-12,-6.682275267033621e-13,red
306.45226130653265,94539393259373.69,0.0,1839921690434.841,0.0,-6.250757944316191e-08,124761823490.04214,-1.2406980258295566e-12,-6.314495597025907e-14,-6.087310376249846e-16,-9.73555498691653e-09,6.28420188498716e-06,-9.639879043519505e-12,-6.682275267033621e-13,red
306.5929648241206,95946860610846.6,0.0,1865589732016.9944,0.0,-6.250757944316191e-08,126485406368.03752,-1.2406980258295566e-12,-6.314495597025907e-14,-6.087310376249846e-16,-9.73555498691653e-09,6.371162168882535e-06,-9.639879043519505e-12,-6.682275267033621e-13,red
306.73366834170855,97375084490389.02,0.0,1891613940518.8384,0.0,-6.250757944316191e-08,128232941525.81601,-1.2406980258295566e-12,-6.314495597025907e-14,-6.087310376249846e-16,-9.73555498691653e-09,6.459186151348414e-06,-9.639879043519505e-12,-6.682275267033621e-13,red
306.8743718592965,98824439677663.42,0.0,1918000336648.6296,0.0,-6.250757944316191e-08,130004837887.83977,-1.2406980258295566e-12,-6.314495597025907e-14,-6.087310376249846e-16,-9.73555498691653e-09,6.548218231110598e-06,-9.639879043519505e-12,-6.682275267033621e-13,red
307.0150753768844,100295264162454.66,0.0,1944754441258.6196,0.0,-6.250757944316191e-08,131801457841.97638,-1.2406980258295566e-12,-6.314495597025907e-14,-6.087310376249846e-16,-9.73555498691653e-09,6.638497562922016e-06,-9.639879043519505e-12,-6.682275267033621e-13,red
307.15577889447235,101787867947327.73,0.0,1971881394944.8372,0.0,-6.250757944316191e-08,133623128374.23882,-1.2406980258295566e-12,-6.314495597025907e-14,-6.087310376249846e-16,-9.73555498691653e-09,6.730487531736769e-06,-9.639879043519505e-12,-6.682275267033621e-13,red
307.2964824120603,103302664517148.22,0.0,1999387744294.6514,0.0,-6.250757944316191e-08,135470307368.43512,-1.2406980258295566e-12,-6.314495597025907e-14,-6.087310376249846e-16,-9.73555498691653e-09,6.823822434899542e-06,-9.639879043519505e-12,-6.682275267033621e-13,red
307.43718592964825,104840019407477.6,0.0,2027279384418.7456,0.0,-6.250757944316191e-08,137343392055.89317,-1.2406980258295566e-12,-6.314495597025907e-14,-6.087310376249846e-16,-9.73555498691653e-09,6.918520733749978e-06,-9.639879043519505e-12,-6.682275267033621e-13,red
307.5778894472362,106400298153877.27,0.0,2055562210427.8005,0.0,-6.250757944316191e-08,139242779667.94073,-1.2406980258295566e-12,-6.314495597025907e-14,-6.087310376249846e-16,-9.73555498691653e-09,7.014600889627714e-06,-9.639879043519505e-12,-6.682275267033621e-13,red
307.7185929648241,107983866291908.64,0.0,2084242117432.4976,0.0,-6.250757944316191e-08,141168867435.9056,-1.2406980258295566e-12,-6.314495597025907e-14,-6.087310376249846e-16,-9.73555498691653e-09,7.112081363872387e-06,-9.639879043519505e-12,-6.682275267033621e-13,red
307.85929648241205,109590963410269.19,0.0,2113323221646.8982,0.0,-6.250757944316191e-08,143121893133.18777,-1.2406980258295566e-12,-6.314495597025907e-14,-6.087310376249846e-16,-9.73555498691653e-09,7.210523681100531e-06,-9.639879043519505e-12,-6.682275267033621e-13,red
308.0,111222005326732.94,0.0,2142812128376.8835,0.0,-6.250757944316191e-08,145102317652.06842,-1.2406980258295566e-12,-6.314495597025907e-14,-6.087310376249846e-16,-9.73555498691653e-09,7.310128727118005e-06,-9.639879043519505e-12,-6.682275267033621e-13,black
308.4812030075188,116986059163960.2,0.0,2506798466145.162,0.0,-6.250757944316191e-08,152782212474.15244,-1.2406980258295566e-12,-6.314495597025907e-14,-6.087310376249846e-16,-9.73555498691653e-09,7.684157880334985e-06,-9.639879043519505e-12,-6.682275267033621e-13,black
308.9624060150376,123048797748306.73,0.0,2746102665569.211,0.0,-6.250757944316191e-08,161672171424.84662,-1.2406980258295566e-12,-6.314495597025907e-14,-6.087310376249846e-16,-9.73555498691653e-09,8.128784161324584e-06,-9.639879043519505e-12,-6.682275267033621e-13,black
309.4436090225564,129425727021264.73,0.0,2931686681588.888,0.0,-6.250757944316191e-08,171342266154.48343,-1.2406980258295566e-12,-6.314495597025907e-14,-6.087310376249846e-16,-9.73555498691653e-09,8.69584005531395e-06,-9.639879043519505e-12,-6.682275267033621e-13,black
309.9248120300752,136133235273563.9,0.0,3096709891514.1147,0.0,-6.250757944316191e-08,181606529478.2207,-1.2406980258295566e-12,-6.314495597025907e-14,-6.087310376249846e-16,-9.73555498691653e-09,9.117023129959324e-06,-9.639879043519505e-12,-6.682275267033621e-13,black
310.406015037594,143188710072503.97,0.0,3256273101908.883,0.0,-6.250757944316191e-08,192394635430.28738,-1.2406980258295566e-12,-6.314495597025907e-14,-6.087310376249846e-16,-9.73555498691653e-09,9.690444551699059e-06,-9.639879043519505e-12,-6.682275267033621e-13,black
310.8872180451128,150609310851074.44,0.0,3417193935489.7124,0.0,-6.250757944316191e-08,203687888157.37595,-1.2406980258295566e-12,-6.314495597025907e-14,-6.087310376249846e-16,-9.73555498691653e-09,1.0251406226786103e-05,-9.639879043519505e-12,-6.682275267033621e-13,black
311.36842105263156,158414520602365.6,0.0,3583347220638.947,0.0,-6.250757944316191e-08,215489103544.78995,-1.2406980258295566e-12,-6.314495597025907e-14,-6.087310376249846e-16,-9.73555498691653e-09,1.084238308009448e-05,-9.639879043519505e-12,-6.682275267033621e-13,black
311.8496240601504,166624334582019.62,0.0,3756394574469.6475,0.0,-6.250757944316191e-08,227815463825.12817,-1.2406980258295566e-12,-6.314495597025907e-14,-6.087310376249846e-16,-9.73555498691653e-09,1.1463222112031042e-05,-9.639879043519505e-12,-6.682275267033621e-13,black
312.3308270676692,175259645698879.34,0.0,3937260138964.93,0.0,-6.250757944316191e-08,240689841170.95685,-1.2406980258295566e-12,-6.314495597025907e-14,-6.087310376249846e-16,-9.73555498691653e-09,1.2112974097477764e-05,-9.639879043519505e-12,-6.682275267033621e-13,black
312.812030075188,184342518916992.97,0.0,4126607802223.742,0.0,-6.250757944316191e-08,254138184256.29584,-1.2406980258295566e-12,-6.314495597025907e-14,-6.087310376249846e-16,-9.73555498691653e-09,1.2790704409833878e-05,-9.639879043519505e-12,-6.682275267033621e-13,black
313.29323308270676,193896552942745.44,0.0,4324968694971.825,0.0,-6.250757944316191e-08,268189186425.4958,-1.2406980258295566e-12,-6.314495597025907e-14,-6.087310376249846e-16,-9.73555498691653e-09,1.3498035204876248e-05,-9.639879043519505e-12,-6.682275267033621e-13,black
313.77443609022555,203945921548223.84,0.0,4532873989451.601,0.0,-6.250757944316191e-08,282872252351.578,-1.2406980258295566e-12,-6.314495597025907e-14,-6.087310376249846e-16,-9.73555498691653e-09,1.4237799920627954e-05,-9.639879043519505e-12,-6.682275267033621e-13,black
314.25563909774434,214516091550697.97,0.0,4750815689023.014,0.0,-6.250757944316191e-08,298218641255.04663,-1.2406980258295566e-12,-6.314495597025907e-14,-6.087310376249846e-16,-9.73555498691653e-09,1.5011159361892254e-05,-9.639879043519505e-12,-6.682275267033621e-13,black
314.7368421052632,225634369076833.88,0.0,4979287975229.043,0.0,-6.250757944316191e-08,314261887847.98883,-1.2406980258295566e-12,-6.314495597025907e-14,-6.087310376249846e-16,-9.73555498691653e-09,1.581946110629195e-05,-9.639879043519505e-12,-6.682275267033621e-13,black
315.21804511278197,237328920207406.78,0.0,5218808603435.775,0.0,-6.250757944316191e-08,331036445058.0761,-1.2406980258295566e-12,-6.314495597025907e-14,-6.087310376249846e-16,-9.73555498691653e-09,1.6664539728360795e-05,-9.639879043519505e-12,-6.682275267033621e-13,black
315.69924812030075,249630152464227.0,0.0,5469919570564.364,0.0,-6.250757944316191e-08,348579397395.2586,-1.2406980258295566e-12,-6.314495597025907e-14,-6.087310376249846e-16,-9.73555498691653e-09,1.7548296091539317e-05,-9.639879043519505e-12,-6.682275267033621e-13,black
316.18045112781954,262571400610061.25,0.0,5733217716667.698,0.0,-6.250757944316191e-08,366931117554.6404,-1.2406980258295566e-12,-6.314495597025907e-14,-6.087310376249846e-16,-9.73555498691653e-09,1.8472795958372626e-05,-9.639879043519505e-12,-6.682275267033621e-13,black
316.6616541353383,276181473110063.03,0.0,6009223915572.651,0.0,-6.250757944316191e-08,386126837054.91077,-1.2406980258295566e-12,-6.314495597025907e-14,-6.087310376249846e-16,-9.73555498691653e-09,1.9439788259021757e-05,-9.639879043519505e-12,-6.682275267033621e-13,black
317.14285714285717,290500943517575.1,0.0,6298657416478.662,0.0,-6.250757944316191e-08,406215081874.841,-1.2406980258295566e-12,-6.314495597025907e-14,-6.087310376249846e-16,-9.73555498691653e-09,2.045173103777236e-05,-9.639879043519505e-12,-6.682275267033621e-13,black
317.62406015037595,305561138962360.9,0.0,6602080832922.663,0.0,-6.250757944316191e-08,427233941410.7517,-1.2406980258295566e-12,-6.314495597025907e-14,-6.087310376249846e-16,-9.73555498691653e-09,2.1510542352915917e-05,-9.639879043519505e-12,-6.682275267033621e-13,black
318.10526315789474,321402293218613.9,0.0,6920205140565.129,0.0,-6.250757944316191e-08,449231518568.0587,-1.2406980258295566e-12,-6.314495597025907e-14,-6.087310376249846e-16,-9.73555498691653e-09,2.2618642806566252e-05,-9.639879043519505e-12,-6.682275267033621e-13,black
318.5864661654135,338066246600769.4,0.0,7253767999781.099,0.0,-6.250757944316191e-08,472257721246.743,-1.2406980258295566e-12,-6.314495597025907e-14,-6.087310376249846e-16,-9.73555498691653e-09,2.377854311493056e-05,-9.639879043519505e-12,-6.682275267033621e-13,black
319.0676691729323,355592758950114.8,0.0,7603472465067.299,0.0,-6.250757944316191e-08,496360091135.72986,-1.2406980258295566e-12,-6.314495597025907e-14,-6.087310376249846e-16,-9.73555498691653e-09,2.4992639323567367e-05,-9.639879043519505e-12,-6.682275267033621e-13,black
319.5488721804511,374028705235215.1,0.0,7970139332267.554,0.0,-6.250757944316191e-08,521594126125.37317,-1.2406980258295566e-12,-6.314495597025907e-14,-6.087310376249846e-16,-9.73555498691653e-09,2.626372611585375e-05,-9.639879043519505e-12,-6.682275267033621e-13,black
320.03007518796994,393417755249637.56,0.0,8354536391762.146,0.0,-6.250757944316191e-08,548011747618.2946,-1.2406980258295566e-12,-6.314495597025907e-14,-6.087310376249846e-16,-9.73555498691653e-09,2.7594418239800832e-05,-9.639879043519505e-12,-6.682275267033621e-13,black
320.5112781954887,413814475922101.4,0.0,8757607826809.649,0.0,-6.250757944316191e-08,575676896708.5256,-1.2406980258295566e-12,-6.314495597025907e-14,-6.087310376249846e-16,-9.73555498691653e-09,2.8987936588619335e-05,-9.639879043519505e-12,-6.682275267033621e-13,black
320.9924812030075,435267191301466.1,0.0,9180196998596.936,0.0,-6.250757944316191e-08,604646637003.783,-1.2406980258295566e-12,-6.314495597025907e-14,-6.087310376249846e-16,-9.73555498691653e-09,3.0447155140669356e-05,-9.639879043519505e-12,-6.682275267033621e-13,black
321.4736842105263,457827969369777.56,0.0,9623208693791.285,0.0,-6.250757944316191e-08,634982191835.219,-1.2406980258295566e-12,-6.314495597025907e-14,-6.087310376249846e-16,-9.73555498691653e-09,3.1975157335637626e-05,-9.639879043519505e-12,-6.682275267033621e-13,black
321.9548872180451,481555768326456.1,0.0,10087664945865.055,0.0,-6.250757944316191e-08,666752239753.2396,-1.2406980258295566e-12,-6.314495597025907e-14,-6.087310376249846e-16,-9.73555498691653e-09,3.357540217563284e-05,-9.639879043519505e-12,-6.682275267033621e-13,black
322.43609022556393,506511958304776.44,0.0,10574625832926.832,0.0,-6.250757944316191e-08,700028214153.42,-1.2406980258295566e-12,-6.314495597025907e-14,-6.087310376249846e-16,-9.73555498691653e-09,3.5251487313530185e-05,-9.639879043519505e-12,-6.682275267033621e-13,black
322.9172932330827,532760930728393.2,0.0,11085200542390.146,0.0,-6.250757944316191e-08,734884931744.8256,-1.2406980258295566e-12,-6.314495597025907e-14,-6.087310376249846e-16,-9.73555498691653e-09,3.7007180728070706e-05,-9.639879043519505e-12,-6.682275267033621e-13,black
323.3984962406015,560369826149158.4,0.0,11620539864171.588,0.0,-6.250757944316191e-08,771399978446.6378,-1.2406980258295566e-12,-6.314495597025907e-14,-6.087310376249846e-16,-9.73555498691653e-09,3.8846389841220774e-05,-9.639879043519505e-12,-6.682275267033621e-13,black
323.8796992481203,589409425918780.0,0.0,12181855021089.492,0.0,-6.250757944316191e-08,809654972124.6001,-1.2406980258295566e-12,-6.314495597025907e-14,-6.087310376249846e-16,-9.73555498691653e-09,4.077322509023468e-05,-9.639879043519505e-12,-6.682275267033621e-13,black
324.3609022556391,619954677696452.0,0.0,12770428271477.166,0.0,-6.250757944316191e-08,849736242428.7863,-1.2406980258295566e-12,-6.314495597025907e-14,-6.087310376249846e-16,-9.73555498691653e-09,4.2792034163493716e-05,-9.639879043519505e-12,-6.682275267033621e-13,black
324.8421052631579,652084088705410.1,0.0,13387599384094.148,0.0,-6.250757944316191e-08,891733734745.6044,-1.2406980258295566e-12,-6.314495597025907e-14,-6.087310376249846e-16,-9.73555498691653e-09,4.490734712064872e-05,-9.639879043519505e-12,-6.682275267033621e-13,black
325.3233082706767,685879802036708.0,0.0,14034767909591.031,0.0,-6.250757944316191e-08,935741286341.2759,-1.2406980258295566e-12,-6.314495597025907e-14,-6.087310376249846e-16,-9.73555498691653e-09,4.7123890118757465e-05,-9.639879043519505e-12,-6.682275267033621e-13,black
325.8045112781955,721426968629926.9,0.0,14713382175958.717,0.0,-6.250757944316191e-08,981856217832.4025,-1.2406980258295566e-12,-6.314495597025907e-14,-6.087310376249846e-16,-9.73555498691653e-09,4.944656442915485e-05,-9.639879043519505e-12,-6.682275267033621e-13,black
326.2857142857143,758816840523369.8,0.0,15424981268868.672,0.0,-6.250757944316191e-08,1030182234535.0176,-1.2406980258295566e-12,-6.314495597025907e-14,-6.087310376249846e-16,-9.73555498691653e-09,5.1880592720131126e-05,-9.639879043519505e-12,-6.682275267033621e-13,black
326.76691729323306,798146763870067.9,0.0,16171193903572.291,0.0,-6.250757944316191e-08,1080829495092.5897,-1.2406980258295566e-12,-6.314495597025907e-14,-6.087310376249846e-16,-9.73555498691653e-09,5.443152235652107e-05,-9.639879043519505e-12,-6.682275267033621e-13,black
327.2481203007519,839514091216208.1,0.0,16953662925180.062,0.0,-6.250757944316191e-08,1133908383387.4946,-1.2406980258295566e-12,-6.314495597025907e-14,-6.087310376249846e-16,-9.73555498691653e-09,5.710491249300895e-05,-9.639879043519505e-12,-6.682275267033621e-13,black
327.7293233082707,883024944335644.4,0.0,17774165938813.15,0.0,-6.250757944316191e-08,1189538497271.543,-1.2406980258295566e-12,-6.314495597025907e-14,-6.087310376249846e-16,-9.73555498691653e-09,5.990678665155507e-05,-9.639879043519505e-12,-6.682275267033621e-13,black
328.2105263157895,928795720515308.6,0.0,18634645106036.16,0.0,-6.250757944316191e-08,1247850184819.2568,-1.2406980258295566e-12,-6.314495597025907e-14,-6.087310376249846e-16,-9.73555498691653e-09,6.28437109037792e-05,-9.639879043519505e-12,-6.682275267033621e-13,black
328.69172932330827,976934937390239.0,0.0,19536915629793.87,0.0,-6.250757944316191e-08,1308965728409.2114,-1.2406980258295566e-12,-6.314495597025907e-14,-6.087310376249846e-16,-9.73555498691653e-09,6.592184351065513e-05,-9.639879043519505e-12,-6.682275267033621e-13,black
329.17293233082705,1027194490936182.5,0.0,20367948789545.55,0.0,-6.250757944316191e-08,1372923782306.878,-1.2406980258295566e-12,-6.314495597025907e-14,-6.087310376249846e-16,-9.73555498691653e-09,6.914516765960086e-05,-9.639879043519505e-12,-6.682275267033621e-13,black
329.65413533834584,1077720710485054.2,0.0,20743486996953.996,0.0,-6.250757944316191e-08,1438219619466.47,-1.2406980258295566e-12,-6.314495597025907e-14,-6.087310376249846e-16,-9.73555498691653e-09,7.24477978281009e-05,-9.639879043519505e-12,-6.682275267033621e-13,black
330.1353383458647,1128246930033926.0,0.0,20895478286166.484,0.0,-6.250757944316191e-08,1503119994376.0435,-1.2406980258295566e-12,-6.314495597025907e-14,-6.087310376249846e-16,-9.73555498691653e-09,7.573671745540258e-05,-9.639879043519505e-12,-6.682275267033621e-13,black
330.61654135338347,1178773149582798.5,0.0,20955580177735.953,0.0,-6.250757944316191e-08,1566955868098.2363,-1.2406980258295566e-12,-6.314495597025907e-14,-6.087310376249846e-16,-9.73555498691653e-09,7.897423235304512e-05,-9.639879043519505e-12,-6.682275267033621e-13,black
331.09774436090225,1229299369131670.8,0.0,20979424059252.99,0.0,-6.250757944316191e-08,1629465783348.6646,-1.2406980258295566e-12,-6.314495597025907e-14,-6.087310376249846e-16,-9.73555498691653e-09,8.214549333806126e-05,-9.639879043519505e-12,-6.682275267033621e-13,black
331.57894736842104,1279825588680543.0,0.0,20989304228711.82,0.0,-6.250757944316191e-08,1690566354015.7676,-1.2406980258295566e-12,-6.314495597025907e-14,-6.087310376249846e-16,-9.73555498691653e-09,8.524563702760248e-05,-9.639879043519505e-12,-6.682275267033621e-13,black
332.0601503759398,1330351808229415.5,0.0,20992985974860.96,0.0,-6.250757944316191e-08,1750251281242.8513,-1.2406980258295566e-12,-6.314495597025907e-14,-6.087310376249846e-16,-9.73555498691653e-09,8.827412149699148e-05,-9.639879043519505e-12,-6.682275267033621e-13,black
332.54135338345867,1380878027778287.5,0.0,20994306036007.7,0.0,-6.250757944316191e-08,1808534440838.8682,-1.2406980258295566e-12,-6.314495597025907e-14,-6.087310376249846e-16,-9.73555498691653e-09,9.123154250322842e-05,-9.639879043519505e-12,-6.682275267033621e-13,black
333.02255639097746,1431404247327159.8,0.0,20994728818346.01,0.0,-6.250757944316191e-08,1865441604538.5112,-1.2406980258295566e-12,-6.314495597025907e-14,-6.087310376249846e-16,-9.73555498691653e-09,9.411916622614617e-05,-9.639879043519505e-12,-6.682275267033621e-13,black
333.50375939849624,1481930466876032.0,0.0,20994918992883.11,0.0,-6.250757944316191e-08,1921003609248.6973,-1.2406980258295566e-12,-6.314495597025907e-14,-6.087310376249846e-16,-9.73555498691653e-09,9.693853842821075e-05,-9.639879043519505e-12,-6.682275267033621e-13,black
333.98496240601503,1532456686424904.0,0.0,20995004893400.25,0.0,-6.250757944316191e-08,1975255495045.918,-1.2406980258295566e-12,-6.314495597025907e-14,-6.087310376249846e-16,-9.73555498691653e-09,9.969143358308491e-05,-9.639879043519505e-12,-6.682275267033621e-13,black
334.4661654135338,1582982905973776.2,0.0,20995056035973.703,0.0,-6.250757944316191e-08,2028242134161.4905,-1.2406980258295566e-12,-6.314495597025907e-14,-6.087310376249846e-16,-9.73555498691653e-09,0.00010238012674119938,-9.639879043519505e-12,-6.682275267033621e-13,black
334.9473684210526,1633509125522648.5,0.0,20995119506457.965,0.0,-6.250757944316191e-08,2079971259049.6494,-1.2406980258295566e-12,-6.314495597025907e-14,-6.087310376249846e-16,-9.73555498691653e-09,0.0001050050089462886,-9.639879043519505e-12,-6.682275267033621e-13,black
335.42857142857144,1684035345071520.8,0.0,20995158930571.168,0.0,-6.250757944316191e-08,2130494466734.1733,-1.2406980258295566e-12,-6.314495597025907e-14,-6.087310376249846e-16,-9.73555498691653e-09,0.00010756869951161473,-9.639879043519505e-12,-6.682275267033621e-13,black
335.90977443609023,1734561564620392.8,0.0,20995189679381.586,0.0,-6.250757944316191e-08,2179783153424.4158,-1.2406980258295566e-12,-6.314495597025907e-14,-6.087310376249846e-16,-9.73555498691653e-09,0.00011006974650857603,-9.639879043519505e-12,-6.682275267033621e-13,black
336.390977443609,1785087784169265.0,0.0,20995211254823.906,0.0,-6.250757944316191e-08,2227969727503.5425,-1.2406980258295566e-12,-6.314495597025907e-14,-6.087310376249846e-16,-9.73555498691653e-09,0.00011251486896121735,-9.639879043519505e-12,-6.682275267033621e-13,black
336.8721804511278,1835614003718137.2,0.0,20995225344208.867,0.0,-6.250757944316191e-08,2274971491508.741,-1.2406980258295566e-12,-6.314495597025907e-14,-6.087310376249846e-16,-9.73555498691653e-09,0.00011489987037239407,-9.639879043519505e-12,-6.682275267033621e-13,black
337.3533834586466,1886140223267009.2,0.0,20995237873777.293,0.0,-6.250757944316191e-08,2320855710593.6763,-1.2406980258295566e-12,-6.314495597025907e-14,-6.087310376249846e-16,-9.73555498691653e-09,0.00011722816391733105,-9.639879043519505e-12,-6.682275267033621e-13,black
337.83458646616543,1936666442815881.5,0.0,20995247411982.2,0.0,-6.250757944316191e-08,2365639854002.117,-1.2406980258295566e-12,-6.314495597025907e-14,-6.087310376249846e-16,-9.73555498691653e-09,0.00011950063610629244,-9.639879043519505e-12,-6.682275267033621e-13,black
338.3157894736842,1987192662364753.8,0.0,20995255158364.918,0.0,-6.250757944316191e-08,2409359197612.118,-1.2406980258295566e-12,-6.314495597025907e-14,-6.087310376249846e-16,-9.73555498691653e-09,0.00012171907696549396,-9.639879043519505e-12,-6.682275267033621e-13,black
338.796992481203,2037718881913625.5,0.0,20995261770305.055,0.0,-6.250757944316191e-08,2452030731790.85,-1.2406980258295566e-12,-6.314495597025907e-14,-6.087310376249846e-16,-9.73555498691653e-09,0.00012388434860251347,-9.639879043519505e-12,-6.682275267033621e-13,black
339.2781954887218,2088245101462497.8,0.0,20995268410071.96,0.0,-6.250757944316191e-08,2493688475342.895,-1.2406980258295566e-12,-6.314495597025907e-14,-6.087310376249846e-16,-9.73555498691653e-09,0.00012599817725197167,-9.639879043519505e-12,-6.682275267033621e-13,black
339.7593984962406,2138771321011370.0,0.0,20995276227823.516,0.0,-6.250757944316191e-08,2534366038588.556,-1.2406980258295566e-12,-6.314495597025907e-14,-6.087310376249846e-16,-9.73555498691653e-09,0.00012806226841949921,-9.639879043519505e-12,-6.682275267033621e-13,black
340.2406015037594,2189297540560241.8,0.0,20995284719763.324,0.0,-6.250757944316191e-08,2574084005957.6084,-1.2406980258295566e-12,-6.314495597025907e-14,-6.087310376249846e-16,-9.73555498691653e-09,0.0001300776666444694,-9.639879043519505e-12,-6.682275267033621e-13,black
340.7218045112782,2239823760109114.2,0.0,20995292174267.1,0.0,-6.250757944316191e-08,2612854841644.769,-1.2406980258295566e-12,-6.314495597025907e-14,-6.087310376249846e-16,-9.73555498691653e-09,0.00013204500443178842,-9.639879043519505e-12,-6.682275267033621e-13,black
341.203007518797,2290349979657987.0,0.0,20995300208945.887,0.0,-6.250757944316191e-08,2650713392316.298,-1.2406980258295566e-12,-6.314495597025907e-14,-6.087310376249846e-16,-9.73555498691653e-09,0.00013396605001084208,-9.639879043519505e-12,-6.682275267033621e-13,black
341.6842105263158,2340876199206858.5,0.0,20995309073692.844,0.0,-6.250757944316191e-08,2687685180394.4214,-1.2406980258295566e-12,-6.314495597025907e-14,-6.087310376249846e-16,-9.73555498691653e-09,0.00013584209848317849,-9.639879043519505e-12,-6.682275267033621e-13,black
342.16541353383457,2391402418755730.5,0.0,20995317049882.164,0.0,-6.250757944316191e-08,2723775507510.0503,-1.2406980258295566e-12,-6.314495597025907e-14,-6.087310376249846e-16,-9.73555498691653e-09,0.00013767341891763083,-9.639879043519505e-12,-6.682275267033621e-13,black
342.6466165413534,2441928638304603.0,0.0,20995324887597.07,0.0,-6.250757944316191e-08,2759015034079.469,-1.2406980258295566e-12,-6.314495597025907e-14,-6.087310376249846e-16,-9.73555498691653e-09,0.00013946156712512853,-9.639879043519505e-12,-6.682275267033621e-13,black
343.1278195488722,2492454857853475.5,0.0,20995332517108.477,0.0,-6.250757944316191e-08,2793425999338.457,-1.2406980258295566e-12,-6.314495597025907e-14,-6.087310376249846e-16,-9.73555498691653e-09,0.0001412076716135068,-9.639879043519505e-12,-6.682275267033621e-13,black
343.609022556391,2542981077402347.0,0.0,20995339967415.523,0.0,-6.250757944316191e-08,2827020037960.9355,-1.2406980258295566e-12,-6.314495597025907e-14,-6.087310376249846e-16,-9.73555498691653e-09,0.00014291232276413874,-9.639879043519505e-12,-6.682275267033621e-13,black
344.09022556390977,2593507296951219.0,0.0,20995347209457.906,0.0,-6.250757944316191e-08,2859815020881.541,-1.2406980258295566e-12,-6.314495597025907e-14,-6.087310376249846e-16,-9.73555498691653e-09,0.00014457642741625408,-9.639879043519505e-12,-6.682275267033621e-13,black
344.57142857142856,2644033516500091.5,0.0,20995354147498.297,0.0,-6.250757944316191e-08,2891835980925.0957,-1.2406980258295566e-12,-6.314495597025907e-14,-6.087310376249846e-16,-9.73555498691653e-09,0.00014620125583782935,-9.639879043519505e-12,-6.682275267033621e-13,black
345.0526315789474,2694559736048964.0,0.0,20995360729782.598,0.0,-6.250757944316191e-08,2923103226603.051,-1.2406980258295566e-12,-6.314495597025907e-14,-6.087310376249846e-16,-9.73555498691653e-09,0.0001477878385624632,-9.639879043519505e-12,-6.682275267033621e-13,black
345.5338345864662,2745085955597835.5,0.0,20995366904556.734,0.0,-6.250757944316191e-08,2953637066426.8564,-1.2406980258295566e-12,-6.314495597025907e-14,-6.087310376249846e-16,-9.73555498691653e-09,0.00014933720612375422,-9.639879043519505e-12,-6.682275267033621e-13,black
346.01503759398497,2795612175146707.0,0.0,20995373131813.64,0.0,-6.250757944316191e-08,2983439791485.251,-1.2406980258295566e-12,-6.314495597025907e-14,-6.087310376249846e-16,-9.73555498691653e-09,0.00015084947473376382,-9.639879043519505e-12,-6.682275267033621e-13,black
346.49624060150376,2846138394695579.5,0.0,20995379193696.258,0.0,-6.250757944316191e-08,3012537558388.8125,-1.2406980258295566e-12,-6.314495597025907e-14,-6.087310376249846e-16,-9.73555498691653e-09,0.0001523259716967813,-9.639879043519505e-12,-6.682275267033621e-13,black
346.97744360902254,2896664614244452.5,0.0,20995385068398.64,0.0,-6.250757944316191e-08,3040949621244.9995,-1.2406980258295566e-12,-6.314495597025907e-14,-6.087310376249846e-16,-9.73555498691653e-09,0.00015376767403907002,-9.639879043519505e-12,-6.682275267033621e-13,black
347.45864661654133,2947190833793324.0,0.0,20995390760892.863,0.0,-6.250757944316191e-08,3068694291368.8413,-1.2406980258295566e-12,-6.314495597025907e-14,-6.087310376249846e-16,-9.73555498691653e-09,0.00015517551094345653,-9.639879043519505e-12,-6.682275267033621e-13,black
347.9398496240601,2997717053342195.5,0.0,20995396293033.24,0.0,-6.250757944316191e-08,3095786108696.8135,-1.2406980258295566e-12,-6.314495597025907e-14,-6.087310376249846e-16,-9.73555498691653e-09,0.00015655022021496048,-9.639879043519505e-12,-6.682275267033621e-13,black
348.42105263157896,3048243272891068.0,0.0,20995401732245.164,0.0,-6.250757944316191e-08,3122229432885.0483,-1.2406980258295566e-12,-6.314495597025907e-14,-6.087310376249846e-16,-9.73555498691653e-09,0.00015789202306242876,-9.639879043519505e-12,-6.682275267033621e-13,black
348.90225563909775,3098769492439940.5,0.0,20995407055394.652,0.0,-6.250757944316191e-08,3148048853959.7295,-1.2406980258295566e-12,-6.314495597025907e-14,-6.087310376249846e-16,-9.73555498691653e-09,0.00015920216728055746,-9.639879043519505e-12,-6.682275267033621e-13,black
349.38345864661653,3149295711988812.5,0.0,20995412276086.77,0.0,-6.250757944316191e-08,3173260754683.3594,-1.2406980258295566e-12,-6.314495597025907e-14,-6.087310376249846e-16,-9.73555498691653e-09,0.0001604814841881831,-9.639879043519505e-12,-6.682275267033621e-13,black
349.8646616541353,3199821931537684.5,0.0,20995417407926.586,0.0,-6.250757944316191e-08,3197881517818.442,-1.2406980258295566e-12,-6.314495597025907e-14,-6.087310376249846e-16,-9.73555498691653e-09,0.00016173080510414225,-9.639879043519505e-12,-6.682275267033621e-13,black
350.3458646616541,3250348151086556.5,0.0,20995422398254.555,0.0,-6.250757944316191e-08,3221914398094.479,-1.2406980258295566e-12,-6.314495597025907e-14,-6.087310376249846e-16,-9.73555498691653e-09,0.0001629502951716424,-9.639879043519505e-12,-6.682275267033621e-13,black
350.82706766917295,3300874370635429.0,0.0,20995427293816.133,0.0,-6.250757944316191e-08,3245382343891.0684,-1.2406980258295566e-12,-6.314495597025907e-14,-6.087310376249846e-16,-9.73555498691653e-09,0.00016414111887855603,-9.639879043519505e-12,-6.682275267033621e-13,black
351.30827067669173,3351400590184301.0,0.0,20995432076296.113,0.0,-6.250757944316191e-08,3268295414075.54,-1.2406980258295566e-12,-6.314495597025907e-14,-6.087310376249846e-16,-9.73555498691653e-09,0.00016530378664074473,-9.639879043519505e-12,-6.682275267033621e-13,black
351.7894736842105,3401926809733172.5,0.0,20995436755387.33,0.0,-6.250757944316191e-08,3290669216337.4463,-1.2406980258295566e-12,-6.314495597025907e-14,-6.087310376249846e-16,-9.73555498691653e-09,0.0001664390904463464,-9.639879043519505e-12,-6.682275267033621e-13,black
352.2706766917293,3452453029282045.0,0.0,20995441338883.637,0.0,-6.250757944316191e-08,3312518982148.2646,-1.2406980258295566e-12,-6.314495597025907e-14,-6.087310376249846e-16,-9.73555498691653e-09,0.00016754780319249625,-9.639879043519505e-12,-6.682275267033621e-13,black
352.7518796992481,3502979248830917.5,0.0,20995445812147.906,0.0,-6.250757944316191e-08,3333843263214.125,-1.2406980258295566e-12,-6.314495597025907e-14,-6.087310376249846e-16,-9.73555498691653e-09,0.00016862985137490534,-9.639879043519505e-12,-6.682275267033621e-13,black
353.23308270676694,3553505468379789.5,0.0,20995450187137.836,0.0,-6.250757944316191e-08,3354662860691.239,-1.2406980258295566e-12,-6.314495597025907e-14,-6.087310376249846e-16,-9.73555498691653e-09,0.00016968629051965388,-9.639879043519505e-12,-6.682275267033621e-13,black
353.7142857142857,3604031687928661.0,0.0,20995454466475.336,0.0,-6.250757944316191e-08,3374992294291.791,-1.2406980258295566e-12,-6.314495597025907e-14,-6.087310376249846e-16,-9.73555498691653e-09,0.0001707178574058679,-9.639879043519505e-12,-6.682275267033621e-13,black
354.1954887218045,3654557907477533.5,0.0,20995458648338.8,0.0,-6.250757944316191e-08,3394843687003.965,-1.2406980258295566e-12,-6.314495597025907e-14,-6.087310376249846e-16,-9.73555498691653e-09,0.00017172516719271916,-9.639879043519505e-12,-6.682275267033621e-13,black
354.6766917293233,3705084127026406.0,0.0,20995462728871.543,0.0,-6.250757944316191e-08,3414228677539.0664,-1.2406980258295566e-12,-6.314495597025907e-14,-6.087310376249846e-16,-9.73555498691653e-09,0.00017270881046501955,-9.639879043519505e-12,-6.682275267033621e-13,black
355.1578947368421,3755610346575278.0,0.0,20995466702181.816,0.0,-6.250757944316191e-08,3433158420331.5264,-1.2406980258295566e-12,-6.314495597025907e-14,-6.087310376249846e-16,-9.73555498691653e-09,0.00017366935323322118,-9.639879043519505e-12,-6.682275267033621e-13,black
355.6390977443609,3806136566124150.0,0.0,20995470560342.805,0.0,-6.250757944316191e-08,3451643585538.898,-1.2406980258295566e-12,-6.314495597025907e-14,-6.087310376249846e-16,-9.73555498691653e-09,0.00017460733693341643,-9.639879043519505e-12,-6.682275267033621e-13,black
356.1203007518797,3856662785673022.5,0.0,20995474293392.617,0.0,-6.250757944316191e-08,3469694359041.859,-1.2406980258295566e-12,-6.314495597025907e-14,-6.087310376249846e-16,-9.73555498691653e-09,0.00017552327842733782,-9.639879043519505e-12,-6.682275267033621e-13,black
356.6015037593985,3907189005221894.5,0.0,20995477976098.605,0.0,-6.250757944316191e-08,3487323601129.4062,-1.2406980258295566e-12,-6.314495597025907e-14,-6.087310376249846e-16,-9.73555498691653e-09,0.00017641783028908477,-9.639879043519505e-12,-6.682275267033621e-13,black
357.0827067669173,3957715224770766.5,0.0,20995481629264.363,0.0,-6.250757944316191e-08,3504541797331.3135,-1.2406980258295566e-12,-6.314495597025907e-14,-6.087310376249846e-16,-9.73555498691653e-09,0.0001772915245863213,-9.639879043519505e-12,-6.682275267033621e-13,black
357.56390977443607,4008241444319638.5,0.0,20995485195395.1,0.0,-6.250757944316191e-08,3521356172508.093,-1.2406980258295566e-12,-6.314495597025907e-14,-6.087310376249846e-16,-9.73555498691653e-09,0.0001781447279249823,-9.639879043519505e-12,-6.682275267033621e-13,black
358.0451127819549,4058767663868511.0,0.0,20995488670239.56,0.0,-6.250757944316191e-08,3537775479680.2676,-1.2406980258295566e-12,-6.314495597025907e-14,-6.087310376249846e-16,-9.73555498691653e-09,0.00017897788445727262,-9.639879043519505e-12,-6.682275267033621e-13,black
358.5263157894737,4109293883417383.5,0.0,20995492048464.746,0.0,-6.250757944316191e-08,3553808022298.1274,-1.2406980258295566e-12,-6.314495597025907e-14,-6.087310376249846e-16,-9.73555498691653e-09,0.0001797914155222177,-9.639879043519505e-12,-6.682275267033621e-13,black
359.0075187969925,4159820102966255.0,0.0,20995495323655.95,0.0,-6.250757944316191e-08,3569461654241.7324,-1.2406980258295566e-12,-6.314495597025907e-14,-6.087310376249846e-16,-9.73555498691653e-09,0.00018058571964566362,-9.639879043519505e-12,-6.682275267033621e-13,black
359.4887218045113,4210346322515127.0,0.0,20995498488316.72,0.0,-6.250757944316191e-08,3584743779820.91,-1.2406980258295566e-12,-6.314495597025907e-14,-6.087310376249846e-16,-9.73555498691653e-09,0.0001813611725402771,-9.639879043519505e-12,-6.682275267033621e-13,black
359.96992481203006,4260872542063999.5,0.0,20995501533868.87,0.0,-6.250757944316191e-08,3599661353775.2583,-1.2406980258295566e-12,-6.314495597025907e-14,-6.087310376249846e-16,-9.73555498691653e-09,0.0001821181271055454,-9.639879043519505e-12,-6.682275267033621e-13,black
360.4511278195489,4311398761612872.0,0.0,20995504488056.805,0.0,-6.250757944316191e-08,3614226173723.2773,-1.2406980258295566e-12,-6.314495597025907e-14,-6.087310376249846e-16,-9.73555498691653e-09,0.00018285718199953624,-9.639879043519505e-12,-6.682275267033621e-13,black
360.9323308270677,4361924981161743.5,0.0,20995507457572.28,0.0,-6.250757944316191e-08,3628460911276.7275,-1.2406980258295566e-12,-6.314495597025907e-14,-6.087310376249846e-16,-9.73555498691653e-09,0.00018357948769512084,-9.639879043519505e-12,-6.682275267033621e-13,black
361.4135338345865,4412451200710615.5,0.0,20995510354326.68,0.0,-6.250757944316191e-08,3642360381460.3525,-1.2406980258295566e-12,-6.314495597025907e-14,-6.087310376249846e-16,-9.73555498691653e-09,0.00018428478104963548,-9.639879043519505e-12,-6.682275267033621e-13,black
361.89473684210526,4462977420259488.0,0.0,20995513179417.715,0.0,-6.250757944316191e-08,3655931722035.0107,-1.2406980258295566e-12,-6.314495597025907e-14,-6.087310376249846e-16,-9.73555498691653e-09,0.00018497342425343594,-9.639879043519505e-12,-6.682275267033621e-13,black
362.37593984962405,4513503639808361.0,0.0,20995515933846.277,0.0,-6.250757944316191e-08,3669181760547.7793,-1.2406980258295566e-12,-6.314495597025907e-14,-6.087310376249846e-16,-9.73555498691653e-09,0.000185645763755511,-9.639879043519505e-12,-6.682275267033621e-13,black
362.85714285714283,4564029859357232.0,0.0,20995518618516.418,0.0,-6.250757944316191e-08,3682117014331.958,-1.2406980258295566e-12,-6.314495597025907e-14,-6.087310376249846e-16,-9.73555498691653e-09,0.00018630213026348254,-9.639879043519505e-12,-6.682275267033621e-13,black
363.3383458646616,4614556078906104.0,0.0,20995521234235.363,0.0,-6.250757944316191e-08,3694743690507.066,-1.2406980258295566e-12,-6.314495597025907e-14,-6.087310376249846e-16,-9.73555498691653e-09,0.0001869428387436055,-9.639879043519505e-12,-6.682275267033621e-13,black
363.81954887218046,4665082298454977.0,0.0,20995523781713.508,0.0,-6.250757944316191e-08,3707067685978.8438,-1.2406980258295566e-12,-6.314495597025907e-14,-6.087310376249846e-16,-9.73555498691653e-09,0.00018756818842076778,-9.639879043519505e-12,-6.682275267033621e-13,black
364.30075187969925,4715608518003849.0,0.0,20995526261564.414,0.0,-6.250757944316191e-08,3719094587439.253,-1.2406980258295566e-12,-6.314495597025907e-14,-6.087310376249846e-16,-9.73555498691653e-09,0.00018817846277849041,-9.639879043519505e-12,-6.682275267033621e-13,black
364.78195488721803,4766134737552721.0,0.0,20995528695581.47,0.0,-6.250757944316191e-08,3730848733209.1133,-1.2406980258295566e-12,-6.314495597025907e-14,-6.087310376249846e-16,-9.73555498691653e-09,0.0001887748968249035,-9.639879043519505e-12,-6.682275267033621e-13,black
365.2631578947368,4816660957101593.0,0.0,20995531073795.023,0.0,-6.250757944316191e-08,3742325781512.277,-1.2406980258295566e-12,-6.314495597025907e-14,-6.087310376249846e-16,-9.73555498691653e-09,0.00018935727023757233,-9.639879043519505e-12,-6.682275267033621e-13,black
365.7443609022556,4867187176650466.0,0.0,20995533397213.043,0.0,-6.250757944316191e-08,3753531002000.8696,-1.2406980258295566e-12,-6.314495597025907e-14,-6.087310376249846e-16,-9.73555498691653e-09,0.00018992585041224884,-9.639879043519505e-12,-6.682275267033621e-13,black
366.22556390977445,4917713396199338.0,0.0,20995535667989.906,0.0,-6.250757944316191e-08,3764470467948.4907,-1.2406980258295566e-12,-6.314495597025907e-14,-6.087310376249846e-16,-9.73555498691653e-09,0.00019048094552329682,-9.639879043519505e-12,-6.682275267033621e-13,black
366.70676691729324,4968239615748210.0,0.0,20995537888312.527,0.0,-6.250757944316191e-08,3775150058302.2114,-1.2406980258295566e-12,-6.314495597025907e-14,-6.087310376249846e-16,-9.73555498691653e-09,0.0001910228538842461,-9.639879043519505e-12,-6.682275267033621e-13,black
367.187969924812,5018765835297082.0,0.0,20995540060400.33,0.0,-6.250757944316191e-08,3785575457682.5737,-1.2406980258295566e-12,-6.314495597025907e-14,-6.087310376249846e-16,-9.73555498691653e-09,0.00019155186394779263,-9.639879043519505e-12,-6.682275267033621e-13,black
367.6691729323308,5069292054845954.0,0.0,20995542186505.26,0.0,-6.250757944316191e-08,3795752156383.5923,-1.2406980258295566e-12,-6.314495597025907e-14,-6.087310376249846e-16,-9.73555498691653e-09,0.00019206825430579842,-9.639879043519505e-12,-6.682275267033621e-13,black
368.1503759398496,5119818274394827.0,0.0,20995544268911.797,0.0,-6.250757944316191e-08,3805685450372.7524,-1.2406980258295566e-12,-6.314495597025907e-14,-6.087310376249846e-16,-9.73555498691653e-09,0.00019257229368929146,-9.639879043519505e-12,-6.682275267033621e-13,black
368.63157894736844,5170344493943699.0,0.0,20995546298805.758,0.0,-6.250757944316191e-08,3815385801030.783,-1.2406980258295566e-12,-6.314495597025907e-14,-6.087310376249846e-16,-9.73555498691653e-09,0.00019306451294464925,-9.639879043519505e-12,-6.682275267033621e-13,black
369.1127819548872,5220870713492571.0,0.0,20995548276653.656,0.0,-6.250757944316191e-08,3824859022348.407,-1.2406980258295566e-12,-6.314495597025907e-14,-6.087310376249846e-16,-9.73555498691653e-09,0.0001935452070898758,-9.639879043519505e-12,-6.682275267033621e-13,black
369.593984962406,5271396933041443.0,0.0,20995550208673.895,0.0,-6.250757944316191e-08,3834107980074.259,-1.2406980258295566e-12,-6.314495597025907e-14,-6.087310376249846e-16,-9.73555498691653e-09,0.00019401452153665425,-9.639879043519505e-12,-6.682275267033621e-13,black
370.0751879699248,5321923152590316.0,0.0,20995552095705.617,0.0,-6.250757944316191e-08,3843137951441.9697,-1.2406980258295566e-12,-6.314495597025907e-14,-6.087310376249846e-16,-9.73555498691653e-09,0.00019447272406588676,-9.639879043519505e-12,-6.682275267033621e-13,black
370.5563909774436,5372449372139188.0,0.0,20995553938512.54,0.0,-6.250757944316191e-08,3851954071333.959,-1.2406980258295566e-12,-6.314495597025907e-14,-6.087310376249846e-16,-9.73555498691653e-09,0.000194920075235092,-9.639879043519505e-12,-6.682275267033621e-13,black
371.0375939849624,5422975591688060.0,0.0,20995555737782.965,0.0,-6.250757944316191e-08,3860561332281.435,-1.2406980258295566e-12,-6.314495597025907e-14,-6.087310376249846e-16,-9.73555498691653e-09,0.0001953568283784052,-9.639879043519505e-12,-6.682275267033621e-13,black
371.5187969924812,5473501811236932.0,0.0,20995557494129.766,0.0,-6.250757944316191e-08,3868964584464.3936,-1.2406980258295566e-12,-6.314495597025907e-14,-6.087310376249846e-16,-9.73555498691653e-09,0.00019578322960657807,-9.639879043519505e-12,-6.682275267033621e-13,black
372.0,5524028030785805.0,0.0,20995559208090.395,0.0,-6.250757944316191e-08,3877168535711.6177,-1.2406980258295566e-12,-6.314495597025907e-14,-6.087310376249846e-16,-9.73555498691653e-09,0.00019619951780697886,-9.639879043519505e-12,-6.682275267033621e-13,black
372.4812030075188,5574554250334676.0,0.0,20995560882501.902,0.0,-6.250757944316191e-08,3885178930962.706,-1.2406980258295566e-12,-6.314495597025907e-14,-6.087310376249846e-16,-9.73555498691653e-09,0.00019660598449630596,-9.639879043519505e-12,-6.682275267033621e-13,black
372.9624060150376,5625080469883549.0,0.0,20995562522293.92,0.0,-6.250757944316191e-08,3893002449477.6353,-1.2406980258295566e-12,-6.314495597025907e-14,-6.087310376249846e-16,-9.73555498691653e-09,0.0001970029686044074,-9.639879043519505e-12,-6.682275267033621e-13,black
373.4436090225564,5675606689432421.0,0.0,20995564123901.324,0.0,-6.250757944316191e-08,3900641446997.6406,-1.2406980258295566e-12,-6.314495597025907e-14,-6.087310376249846e-16,-9.73555498691653e-09,0.00019739058966116506,-9.639879043519505e-12,-6.682275267033621e-13,black
373.9248120300752,5726132908981294.0,0.0,20995565687998.543,0.0,-6.250757944316191e-08,3908100279791.959,-1.2406980258295566e-12,-6.314495597025907e-14,-6.087310376249846e-16,-9.73555498691653e-09,0.00019776906871514174,-9.639879043519505e-12,-6.682275267033621e-13,black
374.406015037594,5776659128530166.0,0.0,20995567215209.734,0.0,-6.250757944316191e-08,3915383174273.09,-1.2406980258295566e-12,-6.314495597025907e-14,-6.087310376249846e-16,-9.73555498691653e-09,0.00019813862022555857,-9.639879043519505e-12,-6.682275267033621e-13,black
374.8872180451128,5827185348079037.0,0.0,20995568706108.812,0.0,-6.250757944316191e-08,3922494226996.797,-1.2406980258295566e-12,-6.314495597025907e-14,-6.087310376249846e-16,-9.73555498691653e-09,0.00019849945206229505,-9.639879043519505e-12,-6.682275267033621e-13,black
375.36842105263156,5877711567627910.0,0.0,20995570161219.406,0.0,-6.250757944316191e-08,3929437404662.1064,-1.2406980258295566e-12,-6.314495597025907e-14,-6.087310376249846e-16,-9.73555498691653e-09,0.00019885176550588904,-9.639879043519505e-12,-6.682275267033621e-13,black
375.8496240601504,5928237787176782.0,0.0,20995571581014.9,0.0,-6.250757944316191e-08,3936216544111.308,-1.2406980258295566e-12,-6.314495597025907e-14,-6.087310376249846e-16,-9.73555498691653e-09,0.00019919575524753665,-9.639879043519505e-12,-6.682275267033621e-13,black
376.33082706766913,5978764006725654.0,0.0,20995572965918.402,0.0,-6.250757944316191e-08,3942835352329.954,-1.2406980258295566e-12,-6.314495597025907e-14,-6.087310376249846e-16,-9.73555498691653e-09,0.00019953160938909243,-9.639879043519505e-12,-6.682275267033621e-13,black
376.812030075188,6029290226274526.0,0.0,20995574316302.77,0.0,-6.250757944316191e-08,3949297406446.861,-1.2406980258295566e-12,-6.314495597025907e-14,-6.087310376249846e-16,-9.73555498691653e-09,0.00019985950944306926,-9.639879043519505e-12,-6.682275267033621e-13,black
377.29323308270676,6079816445823399.0,0.0,20995575632490.594,0.0,-6.250757944316191e-08,3955606153734.107,-1.2406980258295566e-12,-6.314495597025907e-14,-6.087310376249846e-16,-9.73555498691653e-09,0.00020017963033263828,-9.639879043519505e-12,-6.682275267033621e-13,black
377.77443609022555,6130342665372272.0,0.0,20995576922302.37,0.0,-6.250757944316191e-08,3961769699436.2183,-1.2406980258295566e-12,-6.314495597025907e-14,-6.087310376249846e-16,-9.73555498691653e-09,0.0002004923833361185,-9.639879043519505e-12,-6.682275267033621e-13,black
378.2556390977444,6180868884921144.0,0.0,20995578181977.766,0.0,-6.250757944316191e-08,3967788705059.242,-1.2406980258295566e-12,-6.314495597025907e-14,-6.087310376249846e-16,-9.73555498691653e-09,0.00020079780202079568,-9.639879043519505e-12,-6.682275267033621e-13,black
378.7368421052631,6231395104470015.0,0.0,20995579411444.793,0.0,-6.250757944316191e-08,3973666073674.8223,-1.2406980258295566e-12,-6.314495597025907e-14,-6.087310376249846e-16,-9.73555498691653e-09,0.00020109603369555424,-9.639879043519505e-12,-6.682275267033621e-13,black
379.21804511278197,6281921324018888.0,0.0,20995580611281.96,0.0,-6.250757944316191e-08,3979405022982.3027,-1.2406980258295566e-12,-6.314495597025907e-14,-6.087310376249846e-16,-9.73555498691653e-09,0.00020138724163400916,-9.639879043519505e-12,-6.682275267033621e-13,black
379.69924812030075,6332447543567760.0,0.0,20995581782042.863,0.0,-6.250757944316191e-08,3985008656906.932,-1.2406980258295566e-12,-6.314495597025907e-14,-6.087310376249846e-16,-9.73555498691653e-09,0.00020167158333650058,-9.639879043519505e-12,-6.682275267033621e-13,black
380.18045112781954,6382973763116631.0,0.0,20995582924256.19,0.0,-6.250757944316191e-08,3990479965599.862,-1.2406980258295566e-12,-6.314495597025907e-14,-6.087310376249846e-16,-9.73555498691653e-09,0.00020194921053009391,-9.639879043519505e-12,-6.682275267033621e-13,black
380.6616541353383,6433499982665504.0,0.0,20995584038425.72,0.0,-6.250757944316191e-08,3995821825438.149,-1.2406980258295566e-12,-6.314495597025907e-14,-6.087310376249846e-16,-9.73555498691653e-09,0.00020222026916857987,-9.639879043519505e-12,-6.682275267033621e-13,black
381.1428571428571,6484026202214376.0,0.0,20995585125030.33,0.0,-6.250757944316191e-08,4001036999024.752,-1.2406980258295566e-12,-6.314495597025907e-14,-6.087310376249846e-16,-9.73555498691653e-09,0.00020248489943247425,-9.639879043519505e-12,-6.682275267033621e-13,black
381.62406015037595,6534552421763249.0,0.0,20995586184523.977,0.0,-6.250757944316191e-08,4006128135188.534,-1.2406980258295566e-12,-6.314495597025907e-14,-6.087310376249846e-16,-9.73555498691653e-09,0.00020274323572901825,-9.639879043519505e-12,-6.682275267033621e-13,black
382.10526315789474,6585078641312122.0,0.0,20995587217335.727,0.0,-6.250757944316191e-08,4011097768984.263,-1.2406980258295566e-12,-6.314495597025907e-14,-6.087310376249846e-16,-9.73555498691653e-09,0.00020299540669217823,-9.639879043519505e-12,-6.682275267033621e-13,black
382.5864661654135,6635604860860993.0,0.0,20995588226257.92,0.0,-6.250757944316191e-08,4015951910050.978,-1.2406980258295566e-12,-6.314495597025907e-14,-6.087310376249846e-16,-9.73555498691653e-09,0.00020324171728643514,-9.639879043519505e-12,-6.682275267033621e-13,black
383.0676691729323,6686131080409866.0,0.0,20995589213049.566,0.0,-6.250757944316191e-08,4020694939025.277,-1.2406980258295566e-12,-6.314495597025907e-14,-6.087310376249846e-16,-9.73555498691653e-09,0.0002034823898074361,-9.639879043519505e-12,-6.682275267033621e-13,black
383.5488721804511,6736657299958738.0,0.0,20995590176255.92,0.0,-6.250757944316191e-08,4025326331452.256,-1.2406980258295566e-12,-6.314495597025907e-14,-6.087310376249846e-16,-9.73555498691653e-09,0.00020371739762540232,-9.639879043519505e-12,-6.682275267033621e-13,black
384.03007518796994,6787183519507609.0,0.0,20995591116484.895,0.0,-6.250757944316191e-08,4029848585710.208,-1.2406980258295566e-12,-6.314495597025907e-14,-6.087310376249846e-16,-9.73555498691653e-09,0.00020394686751538222,-9.639879043519505e-12,-6.682275267033621e-13,black
384.5112781954887,6837709739056482.0,0.0,20995592034335.285,0.0,-6.250757944316191e-08,4034264110163.326,-1.2406980258295566e-12,-6.314495597025907e-14,-6.087310376249846e-16,-9.73555498691653e-09,0.00020417092168493347,-9.639879043519505e-12,-6.682275267033621e-13,black
384.9924812030075,6888235958605354.0,0.0,20995592930396.812,0.0,-6.250757944316191e-08,4038575223161.7007,-1.2406980258295566e-12,-6.314495597025907e-14,-6.087310376249846e-16,-9.73555498691653e-09,0.00020438967777412298,-9.639879043519505e-12,-6.682275267033621e-13,black
385.4736842105263,6938762178154227.0,0.0,20995593805250.098,0.0,-6.250757944316191e-08,4042784153041.3203,-1.2406980258295566e-12,-6.314495597025907e-14,-6.087310376249846e-16,-9.73555498691653e-09,0.00020460324885552685,-9.639879043519505e-12,-6.682275267033621e-13,black
385.9548872180451,6989288397703099.0,0.0,20995594659466.656,0.0,-6.250757944316191e-08,4046893038124.0728,-1.2406980258295566e-12,-6.314495597025907e-14,-6.087310376249846e-16,-9.73555498691653e-09,0.0002048117434342304,-9.639879043519505e-12,-6.682275267033621e-13,black
386.43609022556393,7039814617251970.0,0.0,20995595493608.918,0.0,-6.250757944316191e-08,4050903926717.7437,-1.2406980258295566e-12,-6.314495597025907e-14,-6.087310376249846e-16,-9.73555498691653e-09,0.00020501526544782818,-9.639879043519505e-12,-6.682275267033621e-13,black
386.9172932330827,7090340836800843.0,0.0,20995596308230.223,0.0,-6.250757944316191e-08,4054818777116.017,-1.2406980258295566e-12,-6.314495597025907e-14,-6.087310376249846e-16,-9.73555498691653e-09,0.000205213914266424,-9.639879043519505e-12,-6.682275267033621e-13,black
387.3984962406015,7140867056349716.0,0.0,20995597103763.766,0.0,-6.250757944316191e-08,4058639964808.894,-1.2406980258295566e-12,-6.314495597025907e-14,-6.087310376249846e-16,-9.73555498691653e-09,0.00020540781042370848,-9.639879043519505e-12,-6.682275267033621e-13,black
387.8796992481203,7191393275898587.0,0.0,20995597879280.37,0.0,-6.250757944316191e-08,4062375956596.8335,-1.2406980258295566e-12,-6.314495597025907e-14,-6.087310376249846e-16,-9.73555498691653e-09,0.00020559738346804854,-9.639879043519505e-12,-6.682275267033621e-13,black
388.3609022556391,7241919495447460.0,0.0,20995598636306.844,0.0,-6.250757944316191e-08,4066023869600.5693,-1.2406980258295566e-12,-6.314495597025907e-14,-6.087310376249846e-16,-9.73555498691653e-09,0.0002057824871709764,-9.639879043519505e-12,-6.682275267033621e-13,black
388.8421052631579,7292445714996332.0,0.0,20995599375275.613,0.0,-6.250757944316191e-08,4069585688167.8403,-1.2406980258295566e-12,-6.314495597025907e-14,-6.087310376249846e-16,-9.73555498691653e-09,0.0002059632222202395,-9.639879043519505e-12,-6.682275267033621e-13,black
389.3233082706767,7342971934545205.0,0.0,20995600096605.09,0.0,-6.250757944316191e-08,4073063329083.518,-1.2406980258295566e-12,-6.314495597025907e-14,-6.087310376249846e-16,-9.73555498691653e-09,0.00020613968587505872,-9.639879043519505e-12,-6.682275267033621e-13,black
389.8045112781955,7393498154094077.0,0.0,20995600800699.688,0.0,-6.250757944316191e-08,4076458641569.6045,-1.2406980258295566e-12,-6.314495597025907e-14,-6.087310376249846e-16,-9.73555498691653e-09,0.0002063119719661281,-9.639879043519505e-12,-6.682275267033621e-13,black
390.2857142857143,7444024373642948.0,0.0,20995601487949.797,0.0,-6.250757944316191e-08,4079773407285.2344,-1.2406980258295566e-12,-6.314495597025907e-14,-6.087310376249846e-16,-9.73555498691653e-09,0.00020648017089561495,-9.639879043519505e-12,-6.682275267033621e-13,black
390.76691729323306,7494550593191821.0,0.0,20995602158731.805,0.0,-6.250757944316191e-08,4083009340326.6743,-1.2406980258295566e-12,-6.314495597025907e-14,-6.087310376249846e-16,-9.73555498691653e-09,0.00020664436963715993,-9.639879043519505e-12,-6.682275267033621e-13,black
391.2481203007519,7545076812740693.0,0.0,20995602813408.086,0.0,-6.250757944316191e-08,4086168087227.3228,-1.2406980258295566e-12,-6.314495597025907e-14,-6.087310376249846e-16,-9.73555498691653e-09,0.00020680465173587685,-9.639879043519505e-12,-6.682275267033621e-13,black
391.72932330827064,7595603032289565.0,0.0,20995603452327.01,0.0,-6.250757944316191e-08,4089251226957.709,-1.2406980258295566e-12,-6.314495597025907e-14,-6.087310376249846e-16,-9.73555498691653e-09,0.0002069610973083529,-9.639879043519505e-12,-6.682275267033621e-13,black
392.2105263157895,7646129251838437.0,0.0,20995604075822.938,0.0,-6.250757944316191e-08,4092260270925.495,-1.2406980258295566e-12,-6.314495597025907e-14,-6.087310376249846e-16,-9.73555498691653e-09,0.00020711378304264847,-9.639879043519505e-12,-6.682275267033621e-13,black
392.69172932330827,7696655471387310.0,0.0,20995604685996.53,0.0,-6.250757944316191e-08,4095200191931.8374,-1.2406980258295566e-12,-6.314495597025907e-14,-6.087310376249846e-16,-9.73555498691653e-09,0.0002072629614229612,-9.639879043519505e-12,-6.682275267033621e-13,black
393.17293233082705,7747181690936183.0,0.0,20995605283051.867,0.0,-6.250757944316191e-08,4098072163541.165,-1.2406980258295566e-12,-6.314495597025907e-14,-6.087310376249846e-16,-9.73555498691653e-09,0.00020740869198491006,-9.639879043519505e-12,-6.682275267033621e-13,black
393.6541353383459,7797707910485055.0,0.0,20995605866674.16,0.0,-6.250757944316191e-08,4100876291056.1694,-1.2406980258295566e-12,-6.314495597025907e-14,-6.087310376249846e-16,-9.73555498691653e-09,0.00020755098001321932,-9.639879043519505e-12,-6.682275267033621e-13,black
394.1353383458646,7848234130033926.0,0.0,20995606437291.84,0.0,-6.250757944316191e-08,4103614113184.9385,-1.2406980258295566e-12,-6.314495597025907e-14,-6.087310376249846e-16,-9.73555498691653e-09,0.0002076899035935734,-9.639879043519505e-12,-6.682275267033621e-13,black
394.61654135338347,7898760349582799.0,0.0,20995606995327.76,0.0,-6.250757944316191e-08,4106287117802.9917,-1.2406980258295566e-12,-6.314495597025907e-14,-6.087310376249846e-16,-9.73555498691653e-09,0.00020782553823280964,-9.639879043519505e-12,-6.682275267033621e-13,black
395.09774436090225,7949286569131671.0,0.0,20995607541199.223,0.0,-6.250757944316191e-08,4108896741953.2817,-1.2406980258295566e-12,-6.314495597025907e-14,-6.087310376249846e-16,-9.73555498691653e-09,0.00020795795685891842,-9.639879043519505e-12,-6.682275267033621e-13,black
395.57894736842104,7999812788680542.0,0.0,20995608075317.94,0.0,-6.250757944316191e-08,4111444371846.1934,-1.2406980258295566e-12,-6.314495597025907e-14,-6.087310376249846e-16,-9.73555498691653e-09,0.000208087229821043,-9.639879043519505e-12,-6.682275267033621e-13,black
396.0601503759398,8050339008229415.0,0.0,20995608598090.066,0.0,-6.250757944316191e-08,4113931342859.5444,-1.2406980258295566e-12,-6.314495597025907e-14,-6.087310376249846e-16,-9.73555498691653e-09,0.00020821342488947967,-9.639879043519505e-12,-6.682275267033621e-13,black
396.5413533834586,8100865227778287.0,0.0,20995609109916.188,0.0,-6.250757944316191e-08,4116358939538.5845,-1.2406980258295566e-12,-6.314495597025907e-14,-6.087310376249846e-16,-9.73555498691653e-09,0.00020833660725567757,-9.639879043519505e-12,-6.682275267033621e-13,black
397.02255639097746,8151391447327160.0,0.0,20995609611191.316,0.0,-6.250757944316191e-08,4118728395595.9966,-1.2406980258295566e-12,-6.314495597025907e-14,-6.087310376249846e-16,-9.73555498691653e-09,0.00020845683953223885,-9.639879043519505e-12,-6.682275267033621e-13,black
397.50375939849624,8201917666876033.0,0.0,20995610100829.812,0.0,-6.250757944316191e-08,4121042254201.276,-1.2406980258295566e-12,-6.314495597025907e-14,-6.087310376249846e-16,-9.73555498691653e-09,0.00020857425063982928,-9.639879043519505e-12,-6.682275267033621e-13,black
397.98496240601503,8252443886424904.0,0.0,20995610575367.63,0.0,-6.250757944316191e-08,4123305195886.7715,-1.2406980258295566e-12,-6.314495597025907e-14,-6.087310376249846e-16,-9.73555498691653e-09,0.00020868907773346972,-9.639879043519505e-12,-6.682275267033621e-13,black
398.4661654135338,8302970105973777.0,0.0,20995611038792.34,0.0,-6.250757944316191e-08,4125514973460.24,-1.2406980258295566e-12,-6.314495597025907e-14,-6.087310376249846e-16,-9.73555498691653e-09,0.00020880120713413723,-9.639879043519505e-12,-6.682275267033621e-13,black
398.9473684210526,8353496325522649.0,0.0,20995611491286.434,0.0,-6.250757944316191e-08,4127672792756.773,-1.2406980258295566e-12,-6.314495597025907e-14,-6.087310376249846e-16,-9.73555498691653e-09,0.0002089107000242088,-9.639879043519505e-12,-6.682275267033621e-13,black
399.42857142857144,8404022545071520.0,0.0,20995611933018.367,0.0,-6.250757944316191e-08,4129779816560.4043,-1.2406980258295566e-12,-6.314495597025907e-14,-6.087310376249846e-16,-9.73555498691653e-09,0.0002090176154012808,-9.639879043519505e-12,-6.682275267033621e-13,black
399.90977443609023,8454548764620393.0,0.0,20995612364142.61,0.0,-6.250757944316191e-08,4131837164604.115,-1.2406980258295566e-12,-6.314495597025907e-14,-6.087310376249846e-16,-9.73555498691653e-09,0.00020912201007816897,-9.639879043519505e-12,-6.682275267033621e-13,black
400.390977443609,8505074984169265.0,0.0,20995612784799.613,0.0,-6.250757944316191e-08,4133845913569.829,-1.2406980258295566e-12,-6.314495597025907e-14,-6.087310376249846e-16,-9.73555498691653e-09,0.0002092239386829083,-9.639879043519505e-12,-6.682275267033621e-13,black
400.8721804511278,8555601203718138.0,0.0,20995613195115.82,0.0,-6.250757944316191e-08,4135807097088.4165,-1.2406980258295566e-12,-6.314495597025907e-14,-6.087310376249846e-16,-9.73555498691653e-09,0.00020932345365875328,-9.639879043519505e-12,-6.682275267033621e-13,black
401.3533834586466,8606127423267010.0,0.0,20995613595203.67,0.0,-6.250757944316191e-08,4137721705739.6904,-1.2406980258295566e-12,-6.314495597025907e-14,-6.087310376249846e-16,-9.73555498691653e-09,0.0002094206052641776,-9.639879043519505e-12,-6.682275267033621e-13,black
401.83458646616543,8656653642815881.0,0.0,20995613985161.598,0.0,-6.250757944316191e-08,4139590687052.4097,-1.2406980258295566e-12,-6.314495597025907e-14,-6.087310376249846e-16,-9.73555498691653e-09,0.0002095154415728744,-9.639879043519505e-12,-6.682275267033621e-13,black
402.3157894736842,8707179862364754.0,0.0,20995614365074.023,0.0,-6.250757944316191e-08,4141414945504.2773,-1.2406980258295566e-12,-6.314495597025907e-14,-6.087310376249846e-16,-9.73555498691653e-09,0.00020960800847375608,-9.639879043519505e-12,-6.682275267033621e-13,black
402.796992481203,8757706081913626.0,0.0,20995614735011.363,0.0,-6.250757944316191e-08,4143195342521.9414,-1.2406980258295566e-12,-6.314495597025907e-14,-6.087310376249846e-16,-9.73555498691653e-09,0.00020969834967095451,-9.639879043519505e-12,-6.682275267033621e-13,black
403.2781954887218,8808232301462498.0,0.0,20995615095030.02,0.0,-6.250757944316191e-08,4144932696480.9946,-1.2406980258295566e-12,-6.314495597025907e-14,-6.087310376249846e-16,-9.73555498691653e-09,0.00020978650668382077,-9.639879043519505e-12,-6.682275267033621e-13,black
403.7593984962406,8858758521011370.0,0.0,20995615445172.402,0.0,-6.250757944316191e-08,4146627782705.9736,-1.2406980258295566e-12,-6.314495597025907e-14,-6.087310376249846e-16,-9.73555498691653e-09,0.00020987251884692538,-9.639879043519505e-12,-6.682275267033621e-13,black
404.2406015037594,8909284740560242.0,0.0,20995615787903.105,0.0,-6.250757944316191e-08,4148284161804.3438,-1.2406980258295566e-12,-6.314495597025907e-14,-6.087310376249846e-16,-9.73555498691653e-09,0.0002099565669835409,-9.639879043519505e-12,-6.682275267033621e-13,black
404.7218045112782,8959810960109114.0,0.0,20995616125751.504,0.0,-6.250757944316191e-08,4149905442792.438,-1.2406980258295566e-12,-6.314495597025907e-14,-6.087310376249846e-16,-9.73555498691653e-09,0.00021003883437813306,-9.639879043519505e-12,-6.682275267033621e-13,black
405.203007518797,9010337179657988.0,0.0,20995616455596.445,0.0,-6.250757944316191e-08,4151488647876.9043,-1.2406980258295566e-12,-6.314495597025907e-14,-6.087310376249846e-16,-9.73555498691653e-09,0.00021011916972106125,-9.639879043519505e-12,-6.682275267033621e-13,black
405.6842105263158,9060863399206858.0,0.0,20995616777625.65,0.0,-6.250757944316191e-08,4153034613938.475,-1.2406980258295566e-12,-6.314495597025907e-14,-6.087310376249846e-16,-9.73555498691653e-09,0.00021019761548231615,-9.639879043519505e-12,-6.682275267033621e-13,black
406.16541353383457,9111389618755730.0,0.0,20995617092021.7,0.0,-6.250757944316191e-08,4154544145111.429,-1.2406980258295566e-12,-6.314495597025907e-14,-6.087310376249846e-16,-9.73555498691653e-09,0.00021027421247056028,-9.639879043519505e-12,-6.682275267033621e-13,black
406.6466165413534,9161915838304604.0,0.0,20995617398962.06,0.0,-6.250757944316191e-08,4156018012783.594,-1.2406980258295566e-12,-6.314495597025907e-14,-6.087310376249846e-16,-9.73555498691653e-09,0.00021034899983312787,-9.639879043519505e-12,-6.682275267033621e-13,black
407.12781954887214,9212442057853474.0,0.0,20995617698619.055,0.0,-6.250757944316191e-08,4157456955596.346,-1.2406980258295566e-12,-6.314495597025907e-14,-6.087310376249846e-16,-9.73555498691653e-09,0.00021042201505602493,-9.639879043519505e-12,-6.682275267033621e-13,black
407.609022556391,9262968277402346.0,0.0,20995617991159.88,0.0,-6.250757944316191e-08,4158861679444.608,-1.2406980258295566e-12,-6.314495597025907e-14,-6.087310376249846e-16,-9.73555498691653e-09,0.00021049329396392923,-9.639879043519505e-12,-6.682275267033621e-13,black
408.09022556390977,9313494496951220.0,0.0,20995618276746.594,0.0,-6.250757944316191e-08,4160232857476.851,-1.2406980258295566e-12,-6.314495597025907e-14,-6.087310376249846e-16,-9.73555498691653e-09,0.00021056287072019023,-9.639879043519505e-12,-6.682275267033621e-13,black
408.57142857142856,9364020716500092.0,0.0,20995618555536.125,0.0,-6.250757944316191e-08,4161571130095.0947,-1.2406980258295566e-12,-6.314495597025907e-14,-6.087310376249846e-16,-9.73555498691653e-09,0.00021063077782682927,-9.639879043519505e-12,-6.682275267033621e-13,black
409.0526315789474,9414546936048964.0,0.0,20995618827680.28,0.0,-6.250757944316191e-08,4162877104954.906,-1.2406980258295566e-12,-6.314495597025907e-14,-6.087310376249846e-16,-9.73555498691653e-09,0.00021069704612453936,-9.639879043519505e-12,-6.682275267033621e-13,black
409.5338345864661,9465073155597836.0,0.0,20995619093325.723,0.0,-6.250757944316191e-08,4164151356965.399,-1.2406980258295566e-12,-6.314495597025907e-14,-6.087310376249846e-16,-9.73555498691653e-09,0.00021076170479268527,-9.639879043519505e-12,-6.682275267033621e-13,black
410.01503759398497,9515599375146708.0,0.0,20995619352613.99,0.0,-6.250757944316191e-08,4165394428289.238,-1.2406980258295566e-12,-6.314495597025907e-14,-6.087310376249846e-16,-9.73555498691653e-09,0.00021082478134930354,-9.639879043519505e-12,-6.682275267033621e-13,black
410.49624060150376,9566125594695580.0,0.0,20995619605681.48,0.0,-6.250757944316191e-08,4166606828342.633,-1.2406980258295566e-12,-6.314495597025907e-14,-6.087310376249846e-16,-9.73555498691653e-09,0.00021088630165110248,-9.639879043519505e-12,-6.682275267033621e-13,black
410.97744360902254,9616651814244452.0,0.0,20995619852962.676,0.0,-6.250757944316191e-08,4167792630897.844,-1.2406980258295566e-12,-6.314495597025907e-14,-6.087310376249846e-16,-9.73555498691653e-09,0.00021094647223552637,-9.639879043519505e-12,-6.682275267033621e-13,black
411.45864661654133,9667178033793324.0,0.0,20995620094667.305,0.0,-6.250757944316191e-08,4168953271520.4487,-1.2406980258295566e-12,-6.314495597025907e-14,-6.087310376249846e-16,-9.73555498691653e-09,0.00021100536590433505,-9.639879043519505e-12,-6.682275267033621e-13,black
411.9398496240601,9717704253342198.0,0.0,20995620330697.555,0.0,-6.250757944316191e-08,4170086565381.479,-1.2406980258295566e-12,-6.314495597025907e-14,-6.087310376249846e-16,-9.73555498691653e-09,0.000211062871935153,-9.639879043519505e-12,-6.682275267033621e-13,black
412.42105263157896,9768230472891070.0,0.0,20995620561187.625,0.0,-6.250757944316191e-08,4171193108308.545,-1.2406980258295566e-12,-6.314495597025907e-14,-6.087310376249846e-16,-9.73555498691653e-09,0.00021111902055953843,-9.639879043519505e-12,-6.682275267033621e-13,black
412.90225563909775,9818756692439942.0,0.0,20995620786267.387,0.0,-6.250757944316191e-08,4172273472908.278,-1.2406980258295566e-12,-6.314495597025907e-14,-6.087310376249846e-16,-9.73555498691653e-09,0.00021117384083058066,-9.639879043519505e-12,-6.682275267033621e-13,black
413.38345864661653,9869282911988814.0,0.0,20995621006062.39,0.0,-6.250757944316191e-08,4173328208566.3296,-1.2406980258295566e-12,-6.314495597025907e-14,-6.087310376249846e-16,-9.73555498691653e-09,0.0002112273606229001,-9.639879043519505e-12,-6.682275267033621e-13,black
413.8646616541353,9919809131537686.0,0.0,20995621220693.848,0.0,-6.250757944316191e-08,4174357841447.3745,-1.2406980258295566e-12,-6.314495597025907e-14,-6.087310376249846e-16,-9.73555498691653e-09,0.00021127960663264818,-9.639879043519505e-12,-6.682275267033621e-13,black
414.3458646616541,9970335351086558.0,0.0,20995621430278.645,0.0,-6.250757944316191e-08,4175362874495.1074,-1.2406980258295566e-12,-6.314495597025907e-14,-6.087310376249846e-16,-9.73555498691653e-09,0.00021133060437750748,-9.639879043519505e-12,-6.682275267033621e-13,black
414.82706766917295,1.002086157063543e+16,0.0,20995621634929.34,0.0,-6.250757944316191e-08,4176343787432.2446,-1.2406980258295566e-12,-6.314495597025907e-14,-6.087310376249846e-16,-9.73555498691653e-09,0.00021138037819669163,-9.639879043519505e-12,-6.682275267033621e-13,black
415.30827067669173,1.0071387790184302e+16,0.0,20995621834754.16,0.0,-6.250757944316191e-08,4177301036760.5234,-1.2406980258295566e-12,-6.314495597025907e-14,-6.087310376249846e-16,-9.73555498691653e-09,0.00021142895125094533,-9.639879043519505e-12,-6.682275267033621e-13,black
415.7894736842105,1.0121914009733174e+16,0.0,20995622029857.01,0.0,-6.250757944316191e-08,4178235055760.703,-1.2406980258295566e-12,-6.314495597025907e-14,-6.087310376249846e-16,-9.73555498691653e-09,0.00021147634552254438,-9.639879043519505e-12,-6.682275267033621e-13,black
416.2706766917293,1.0172440229282046e+16,0.0,20995622220337.46,0.0,-6.250757944316191e-08,4179146254492.564,-1.2406980258295566e-12,-6.314495597025907e-14,-6.087310376249846e-16,-9.73555498691653e-09,0.0002115225818152956,-9.639879043519505e-12,-6.682275267033621e-13,black
416.7518796992481,1.022296644883092e+16,0.0,20995622406290.754,0.0,-6.250757944316191e-08,4180035019794.9067,-1.2406980258295566e-12,-6.314495597025907e-14,-6.087310376249846e-16,-9.73555498691653e-09,0.00021156767975453702,-9.639879043519505e-12,-6.682275267033621e-13,black
417.23308270676694,1.027349266837979e+16,0.0,20995622587807.805,0.0,-6.250757944316191e-08,4180901715285.555,-1.2406980258295566e-12,-6.314495597025907e-14,-6.087310376249846e-16,-9.73555498691653e-09,0.00021161165778713762,-9.639879043519505e-12,-6.682275267033621e-13,black
417.7142857142857,1.0324018887928664e+16,0.0,20995622765213.664,0.0,-6.250757944316191e-08,4181750107628.4834,-1.2406980258295566e-12,-6.314495597025907e-14,-6.087310376249846e-16,-9.73555498691653e-09,0.00021165470714135833,-9.639879043519505e-12,-6.682275267033621e-13,black
418.1954887218045,1.0374545107477536e+16,0.0,20995622938550.3,0.0,-6.250757944316191e-08,4182579935148.876,-1.2406980258295566e-12,-6.314495597025907e-14,-6.087310376249846e-16,-9.73555498691653e-09,0.0002116968145174826,-9.639879043519505e-12,-6.682275267033621e-13,black
418.6766917293233,1.0425071327026408e+16,0.0,20995623107801.984,0.0,-6.250757944316191e-08,4183390146110.814,-1.2406980258295566e-12,-6.314495597025907e-14,-6.087310376249846e-16,-9.73555498691653e-09,0.00021173792650299909,-9.639879043519505e-12,-6.682275267033621e-13,black
419.1578947368421,1.047559754657528e+16,0.0,20995623273053.617,0.0,-6.250757944316191e-08,4184181173673.318,-1.2406980258295566e-12,-6.314495597025907e-14,-6.087310376249846e-16,-9.73555498691653e-09,0.00021177806507761656,-9.639879043519505e-12,-6.682275267033621e-13,black
419.6390977443609,1.0526123766124152e+16,0.0,20995623434386.27,0.0,-6.250757944316191e-08,4184953434848.5737,-1.2406980258295566e-12,-6.314495597025907e-14,-6.087310376249846e-16,-9.73555498691653e-09,0.0002118172514017462,-9.639879043519505e-12,-6.682275267033621e-13,black
420.1203007518797,1.0576649985673024e+16,0.0,20995623591877.168,0.0,-6.250757944316191e-08,4185707330501.9326,-1.2406980258295566e-12,-6.314495597025907e-14,-6.087310376249846e-16,-9.73555498691653e-09,0.00021185550581650174,-9.639879043519505e-12,-6.682275267033621e-13,black
420.6015037593985,1.0627176205221898e+16,0.0,20995623745599.707,0.0,-6.250757944316191e-08,4186443245351.9106,-1.2406980258295566e-12,-6.314495597025907e-14,-6.087310376249846e-16,-9.73555498691653e-09,0.00021189284784369934,-9.639879043519505e-12,-6.682275267033621e-13,black
421.0827067669173,1.0677702424770768e+16,0.0,20995623895623.45,0.0,-6.250757944316191e-08,4187161547970.1895,-1.2406980258295566e-12,-6.314495597025907e-14,-6.087310376249846e-16,-9.73555498691653e-09,0.00021192929618585755,-9.639879043519505e-12,-6.682275267033621e-13,black
421.56390977443607,1.072822864431964e+16,0.0,20995624042014.11,0.0,-6.250757944316191e-08,4187862590781.6147,-1.2406980258295566e-12,-6.314495597025907e-14,-6.087310376249846e-16,-9.73555498691653e-09,0.00021196486872619748,-9.639879043519505e-12,-6.682275267033621e-13,black
422.0451127819549,1.0778754863868514e+16,0.0,20995624184833.58,0.0,-6.250757944316191e-08,4188546710064.199,-1.2406980258295566e-12,-6.314495597025907e-14,-6.087310376249846e-16,-9.73555498691653e-09,0.00021199958252864263,-9.639879043519505e-12,-6.682275267033621e-13,black
422.52631578947364,1.0829281083417384e+16,0.0,20995624324139.902,0.0,-6.250757944316191e-08,4189214225949.119,-1.2406980258295566e-12,-6.314495597025907e-14,-6.087310376249846e-16,-9.73555498691653e-09,0.00021203345383781898,-9.639879043519505e-12,-6.682275267033621e-13,black
423.0075187969925,1.0879807302966256e+16,0.0,20995624459987.293,0.0,-6.250757944316191e-08,4189865442420.717,-1.2406980258295566e-12,-6.314495597025907e-14,-6.087310376249846e-16,-9.73555498691653e-09,0.00021206649807905498,-9.639879043519505e-12,-6.682275267033621e-13,black
423.4887218045113,1.093033352251513e+16,0.0,20995624592426.13,0.0,-6.250757944316191e-08,4190500647316.4995,-1.2406980258295566e-12,-6.314495597025907e-14,-6.087310376249846e-16,-9.73555498691653e-09,0.0002120987298583815,-9.639879043519505e-12,-6.682275267033621e-13,black
423.96992481203006,1.0980859742064002e+16,0.0,20995624721502.95,0.0,-6.250757944316191e-08,4191120112327.1396,-1.2406980258295566e-12,-6.314495597025907e-14,-6.087310376249846e-16,-9.73555498691653e-09,0.0002121301629625319,-9.639879043519505e-12,-6.682275267033621e-13,black
424.4511278195489,1.1031385961612876e+16,0.0,20995624848116.01,0.0,-6.250757944316191e-08,4191726841606.662,-1.2406980258295566e-12,-6.314495597025907e-14,-6.087310376249846e-16,-9.73555498691653e-09,0.00021216094981634727,-9.639879043519505e-12,-6.682275267033621e-13,black
424.93233082706763,1.1081912181161746e+16,0.0,20995624971909.17,0.0,-6.250757944316191e-08,4192319805507.3223,-1.2406980258295566e-12,-6.314495597025907e-14,-6.087310376249846e-16,-9.73555498691653e-09,0.00021219103817990217,-9.639879043519505e-12,-6.682275267033621e-13,black
425.4135338345865,1.1132438400710618e+16,0.0,20995625092766.805,0.0,-6.250757944316191e-08,4192898743276.2153,-1.2406980258295566e-12,-6.314495597025907e-14,-6.087310376249846e-16,-9.73555498691653e-09,0.00021222041482496742,-9.639879043519505e-12,-6.682275267033621e-13,black
425.89473684210526,1.1182964620259492e+16,0.0,20995625210753.336,0.0,-6.250757944316191e-08,4193463968781.412,-1.2406980258295566e-12,-6.314495597025907e-14,-6.087310376249846e-16,-9.73555498691653e-09,0.00021224909567805415,-9.639879043519505e-12,-6.682275267033621e-13,black
426.37593984962405,1.1233490839808362e+16,0.0,20995625325930.793,0.0,-6.250757944316191e-08,4194015784366.387,-1.2406980258295566e-12,-6.314495597025907e-14,-6.087310376249846e-16,-9.73555498691653e-09,0.0002122770960808964,-9.639879043519505e-12,-6.682275267033621e-13,black
426.85714285714283,1.1284017059357234e+16,0.0,20995625438358.81,0.0,-6.250757944316191e-08,4194554480850.0166,-1.2406980258295566e-12,-6.314495597025907e-14,-6.087310376249846e-16,-9.73555498691653e-09,0.00021230443079045113,-9.639879043519505e-12,-6.682275267033621e-13,black
427.3383458646616,1.1334543278906108e+16,0.0,20995625548094.613,0.0,-6.250757944316191e-08,4195080337526.5806,-1.2406980258295566e-12,-6.314495597025907e-14,-6.087310376249846e-16,-9.73555498691653e-09,0.00021233111397889816,-9.639879043519505e-12,-6.682275267033621e-13,black
427.81954887218046,1.138506949845498e+16,0.0,20995625655193.047,0.0,-6.250757944316191e-08,4195593622165.761,-1.2406980258295566e-12,-6.314495597025907e-14,-6.087310376249846e-16,-9.73555498691653e-09,0.0002123571592336402,-9.639879043519505e-12,-6.682275267033621e-13,black
428.30075187969925,1.1435595718003852e+16,0.0,20995625759706.543,0.0,-6.250757944316191e-08,4196094591012.643,-1.2406980258295566e-12,-6.314495597025907e-14,-6.087310376249846e-16,-9.73555498691653e-09,0.0002123825795573029,-9.639879043519505e-12,-6.682275267033621e-13,black
428.78195488721803,1.1486121937552724e+16,0.0,20995625861685.15,0.0,-6.250757944316191e-08,4196583488787.715,-1.2406980258295566e-12,-6.314495597025907e-14,-6.087310376249846e-16,-9.73555498691653e-09,0.00021240738736773475,-9.639879043519505e-12,-6.682275267033621e-13,black
429.2631578947368,1.1536648157101596e+16,0.0,20995625961176.5,0.0,-6.250757944316191e-08,4197060548686.867,-1.2406980258295566e-12,-6.314495597025907e-14,-6.087310376249846e-16,-9.73555498691653e-09,0.0002124315944980072,-9.639879043519505e-12,-6.682275267033621e-13,black
429.7443609022556,1.1587174376650468e+16,0.0,20995626058225.844,0.0,-6.250757944316191e-08,4197525992381.394,-1.2406980258295566e-12,-6.314495597025907e-14,-6.087310376249846e-16,-9.73555498691653e-09,0.00021245521219641456,-9.639879043519505e-12,-6.682275267033621e-13,black
430.22556390977445,1.163770059619934e+16,0.0,20995626152876.03,0.0,-6.250757944316191e-08,4197980030017.991,-1.2406980258295566e-12,-6.314495597025907e-14,-6.087310376249846e-16,-9.73555498691653e-09,0.00021247825112647405,-9.639879043519505e-12,-6.682275267033621e-13,black
430.70676691729324,1.1688226815748212e+16,0.0,20995626245167.508,0.0,-6.250757944316191e-08,4198422860218.759,-1.2406980258295566e-12,-6.314495597025907e-14,-6.087310376249846e-16,-9.73555498691653e-09,0.00021250072136692576,-9.639879043519505e-12,-6.682275267033621e-13,black
431.187969924812,1.1738753035297082e+16,0.0,20995626335996.773,0.0,-6.250757944316191e-08,4198858325556.5083,-1.2406980258295566e-12,-6.314495597025907e-14,-6.087310376249846e-16,-9.73555498691653e-09,0.0002125228178882965,-9.639879043519505e-12,-6.682275267033621e-13,black
431.6691729323308,1.1789279254845956e+16,0.0,20995626424762.34,0.0,-6.250757944316191e-08,4199283888475.605,-1.2406980258295566e-12,-6.314495597025907e-14,-6.087310376249846e-16,-9.73555498691653e-09,0.00021254441193730258,-9.639879043519505e-12,-6.682275267033621e-13,black
432.1503759398496,1.1839805474394828e+16,0.0,20995626511464.02,0.0,-6.250757944316191e-08,4199699570634.6396,-1.2406980258295566e-12,-6.314495597025907e-14,-6.087310376249846e-16,-9.73555498691653e-09,0.00021256550461358636,-9.639879043519505e-12,-6.682275267033621e-13,black
432.63157894736844,1.1890331693943698e+16,0.0,20995626596147.59,0.0,-6.250757944316191e-08,4200105588078.9116,-1.2406980258295566e-12,-6.314495597025907e-14,-6.087310376249846e-16,-9.73555498691653e-09,0.00021258610687982578,-9.639879043519505e-12,-6.682275267033621e-13,black
433.1127819548872,1.1940857913492572e+16,0.0,20995626678856.914,0.0,-6.250757944316191e-08,4200502147374.541,-1.2406980258295566e-12,-6.314495597025907e-14,-6.087310376249846e-16,-9.73555498691653e-09,0.00021260622921770488,-9.639879043519505e-12,-6.682275267033621e-13,black
433.593984962406,1.1991384133041444e+16,0.0,20995626759633.93,0.0,-6.250757944316191e-08,4200889445608.4644,-1.2406980258295566e-12,-6.314495597025907e-14,-6.087310376249846e-16,-9.73555498691653e-09,0.00021262588162791377,-9.639879043519505e-12,-6.682275267033621e-13,black
434.0751879699248,1.2041910352590316e+16,0.0,20995626838518.664,0.0,-6.250757944316191e-08,4201267670388.4385,-1.2406980258295566e-12,-6.314495597025907e-14,-6.087310376249846e-16,-9.73555498691653e-09,0.00021264507363014855,-9.639879043519505e-12,-6.682275267033621e-13,black
434.5563909774436,1.2092436572139188e+16,0.0,20995626915549.223,0.0,-6.250757944316191e-08,4201636999843.0396,-1.2406980258295566e-12,-6.314495597025907e-14,-6.087310376249846e-16,-9.73555498691653e-09,0.00021266381426311137,-9.639879043519505e-12,-6.682275267033621e-13,black
435.0375939849624,1.214296279168806e+16,0.0,20995626990761.797,0.0,-6.250757944316191e-08,4201997602621.661,-1.2406980258295566e-12,-6.314495597025907e-14,-6.087310376249846e-16,-9.73555498691653e-09,0.0002126821120845105,-9.639879043519505e-12,-6.682275267033621e-13,black
435.5187969924812,1.2193489011236932e+16,0.0,20995627064190.66,0.0,-6.250757944316191e-08,4202349637894.5166,-1.2406980258295566e-12,-6.314495597025907e-14,-6.087310376249846e-16,-9.73555498691653e-09,0.00021269997517106014,-9.639879043519505e-12,-6.682275267033621e-13,black
436.0,1.2244015230785806e+16,0.0,20995627135868.164,0.0,-6.250757944316191e-08,4202693255352.6377,-1.2406980258295566e-12,-6.314495597025907e-14,-6.087310376249846e-16,-9.73555498691653e-09,0.00021271741111848064,-9.639879043519505e-12,-6.682275267033621e-13,black
436.4812030075188,1.2294541450334676e+16,0.0,20995627205824.75,0.0,-6.250757944316191e-08,4203028595207.876,-1.2406980258295566e-12,-6.314495597025907e-14,-6.087310376249846e-16,-9.73555498691653e-09,0.00021273442704149831,-9.639879043519505e-12,-6.682275267033621e-13,black
436.9624060150376,1.2345067669883548e+16,0.0,20995627274088.938,0.0,-6.250757944316191e-08,4203355788192.9004,-1.2406980258295566e-12,-6.314495597025907e-14,-6.087310376249846e-16,-9.73555498691653e-09,0.00021275102957384558,-9.639879043519505e-12,-6.682275267033621e-13,black
437.4436090225564,1.2395593889432422e+16,0.0,20995627340687.33,0.0,-6.250757944316191e-08,4203674955561.2,-1.2406980258295566e-12,-6.314495597025907e-14,-6.087310376249846e-16,-9.73555498691653e-09,0.00021276722486826086,-9.639879043519505e-12,-6.682275267033621e-13,black
437.92481203007515,1.2446120108981292e+16,0.0,20995627405644.61,0.0,-6.250757944316191e-08,4203986209087.0825,-1.2406980258295566e-12,-6.314495597025907e-14,-6.087310376249846e-16,-9.73555498691653e-09,0.00021278301859648866,-9.639879043519505e-12,-6.682275267033621e-13,black
438.406015037594,1.2496646328530166e+16,0.0,20995627468983.55,0.0,-6.250757944316191e-08,4204289651065.674,-1.2406980258295566e-12,-6.314495597025907e-14,-6.087310376249846e-16,-9.73555498691653e-09,0.00021279841594927954,-9.639879043519505e-12,-6.682275267033621e-13,black
438.8872180451128,1.2547172548079038e+16,0.0,20995627530725.008,0.0,-6.250757944316191e-08,4204585374312.919,-1.2406980258295566e-12,-6.314495597025907e-14,-6.087310376249846e-16,-9.73555498691653e-09,0.00021281342163639,-9.639879043519505e-12,-6.682275267033621e-13,black
439.36842105263156,1.2597698767627908e+16,0.0,20995627590887.906,0.0,-6.250757944316191e-08,4204873462165.582,-1.2406980258295566e-12,-6.314495597025907e-14,-6.087310376249846e-16,-9.73555498691653e-09,0.00021282803988658275,-9.639879043519505e-12,-6.682275267033621e-13,black
439.8496240601504,1.2648224987176782e+16,0.0,20995627649489.266,0.0,-6.250757944316191e-08,4205153988481.246,-1.2406980258295566e-12,-6.314495597025907e-14,-6.087310376249846e-16,-9.73555498691653e-09,0.00021284227444762642,-9.639879043519505e-12,-6.682275267033621e-13,black
440.33082706766913,1.2698751206725654e+16,0.0,20995627707420.688,0.0,-6.250757944316191e-08,4205431633198.959,-1.2406980258295566e-12,-6.314495597025907e-14,-6.087310376249846e-16,-9.73555498691653e-09,0.00021285636278636693,-9.639879043519505e-12,-6.682275267033621e-13,black
440.812030075188,1.2749277426274528e+16,0.0,20995627764134.152,0.0,-6.250757944316191e-08,4205703496011.818,-1.2406980258295566e-12,-6.314495597025907e-14,-6.087310376249846e-16,-9.73555498691653e-09,0.00021287015773724914,-9.639879043519505e-12,-6.682275267033621e-13,black
441.29323308270676,1.2799803645823398e+16,0.0,20995627819534.387,0.0,-6.250757944316191e-08,4205969061318.135,-1.2406980258295566e-12,-6.314495597025907e-14,-6.087310376249846e-16,-9.73555498691653e-09,0.00021288363313802449,-9.639879043519505e-12,-6.682275267033621e-13,black
441.77443609022555,1.285032986537227e+16,0.0,20995627873647.375,0.0,-6.250757944316191e-08,4206228452656.7554,-1.2406980258295566e-12,-6.314495597025907e-14,-6.087310376249846e-16,-9.73555498691653e-09,0.00021289679525733152,-9.639879043519505e-12,-6.682275267033621e-13,black
442.2556390977444,1.2900856084921144e+16,0.0,20995627926497.723,0.0,-6.250757944316191e-08,4206481786914.9077,-1.2406980258295566e-12,-6.314495597025907e-14,-6.087310376249846e-16,-9.73555498691653e-09,0.00021290965002628934,-9.639879043519505e-12,-6.682275267033621e-13,black
442.7368421052631,1.2951382304470014e+16,0.0,20995627978108.65,0.0,-6.250757944316191e-08,4206729174328.201,-1.2406980258295566e-12,-6.314495597025907e-14,-6.087310376249846e-16,-9.73555498691653e-09,0.00021292220303849774,-9.639879043519505e-12,-6.682275267033621e-13,black
443.21804511278197,1.3001908524018886e+16,0.0,20995628028501.996,0.0,-6.250757944316191e-08,4206970718480.6284,-1.2406980258295566e-12,-6.314495597025907e-14,-6.087310376249846e-16,-9.73555498691653e-09,0.0002129344595500371,-9.639879043519505e-12,-6.682275267033621e-13,black
443.69924812030075,1.305243474356776e+16,0.0,20995628077698.22,0.0,-6.250757944316191e-08,4207206516304.5654,-1.2406980258295566e-12,-6.314495597025907e-14,-6.087310376249846e-16,-9.73555498691653e-09,0.00021294642447946844,-9.639879043519505e-12,-6.682275267033621e-13,black
444.18045112781954,1.310296096311663e+16,0.0,20995628125716.406,0.0,-6.250757944316191e-08,4207436658080.769,-1.2406980258295566e-12,-6.314495597025907e-14,-6.087310376249846e-16,-9.73555498691653e-09,0.00021295810240783334,-9.639879043519505e-12,-6.682275267033621e-13,black
444.6616541353383,1.3153487182665502e+16,0.0,20995628172574.254,0.0,-6.250757944316191e-08,4207661227438.38,-1.2406980258295566e-12,-6.314495597025907e-14,-6.087310376249846e-16,-9.73555498691653e-09,0.00021296949757865412,-9.639879043519505e-12,-6.682275267033621e-13,black
445.1428571428571,1.3204013402214376e+16,0.0,20995628218288.086,0.0,-6.250757944316191e-08,4207880301354.92,-1.2406980258295566e-12,-6.314495597025907e-14,-6.087310376249846e-16,-9.73555498691653e-09,0.00021298061389793358,-9.639879043519505e-12,-6.682275267033621e-13,black
445.62406015037595,1.3254539621763246e+16,0.0,20995628262872.836,0.0,-6.250757944316191e-08,4208093950156.2944,-1.2406980258295566e-12,-6.314495597025907e-14,-6.087310376249846e-16,-9.73555498691653e-09,0.00021299145493415523,-9.639879043519505e-12,-6.682275267033621e-13,black
446.10526315789474,1.330506584131212e+16,0.0,20995628306342.066,0.0,-6.250757944316191e-08,4208302237516.791,-1.2406980258295566e-12,-6.314495597025907e-14,-6.087310376249846e-16,-9.73555498691653e-09,0.0002130020239182832,-9.639879043519505e-12,-6.682275267033621e-13,black
446.5864661654135,1.3355592060860992e+16,0.0,20995628348707.957,0.0,-6.250757944316191e-08,4208505220459.0796,-1.2406980258295566e-12,-6.314495597025907e-14,-6.087310376249846e-16,-9.73555498691653e-09,0.00021301232374376219,-9.639879043519505e-12,-6.682275267033621e-13,black
447.0676691729323,1.3406118280409862e+16,0.0,20995628389981.305,0.0,-6.250757944316191e-08,4208702949354.2124,-1.2406980258295566e-12,-6.314495597025907e-14,-6.087310376249846e-16,-9.73555498691653e-09,0.00021302235696651754,-9.639879043519505e-12,-6.682275267033621e-13,black
447.5488721804511,1.3456644499958736e+16,0.0,20995628430171.527,0.0,-6.250757944316191e-08,4208895467921.625,-1.2406980258295566e-12,-6.314495597025907e-14,-6.087310376249846e-16,-9.73555498691653e-09,0.00021303212580495526,-9.639879043519505e-12,-6.682275267033621e-13,black
448.03007518796994,1.3507170719507608e+16,0.0,20995628469286.664,0.0,-6.250757944316191e-08,4209082813229.1343,-1.2406980258295566e-12,-6.314495597025907e-14,-6.087310376249846e-16,-9.73555498691653e-09,0.0002130416321399619,-9.639879043519505e-12,-6.682275267033621e-13,black
448.5112781954887,1.3557696939056482e+16,0.0,20995628507333.37,0.0,-6.250757944316191e-08,4209265015692.94,-1.2406980258295566e-12,-6.314495597025907e-14,-6.087310376249846e-16,-9.73555498691653e-09,0.00021305087751490465,-9.639879043519505e-12,-6.682275267033621e-13,black
448.9924812030075,1.3608223158605352e+16,0.0,20995628544316.92,0.0,-6.250757944316191e-08,4209442099077.625,-1.2406980258295566e-12,-6.314495597025907e-14,-6.087310376249846e-16,-9.73555498691653e-09,0.00021305986313563142,-9.639879043519505e-12,-6.682275267033621e-13,black
449.4736842105263,1.3658749378154224e+16,0.0,20995628581031.664,0.0,-6.250757944316191e-08,4209617978036.803,-1.2406980258295566e-12,-6.314495597025907e-14,-6.087310376249846e-16,-9.73555498691653e-09,0.00021306878764196374,-9.639879043519505e-12,-6.682275267033621e-13,black
449.9548872180451,1.3709275597703098e+16,0.0,20995628617069.94,0.0,-6.250757944316191e-08,4209790640571.768,-1.2406980258295566e-12,-6.314495597025907e-14,-6.087310376249846e-16,-9.73555498691653e-09,0.00021307754893975294,-9.639879043519505e-12,-6.682275267033621e-13,black
450.43609022556393,1.3759801817251968e+16,0.0,20995628652259.094,0.0,-6.250757944316191e-08,4209959233512.281,-1.2406980258295566e-12,-6.314495597025907e-14,-6.087310376249846e-16,-9.73555498691653e-09,0.00021308610373686458,-9.639879043519505e-12,-6.682275267033621e-13,black
450.91729323308266,1.381032803680084e+16,0.0,20995628686615.387,0.0,-6.250757944316191e-08,4210123835425.4087,-1.2406980258295566e-12,-6.314495597025907e-14,-6.087310376249846e-16,-9.73555498691653e-09,0.0002130944560199741,-9.639879043519505e-12,-6.682275267033621e-13,black
451.3984962406015,1.3860854256349714e+16,0.0,20995628720154.234,0.0,-6.250757944316191e-08,4210284520860.816,-1.2406980258295566e-12,-6.314495597025907e-14,-6.087310376249846e-16,-9.73555498691653e-09,0.00021310260957190452,-9.639879043519505e-12,-6.682275267033621e-13,black
451.8796992481203,1.3911380475898584e+16,0.0,20995628752890.215,0.0,-6.250757944316191e-08,4210441360350.761,-1.2406980258295566e-12,-6.314495597025907e-14,-6.087310376249846e-16,-9.73555498691653e-09,0.00021311056797162638,-9.639879043519505e-12,-6.682275267033621e-13,black
452.3609022556391,1.3961906695447456e+16,0.0,20995628784837.055,0.0,-6.250757944316191e-08,4210594420410.1016,-1.2406980258295566e-12,-6.314495597025907e-14,-6.087310376249846e-16,-9.73555498691653e-09,0.00021311833459425783,-9.639879043519505e-12,-6.682275267033621e-13,black
452.8421052631579,1.401243291499633e+16,0.0,20995628816007.637,0.0,-6.250757944316191e-08,4210743763536.2886,-1.2406980258295566e-12,-6.314495597025907e-14,-6.087310376249846e-16,-9.73555498691653e-09,0.0002131259126110646,-9.639879043519505e-12,-6.682275267033621e-13,black
453.32330827067665,1.40629591345452e+16,0.0,20995628846413.992,0.0,-6.250757944316191e-08,4210889448209.3696,-1.2406980258295566e-12,-6.314495597025907e-14,-6.087310376249846e-16,-9.73555498691653e-09,0.00021313330498945988,-9.639879043519505e-12,-6.682275267033621e-13,black
453.8045112781955,1.4113485354094076e+16,0.0,20995628876067.312,0.0,-6.250757944316191e-08,4211031528891.9893,-1.2406980258295566e-12,-6.314495597025907e-14,-6.087310376249846e-16,-9.73555498691653e-09,0.0002131405144930046,-9.639879043519505e-12,-6.682275267033621e-13,black
454.2857142857143,1.4164011573642946e+16,0.0,20995628904977.94,0.0,-6.250757944316191e-08,4211170056029.387,-1.2406980258295566e-12,-6.314495597025907e-14,-6.087310376249846e-16,-9.73555498691653e-09,0.00021314754368140712,-9.639879043519505e-12,-6.682275267033621e-13,black
454.76691729323306,1.4214537793191818e+16,0.0,20995628933155.375,0.0,-6.250757944316191e-08,4211305076049.3994,-1.2406980258295566e-12,-6.314495597025907e-14,-6.087310376249846e-16,-9.73555498691653e-09,0.00021315439491052338,-9.639879043519505e-12,-6.682275267033621e-13,black
455.2481203007519,1.4265064012740692e+16,0.0,20995628960608.26,0.0,-6.250757944316191e-08,4211436631362.4585,-1.2406980258295566e-12,-6.314495597025907e-14,-6.087310376249846e-16,-9.73555498691653e-09,0.00021316107033235692,-9.639879043519505e-12,-6.682275267033621e-13,black
455.72932330827064,1.4315590232289562e+16,0.0,20995628987344.406,0.0,-6.250757944316191e-08,4211564760361.5923,-1.2406980258295566e-12,-6.314495597025907e-14,-6.087310376249846e-16,-9.73555498691653e-09,0.00021316757189505884,-9.639879043519505e-12,-6.682275267033621e-13,black
456.2105263157895,1.4366116451838436e+16,0.0,20995629013370.773,0.0,-6.250757944316191e-08,4211689497422.4253,-1.2406980258295566e-12,-6.314495597025907e-14,-6.087310376249846e-16,-9.73555498691653e-09,0.00021317390134292785,-9.639879043519505e-12,-6.682275267033621e-13,black
456.69172932330827,1.4416642671387308e+16,0.0,20995629038693.47,0.0,-6.250757944316191e-08,4211810872903.1777,-1.2406980258295566e-12,-6.314495597025907e-14,-6.087310376249846e-16,-9.73555498691653e-09,0.0002131800602164101,-9.639879043519505e-12,-6.682275267033621e-13,black
457.17293233082705,1.4467168890936178e+16,0.0,20995629063317.758,0.0,-6.250757944316191e-08,4211928913144.666,-1.2406980258295566e-12,-6.314495597025907e-14,-6.087310376249846e-16,-9.73555498691653e-09,0.00021318604985209942,-9.639879043519505e-12,-6.682275267033621e-13,black
457.6541353383459,1.4517695110485052e+16,0.0,20995629087248.066,0.0,-6.250757944316191e-08,4212043640470.3022,-1.2406980258295566e-12,-6.314495597025907e-14,-6.087310376249846e-16,-9.73555498691653e-09,0.00021319187138273718,-9.639879043519505e-12,-6.682275267033621e-13,black
458.1353383458646,1.4568221330033924e+16,0.0,20995629110487.96,0.0,-6.250757944316191e-08,4212155073186.0957,-1.2406980258295566e-12,-6.314495597025907e-14,-6.087310376249846e-16,-9.73555498691653e-09,0.0002131975257372123,-9.639879043519505e-12,-6.682275267033621e-13,black
458.61654135338347,1.4618747549582794e+16,0.0,20995629133524.773,0.0,-6.250757944316191e-08,4212265489988.765,-1.2406980258295566e-12,-6.314495597025907e-14,-6.087310376249846e-16,-9.73555498691653e-09,0.00021320312854192978,-9.639879043519505e-12,-6.682275267033621e-13,black
459.09774436090225,1.4669273769131668e+16,0.0,20995629156180.13,0.0,-6.250757944316191e-08,4212374058866.4565,-1.2406980258295566e-12,-6.314495597025907e-14,-6.087310376249846e-16,-9.73555498691653e-09,0.00021320863757865979,-9.639879043519505e-12,-6.682275267033621e-13,black
459.57894736842104,1.471979998868054e+16,0.0,20995629178290.83,0.0,-6.250757944316191e-08,4212480018628.935,-1.2406980258295566e-12,-6.314495597025907e-14,-6.087310376249846e-16,-9.73555498691653e-09,0.00021321401422282724,-9.639879043519505e-12,-6.682275267033621e-13,black
460.0601503759398,1.477032620822941e+16,0.0,20995629199868.3,0.0,-6.250757944316191e-08,4212583424045.823,-1.2406980258295566e-12,-6.314495597025907e-14,-6.087310376249846e-16,-9.73555498691653e-09,0.0002132192612535704,-9.639879043519505e-12,-6.682275267033621e-13,black
460.5413533834586,1.4820852427778284e+16,0.0,20995629220923.496,0.0,-6.250757944316191e-08,4212684327573.365,-1.2406980258295566e-12,-6.314495597025907e-14,-6.087310376249846e-16,-9.73555498691653e-09,0.00021322438133264133,-9.639879043519505e-12,-6.682275267033621e-13,black
461.02255639097746,1.4871378647327156e+16,0.0,20995629241466.883,0.0,-6.250757944316191e-08,4212782779354.4263,-1.2406980258295566e-12,-6.314495597025907e-14,-6.087310376249846e-16,-9.73555498691653e-09,0.00021322937700440586,-9.639879043519505e-12,-6.682275267033621e-13,black
461.50375939849624,1.492190486687603e+16,0.0,20995629261508.453,0.0,-6.250757944316191e-08,4212878827218.493,-1.2406980258295566e-12,-6.314495597025907e-14,-6.087310376249846e-16,-9.73555498691653e-09,0.0002132342506958436,-9.639879043519505e-12,-6.682275267033621e-13,black
461.98496240601503,1.49724310864249e+16,0.0,20995629281057.703,0.0,-6.250757944316191e-08,4212972516681.6733,-1.2406980258295566e-12,-6.314495597025907e-14,-6.087310376249846e-16,-9.73555498691653e-09,0.00021323900471654803,-9.639879043519505e-12,-6.682275267033621e-13,black
462.4661654135338,1.5022957305973772e+16,0.0,20995629300123.668,0.0,-6.250757944316191e-08,4213063890946.697,-1.2406980258295566e-12,-6.314495597025907e-14,-6.087310376249846e-16,-9.73555498691653e-09,0.00021324364125872635,-9.639879043519505e-12,-6.682275267033621e-13,black
462.9473684210526,1.5073483525522646e+16,0.0,20995629318714.887,0.0,-6.250757944316191e-08,4213152990902.9136,-1.2406980258295566e-12,-6.314495597025907e-14,-6.087310376249846e-16,-9.73555498691653e-09,0.00021324816239719964,-9.639879043519505e-12,-6.682275267033621e-13,black
463.42857142857144,1.5124009745071516e+16,0.0,20995629336839.418,0.0,-6.250757944316191e-08,4213239855126.297,-1.2406980258295566e-12,-6.314495597025907e-14,-6.087310376249846e-16,-9.73555498691653e-09,0.00021325257008940272,-9.639879043519505e-12,-6.682275267033621e-13,black
463.90977443609023,1.517453596462039e+16,0.0,20995629354504.844,0.0,-6.250757944316191e-08,4213324519879.44,-1.2406980258295566e-12,-6.314495597025907e-14,-6.087310376249846e-16,-9.73555498691653e-09,0.00021325686617538426,-9.639879043519505e-12,-6.682275267033621e-13,black
464.390977443609,1.5225062184169262e+16,0.0,20995629371718.266,0.0,-6.250757944316191e-08,4213407019111.5576,-1.2406980258295566e-12,-6.314495597025907e-14,-6.087310376249846e-16,-9.73555498691653e-09,0.00021326105237780664,-9.639879043519505e-12,-6.682275267033621e-13,black
464.8721804511278,1.5275588403718132e+16,0.0,20995629388486.297,0.0,-6.250757944316191e-08,4213487384458.486,-1.2406980258295566e-12,-6.314495597025907e-14,-6.087310376249846e-16,-9.73555498691653e-09,0.00021326513030194613,-9.639879043519505e-12,-6.682275267033621e-13,black
465.3533834586466,1.5326114623267006e+16,0.0,20995629404815.08,0.0,-6.250757944316191e-08,4213565645242.683,-1.2406980258295566e-12,-6.314495597025907e-14,-6.087310376249846e-16,-9.73555498691653e-09,0.00021326910143569278,-9.639879043519505e-12,-6.682275267033621e-13,black
465.83458646616543,1.5376640842815878e+16,0.0,20995629420710.258,0.0,-6.250757944316191e-08,4213641828473.228,-1.2406980258295566e-12,-6.314495597025907e-14,-6.087310376249846e-16,-9.73555498691653e-09,0.0002132729671495504,-9.639879043519505e-12,-6.682275267033621e-13,black
466.31578947368416,1.5427167062364748e+16,0.0,20995629436177.016,0.0,-6.250757944316191e-08,4213715958845.821,-1.2406980258295566e-12,-6.314495597025907e-14,-6.087310376249846e-16,-9.73555498691653e-09,0.00021327672869663665,-9.639879043519505e-12,-6.682275267033621e-13,black
466.796992481203,1.5477693281913622e+16,0.0,20995629451220.035,0.0,-6.250757944316191e-08,4213788058742.7837,-1.2406980258295566e-12,-6.314495597025907e-14,-6.087310376249846e-16,-9.73555498691653e-09,0.00021328038721268294,-9.639879043519505e-12,-6.682275267033621e-13,black
467.2781954887218,1.5528219501462494e+16,0.0,20995629465843.535,0.0,-6.250757944316191e-08,4213858148233.06,-1.2406980258295566e-12,-6.314495597025907e-14,-6.087310376249846e-16,-9.73555498691653e-09,0.00021328394371603453,-9.639879043519505e-12,-6.682275267033621e-13,black
467.7593984962406,1.5578745721011364e+16,0.0,20995629480261.875,0.0,-6.250757944316191e-08,4213927254929.413,-1.2406980258295566e-12,-6.314495597025907e-14,-6.087310376249846e-16,-9.73555498691653e-09,0.00021328745035012662,-9.639879043519505e-12,-6.682275267033621e-13,black
468.2406015037594,1.5629271940560238e+16,0.0,20995629494438.203,0.0,-6.250757944316191e-08,4213995202007.522,-1.2406980258295566e-12,-6.314495597025907e-14,-6.087310376249846e-16,-9.73555498691653e-09,0.00021329089814248737,-9.639879043519505e-12,-6.682275267033621e-13,black
468.72180451127815,1.567979816010911e+16,0.0,20995629508272.91,0.0,-6.250757944316191e-08,4214061511803.642,-1.2406980258295566e-12,-6.314495597025907e-14,-6.087310376249846e-16,-9.73555498691653e-09,0.00021329426285536087,-9.639879043519505e-12,-6.682275267033621e-13,black
469.203007518797,1.5730324379657984e+16,0.0,20995629521773.773,0.0,-6.250757944316191e-08,4214126221448.796,-1.2406980258295566e-12,-6.314495597025907e-14,-6.087310376249846e-16,-9.73555498691653e-09,0.00021329754637286136,-9.639879043519505e-12,-6.682275267033621e-13,black
469.6842105263158,1.5780850599206854e+16,0.0,20995629534948.258,0.0,-6.250757944316191e-08,4214189366616.326,-1.2406980258295566e-12,-6.314495597025907e-14,-6.087310376249846e-16,-9.73555498691653e-09,0.00021330075050513689,-9.639879043519505e-12,-6.682275267033621e-13,black
470.16541353383457,1.5831376818755726e+16,0.0,20995629547803.54,0.0,-6.250757944316191e-08,4214250981521.8965,-1.2406980258295566e-12,-6.314495597025907e-14,-6.087310376249846e-16,-9.73555498691653e-09,0.00021330387698836954,-9.639879043519505e-12,-6.682275267033621e-13,black
470.6466165413534,1.58819030383046e+16,0.0,20995629560346.473,0.0,-6.250757944316191e-08,4214311098923.49,-1.2406980258295566e-12,-6.314495597025907e-14,-6.087310376249846e-16,-9.73555498691653e-09,0.0002133069274847752,-9.639879043519505e-12,-6.682275267033621e-13,black
471.12781954887214,1.593242925785347e+16,0.0,20995629572583.63,0.0,-6.250757944316191e-08,4214369750121.4097,-1.2406980258295566e-12,-6.314495597025907e-14,-6.087310376249846e-16,-9.73555498691653e-09,0.00021330990358260375,-9.639879043519505e-12,-6.682275267033621e-13,black
471.609022556391,1.5982955477402344e+16,0.0,20995629584521.258,0.0,-6.250757944316191e-08,4214426964958.2783,-1.2406980258295566e-12,-6.314495597025907e-14,-6.087310376249846e-16,-9.73555498691653e-09,0.000213312806796139,-9.639879043519505e-12,-6.682275267033621e-13,black
472.09022556390977,1.6033481696951216e+16,0.0,20995629596165.316,0.0,-6.250757944316191e-08,4214482771819.0405,-1.2406980258295566e-12,-6.314495597025907e-14,-6.087310376249846e-16,-9.73555498691653e-09,0.00021331563856569858,-9.639879043519505e-12,-6.682275267033621e-13,black
472.57142857142856,1.6084007916500088e+16,0.0,20995629607521.46,0.0,-6.250757944316191e-08,4214537197630.9585,-1.2406980258295566e-12,-6.314495597025907e-14,-6.087310376249846e-16,-9.73555498691653e-09,0.00021331840025763419,-9.639879043519505e-12,-6.682275267033621e-13,black
473.0526315789474,1.613453413604896e+16,0.0,20995629618595.04,0.0,-6.250757944316191e-08,4214590267863.6167,-1.2406980258295566e-12,-6.314495597025907e-14,-6.087310376249846e-16,-9.73555498691653e-09,0.00021332109316433132,-9.639879043519505e-12,-6.682275267033621e-13,black
473.5338345864661,1.6185060355597832e+16,0.0,20995629629391.098,0.0,-6.250757944316191e-08,4214642006528.918,-1.2406980258295566e-12,-6.314495597025907e-14,-6.087310376249846e-16,-9.73555498691653e-09,0.00021332371850420943,-9.639879043519505e-12,-6.682275267033621e-13,black
474.01503759398497,1.6235586575146704e+16,0.0,20995629639914.375,0.0,-6.250757944316191e-08,4214692436181.0864,-1.2406980258295566e-12,-6.314495597025907e-14,-6.087310376249846e-16,-9.73555498691653e-09,0.00021332627742172192,-9.639879043519505e-12,-6.682275267033621e-13,black
474.49624060150376,1.6286112794695578e+16,0.0,20995629650169.32,0.0,-6.250757944316191e-08,4214741577916.666,-1.2406980258295566e-12,-6.314495597025907e-14,-6.087310376249846e-16,-9.73555498691653e-09,0.00021332877098735603,-9.639879043519505e-12,-6.682275267033621e-13,black
474.97744360902254,1.6336639014244448e+16,0.0,20995629660160.066,0.0,-6.250757944316191e-08,4214789451374.5205,-1.2406980258295566e-12,-6.314495597025907e-14,-6.087310376249846e-16,-9.73555498691653e-09,0.00021333120019763303,-9.639879043519505e-12,-6.682275267033621e-13,black
475.45864661654133,1.638716523379332e+16,0.0,20995629669890.445,0.0,-6.250757944316191e-08,4214836074735.8335,-1.2406980258295566e-12,-6.314495597025907e-14,-6.087310376249846e-16,-9.73555498691653e-09,0.00021333356597510805,-9.639879043519505e-12,-6.682275267033621e-13,black
475.9398496240601,1.6437691453342194e+16,0.0,20995629679363.992,0.0,-6.250757944316191e-08,4214881464724.1094,-1.2406980258295566e-12,-6.314495597025907e-14,-6.087310376249846e-16,-9.73555498691653e-09,0.00021333586916837008,-9.639879043519505e-12,-6.682275267033621e-13,black
476.42105263157896,1.6488217672891064e+16,0.0,20995629688583.934,0.0,-6.250757944316191e-08,4214925636605.1714,-1.2406980258295566e-12,-6.314495597025907e-14,-6.087310376249846e-16,-9.73555498691653e-09,0.00021333811055204214,-9.639879043519505e-12,-6.682275267033621e-13,black
476.90225563909775,1.6538743892439936e+16,0.0,20995629697737.094,0.0,-6.250757944316191e-08,4214969499339.1616,-1.2406980258295566e-12,-6.314495597025907e-14,-6.087310376249846e-16,-9.73555498691653e-09,0.0002133403362488939,-9.639879043519505e-12,-6.682275267033621e-13,black
477.38345864661653,1.6589270111988808e+16,0.0,20995629706817.008,0.0,-6.250757944316191e-08,4215013021046.4614,-1.2406980258295566e-12,-6.314495597025907e-14,-6.087310376249846e-16,-9.73555498691653e-09,0.00021334254464127798,-9.639879043519505e-12,-6.682275267033621e-13,black
477.8646616541353,1.663979633153768e+16,0.0,20995629715695.28,0.0,-6.250757944316191e-08,4215055576360.111,-1.2406980258295566e-12,-6.314495597025907e-14,-6.087310376249846e-16,-9.73555498691653e-09,0.00021334470399660672,-9.639879043519505e-12,-6.682275267033621e-13,black
478.3458646616541,1.6690322551086554e+16,0.0,20995629724376.363,0.0,-6.250757944316191e-08,4215097186542.774,-1.2406980258295566e-12,-6.314495597025907e-14,-6.087310376249846e-16,-9.73555498691653e-09,0.00021334681539379692,-9.639879043519505e-12,-6.682275267033621e-13,black
478.82706766917295,1.6740848770635424e+16,0.0,20995629732864.453,0.0,-6.250757944316191e-08,4215137871663.1646,-1.2406980258295566e-12,-6.314495597025907e-14,-6.087310376249846e-16,-9.73555498691653e-09,0.0002133488798511815,-9.639879043519505e-12,-6.682275267033621e-13,black
479.30827067669173,1.6791374990184298e+16,0.0,20995629741163.496,0.0,-6.250757944316191e-08,4215177650596.0444,-1.2406980258295566e-12,-6.314495597025907e-14,-6.087310376249846e-16,-9.73555498691653e-09,0.00021335089832650952,-9.639879043519505e-12,-6.682275267033621e-13,black
479.7894736842105,1.684190120973317e+16,0.0,20995629749277.2,0.0,-6.250757944316191e-08,4215216541022.2246,-1.2406980258295566e-12,-6.314495597025907e-14,-6.087310376249846e-16,-9.73555498691653e-09,0.00021335287171694617,-9.639879043519505e-12,-6.682275267033621e-13,black
480.2706766917293,1.689242742928204e+16,0.0,20995629757209.008,0.0,-6.250757944316191e-08,4215254559428.5654,-1.2406980258295566e-12,-6.314495597025907e-14,-6.087310376249846e-16,-9.73555498691653e-09,0.00021335480085907281,-9.639879043519505e-12,-6.682275267033621e-13,black
480.7518796992481,1.6942953648830914e+16,0.0,20995629764962.125,0.0,-6.250757944316191e-08,4215291721107.9756,-1.2406980258295566e-12,-6.314495597025907e-14,-6.087310376249846e-16,-9.73555498691653e-09,0.00021335668652888693,-9.639879043519505e-12,-6.682275267033621e-13,black
481.23308270676694,1.6993479868379786e+16,0.0,20995629772539.508,0.0,-6.250757944316191e-08,4215328040159.4136,-1.2406980258295566e-12,-6.314495597025907e-14,-6.087310376249846e-16,-9.73555498691653e-09,0.0002133585294418022,-9.639879043519505e-12,-6.682275267033621e-13,black
481.71428571428567,1.7044006087928656e+16,0.0,20995629779943.855,0.0,-6.250757944316191e-08,4215363529487.8857,-1.2406980258295566e-12,-6.314495597025907e-14,-6.087310376249846e-16,-9.73555498691653e-09,0.00021336033025264834,-9.639879043519505e-12,-6.682275267033621e-13,black
482.1954887218045,1.709453230747753e+16,0.0,20995629787177.633,0.0,-6.250757944316191e-08,4215398200804.448,-1.2406980258295566e-12,-6.314495597025907e-14,-6.087310376249846e-16,-9.73555498691653e-09,0.00021336208955567126,-9.639879043519505e-12,-6.682275267033621e-13,black
482.6766917293233,1.7145058527026402e+16,0.0,20995629794243.04,0.0,-6.250757944316191e-08,4215432064626.206,-1.2406980258295566e-12,-6.314495597025907e-14,-6.087310376249846e-16,-9.73555498691653e-09,0.00021336380788453309,-9.639879043519505e-12,-6.682275267033621e-13,black
483.1578947368421,1.7195584746575272e+16,0.0,20995629801142.035,0.0,-6.250757944316191e-08,4215465130276.313,-1.2406980258295566e-12,-6.314495597025907e-14,-6.087310376249846e-16,-9.73555498691653e-09,0.00021336548571231195,-9.639879043519505e-12,-6.682275267033621e-13,black
483.6390977443609,1.7246110966124146e+16,0.0,20995629807876.336,0.0,-6.250757944316191e-08,4215497405883.972,-1.2406980258295566e-12,-6.314495597025907e-14,-6.087310376249846e-16,-9.73555498691653e-09,0.00021336712345150223,-9.639879043519505e-12,-6.682275267033621e-13,black
484.12030075187965,1.7296637185673018e+16,0.0,20995629814447.395,0.0,-6.250757944316191e-08,4215528898384.435,-1.2406980258295566e-12,-6.314495597025907e-14,-6.087310376249846e-16,-9.73555498691653e-09,0.00021336872145401436,-9.639879043519505e-12,-6.682275267033621e-13,black
484.6015037593985,1.7347163405221892e+16,0.0,20995629820856.43,0.0,-6.250757944316191e-08,4215559613519.003,-1.2406980258295566e-12,-6.314495597025907e-14,-6.087310376249846e-16,-9.73555498691653e-09,0.00021337028001117503,-9.639879043519505e-12,-6.682275267033621e-13,black
485.0827067669173,1.7397689624770762e+16,0.0,20995629827104.4,0.0,-6.250757944316191e-08,4215589555835.0244,-1.2406980258295566e-12,-6.314495597025907e-14,-6.087310376249846e-16,-9.73555498691653e-09,0.00021337179935372694,-9.639879043519505e-12,-6.682275267033621e-13,black
485.56390977443607,1.7448215844319634e+16,0.0,20995629833192.023,0.0,-6.250757944316191e-08,4215618728685.8994,-1.2406980258295566e-12,-6.314495597025907e-14,-6.087310376249846e-16,-9.73555498691653e-09,0.00021337327965182903,-9.639879043519505e-12,-6.682275267033621e-13,black
486.0451127819549,1.7498742063868508e+16,0.0,20995629839119.76,0.0,-6.250757944316191e-08,4215647134231.075,-1.2406980258295566e-12,-6.314495597025907e-14,-6.087310376249846e-16,-9.73555498691653e-09,0.00021337472101505634,-9.639879043519505e-12,-6.682275267033621e-13,black
486.52631578947364,1.754926828341738e+16,0.0,20995629844887.836,0.0,-6.250757944316191e-08,4215674773436.048,-1.2406980258295566e-12,-6.314495597025907e-14,-6.087310376249846e-16,-9.73555498691653e-09,0.00021337612349240007,-9.639879043519505e-12,-6.682275267033621e-13,black
487.0075187969925,1.7599794502966252e+16,0.0,20995629850496.215,0.0,-6.250757944316191e-08,4215701646072.364,-1.2406980258295566e-12,-6.314495597025907e-14,-6.087310376249846e-16,-9.73555498691653e-09,0.00021337748707226753,-9.639879043519505e-12,-6.682275267033621e-13,black
487.4887218045113,1.7650320722515124e+16,0.0,20995629855944.617,0.0,-6.250757944316191e-08,4215727750717.617,-1.2406980258295566e-12,-6.314495597025907e-14,-6.087310376249846e-16,-9.73555498691653e-09,0.0002133788116824822,-9.639879043519505e-12,-6.682275267033621e-13,black
487.96992481203006,1.7700846942063996e+16,0.0,20995629861232.508,0.0,-6.250757944316191e-08,4215753084755.4517,-1.2406980258295566e-12,-6.314495597025907e-14,-6.087310376249846e-16,-9.73555498691653e-09,0.0002133800971902837,-9.639879043519505e-12,-6.682275267033621e-13,black
488.4511278195489,1.775137316161287e+16,0.0,20995629866359.117,0.0,-6.250757944316191e-08,4215777644375.56,-1.2406980258295566e-12,-6.314495597025907e-14,-6.087310376249846e-16,-9.73555498691653e-09,0.0002133813434023278,-9.639879043519505e-12,-6.682275267033621e-13,black
488.93233082706763,1.780189938116174e+16,0.0,20995629871323.414,0.0,-6.250757944316191e-08,4215801424573.683,-1.2406980258295566e-12,-6.314495597025907e-14,-6.087310376249846e-16,-9.73555498691653e-09,0.00021338255006468637,-9.639879043519505e-12,-6.682275267033621e-13,black
489.4135338345865,1.7852425600710612e+16,0.0,20995629876124.12,0.0,-6.250757944316191e-08,4215824419151.612,-1.2406980258295566e-12,-6.314495597025907e-14,-6.087310376249846e-16,-9.73555498691653e-09,0.00021338371686284744,-9.639879043519505e-12,-6.682275267033621e-13,black
489.89473684210526,1.7902951820259486e+16,0.0,20995629880759.72,0.0,-6.250757944316191e-08,4215846620717.1855,-1.2406980258295566e-12,-6.314495597025907e-14,-6.087310376249846e-16,-9.73555498691653e-09,0.00021338484342171523,-9.639879043519505e-12,-6.682275267033621e-13,black
490.37593984962405,1.7953478039808356e+16,0.0,20995629885250.19,0.0,-6.250757944316191e-08,4215868125574.1143,-1.2406980258295566e-12,-6.314495597025907e-14,-6.087310376249846e-16,-9.73555498691653e-09,0.0002133859346279657,-9.639879043519505e-12,-6.682275267033621e-13,black
490.85714285714283,1.8004004259357226e+16,0.0,20995629890097.53,0.0,-6.250757944316191e-08,4215891353366.8076,-1.2406980258295566e-12,-6.314495597025907e-14,-6.087310376249846e-16,-9.73555498691653e-09,0.00021338711326003362,-9.639879043519505e-12,-6.682275267033621e-13,black
491.3383458646616,1.80545304789061e+16,0.0,20995629894843.39,0.0,-6.250757944316191e-08,4215914094769.6997,-1.2406980258295566e-12,-6.314495597025907e-14,-6.087310376249846e-16,-9.73555498691653e-09,0.0002133882672115555,-9.639879043519505e-12,-6.682275267033621e-13,black
491.81954887218046,1.8105056698454972e+16,0.0,20995629899489.16,0.0,-6.250757944316191e-08,4215936356442.7236,-1.2406980258295566e-12,-6.314495597025907e-14,-6.087310376249846e-16,-9.73555498691653e-09,0.00021338939682047172,-9.639879043519505e-12,-6.682275267033621e-13,black
492.30075187969925,1.8155582918003844e+16,0.0,20995629904036.06,0.0,-6.250757944316191e-08,4215958144276.6265,-1.2406980258295566e-12,-6.314495597025907e-14,-6.087310376249846e-16,-9.73555498691653e-09,0.00021339050238569255,-9.639879043519505e-12,-6.682275267033621e-13,black
492.78195488721803,1.8206109137552716e+16,0.0,20995629908485.156,0.0,-6.250757944316191e-08,4215979463392.9697,-1.2406980258295566e-12,-6.314495597025907e-14,-6.087310376249846e-16,-9.73555498691653e-09,0.00021339158416709786,-9.639879043519505e-12,-6.682275267033621e-13,black
493.2631578947368,1.8256635357101588e+16,0.0,20995629912837.36,0.0,-6.250757944316191e-08,4216000318144.1294,-1.2406980258295566e-12,-6.314495597025907e-14,-6.087310376249846e-16,-9.73555498691653e-09,0.00021339264238553728,-9.639879043519505e-12,-6.682275267033621e-13,black
493.7443609022556,1.830716157665046e+16,0.0,20995629917093.406,0.0,-6.250757944316191e-08,4216020712113.2944,-1.2406980258295566e-12,-6.314495597025907e-14,-6.087310376249846e-16,-9.73555498691653e-09,0.00021339367722283018,-9.639879043519505e-12,-6.682275267033621e-13,black
494.22556390977445,1.8357687796199332e+16,0.0,20995629921253.887,0.0,-6.250757944316191e-08,4216040648114.469,-1.2406980258295566e-12,-6.314495597025907e-14,-6.087310376249846e-16,-9.73555498691653e-09,0.00021339468882176563,-9.639879043519505e-12,-6.682275267033621e-13,black
494.70676691729324,1.840821401574821e+16,0.0,20995629925319.215,0.0,-6.250757944316191e-08,4216060128192.4717,-1.2406980258295566e-12,-6.314495597025907e-14,-6.087310376249846e-16,-9.73555498691653e-09,0.0002133956772861024,-9.639879043519505e-12,-6.682275267033621e-13,black
495.187969924812,1.8458740235297076e+16,0.0,20995629929289.66,0.0,-6.250757944316191e-08,4216079153622.933,-1.2406980258295566e-12,-6.314495597025907e-14,-6.087310376249846e-16,-9.73555498691653e-09,0.00021339664268056903,-9.639879043519505e-12,-6.682275267033621e-13,black
495.6691729323308,1.8509266454845948e+16,0.0,20995629933165.32,0.0,-6.250757944316191e-08,4216097724912.3,-1.2406980258295566e-12,-6.314495597025907e-14,-6.087310376249846e-16,-9.73555498691653e-09,0.00021339758503086375,-9.639879043519505e-12,-6.682275267033621e-13,black
496.1503759398496,1.8559792674394824e+16,0.0,20995629936946.133,0.0,-6.250757944316191e-08,4216115841797.832,-1.2406980258295566e-12,-6.314495597025907e-14,-6.087310376249846e-16,-9.73555498691653e-09,0.0002133985043236545,-9.639879043519505e-12,-6.682275267033621e-13,black
496.63157894736844,1.8610318893943692e+16,0.0,20995629940631.883,0.0,-6.250757944316191e-08,4216133503247.6035,-1.2406980258295566e-12,-6.314495597025907e-14,-6.087310376249846e-16,-9.73555498691653e-09,0.00021339940050657899,-9.639879043519505e-12,-6.682275267033621e-13,black
497.11278195488717,1.8660845113492564e+16,0.0,20995629944222.184,0.0,-6.250757944316191e-08,4216150707460.5034,-1.2406980258295566e-12,-6.314495597025907e-14,-6.087310376249846e-16,-9.73555498691653e-09,0.0002134002734882446,-9.639879043519505e-12,-6.682275267033621e-13,black
497.593984962406,1.871137133304144e+16,0.0,20995629947716.5,0.0,-6.250757944316191e-08,4216167451866.2334,-1.2406980258295566e-12,-6.314495597025907e-14,-6.087310376249846e-16,-9.73555498691653e-09,0.00021340112313822843,-9.639879043519505e-12,-6.682275267033621e-13,black
498.0751879699248,1.8761897552590308e+16,0.0,20995629951114.125,0.0,-6.250757944316191e-08,4216183733125.31,-1.2406980258295566e-12,-6.314495597025907e-14,-6.087310376249846e-16,-9.73555498691653e-09,0.00021340194928707733,-9.639879043519505e-12,-6.682275267033621e-13,black
498.5563909774436,1.881242377213918e+16,0.0,20995629954414.2,0.0,-6.250757944316191e-08,4216199547129.064,-1.2406980258295566e-12,-6.314495597025907e-14,-6.087310376249846e-16,-9.73555498691653e-09,0.00021340275172630787,-9.639879043519505e-12,-6.682275267033621e-13,black
499.0375939849624,1.8862949991688056e+16,0.0,20995629957615.695,0.0,-6.250757944316191e-08,4216214888999.64,-1.2406980258295566e-12,-6.314495597025907e-14,-6.087310376249846e-16,-9.73555498691653e-09,0.00021340353020840634,-9.639879043519505e-12,-6.682275267033621e-13,black
499.51879699248116,1.8913476211236924e+16,0.0,20995629960717.434,0.0,-6.250757944316191e-08,4216229753089.997,-1.2406980258295566e-12,-6.314495597025907e-14,-6.087310376249846e-16,-9.73555498691653e-09,0.0002134042844468287,-9.639879043519505e-12,-6.682275267033621e-13,black
500.0,1.89640024307858e+16,0.0,20995629963718.062,0.0,-6.250757944316191e-08,4216244132983.908,-1.2406980258295566e-12,-6.314495597025907e-14,-6.087310376249846e-16,-9.73555498691653e-09,0.00021340501411600075,-9.639879043519505e-12,-6.682275267033621e-13,black
