time,S,SR,C,CR,M1,M2,TH1,TH2,TC,Treg,IL10,IFNgamma,IL2
0.0,1.0,0.0,0.0,0.0,85000.0,15000.0,71000.0,12000.0,56000.0,8000.0,0.0085,0.12,0.0094
0.40080160320641284,1.0426608955965129,2.13127315763038e-08,0.02731166125779444,1.0728208400805706e-05,56516.37078408225,14706.969854121082,46678.90252826263,6006.924568490381,8097.811081735264,5359.226582745561,3.3908332867523944e-06,0.011154810367917045,0.0003508045831216836
0.8016032064128257,1.0874428162827259,4.4456304270241874e-08,0.10107445788042123,0.0001233454701127704,37554.803456950794,14415.17833491999,27623.1455095958,3013.7215159902225,1117.4223023949548,3590.1466142916097,1.4353513611066987e-07,0.001456764257202189,4.668547563375947e-05
1.2024048096192386,1.1341774700105267,6.95504497075093e-08,0.2855159357660574,0.0008045839207910746,24953.12669259419,14129.173141177518,15216.663224224116,1512.1567222536269,145.5309400961915,2405.0316602535745,6.771376803927633e-08,0.00040425791714063773,2.1545369921128093e-05
1.6032064128256514,1.1829246539471503,9.671975636256075e-08,0.7215393215786721,0.004130288226708026,16579.832023111354,13848.842090239421,7916.235775490342,757.9439690089104,18.237717319859694,1611.1201286502198,5.523807684002924e-08,0.00018255489477243716,1.1291241195633096e-05
2.0040080160320644,1.2337682047047698,1.2609619610950878e-07,1.703722108791626,0.018370820057159364,11016.256260182103,13574.072838219126,3938.465654405889,379.29558263367227,2.236034302402787,1079.2786685190583,4.47777176339203e-08,9.031922300348345e-05,5.699926878647001e-06
2.404809619238477,1.286797656017522,1.578193025667042e-07,3.820869104958159,0.07363955509868163,7319.599938001779,13304.755154802979,1896.2047560711824,189.4538352295494,0.2709261529597148,722.9992287754521,4.9910748642255336e-08,4.408866012032233e-05,2.77541209180959e-06
2.80561122244489,1.3421067086081098,1.920365274695638e-07,8.20068850557511,0.27124685776347274,4863.404393393741,13040.780991876374,892.1331575707204,94.44219939571633,0.032637117479177594,484.3292444004352,9.212006333204182e-08,2.101231205225651e-05,1.3163139386939272e-06
3.2064128256513027,1.3997932082887177,2.2890366202549383e-07,16.916978036003947,0.9283766687840066,3231.4195780673454,12782.04463791267,413.16887853002316,46.98416185836717,0.00392085400020575,324.44586975621183,-8.41218108734557e-11,9.824553792431197e-06,6.130012484253645e-07
3.6072144288577155,1.4599592705253306,2.685852831694782e-07,33.6383125389241,2.973899770225156,2147.069524149856,12528.442352203443,189.3258631459109,23.32700133797515,0.00047010377147718984,217.34133120839596,7.631552261672766e-09,4.531842704586193e-06,2.819504981538198e-07
4.008016032064129,1.5227114353390483,3.112552218715627e-07,64.61908267668545,8.962850345891717,1426.588554273348,12279.872845847143,86.13997933577207,11.558411408262234,5.647514510880071e-05,145.59315897544317,2.0756603149698377e-07,2.0712217024353274e-06,1.286060332809914e-07
4.408817635270541,1.5881608406240564,3.570970540339406e-07,120.15253272541591,25.51899336224986,947.8758742893033,12036.237870203717,39.00724760060788,5.715907480877161,6.790785506927195e-06,97.53003558522896,-8.324179981297302e-08,9.407704720563924e-07,5.833552268774452e-08
4.809619238476954,1.656423412011771,4.063046193956107e-07,216.6206969126182,68.88423965851423,629.8050219683727,11797.441209604505,17.609433938300157,2.8213122338099965,8.152096394028524e-07,65.33353982174324,6.960008785887032e-12,4.255640116278788e-07,2.6364581340430288e-08
5.210420841683367,1.7276200582466559,4.5908255314657265e-07,379.26356778233674,176.79599924217933,418.46412997172007,11563.391377620934,7.932144067247405,1.3898463133509966,9.973883640761673e-08,43.76533141637315,-4.0955656675061214e-08,1.919539200003537e-07,1.1884725621884865e-08
5.61122244488978,1.8018768918665184,5.156468734278054e-07,645.8084841432068,432.6618288900755,278.0428841640613,11334.001594092868,3.568376060921274,0.6834315877288074,1.5834167019656265e-08,29.317296265906325,7.37774480369529e-07,8.642956274917135e-08,5.349009543370073e-09
6.012024048096192,1.8793254451324386,5.762255682252026e-07,1071.006646755951,1012.1127872266212,184.74261840063406,11109.19567529594,1.6038638563799097,0.33546274848130125,1.9807187602788505e-09,19.63890210561213,3.3746010216398316e-08,3.8870881217133074e-08,2.40503329429831e-09
6.412825651302605,1.9601029023510759,6.410592262831717e-07,1732.1301944689735,2268.6118246224632,122.75126839113967,10888.909363159995,0.7204379281742633,0.16437024841007108,2.406933414420941e-10,13.155612815006332,1.6425937531382944e-08,1.7467420981342947e-08,1.0805635257877615e-09
6.813627254509019,2.044352351655332,7.104017135895266e-07,2735.3339766205863,4882.90754312978,81.56154134941995,10673.104688467314,0.3234442304626213,0.08039224238243332,2.927334138351921e-11,8.812544306119134,-6.239950462572521e-08,7.844177155311052e-09,4.851958168799982e-10
7.214428857715431,2.1322230238901216,7.845208457274132e-07,4222.760209946655,10113.040878591535,54.193973956630145,10461.785093651903,0.14517714086617842,0.03925252814826839,3.725701610089648e-12,5.903240032823847,-4.492175714302988e-09,3.5214600927853592e-09,2.1779996347230573e-10
7.615230460921844,2.2238705643685805,8.636991317931167e-07,6380.112077287736,20194.208417922444,36.01070242353869,10255.024761516772,0.06515804581539264,0.019134886177258798,4.838886255620069e-13,3.9544126169962075,-1.9172528425839595e-07,1.5806784293719234e-09,9.775874039643226e-11
8.016032064128257,2.319457316312545,9.482345543881201e-07,9444.294624887534,38949.54905700194,23.929177569941515,10053.012834555402,0.02923565128663796,0.00931164852590954,6.739897794448819e-14,2.648915927926466,-2.9629165391496216e-08,7.092870846337071e-10,4.3865077071305936e-11
8.41683366733467,2.419152595404696,1.0384413577369166e-06,13710.778538372857,72690.47398419608,15.902341548402994,9856.123784828496,0.013117802416567568,0.004524340273487381,1.0580368759789629e-14,1.7744129474920247,7.426746403703702e-10,3.1826790540688146e-10,1.9682466884590177e-11
8.817635270541082,2.523132980593048,1.13465087519962e-06,19539.999265510345,131483.8195082822,10.569645371363189,9665.018734667448,0.005886037521836639,0.0021950102385492275,2.0118703278999403e-15,1.1886245821488033,8.361100237990374e-08,1.4281366452694604e-10,8.831809615452919e-12
9.218436873747494,2.6315826759063925,1.2372125100370124e-06,27362.492626876934,230867.6645281301,7.026753173852868,9480.792125133983,0.0026404662660239613,0.0010631662545908854,5.398438717250507e-16,0.7962079973312972,2.9462177358195605e-07,6.406741113705255e-11,3.9619827618071325e-12
9.619238476953909,2.7446937727522918,1.3464945582087175e-06,37682.02070178102,394098.4035315669,4.673276569468844,9305.176410659056,0.0011846674436616059,0.0005142624295225082,2.510092768762896e-16,0.5333489249500964,6.414253148898851e-10,2.8744824614411117e-11,1.777592341111524e-12
10.02004008016032,2.8626665929448416,1.4628851915952447e-06,51076.25914534327,654961.8006835682,3.110128403392944,9140.818188683053,0.0005317585928410154,0.0002485022662875239,2.837587956649617e-16,0.35728545552887714,-1.9916211116856686e-07,1.2902747744133506e-11,7.979079113073086e-13
10.420841683366733,2.985710157887702,1.5867936983966994e-06,68195.09660227897,1061127.577572603,2.0717569660509256,8991.644995951385,0.0002386070447430214,0.00011990015097637439,1.2835751838410927e-15,0.23933374671602203,-2.4119962752732082e-09,5.78966980081783e-12,3.580329571789076e-13
10.821643286573147,3.1140425222445995,1.7186515306609918e-06,89755.95300185305,1678165.490033388,1.3820433506338967,8863.365524901526,0.00010702996095161953,5.7772311903664655e-05,4.883553731840818e-14,0.16031565079181745,1.6359647861017103e-08,2.5970351209524316e-12,1.606002310326756e-13
11.22244488977956,3.247890700998436,1.8589125039362878e-06,116534.0627417374,2593655.388328811,0.9240427552966388,8764.104421244372,4.8050315338682516e-05,2.7828066711995135e-05,4.498601127417172e-11,0.10739402167788117,-2.3959893400039728e-08,1.1659232922285412e-12,7.210041135910582e-14
11.623246492985972,3.3874920219943045,2.0080558882648367e-06,149354.9336545449,3922119.9107730216,0.6197769268884179,8705.336416363993,2.1560717165886366e-05,1.3391049168768863e-05,1.5567726113776945e-06,0.07193954597528378,5.0062626553813126e-08,5.235457213306344e-13,3.23523009298567e-14
12.024048096192384,3.533093732582798,2.1665860508057843e-06,189078.27954975935,5809421.798571582,0.4175967711521725,8703.168698171932,9.672388138844858e-06,6.4411903705005015e-06,104.7539106451375,0.04818892403901761,1.3242566261119596e-11,1.750804233968564e-08,1.4513628311911263e-14
12.424849699398798,3.6848916011435877,2.3346814027967285e-06,236572.58008464752,8436972.885249197,0.2831811524628255,8780.326553872968,4.339134109103478e-06,3.0991314531373216e-06,983404.4440102786,0.032279508508783576,6.205047885861254e-13,0.0008937699922544923,6.510967997281279e-15
12.82565130260521,3.843011073946967,2.512155843060895e-06,292663.62555764854,12024676.137328496,0.1937354490659363,8969.303092008853,1.946564253608512e-06,1.492669824097849e-06,1838190.85490958,0.02162256298670356,6.06875122379189e-13,0.002448181128360073,2.9208642219360807e-15
13.226452905811623,4.007746479119222,2.6996549025610037e-06,358183.06013053097,16834786.741627224,0.1341310204762827,9317.70476652232,8.73305755710344e-07,7.20490943919457e-07,2685861.5098734186,0.014484078645248021,7.973002734193293e-13,0.0038045587927662224,1.3104155537722819e-15
13.627254509018037,4.179343131659112,2.8974800389149036e-06,433910.5767709388,23172581.835590433,0.09434288851848475,9897.67546932648,3.918404744492655e-07,3.4907353608297376e-07,3765287.106454965,0.009702426433394085,-4.419257376054818e-13,0.005411593993829372,5.879658086509075e-16
14.02805611222445,4.358018854298743,3.1057525291091182e-06,520536.37508706877,31385638.88029372,0.06774083794001186,10823.339966324551,1.759180341398731e-07,1.7021010062317784e-07,5165547.517214512,0.0064997491258304025,9.23881713419092e-11,0.007482147414706404,2.63969157271655e-16
14.428857715430862,4.543973675380037,3.3244553321726993e-06,618636.8026877636,41860973.29725035,0.04994151325800423,12283.445742356756,7.890567848674445e-08,8.373802542132093e-08,6960038.756332228,0.004354234027798913,8.864049020178758e-09,0.010146656500169791,1.1839983788078278e-16
14.829659318637274,4.737387257858161,3.5534222686099773e-06,728645.6454378499,55020115.53662666,0.03806429268258535,14607.432721541625,3.522566065262633e-08,4.169331689194459e-08,9226020.973868908,0.0029164501510857113,9.30007814258525e-07,0.01352945891259638,5.2856930196784054e-17
15.230460921843688,4.938413342667668,3.792322876108606e-06,850822.1918228428,71312176.57779312,0.030246996806037187,18404.163595569495,1.581998158877175e-08,2.1332129684310288e-08,12046016.924587484,0.001953786016735144,-1.2867731090912625e-08,0.01776207763770098,2.373825783646714e-17
15.6312625250501,5.14717407757413,4.040660541651062e-06,985222.6874987704,91203108.99826474,0.0252949198101511,24872.39358085989,7.097280038943992e-09,1.1355426496452447e-08,15506651.205561975,0.00130894706614387,5.692556930510798e-09,0.02298351837204282,1.0649637506893577e-17
16.032064128256515,5.3637539146650095,4.297779930279684e-06,1131671.0249816035,115163589.39558373,0.022504309224041327,36519.18218779182,3.1844317814905973e-09,6.4848178240226705e-09,19696437.722843755,0.0008770410831833186,3.079262803517e-08,0.02933721253189509,4.778315684580779e-18
16.432865731462925,5.588193955387024,4.562888455759602e-06,1289732.0173080883,143655056.68381086,0.021559564631649764,58938.28572036806,1.428642182629571e-09,4.221899290455831e-09,24703396.064448413,0.0005877552960795601,3.7120650992534764e-07,0.03696751972315106,2.1437116105108842e-18
16.83366733466934,5.8204868858699825,4.835093439107876e-06,1458691.2768268965,177112698.59783357,0.022540528919377092,105143.31200122584,6.409928175976038e-10,3.573216555306963e-09,30611973.419361588,0.0003940472176912103,3.987415512563527e-08,0.04601491999305147,9.618249839117842e-19
17.234468937875754,6.060572990435839,5.113446228328638e-06,1637539.735550262,215928767.55742314,0.02609502486523988,205266.54082103423,2.875958033426192e-10,5.289149774255309e-09,37500002.69908282,0.0002644012046603772,6.074538881731502e-08,0.05661121213771408,4.315443468782083e-19
17.635270541082164,6.308337676531929,5.396992937648116e-06,1824969.6998904955,260434568.34794468,0.03397536244700361,420851.8690701881,1.2900137346128627e-10,2.6422804216172375e-08,45435311.5120851,0.00017773064319867728,9.006708474057952e-09,0.06887406437056041,1.9356962719250169e-19
18.03607214428858,6.563610623851306,5.684822799091702e-06,2019380.8053283286,310883134.9025133,0.050572277673871326,843658.1061588393,5.7881772340150536e-11,1.675171601522734e-06,54472421.18534657,0.00011992043022699792,-1.0717555960399351e-09,0.08290159498328506,8.685297184678762e-20
18.43687374749499,6.8261671086405755,5.976109120789161e-06,2218900.123712972,367433596.62300277,0.0875282170717315,1554638.6839572217,2.596649017596224e-11,0.009208070471477559,64649461.20646547,8.146144279711848e-05,1.5599981838503376e-11,0.09876720142264425,3.896333090162597e-20
18.837675350701403,7.095731572664613,6.270140159736013e-06,2421418.0771240327,430137564.1688601,0.17919131500167323,2589132.6917449636,1.1648817563430829e-11,36827.715062212286,75985377.94619773,5.591940466133055e-05,6.198963821929557e-07,0.11651473197412736,1.747932191998291e-20
19.238476953907817,7.371983136367734,6.566336009988445e-06,2624647.8718356253,498929851.2975262,0.4414918366951791,3951374.654792368,5.225778642091962e-12,1582294.207386813,88477823.22521289,3.894321329017659e-05,6.91423389693959e-05,0.13615461201818513,7.841398114713145e-21
19.639278557114228,7.654563338679387,6.864253793265433e-06,2826191.3199406057,573623063.9994111,1.3313220394559915,5638833.074851859,2.344347992642807e-12,3297234.977688945,102101850.71652922,2.762260147864104e-05,0.0001558144935953677,0.15766119060472106,3.517740395606627e-21
20.04008016032064,7.943085459708797,7.163582491486177e-06,3023583.8596843453,653905097.0677588,4.993907462760893,7651455.676581466,1.0517136069615333e-12,5117066.091157338,116809088.65915339,2.003352678150137e-05,0.0002469219688452783,0.18097102848448074,1.5781058118909207e-21
20.440881763527056,8.237145153841876,7.464130692508594e-06,3214393.2910156357,739344392.5538142,23.653253799573033,9992339.231430175,4.718541439989109e-13,7152305.859153375,132528141.96786189,1.4914731892385672e-05,0.0003488496238166196,0.20598272561399208,7.079971313269124e-22
20.841683366733466,8.536331750340583,7.765810107873161e-06,3396304.38706909,829399615.9775172,143.41476537410549,12666213.588473022,2.1178875162205563e-13,9463433.809668127,149166018.51047608,1.1443655222623986e-05,0.000463497840933412,0.23255860308682594,3.1771369356933607e-22
21.24248496993988,8.840239630975514,8.068617596724892e-06,3567197.664339536,923433974.0912447,1126.7383936425585,15677907.269210156,9.536694906673431e-14,12082219.614709884,166610441.74898937,9.08567274344942e-06,0.0005940391014843445,0.2605278840691288,1.4283198030680452e-22
21.643286573146295,9.148479117093453,8.3726177152539e-06,3725219.8831165875,1020733599.2880877,11584.379381391846,19031207.31792061,4.43165164827436e-14,15025920.106382519,184732979.54917213,7.494920645493702e-06,0.0007408682025805131,0.28969127416432616,6.52982724296314e-23
22.044088176352705,9.460686354353646,8.677927075721336e-06,3868840.5746789956,1120528883.8727427,156912.66650069365,22728084.53091312,3.080709570023704e-14,18304078.57759875,203392827.4465694,6.450368644121863e-06,0.0009038897946069211,0.31982672027050457,3.6898368424850094e-23
22.44488977955912,9.776531787146018,8.984701153356521e-06,3996891.313235517,1222017526.6383812,2743291.1523668664,26768203.139940556,1.8338654735586952e-11,21921483.752534386,222441026.8341479,5.81572598787473e-06,0.0010856598590361143,0.35069602525518956,3.305594604271965e-21
22.845691382765533,10.095459779258723,9.292860680914385e-06,4107040.0267345062,1324141113.6739016,41828493.96852324,31148574.54504426,6957536.943945404,25879370.036944497,242066373.95022964,5.515833974188194e-06,0.0012837749719596789,0.4160091015836626,0.003075086324439361
23.246492985971944,10.400107282916192,9.585801969257211e-06,4109874.321462886,1410053946.142112,190905588.85758328,35842906.34299771,69645610.7881918,30172210.821359977,266885561.64738598,5.525121792527132e-06,0.001498963663225108,1.082882983773301,0.054110715737238635
23.647294589178358,10.63833964576927,9.812993859436245e-06,3834036.925867176,1432844317.938469,371240337.57060486,40691596.53073005,198209189.8517244,34747178.52675314,295756680.4978235,5.862732668746203e-06,0.001728994379535075,2.826751097818819,0.1829752145600255
24.04809619238477,10.78069623711803,9.946311049600603e-06,3355925.6967868526,1377926514.7580798,514062310.6246148,45395792.81757318,350120508.01297057,39442603.59217176,318703919.36337507,6.591124556560769e-06,0.0019664075485127087,5.227514757736752,0.35390128510944235
24.448897795591183,10.841540869556521,1.0000186231270437e-05,2840288.2781698685,1273911196.0588968,603178817.6529852,49702497.87479603,485430426.95991755,44029185.24315625,330158719.82122654,7.823301415946707e-06,0.0021998055238421385,7.589524319608573,0.5176397350596718
24.849699398797597,10.849081669437869,1.000218289657411e-05,2373373.9677479593,1152711678.4799714,643599722.8653148,53489046.06624419,583529955.1961645,48302707.00914188,330449900.9253589,9.74993864454825e-06,0.0024182918236714513,9.448454044780116,0.6438573683717373
25.250501002004007,10.827206248519806,9.975510752150299e-06,1979752.734567034,1033587017.3292265,647296006.6927357,56737430.14109323,640339184.2516048,52140021.60154642,322046408.10769856,1.267589705300194e-05,0.0026155563677914603,10.63864827345256,0.7229465372160103
25.65130260521042,10.793093902149458,9.936898194640544e-06,1658486.4937975318,925662280.4237506,626566227.859967,59484337.25233855,660942117.2118752,55494625.45120223,307687608.40441364,1.708391741666595e-05,0.0027886250208346564,11.190233327015862,0.7581834729070898
26.052104208416836,10.75853669623491,9.897957642779963e-06,1400063.5137126227,832154678.7435853,591546020.2338128,61789251.72870238,654041326.2655865,58374016.45588604,289820557.7887907,2.3732961503783787e-05,0.002937326556953425,11.227522499094873,0.7587010773253768
26.452905811623246,10.731567738350876,9.866774255853462e-06,1193363.2032201733,753322571.4941187,549705289.3520052,63717527.724990666,628655553.3475597,60817049.670953,270433216.7260825,3.383236828500461e-05,0.003063548863151864,10.900669284483216,0.7349818343847054
26.85370741482966,10.71742677679578,9.848797476021942e-06,1028376.2059640721,688101773.1058351,506005901.6956082,65330347.002880014,592307395.8275373,62875477.096191935,250975048.2345382,4.9252308596652886e-05,0.0031701038852795633,10.344150492323493,0.6961982772526244
27.254509018036075,10.719572529550504,9.84778269046737e-06,896562.5558834326,634943433.50258,463647792.4300689,66683539.27266714,550845332.7135657,64605114.35310088,232458352.58899373,7.297728155965938e-05,0.0032596394426832385,9.667345718644174,0.6497055782374648
27.655310621242485,10.740037932294875,9.866076398991398e-06,791060.8143118586,592219914.432957,424461833.8994594,67825462.1091298,508346145.01570886,66059336.69639233,215504027.64405048,0.00010977573486072202,0.0033345175167317494,8.949384986513486,0.6007651407903379
28.0561122244489,10.779850378352965,9.904989618471062e-06,706339.1569904933,558384678.99404,389398805.53573424,68798015.66778916,467521236.2297185,67287164.10767828,200449877.07561225,0.00016721223455761047,0.0033982801511727246,8.244738119011494,0.5529642642562748
28.45691382765531,10.839185096147759,9.96490798834851e-06,638112.9320262403,532068370.43962467,358774743.64418054,69636200.84381352,429916707.27428627,68331204.02393287,187409808.13201535,0.0002575854223714576,0.0034522841578497367,7.585951952593071,0.5084214113217584
28.857715430861724,10.917646691591475,1.0045559802407247e-05,583028.9137287783,512091537.5560957,332559021.46823645,70369237.36425681,396327859.66286683,69227837.14359708,176361714.63545403,0.00040055799818945065,0.0034985431729021473,6.99095820906914,0.4682868274347434
29.258517034068138,11.014404403941844,1.0146147301816712e-05,538441.8338805358,497439461.7142373,310520327.7643581,71021589.38276683,367050223.1227447,70008015.55324543,167199968.32521248,0.0006278821068202413,0.003538888296722123,6.467760612071422,0.43305675119915354
29.65931863727455,11.128294698838388,1.0265458130651078e-05,502211.5920176718,487220895.75318897,292316488.2915161,71614003.33876719,342057608.1865153,70698311.07834154,159767759.18456793,0.000991467555612766,0.003574166118847709,6.017830184233242,0.40280005722304596
30.060120240480963,11.25792769086612,1.0401980454536828e-05,472649.69699703774,480670343.14166987,277557847.13526064,72163460.72655441,321119797.6829379,71320753.1977135,153882880.8888069,0.0015782729092129267,0.0036059166646524666,5.638332221621553,0.37730662538041904
30.460921843687377,11.401840451519808,1.0554083240425186e-05,448440.90249288426,477142452.5012052,265863317.3400647,72683454.16772787,303920574.1881098,71893078.50521097,149363785.76925477,0.0025254951909222945,0.0036353306528431025,5.324445746696766,0.35624032716960574
30.861723446893787,11.558453603647816,1.0719978453284295e-05,428476.9426893146,476047253.7284706,256849188.5912799,73185350.12834437,290085400.3791033,72430488.62414928,146024969.5780736,0.004066362111600259,0.0036624477899039687,5.070035459064431,0.33918123900621455
31.2625250501002,11.726209196084614,1.0897885581997143e-05,411874.2303323488,476872583.1468493,250158981.9447993,73677979.42269911,279232979.6012793,72945103.37773344,143692406.38831753,0.006585810187310643,0.0036888137936911466,4.868643177794923,0.32569119417210984
31.663326653306616,11.903594506374773,1.1086067570767827e-05,397916.2131422265,479166172.42510074,245461680.78846192,74168109.64323498,270990834.45171106,73446555.01798946,142204142.31545317,0.010734372187874984,0.0037143542943364155,4.713848987015041,0.3153365567342865
32.06412825651303,12.089175546756913,1.1282876281842105e-05,386017.89852472255,482527741.3286593,242450763.36692494,74660758.17177163,265004336.8686041,73942372.8570873,141411135.54409721,0.01759937693107008,0.0037394197470281445,4.599484573252995,0.3077015924259609
32.46492985971944,12.281625723702012,1.1486790076657906e-05,375706.5710165657,486606815.7558367,240843541.17726335,75159375.7107876,260941123.39357617,74438197.06816542,141177906.4918599,0.029015396237927368,0.00376449394737307,4.5197407359202355,0.30239513732298945
32.86573146292585,12.479748344502553,1.1696442623107782e-05,366604.925251677,491101455.25852686,240380363.68973267,75666048.45020281,258492854.60354567,74938004.06464045,141382767.71101105,0.04812993568085851,0.003789812652880212,4.469215991931464,0.29905347920044545
33.26653306613227,12.682487171705745,1.1910636000405039e-05,358413.1441514177,495755562.0801034,240823093.96863556,76181756.0549998,257374422.60428178,75444393.50110172,141917180.45776826,0.08033312180659202,0.003815345691695973,4.442909933582218,0.2973397489685391
33.66733466933868,12.88893706398134,1.2128352726044758e-05,350898.9454018983,500358845.71036255,241955473.12529954,76706541.44336264,257324139.36344403,75958766.90375382,142685796.20645702,0.1349235037764389,0.003841337734890843,4.436227361801874,0.2969441573887551
34.06813627254509,13.098347063297517,1.234875804982829e-05,343886.6204368608,504745259.1986231,243583612.7223887,77239711.53446163,258103788.64903572,76481540.15905009,143606184.10831413,0.22806150246630913,0.0038677787684900586,4.44497677804336,0.2975839406282088
34.46893787575151,13.310118916440839,1.25711965033363e-05,337247.6981555817,508790829.52110827,245536766.67796642,77780018.0600016,259499061.13385674,77012336.82793505,144608545.8680854,0.3879869676681161,0.003894558500230428,4.465375020679827,0.29900376381516497
34.86973947895792,13.523801111192288,1.2795183106411097e-05,330892.3489756331,512410503.3999371,247668036.6897799,78325825.99718182,261320200.96047625,77550172.43655653,145635308.43146497,0.6643884531674016,0.003921753432404374,4.494056035648759,0.30097641208382997
35.27054108216433,13.739078996815284,1.3020390176362687e-05,324761.6016325809,515554074.348676,249854675.987686,78875265.60313664,263402585.57972115,78093624.31404422,146640550.28742632,1.1452176426099934,0.003949225733777957,4.528080127498788,0.30330350127723144
35.671342685370746,13.955761737558218,1.324663076005388e-05,318820.3230666513,518201359.98141074,251997812.71814957,79426363.49627237,265606998.0111945,78640985.75039075,147589233.240721,1.987162401166332,0.003976909801391313,4.5649394664453276,0.3058159103038508
36.07214428857716,14.17376703448677,1.3473839869043274e-05,313051.0858526771,520356943.36735016,254021485.6459007,79977151.92037818,267819382.06554985,79190400.35490832,148456245.93594593,3.471041674123009,0.004004710026446062,4.602556170765458,0.30837368157291417
36.47294589178357,14.393104501318291,1.3702054547627163e-05,307448.9222258891,522044776.49559426,255871021.53130978,80525755.12219523,269949972.41476053,79739975.6604335,149225285.08343947,6.103224784080713,0.004032530166881969,4.639270538574916,0.310865227910321
36.87374749498998,14.613858635977223,1.3931393833377395e-05,302016.99891730363,523302964.4130165,257510858.77226886,81070453.26430869,271931788.3253644,80287874.57012169,149887624.6406496,10.802235182926596,0.00406027707817809,4.673818688404937,0.31320580250177765
37.274549098196395,14.836172190993524,1.4162039473936761e-05,296763.1739651539,524178977.62624043,258921981.82216254,81609725.57886474,273718568.7371868,80832385.06345257,150440832.24783304,19.242718567532368,0.004087863050048747,4.705300421150097,0.3153352946289075
37.675350701402806,15.060230453844815,1.4394217920543557e-05,291697.3469187815,524725432.5969286,260099121.28693876,82142275.2890142,275282257.3821181,81371969.75231746,150887480.83922967,34.49867526265106,0.004115209076462704,4.733138803126096,0.31721546006877593
38.07615230460922,15.286247261738689,1.4628184478265557e-05,286829.56402781146,524996632.7215785,261047953.62739375,82667038.57626161,276610252.56766397,81905296.18070237,151233936.50422478,62.238101633389554,0.004142246410140159,4.757034852139647,0.3188268220555194
38.476953907815634,15.514452570929041,1.4864209346255661e-05,282168.6863183186,525045768.7872681,261782366.84163707,83183181.54145052,277702517.2399295,82431252.07033059,151489226.9412992,112.99095578730574,0.004168917370223164,4.776918979254358,0.3201653578148266
38.877755511022045,15.745082295488078,1.5102566316738193e-05,277721.591649545,524922897.6682098,262322013.1189211,83690087.57555504,278568803.2404978,82948946.88467637,151664068.17979187,206.39686313789963,0.004195175563161663,4.792903500375147,0.3212392661061595
39.278557114228455,15.978369848996493,1.5343523455375015e-05,273492.7242621304,524673491.08649033,262690107.432132,84187338.32478759,279225998.6932151,83457703.87240048,151770016.20082018,379.2984070034439,0.004220985577227965,4.805236578462033,0.3220658393644573
39.67935871743487,16.214539777089612,1.5587336178580303e-05,269483.9568283389,524337582.38468724,262911604.43411833,84674690.37043507,279695777.8783594,83957044.28532507,151818788.81439853,701.1601789037039,0.004246322283031271,4.8142607746016255,0.32266865606612155
40.08016032064128,16.453803076340847,1.5834242250104658e-05,265694.64764651394,523949351.1268856,263011715.87562856,85152049.94316614,280002564.4809013,84446666.88444297,151821733.00690123,1303.6361143706604,0.0042711699709903055,4.8203766232652905,0.3230751193477485
40.480961923847694,16.696354111860785,1.6084458587552295e-05,262121.84092641177,523537076.5647287,263014775.331939,85619447.16739234,280171850.0330347,84926424.53219698,151789435.5556143,2437.3746044977065,0.004295521439945084,4.82401209905016,0.32331439911849047
40.88176352705411,16.942368871160483,1.633817957355437e-05,258760.55021262335,523123358.8180043,262943413.85767812,86077011.14911865,280228860.1001037,85396299.73020625,151731457.99189836,4581.850670948982,0.004319377275033081,4.825598000143627,0.3234157775688421
41.28256513026052,17.192004343289256,1.6595576628315676e-05,255604.0867905533,522725532.3458768,262818010.4814717,86524946.76728243,280197549.8863968,85856380.39402342,151656178.97209218,8657.443612841636,0.0043427456144265325,4.825549041625507,0.3234073825734496
41.68336673346693,17.445398794991398,1.685679878151581e-05,252644.40197151047,522356202.54369086,262656373.80237606,86963513.78311071,280099896.1016968,86306836.8962747,151570724.76330534,16435.801978527357,0.0043656428864044736,4.824250169128497,0.3233152746401837
42.08416833667335,17.702672739755386,1.712197401030865e-05,249872.42248473217,522023851.16562325,262473611.50900728,87393008.61173852,279955445.103131,86747901.06329495,151480969.5730284,31329.97368345497,0.004388096435462329,4.822047453166258,0.3231628432281779
42.48496993987976,17.963930409865107,1.739121112650253e-05,247278.36452576582,521733466.82733345,262282146.22029,87813748.9329484,279781074.2424479,87179847.5800596,151391588.505532,59894.049138490926,0.004410150587715706,4.819242847906535,0.32297046339040275
42.88577154308617,18.229261567464835,1.7664602025651535e-05,244852.01766023878,521487167.8893466,262091840.73799554,88226061.20754735,279590924.75913656,87602978.06928,151306148.14815554,114589.04512458862,0.004431878853817536,4.816092103853724,0.32275536432838237
43.28657314629259,18.49874351162164,1.7942224135071667e-05,242582.99394372854,521284793.9159377,261910199.6516951,88630271.08953147,279396465.9779007,88017607.96306185,151227221.60437098,218546.50776705064,0.0044534059082291,4.812805133563701,0.32253166231863295
43.687374749499,18.772443164704995,1.8224142927701318e-05,240460.94035232055,521124449.28239286,261742620.3547014,89026696.7376855,279206656.3377905,88424056.24087271,151156517.35980466,412645.5426423282,0.004474941556721152,4.809548222367095,0.32231051687349044
44.08817635270541,19.05041914246528,1.8510414393645667e-05,238475.7154417943,521002989.6960368,261592670.38937578,89415644.86939387,279028169.3551968,88822637.9791052,151095013.17958093,762479.7420692114,0.004496817001984511,4.8064475113905365,0.32210037152241966
44.48897795591183,19.332723734475163,1.8801087385945524e-05,236617.53039802317,520916444.6401712,261462374.17467093,89797409.08044945,278865660.87718517,89213659.60369474,151043088.52479902,1355850.4436838303,0.004519481619035987,4.803593327108871,0.32190725053250335
44.88977955911824,19.619404739356714,1.909620577866959e-05,234877.0549329692,520860373.10103077,261352494.63751897,90172268.80192208,278722055.58212996,89597416.13739029,151000650.13517082,2275030.001361788,0.004543381728312908,4.801044953162472,0.3217350844294763
45.29058116232465,19.91050711618518,1.9395810395437232e-05,233245.4869972338,520830151.15464133,261262798.77986097,90540486.20761032,278598835.53610826,89974188.86116761,150967246.69770527,3544344.7850322407,0.004568704445595219,4.798835526814304,0.3215860430404383
45.69138276553107,20.206074432119056,1.969994068741432e-05,231714.58818023707,520821193.3840931,261192300.16955963,90902299.85682821,278496319.4326135,90344241.51997843,150942170.16589445,5094879.818820224,0.0045951740160441665,4.7969768489948645,0.3214608619286543
46.09218436873748,20.506150095032112,2.0008636151019664e-05,230276.6954845692,520829117.8984175,261139472.98525673,91257917.96890949,278413921.84484243,90707814.75748701,150924542.6130475,6789214.036271597,0.004622137181809499,4.795463905686468,0.32135914867105736
46.49298597194389,20.810778372514083,2.0321937489243378e-05,228924.72264238013,520849867.52172273,261102436.3311604,91607516.09604512,278350386.6911126,91065121.12262334,150913389.39641017,8483381.141774973,0.004648866825141413,4.794278984001855,0.3212796611756585
46.8937875751503,21.120005206434776,2.0639887529017293e-05,227652.15620866997,520879795.3255438,261079109.70143893,91951240.24699281,278303992.0581632,91416343.33543336,150907699.76534614,10070555.073144397,0.0046748028518439275,4.793395317093699,0.32122055371880776
47.294589178356716,21.433878837956794,2.096253191346646e-05,226453.04417011567,520915717.7476731,261067341.16789803,92289212.72579253,278272725.8449853,91761636.19466643,150906475.5957544,11491047.141120633,0.004699622187384775,4.792780236276852,0.32117958941646524
47.69539078156313,21.75245025378088,2.1289919582851993e-05,225321.97503474166,520954937.366014,261065009.00906536,92621538.27767353,278254431.9245718,92101130.87894668,150908768.47955388,12722698.27749746,0.004723198752681256,4.792397818656746,0.321154318456226
48.09619238476954,22.075773475116833,2.162210307110204e-05,224254.04784195783,520995240.2676295,261070098.5489363,92948309.01652293,278246927.73474514,92434939.86387354,150913706.0730549,13767703.368132029,0.00474553689442124,4.7922110405536085,0.3211422228694478
48.496993987975955,22.40390573121092,2.195913866801223e-05,223244.83654059906,521034876.5145964,261080759.9685277,93269608.28640817,278248099.28208673,92763161.51608975,150920510.42653108,14641865.739753913,0.0047667143220727175,4.792183537782545,0.32114083470207794
48.897795591182366,22.736907514120997,2.2301086444193555e-05,222290.35002315484,521072525.2098005,261095345.99679613,93585513.54288156,278255971.5533953,93085884.00202069,150928508.0801813,15366997.673389496,0.004786843449014035,4.792280935408018,0.3211478250641866
49.298597194388776,23.07484252766315,2.2648010155111802e-05,221386.98964077813,521107247.7559658,261112430.52551886,93896098.33848342,278268754.66257703,93403188.32288839,150937132.61568338,15966088.052477857,0.00480604574387117,4.792471749170478,0.3211610642306269
49.699398797595194,23.417777571267493,2.2999977072693805e-05,220531.50710218167,521138436.5008915,261130813.92658535,94201433.7440723,278284871.8037963,93715150.55311981,150945922.27788702,16460775.04865912,0.0048244354899283646,4.792727961073654,0.32117865975415827
50.100200400801604,23.76578238273728,2.3357057772544795e-05,219720.96452353918,521165763.16732186,261149519.24375424,94501589.43907677,278302973.60032004,94021843.51273279,150954514.4678538,16870314.585459977,0.0048421151727297,4.79302534737798,0.3211989779052519
50.501002004008015,24.118929442625603,2.3719325880501045e-05,218952.697008664,521189127.9131673,261167779.31724757,94796634.52275915,278321938.5532562,94323338.0156915,150962637.1816534,17211314.47932355,0.004859174506846736,4.793343552210861,0.321220647999124
50.90180360721443,24.477293768555292,2.4086857808665306e-05,218224.275824065,521208608.62420046,261185021.3847425,95086638.23017426,278340869.5715945,94619704.03371568,150970099.59819764,17497496.08842398,0.00487568828638808,4.793666089240152,0.32124256188780825
51.30260521042084,24.840952710917932,2.4459732500998067e-05,217533.47999077276,521224419.94491035,261200845.89731592,95371670.24991776,278359077.9784774,94911011.29589614,150976781.48018187,17739963.001856066,0.004891717793366413,4.793980102304001,0.32126385735050617
51.703406813627254,25.209985736745953,2.4838031167454158e-05,216878.26886790202,521236873.5362759,261215001.8929797,95651800.89879888,278376061.88159233,95197329.65816651,150982621.5004568,17947662.101486716,0.004907313244856824,4.794276021757126,0.32128389447772243
52.10420841683367,25.584474219404164,2.5221837027356997e-05,216256.75675287927,521246342.1454775,261227361.49725363,95927101.2394612,278391481.70123744,95478729.42280954,150987605.58099055,18127765.834967762,0.004922515356237687,4.794547163960554,0.32130222827792715
52.50501002004008,25.96450130057101,2.561123514166874e-05,215667.19684294032,521253237.516299,261237902.43894944,96197643.10630223,278405142.39863324,95755281.47669694,150991759.09860805,18285925.78202794,0.004937357252926839,4.794789435221519,0.3213185884834073
52.90581162324649,26.350151607862728,2.60063120707112e-05,215107.94769320416,521257965.50394374,261246670.92011815,96463499.1343324,278416954.9273846,96027057.56119071,150995130.50301516,18426732.70669076,0.0049518666897749655,4.795000685741999,0.3213328355257107
53.30661322645291,26.741511261095784,2.6407155884215756e-05,214577.47453121305,521260929.7808743,261253779.49604213,96724742.6417458,278426931.56627554,96294130.13030404,150997790.89139682,18553692.22972626,0.004966065055036207,4.795180619616611,0.3213449545272278
53.70741482965932,27.138667622702737,2.6813855862558574e-05,214074.325113952,521262502.9546608,261259372.70455167,96981447.38362885,278435145.25883377,96556572.25030816,150999819.86314902,18669666.80040798,0.004979971362734551,4.795330089449182,0.3213550074825735
54.10821643286573,27.541709434834978,2.7226502661762928e-05,213597.1418670342,521263042.02586406,261263644.48468304,97233687.65612134,278441749.89353347,96814457.62601532,151001312.75397348,18776640.488295604,0.004993599902674593,4.795451446804696,0.3213631570306156
54.50901803607215,27.950726409348633,2.7645187830075644e-05,213144.61634910727,521262840.59631157,261266770.09904662,97481537.61936538,278446896.046882,97067860.1595962,151002353.38304234,18876449.608704325,0.005006963805882569,4.795547064959705,0.3213695664738836
54.90981963927856,28.365809515987667,2.8070004150180122e-05,212715.5188999484,521262165.5778307,261268949.07016966,97725071.57296215,278450781.5257417,97316854.05020308,151003031.76846635,18970316.163631845,0.005020073240268119,4.795620214562942,0.3213744591491801
55.31062124248497,28.787050734517376,2.850104534853211e-05,212308.66962868624,521261229.1503762,261270361.19859478,97964363.45431787,278453595.8119274,97561513.4312895,151003426.7483094,19059307.320769466,0.005032937489968029,4.795674085087808,0.32137805224519156
55.71142284569139,29.21454315524435,2.893840621825503e-05,211922.94133568552,521260206.08222085,261271170.7364949,98199486.54732853,278455519.5384838,97801911.99864188,151003608.80592525,19144292.0419869,0.0050455648676219385,4.795711752703292,0.3213805548603261
56.1122244488978,29.64838099916637,2.9382182639512676e-05,211557.26339094967,521259232.2312607,261271534.46957535,98430513.72713281,278456737.33287156,98038123.25506179,151003642.7300922,19225876.215896767,0.0050579622598125205,4.795736416909614,0.32138218390227263
56.51302605210421,30.08865961697275,2.9832471584604376e-05,211210.60802289873,521258411.5209199,261271581.78051722,98657516.77699363,278457404.85441846,98270219.79606615,151003581.3175445,19304622.26775581,0.005070136280985558,4.795750789200134,0.3213831230509751
56.91382765531062,30.535475472240456,3.0289371090923002e-05,210882.00562522712,521257805.6653854,261271436.55322364,98880567.20033695,278457686.04070854,98498274.16995704,151003472.08261764,19380804.47107887,0.005082092058317506,4.79575778696077,0.3213835693077547
57.31462925851704,30.98892632002833,3.075298048350538e-05,210570.51722162598,521257469.2784616,261271187.96473825,99099734.64069939,278457695.0021008,98722357.11059634,151003350.03109437,19454843.3054657,0.005093835345360183,4.795759426223741,0.32138365895284515
57.71543086172345,31.44911096934225,3.122340008178978e-05,210275.26501607057,521257405.9594816,261270919.790751,99315088.66960149,278457557.7453566,98942539.56368124,151003244.21197575,19526823.24425987,0.005105370185322187,4.795758006440081,0.32138354669233393
58.11623246492986,31.916129790982385,3.170073180885249e-05,209995.39411251826,521257636.9978017,261270687.85929638,99526696.61024654,278457350.9225614,99158890.1237505,151003175.48423204,19597064.608532716,0.0051167017320228715,4.795754902203838,0.3213833252414056
58.517034068136276,32.39008412224078,3.218507848317728e-05,209730.1086521899,521258129.43929845,261270533.60724476,99734625.54764348,278457150.7303772,99371477.45507927,151003155.39757383,19665602.807393465,0.005127833648128035,4.795751550015845,0.3213830907997259
58.91783567134269,32.87107711762332,3.26765448146939e-05,209478.6357728146,521258882.6984912,261270490.22296262,99938940.52200712,278457008.08287245,99580367.97972679,151003195.2685266,19732647.734485686,0.005138770399935438,4.795748882348046,0.3213829060691551
59.3186372745491,33.35921292904165,3.317523645158246e-05,209240.2543492455,521259851.380098,261270566.70877668,100139705.8516734,278456954.8744161,99785627.6555822,151003294.49321023,19798251.963703692,0.00514951560683687,4.795747542133868,0.32138281371305844
59.719438877755515,33.85459753146417,3.3681260927952515e-05,209014.2712968003,521261013.5009175,261270775.2211619,100336984.34462503,278457018.53269005,99987320.77795541,151003455.43714374,19862521.63946283,0.0051600730818868335,4.795748060261874,0.32138284915277726
60.120240480961925,34.357338222488984,3.419472709369205e-05,208800.03449378058,521262332.27897763,261271111.06963834,100530837.60362308,278457206.7608206,100185510.51715863,151003673.48281416,19925525.940610547,0.005170446388969331,4.79575062629712,0.32138302466453533
60.521042084168336,34.86754423505621,3.4715745789326144e-05,208596.9148960295,521263788.2958784,261271582.08261615,100721326.19454412,278457539.3825949,100380258.87824482,151003949.7174343,19987338.743159704,0.0051806390575091085,4.795755628738557,0.3213833661250548
60.92184368737475,35.38532614908696,3.5244429203279874e-05,208404.32447347583,521265351.8747774,261272179.7024422,100908509.37287427,278458015.40471524,100571626.61080484,151004278.76873925,20048010.454936054,0.005190654430520575,4.7957630889049385,0.32138387458374884
61.322645290581164,35.9107957217529,3.578089068391676e-05,208221.72103022307,521266973.5429013,261272871.0020921,101092445.05898036,278458604.67270726,100759673.2452956,151004645.29190665,20107554.04862775,0.0052004955939247205,4.795772520816761,0.32138451671755064
61.723446893787575,36.444066555477846,3.6325245471533733e-05,208048.5877176425,521268615.5988424,261273629.58919844,101273190.09024605,278459282.2846867,100944457.1375766,151005037.1385751,20165986.786131468,0.005210165596318175,4.795783519170766,0.3213852647787389
62.12424849699399,36.98525540081499,3.687761211321416e-05,207884.3887448622,521270298.85896873,261274488.35896844,101450800.92585082,278460090.157887,101126035.8553081,151005467.2620234,20223408.729630202,0.005219667878741407,4.795796823874098,0.32138616878966997
62.5250501002004,37.53447866589461,3.743810866704039e-05,207728.6862673162,521271971.3687265,261275395.0929351,101625331.84552881,278460969.81808424,101304465.26500188,151005913.48804766,20279791.230947755,0.00522900512374271,4.79581143446628,0.321387160790526
62.92585170340681,38.09185501219706,3.800685552485694e-05,207581.05346178013,521273606.0363726,261276319.84392753,101796836.28907403,278461886.746878,101479800.21094216,151006363.3047581,20335134.222878285,0.005238180111279592,4.795826755998931,0.3213882004118079
63.32665330661323,38.65750589200885,3.858397596872565e-05,207441.0499823828,521275202.8606775,261277266.8719836,101965367.39093514,278462847.613087,101652095.0216416,151006818.1466653,20389488.357756846,0.005247195859571442,4.7958429110873455,0.32138929589250453
63.72745490981964,39.23155440085881,3.9169594950020867e-05,207308.2667037982,521276763.11925566,261278237.1045285,102130977.1398841,278463853.51372385,101821402.85675432,151007278.40675727,20442895.530428305,0.005256055281790547,4.795859918815671,0.3213904485240404
64.12825651302606,39.814124388816886,3.976383814393121e-05,207182.36037146434,521278269.37938005,261279199.06462225,102293715.72824316,278464863.7626663,101987775.20130943,151007731.82948634,20495342.817784604,0.005264760920195255,4.795877058861042,0.3213916096263142
64.52905811623246,40.40534199047878,4.036683357194601e-05,207062.99296043252,521279717.98190844,261280137.7857083,102453632.70473744,278465857.27249277,102151262.78090195,151008172.94764447,20546839.835808005,0.005273315396016981,4.795893951186047,0.3213927535823562
64.92985971943888,41.005336773043425,4.0978712733441296e-05,206949.77010471583,521281112.02508473,261281073.04855356,102610778.36810882,278466863.0039332,102311916.97190441,151008608.78855512,20597445.214999635,0.00528172161967929,4.795911121697414,0.3213939157989243
65.3306613226453,41.61423823358479,4.159960707513914e-05,206842.4143342785,521282454.22063977,261281986.94506013,102765199.99595457,278467852.86864275,102469786.1569559,151009033.38956335,20647157.111015197,0.005289982033590265,4.795928054057974,0.3213950615717956
65.7314629258517,42.23217833623169,4.2229650548433216e-05,206740.6395918784,521283752.0684309,261282876.34697688,102916944.57634509,278468819.3044252,102624918.36484133,151009446.25758538,20695992.5126188,0.005298099160621234,4.795944600844794,0.32139618107239326
66.13226452905812,42.8592915877082,4.2868979664998663e-05,206644.14682192155,521285004.13817793,261283740.5276029,103066058.92505908,278469761.9201576,102777361.48105185,151009847.00698084,20743970.958567344,0.005306075529592882,4.795960757292833,0.32139727395571
66.53306613226454,43.49571457692939,4.3517733046151825e-05,206552.64718228226,521286208.19816005,261284580.75289947,103212589.16642623,278470683.6580856,102927162.68248686,151010235.87405378,20791112.3331253,0.005313913635127169,4.795976580578555,0.3213983440334233
66.93386773547094,44.141585001388584,4.4176050469885594e-05,206465.91113014528,521287378.40490294,261285399.4168177,103356579.63546936,278471582.6782594,103074367.24202313,151010614.80506337,20837432.204258207,0.005321615852746537,4.795992019129669,0.3213993880091772
67.33466933867736,44.797042918495556,4.484407409711867e-05,206383.70684712197,521288523.65036875,261286200.38391018,103498074.24788737,278472461.44905245,103219020.0228817,151010985.8288762,20882947.26408457,0.005329184543023848,4.796007106942752,0.3214004082762853
67.73547094188378,45.46223725305123,4.55219549610152e-05,206305.59728594308,521289569.0852171,261286931.1863956,103637120.4433079,278473270.15269345,103361169.98951414,151011324.84532893,20927660.900803316,0.0053366222080448895,4.796021031463582,0.3214013492266933
68.13627254509018,46.13730793802864,4.62098351743452e-05,206231.51465064398,521290576.5823173,261287632.77124897,103773757.88881889,278474046.50995445,103500857.34149517,151011650.91329432,20971596.42270446,0.005343931004555958,4.796034401926858,0.32140225261719096
68.5370741482966,46.82240133909596,4.690786329650468e-05,206161.2642336183,521291554.3283956,261288310.1677036,103908028.23542193,278474795.01736206,103638124.62563047,151011966.40845886,21014768.36349269,0.005351113164445078,4.796047290252744,0.32140312338383087
68.93787575150301,47.517665794727186,4.761618989025291e-05,206094.66787754092,521292511.8792316,261288969.88280624,104039972.29702432,278475521.8648834,103773013.52297114,151012274.326268,21057190.779145263,0.005358170873162906,4.796059797507447,0.3214039684407175
69.33867735470942,48.22325161620224,4.8334967521712495e-05,206031.56397536796,521293460.1596581,261289619.90141714,104169630.0504392,278476234.93592596,103905564.84881377,151012578.28192616,21098877.247912005,0.00536510626972273,4.796072053903214,0.32140479668000727
69.73947895791584,48.93931108760706,4.9064350760369477e-05,205971.8074703367,521294411.46356124,261290269.68621,104297040.63538545,278476943.80733776,104035818.55270036,151012882.51039675,21139840.870315313,0.005371921446700465,4.796084218798333,0.3214056189719086
70.14028056112225,49.66599846583341,4.9804496179073156e-05,205915.26985596566,521295379.4538806,261290930.17767206,104422242.35448778,278477659.74940735,104163813.71841836,151013191.86640215,21180094.26915014,0.005378618450234657,4.796096480697136,0.3214064481646819
70.54108216432866,50.40347049776037,5.055556287025047e-05,205861.82553578966,521296375.39376837,261291610.75272822,104545272.94329616,278478392.60718364,104289588.86377335,151013510.4740117,21219649.622953273,0.005385199295564219,4.796109005167475,0.32140729553359043
70.94188376753507,51.151907892222304,5.1317733877724144e-05,205810.78551651732,521297251.67454493,261292192.9550589,104666180.7807655,278479021.3213377,104413194.38633743,151013785.66119266,21258520.05555626,0.005391666612113148,4.796119772515641,0.3214080233509747
71.34268537074149,51.91145827726315,5.209115926062971e-05,205762.40186710886,521298117.5016316,261292765.94499287,104784995.10733086,278479637.9043445,104534659.49989112,151014056.90410572,21296715.94457866,0.005398021929748987,4.796130322250951,0.3214087365507598
71.7434869739479,52.68228578307192,5.2876005583637136e-05,205716.56000652426,521298977.5702747,261293334.91833946,104901751.91207737,278480248.4480581,104654020.97406845,151014326.36111757,21334248.13017508,0.0054042671684084555,4.796140759858061,0.3214094422841837
72.14428857715431,53.464556659378545,5.3672441561240355e-05,205673.158033983,521299836.87547654,261293905.68582115,105016486.42360604,278480859.8529401,104771314.79780057,151014596.4272144,21371126.984268617,0.005410404205999279,4.796151205190793,0.32141014867303125
72.54509018036072,54.258439275453675,5.4480638057757075e-05,205632.10672896384,521300700.7119958,261294484.6730733,105129233.11003372,278481479.828059,104886576.1793157,151014869.73400193,21407362.410550833,0.0054164348784001845,4.796161792472137,0.321410864809634
72.94589178356713,55.06410412010893,5.5300768087329005e-05,205593.329551205,521301574.6743475,261295078.92064446,105240025.6789931,278482116.891091,104999839.5461391,151015149.1497053,21442963.844481774,0.005422360979460902,4.796172670294251,0.3214116007568704
73.34669338677355,55.881723801696666,5.613300681392163e-05,205556.76264070405,521302464.6568028,261295696.0839961,105348897.0776327,278482780.3683192,105111138.54509315,151015437.77916917,21477940.25328997,0.005428184261002168,4.796184001618455,0.3214123675481658
73.74749498997996,56.71147431299919,5.697753282265588e-05,205522.33127746647,521303373.61639005,261296340.73760295,105455880.00008307,278483476.0777559,105220506.58424604,151015737.43024048,21512301.071252618,0.005433906465291807,4.79619588911976,0.3214131721245773
74.14829659318637,57.55356906075054,5.783456232265226e-05,205489.31657419956,521304214.48736966,261296914.94354334,105561020.53990419,278484090.1914473,105327991.41304967,151016007.3546084,21546081.36169431,0.005439530198754435,4.796206366718025,0.32141388112634744
74.54909819639279,58.40816653284528,5.870425634396162e-05,205458.07383813994,521305046.4716427,261297488.04017365,105664341.14670347,278484704.3535528,105433615.56184176,151016276.19687688,21579273.544573788,0.005445056561322374,4.796216849185353,0.3214145904692419
74.9498997995992,59.27545109279858,5.958680194353516e-05,205428.52894363832,521305868.2762805,261298060.5674899,105765873.040406,278485319.9408731,105537410.9586816,151016544.0351642,21611887.13726181,0.005450487220837497,4.796227363546757,0.321415301952174
75.35070140280561,60.15560946603117,6.048238857174708e-05,205400.6159347721,521306678.2878716,261298632.972232,105865646.77768809,278485938.31166166,105639408.85476804,151016810.89035267,21643931.368106082,0.0054558238093354045,4.796237936891719,0.3214160173745018
75.75150300601203,61.048830739869096,6.139120807239443e-05,205374.27702534528,521307474.5725211,261299205.60788396,105963692.25197703,278486560.8056252,105739639.82443944,151017076.72608855,21675415.176431227,0.005461067923045422,4.796248596374204,0.3214167385360285
76.15230460921843,61.95530636354386,6.231345468269713e-05,205349.46259888847,521308254.8758511,261299778.73467377,106060038.6934513,278487188.74392307,105838133.76517372,151017341.44878232,21706347.21253879,0.005466221122390605,4.796259369212651,0.3214174672370019
76.55310621242485,62.87523014819249,6.324932503329816e-05,205326.13120865892,521309016.6230007,261300352.51957336,106154714.66904052,278487823.4291678,105934919.89758831,151017604.9076084,21736735.837707255,0.005471284931987733,4.796270282689977,0.3214182052781148
76.95390781563127,63.80880045928026,6.419902038822189e-05,205304.2271092593,521309757.83089656,261300926.10179442,106247748.70206459,278488464.3776348,106030027.39775494,151017866.64454308,21766590.0079747,0.005476260877315859,4.796281330694735,0.3214189522209951
77.35470941883767,64.75626279022924,6.516279014157647e-05,205283.24395371022,521310494.8232109,261301479.4460895,106339181.30471672,278489074.99138373,106123497.6758217,151018121.04046494,21795936.43589879,0.0054811511967655605,4.7962918239995975,0.32141966190021676
77.75551102204409,65.71779160371607,6.61408110969558e-05,205263.4357070967,521311213.0643285,261302023.70703772,106429031.58315164,278489677.8317358,106215350.2979674,151018370.78665084,21824771.95986703,0.005485956865419893,4.79630219349622,0.32142036311971484
78.15631262525051,66.69359444429331,6.713329383741211e-05,205244.7496799227,521311910.4807819,261302556.85179856,106517326.66258708,278490270.6714029,106305613.01342957,151018615.01470003,21853105.512702387,0.00549067933635098,4.796312401319385,0.3214210533041211
78.55711422845691,67.68388153508663,6.81404516629541e-05,205227.13810714698,521312584.81038666,261303076.6192983,106604093.0944909,278490851.00921494,106394312.98591515,151018852.76287195,21880945.86585592,0.005495320032120978,4.796322404835653,0.3214217295550433
78.95791583166333,68.6888657777948,6.916250059054701e-05,205210.55814818293,521313233.6022409,261303580.52023,106689356.8565811,278491416.07012016,106481476.79360045,151019082.97608623,21908301.62940678,0.0054998803447820765,4.796332156643354,0.32142238865106565
79.35871743486975,69.70876275268955,7.019965935411239e-05,205194.9718868988,521313854.2167258,261304065.8370533,106773143.35282579,278491962.80518484,106567130.42913109,151019304.50592273,21935181.252062213,0.005504361635876494,4.796341604572592,0.32142302704774833
79.75951903807615,70.74379071861564,7.125214940452829e-05,205180.34633161745,521314443.82550526,261304529.6239947,106855477.41344321,278492487.8915935,106651299.29962207,151019516.11062145,21961593.021157555,0.005508765236436483,4.796350691685244,0.3214236408776277
80.16032064128257,71.79417360081533,7.232019794377073e-05,205166.63853373693,521315002.1770554,261304970.7476537,106936383.95917496,278492989.74170214,106734008.88981153,151019717.37831056,21987545.21450545,0.0055130924812929446,4.796359389421565,0.32142422821446504
80.56112224448898,72.8601854174711,7.340408304015478e-05,205153.57431359548,521315572.717862,261305420.22917515,107015897.87849477,278493498.37604415,106815294.6226232,151019922.45466343,22013048.358271424,0.0055173452192169535,4.796368190463507,0.3214248227408013
80.96192384769539,73.942023945383,7.450400533558286e-05,205141.27749056995,521316125.6574023,261305854.96119535,107094035.9401096,278493990.4744301,106895173.81900384,151020121.00600457,22038108.80632617,0.00552152436224681,4.7963767071952415,0.32142539800862047
81.3627254509018,75.03992284353481,7.562020190724544e-05,205129.7114321262,521316661.7496899,261306274.28531912,107170821.72102726,278494464.7693437,106973670.5839792,151020312.86512613,22062734.438664645,0.005525631173181577,4.796384915590021,0.32142595240941646
81.76352705410822,76.15411879537511,7.675291290054318e-05,205118.84270741005,521317181.88017887,261306677.5511531,107246278.30140665,278494919.9519692,107050808.51381578,151020497.87835988,22086932.991489056,0.005529666888282163,4.7963927906901604,0.32142648427378495
82.16432865731463,77.28485150881744,7.790238152908705e-05,205108.64108724738,521317687.0657636,261307064.11630586,107320428.26455784,278495354.67219144,107126610.69602086,151020675.90557727,22110712.05720884,0.005533632717271315,4.7964003066070315,0.3214269918714233
82.56513026052104,78.4323637162403,7.906885407469849e-05,205099.07954414398,521318178.45477855,261307433.34638786,107393293.69694205,278495767.53859574,107201099.70934246,151020846.8201894,22134079.08444069,0.005537529843333624,4.796407436521071,0.32142747341113076
82.96593186372746,79.59690117448706,8.025257988740914e-05,205090.1342522857,521318657.32699853,261307784.61501142,107464896.18817158,278496157.1184679,107274297.62376945,151021010.50914702,22157041.37800853,0.005541359423115523,4.7964141526817725,0.3214279270408081
83.36673346693387,80.77872035821602,8.145381915279453e-05,205081.76678402568,521319124.73679835,261308119.41595304,107535258.15169087,278496525.28921276,107346227.34854677,151021167.56965548,22179606.041787457,0.005545122654717523,4.796420488144428,0.32142835499548994
83.76753507014028,81.97817146077472,8.267292669103052e-05,205073.7320339881,521319577.6633285,261308464.1505359,107604417.07314289,278496913.39563817,107416927.1754445,151021326.8257892,22201779.362066735,0.005548821511238785,4.796427202826262,0.32142880834901566
84.1683366733467,83.19543878291304,8.391008984904104e-05,205066.178996724,521320021.0520495,261308798.8529382,107672380.94413057,278497289.15669894,107486405.29011947,151021481.8179204,22223568.73627556,0.005552456446386231,4.796433700206797,0.3214292470391308
84.5691382765531,84.4307849891739,8.516557510579293e-05,205059.0855224816,521320456.4854026,261309124.2492919,107739170.19255319,278497653.06977135,107554682.5702953,151021632.92274067,22244980.85833317,0.005556028553162034,4.796439987409237,0.32142967156346985
84.96993987975952,85.68447602640099,8.643965226877884e-05,205052.4320665201,521320885.6653102,261309441.14451814,107804804.79372266,278498005.70325184,107621779.43011403,151021780.5538312,22266022.276450504,0.0055595389003089074,4.796446072694899,0.32143008249778665
85.37074148296594,86.95678112373871,8.773259447401692e-05,205046.20168910976,521321310.41317576,261309750.42232722,107869304.27036346,278498347.6965574,107687715.8201359,151021925.16166243,22286699.39313022,0.005562988532310108,4.796451965463211,0.32143048049595446
85.77154308617234,88.24797279263215,8.904467818605096e-05,205040.3800555317,521321732.6698837,261310053.04521862,107932687.69261265,278498679.7601253,107752511.22733955,151022067.2335944,22307018.46516667,0.005566378469389434,4.796457676251713,0.32143086628996576
86.17234468937876,89.55832682682731,9.037618319795055e-05,205034.95543607822,521322154.4957998,261310350.05448085,107994973.67801993,278499002.675413,107816184.67512187,151022207.29387647,22326985.603645917,0.005569709707511226,4.7964632167360595,0.32143124068993256
86.57314629258518,90.88812230237079,9.172739263131075e-05,205029.91870605244,521322578.0707705,261310642.57019168,108056180.39154752,278499317.2948987,107878754.72329813,151022345.90364754,22346606.773945738,0.005572983218380366,4.796468599730018,0.32143160458408615
86.97394789579158,92.23764157760992,9.309859293625228e-05,205025.26334576856,521323005.6941236,261310931.7912179,108116325.54557028,278499624.54208064,107940239.46810186,151022483.66093582,22365887.79573561,0.005576199949442277,4.796473839185467,0.3214319589387773
87.374749498998,93.60717029319295,9.44900738914217e-05,205020.98544055174,521323439.78466797,261311218.99521548,108175426.39987569,278499925.41147757,108000656.54218492,151022621.2006591,22384834.34297671,0.005579360823882927,4.796478950192399,0.321432304798476
87.77555110220442,94.99699737206872,9.590212860399096e-05,205017.0836807381,521323882.8806934,261311505.5386296,108233499.76166375,278500220.9686285,108060023.11461748,151022759.19462448,22403451.943921946,0.005582466740628824,4.796483948978919,0.32143264328577176
88.17635270541082,96.40756188808768,9.733520240312122e-05,205013.30625387223,521324300.0734123,261311781.25657412,108290582.04084629,278500509.6977486,108118376.60288456,151022891.32185155,22421749.924476698,0.00558551964571903,4.796488853585348,0.3214329751695876
88.57715430861724,97.83913409989574,9.878956947630299e-05,205009.7005388539,521324700.5932131,261312049.65572664,108346685.69437431,278500793.2620339,108175729.69101208,151023019.5354755,22439732.844091695,0.005588520205522194,4.796493682400222,0.32143330180292323
88.97795591182366,99.29196760369595,0.00010026548711983265,205006.35089161212,521325098.89150083,261312315.8968492,108401820.00310351,278501073.7558892,108232091.78675698,151023146.7801504,22457404.5810013,0.0055914689166552765,4.796498454858641,0.32143362467553444
89.37875751503006,100.76637432362172,0.00010176327176307039,205003.24940952653,521325495.4594,261312580.87182486,108456001.31192972,278501352.3506539,108287479.59704892,151023273.40273148,22474770.34568383,0.005594366653020747,4.796503191786474,0.32143394519346496
89.77955911823648,102.26266997836606,0.00010328324368322337,205000.38991218057,521325890.77648896,261312845.5108662,108509245.58311164,278501630.27943677,108341909.43747671,151023399.76244467,22491835.216663253,0.00559721426799842,4.796507915150051,0.32143426483937204
90.1803607214429,103.78117408118126,0.00010482572700534537,204997.7679413613,521326285.3107998,261313110.78251514,108561568.39627089,278501908.8371158,108395397.23228817,151023526.23088685,22508604.14050915,0.005600012594445463,4.796512648056168,0.3214345851725262
90.5811623246493,105.32220993987904,0.00010639104970233694,204995.38076105958,521326679.5188184,261313377.69364303,108612984.9483919,278502189.3803385,108447958.51439023,151023653.1920257,22525081.931836765,0.005602762444696391,4.796517414752081,0.32143490782881146
90.98196392785572,106.88610465683071,0.0001079795435949456,204993.22735746988,521327073.84548444,261313647.28945065,108663510.05382206,278502473.3275215,108499608.42534892,151023781.04219967,22541273.273306973,0.005605464610563066,4.7965222406255155,0.321435234520725
91.38276553106213,108.47318912896685,0.00010959154435176553,204991.30843899044,521327468.72419137,261313920.65346822,108713158.1442716,278502762.15885097,108550361.71538934,151023910.1901181,22557182.715626284,0.005608119863334702,4.796527152204657,0.32143556703737747
91.78356713426854,110.08379804777748,0.00011122739148923765,204989.6264362232,521327864.5767863,261314198.90755534,108761943.26881364,278503057.4162822,108600232.74339564,151024041.0568612,22572814.677546855,0.005610728953777862,4.796532177158155,0.32143590724449284
92.18436873747495,111.71826989931223,0.00011288742837164986,204988.18550197376,521328261.81357026,261314483.21190104,108809879.0938842,278503360.7035399,108649235.47691107,151024174.0758799,22588173.44586648,0.005613292612136455,4.796537344295125,0.3214362570844085
92.58517034068136,113.37703290410067,0.00011457208935964799,204986.89098833082,521328654.0588673,261314765.12415987,108856987.7307536,278503661.78623646,108697392.57358773,151024305.824038,22603266.732069716,0.0056158120272037275,4.796542475047439,0.3214366044627296
92.98597194388778,115.06059492021419,0.0001162818895713025,204985.5612569372,521329028.9469409,261315027.73214102,108903298.69840148,278503939.98996896,108744734.31422208,151024429.47616947,22618105.254464034,0.005618288790036883,4.796547207968127,0.3214369249064823
93.3867735470942,116.76915861329135,0.00011801703464019108,204984.37781011185,521329398.4571867,261315288.82458818,108948809.39502335,278504217.4867451,108791257.93697307,151024552.12986794,22632686.811912924,0.005620722748722864,4.796551932451846,0.32143724476219954
93.7875751503006,118.50309100386002,0.00011977789686606087,204983.33606683672,521329761.9008813,261315548.21668574,108993533.32841668,278504494.2779623,108836977.2554019,151024673.66677868,22647015.716147475,0.0056231146258693245,4.796556649463063,0.3214375640852649
94.18837675350701,120.26276361412505,0.00012156485311356763,204982.43234119046,521330118.5220149,261315805.68262213,109037483.69637467,278504770.32887465,108881905.76645145,151024793.94908383,22661096.176208626,0.005625465127503093,4.796561359391008,0.32143788289155023
94.58917835671343,122.04855246796791,0.00012337828481227549,204981.66384234847,521330467.4972913,261316060.9555897,109080673.38668622,278505045.56859267,108926056.65044625,151024912.8195024,22674932.298447136,0.005627774943070172,4.796566062049688,0.3214382011574152
94.98997995991984,123.86083809094688,0.000125218577956657,204981.02867458295,521330807.93612754,261316313.7277848,109123114.9771359,278505319.8900835,108969442.77109244,151025030.10129023,22688528.086523607,0.005630044745435738,4.796570756677881,0.32143851881970803
95.39078156312625,125.70000551029726,0.0001270861231060935,204980.52583726292,521331138.8806542,261316563.65040776,109164820.73550403,278505593.150171,109012076.67547785,151025145.5982401,22701887.441408474,0.005632275190884142,4.796575441939134,0.32143883577576476
95.79158316633267,127.56644425493091,0.0001289813153848746,204980.15522485418,521331459.30571544,261316810.3336628,109205802.61956657,278505865.1695354,109053970.59407187,151025259.09468168,22715014.161382016,0.005634466919118909,4.796580115921765,0.3214391518834097
96.19238476953907,129.46054835543654,0.00013090455448219835,204979.91762691925,521331768.1188687,261317053.34675828,109246072.27709521,278506135.73271376,109095136.44072558,151025370.35548145,22727911.942034334,0.005636620553262736,4.796584776138866,0.3214394669609554
96.59318637274549,131.38271634407985,0.00013285624465217156,204979.8147281175,521332064.160385,261317292.21790636,109285641.04585734,278506404.5880996,109135585.8126717,151025479.12604278,22740584.376265377,0.005638736699857497,4.796589419528299,0.32143978078720226
96.99398797595191,133.33335125480312,0.00013483679471380932,204979.84910820506,521332346.2032488,261317526.43432328,109324519.95361604,278506671.4479429,109175329.9905246,151025585.13230598,22753034.95428493,0.005640815948864237,4.796594042452696,0.3214400931014392
97.39478957915831,135.31319929839736,0.00013684696202377855,204979.83633304396,521332638.04609543,261317758.20487574,109362743.43473268,278506930.36143833,109214404.08016744,151025691.03449994,22765276.44554714,0.005642860145689565,4.7965985056083715,0.32144039482847
97.79559118236473,137.32247090072119,0.0001388869597658593,204979.89263375627,521332923.3896508,261317985.29019985,109400307.77860074,278507184.31821847,109252804.3574473,151025794.7612868,22777306.54986826,0.005644869089902673,4.7966028846264726,0.321440690852252
98.19639278557115,139.36157671439855,0.00014095720447536894,204980.02654134337,521333200.36891174,261318207.00650755,109437222.67076363,278507433.0199018,109290540.73352502,151025895.9288797,22789128.28632473,0.005646843299613658,4.796607176491898,0.3214409809460521
98.59719438877755,141.43095442858066,0.00014305814013987475,204980.23497876964,521333468.72122824,261318422.81283638,109473499.0648215,278507675.75755864,109327624.40930182,151025994.3305662,22800745.19556024,0.005648783360990187,4.796611368625595,0.3214412642597538
98.99799599198397,143.53104708764118,0.0001451902161787495,204980.51529051893,521333728.1799042,261318632.13419038,109509147.66414194,278507911.7719346,109364066.3299041,151026089.7476148,22812160.739173144,0.005650689846824924,4.796615447532821,0.32144153988161367
99.39879759519039,145.66230309117617,0.00014735388744317103,204980.86524259447,521333978.4741976,261318834.36154014,109544178.92185993,278508140.2534507,109399877.18468346,151026181.9492752,22823378.299716424,0.005652563316535532,4.796619398803136,0.32144180683826135
99.79959919839679,147.82517619400397,0.00014954961421612256,204981.28302251894,521334219.32932025,261319028.8518228,109578603.04087795,278508360.34220314,109435067.40721668,151026270.69277805,22834401.180697713,0.005654404316164668,4.7966232071104145,0.32144206409469955
100.20040080160321,150.02012550616564,0.0001517778622123928,204981.76723933435,521334450.46643776,261319214.927942,109612429.97386585,278508571.12796384,109469647.17530577,151026355.72333515,22845232.60657928,0.005656213378379987,4.796626856212835,0.32144231055430394
100.60120240480963,152.2476154929244,0.00015403910257857556,204982.31692360225,521334671.60266984,261319391.87876797,109645669.42326096,278508771.65017974,109503626.41097791,151026436.7741393,22855875.72277805,0.005657991022474141,4.796630328952886,0.3214425450588233
101.00200400801603,154.50811597476596,0.00015633381189307,204982.93152740353,521334882.45108986,261319558.95913735,109678330.84126799,278508960.8979735,109537014.7804855,151026513.5663645,22866333.59566557,0.005659737754364776,4.7966336072573625,0.3214427663883794
101.40280561122245,156.8021021273986,0.00015866247216608074,204983.61092433849,521335082.7207253,261319715.38985342,109710423.42985913,278509137.8101427,109569821.69430609,151026585.80916563,22876609.212568056,0.005661454066594539,4.79663667213737,0.32144297326146687
101.80360721442887,159.13016348366108,0.00016102568136899153,204984.33507210048,521335277.1662994,261319866.46983618,109741961.24538004,278509308.56139153,109602061.49197468,151026655.70727095,22886706.995133962,0.005663140708811008,4.7966396303294765,0.3214431729166977
102.20440881763527,161.49310526232023,0.0001634242561831036,204985.0451066878,521335480.28250015,261320029.25801218,109772967.94382095,278509493.3356521,109633758.26193336,151026730.2920541,22896634.20616922,0.005664798939206393,4.796642832022056,0.32144338909043907
102.60521042084169,163.89112088062583,0.00016585839291644226,204985.7977338756,521335677.96888965,261320186.1729565,109803438.02922484,278509671.01269937,109664906.48090328,151026802.38516015,22906389.460914437,0.005666428471170433,4.796645909459586,0.3214435968685465
103.0060120240481,166.32472955672918,0.00016832861824498708,204986.59029264358,521335870.96630186,261320337.56781474,109833380.7620107,278509841.84216994,109695515.61228947,151026872.1680779,22915975.74458895,0.005668029799879421,4.796648866272691,0.3214437965040067
103.40681362725451,168.7944560844563,0.00017083546450006454,204987.42050235896,521336060.02173746,261320483.77406064,109862805.16268873,278510006.03811216,109725594.87420829,151026939.81534863,22925395.966427468,0.005669603407681685,4.796651705432433,0.32144398820553566
103.80761523046093,171.3008309198568,0.0001733794697561096,204988.28644662868,521336245.89237356,261320625.10634923,109891720.01591364,278510163.78477097,109755153.24360421,151027005.49655733,22934652.960881706,0.005671149764312346,4.7966544293508635,0.32144417214439275
104.20841683366734,173.84439026775183,0.00017596117791842663,204989.1865571512,521336429.3495732,261320761.86736983,109920133.8745376,278510315.2423736,109784199.46036668,151027069.3783237,22943749.488822002,0.005672669327108088,4.796657039981575,0.3214443484611946
104.60921843687375,176.42567616828308,0.000178581138810951,204990.1195975683,521336611.18289477,261320894.3526992,109948055.06366344,278510460.5529148,109812742.03144686,151027131.62629312,22952688.23873896,0.005674162541221916,4.796659538920262,0.321444517272729
105.01002004008016,179.04523658346133,0.00018123990826401077,204991.08464731707,521336792.20410174,261321022.85565466,109975491.68469769,278510599.84594214,109840789.23497447,151027192.40712774,22961471.82794506,0.005675629839837921,4.796661927505268,0.32144467867876897
105.41082164328658,181.70362548371472,0.00018393804820208745,204992.0810854818,521336973.2511722,261321147.6721472,110002451.61940373,278510733.2443414,109868349.12437458,151027251.8904976,22970102.803776313,0.0056770716443860485,4.7966642069181455,0.32144483276888686
105.81162324649299,184.40140293443744,0.00018667612673157772,204993.10857464583,521337155.192308,261321269.10553458,110028942.53395493,278510860.87012184,109895429.53248447,151027310.2510716,22978583.644793853,0.005678488364756854,4.796666378284207,0.32144497962926816
106.2124248496994,187.13920860760803,0.00018945479259981004,204994.16207096612,521337336.47895116,261321387.60565647,110054974.18390574,278510984.0243939,109922040.43915984,151027367.51946074,22986917.41701198,0.005679880522769925,4.79666846742601,0.32144512097679695
106.61322645290582,189.91799724329098,0.00019227501369089672,204995.21586384438,521337505.292768,261321504.20382822,110080565.7941791,278511108.9572025,109948201.55190791,151027423.10000286,22995109.874884002,0.005681249147496512,4.7966706039925455,0.3214452653823296
107.01402805611222,192.73804696730764,0.0001951370725642787,204996.29074170362,521337672.65578353,261321618.7052664,110105714.98410316,278511231.0132327,109973910.38582161,151027477.81299093,23003160.61491569,0.005682594110659569,4.796672688567113,0.32144540629758955
107.41482965931864,195.59996557547404,0.00019804158570645088,204997.38581651484,521337838.8466199,261321731.5327376,110130429.30263576,278511350.72841597,109999174.65632993,151027531.82674435,23011072.053174783,0.005683915815883904,4.796674730605116,0.3214455443616769
107.81563126252506,198.5043691338033,0.00020098917798957268,204998.50028497228,521338004.1360052,261321843.1439051,110154716.15801449,278511468.69459933,110024001.93494721,151027585.32095203,23018846.558507066,0.0056852146592537515,4.796676740593543,0.32144568028299236
108.21643286573146,201.45188212309344,0.00020398048281801694,204999.6334084138,521338168.7888459,261321954.036288,110178582.82362859,278511585.5662589,110048399.65525828,151027638.4885441,23026486.454255782,0.005686491029624963,4.796678730171007,0.32144581484733775
108.61723446893788,204.44313758351532,0.00020701614227491833,205000.7844927411,521338333.0662985,261322064.75222027,110202036.44389078,278511702.06721336,110072375.11890341,151027691.53756365,23033994.019981015,0.005687745308937203,4.796680712247786,0.32144594892601613
109.0180360721443,207.47877725919975,0.00021009680726872122,205001.95286834022,521338497.227842,261322175.88381013,110225084.04010917,278511818.9973373,110095935.50156336,151027744.69303817,23041371.4931791,0.00568897787252613,4.796682701125869,0.3214460834839323
109.4188376753507,210.55945174282516,0.00021322313767972828,205003.13787000178,521338661.53334993,261322288.07789907,110247732.51635912,278511937.2392748,110119087.8589444,151027798.19885138,23048621.071002007,0.005690189089435594,4.7966847126189895,0.3214462195876926
109.81963927855712,213.68582062020585,0.00021639580250664927,205004.33881684142,521338826.2451627,261322402.04102108,110269988.6653551,278512057.76515305,110141839.13276337,151027852.3196149,23055744.911976736,0.005691379322729822,4.796686764172675,0.3214463584137058
110.22044088176354,216.8585526148787,0.00021961548001314852,205005.5549922201,521338991.63015956,261322518.54436174,110291859.1743226,278512181.6432956,110164196.15673272,151027907.34253973,23062745.13772473,0.00569254892980561,4.796688874984282,0.3214465012562827
110.62124248496994,220.07832573269127,0.0002228828578743938,205006.7856236645,521339157.96183056,261322638.42871755,110313350.63086994,278512310.044936,110186165.6625455,151027963.5793081,23069623.834681254,0.005693698262704509,4.79669106612304,0.32144664953573704
111.02204408817636,223.34582740638962,0.00022619863332360495,205008.02986278728,521339325.5223491,261322762.60945493,110334469.52886021,278512444.2509311,110207754.28586045,151028021.367945,23076383.055814788,0.005694827668425021,4.796693360650095,0.32144680480648535
111.42284569138278,226.66175464020532,0.0002295635132986015,205009.2867652076,521339494.604644,261322892.0814695,110355222.27428313,278512585.65847474,110228968.57228696,151028081.0746899,23083024.822346434,0.0056959374892347845,4.796695783738544,0.3214469687651473
111.82364729458918,230.02688368986378,0.00023297828516964406,205010.55935364473,521339662.35430497,261323020.86637303,110375614.96338984,278512726.3311342,110249814.77909844,151028140.41380194,23089551.279378716,0.005697028053599772,4.796698194069741,0.32144713186946144
112.2244488977956,233.44214531007285,0.00023644389311849585,205011.8590079389,521339819.3584644,261323128.3945868,110395653.14259365,278512838.7917202,110270298.66059013,151028191.5526205,23095964.8638474,0.005698099666362221,4.796700101720411,0.3214472610453053
112.62525050100201,236.9080848431896,0.000239960890106146,205013.17373247142,521339974.1917136,261323234.32541043,110415343.5830912,278512949.47551763,110290427.0605674,151028241.9440563,23102267.11088344,0.005699152681927066,4.796701978697684,0.3214473881503838
113.02605210420842,240.42545383205928,0.00024353003838379893,205014.5028675569,521340126.5378016,261323338.51857373,110434692.34960331,278513058.2985084,110310206.18079537,151028291.514807,23108459.964685667,0.005700187424762387,4.796703823895048,0.3214475131059319
113.42685370741484,243.99501525794332,0.00024715211180119975,205015.84562429416,521340276.0496029,261323440.8220177,110453705.44459005,278513165.1709984,110329642.15955438,151028340.1850178,23114545.348834615,0.005701204216011988,4.796705636142321,0.321447635828515
113.82765531062124,247.61754372312086,0.00025082789599176837,205017.2010667189,521340422.34946156,261323541.07299498,110472388.81399818,278513269.9991605,110348741.07751326,151028387.86868685,23120525.168096054,0.005702203373802449,4.796707414233453,0.3214477562319027
114.22845691382766,251.2938256334921,0.00025455818855773523,205018.56809395624,521340565.0295359,261323639.09917066,110490748.3530084,278513372.68657863,110367508.96360281,151028434.47407067,23126401.31022454,0.005703185213550191,4.796709156954326,0.3214478742289427
114.62925851703407,255.02465938117996,0.0002583437992552757,205019.94542237348,521340703.6521429,261323734.71972305,110508789.91178288,278513473.1357909,110385951.80088907,151028479.90408945,23132175.647766944,0.0057041500482685305,4.79671086311055,0.32144798973343486
115.03006012024048,258.81085552713273,0.00026218555017964496,205021.33156773253,521340837.7501028,261323827.7464443,110526519.30121243,278513571.2498333,110404075.53244673,151028524.05673245,23137850.03986599,0.005705098188874746,4.796712531555273,0.3214481026620046
115.4308617234469,262.65323698372697,0.0002660842759503137,205022.72482734267,521340966.8270836,261323917.98484114,110543942.29866405,278513666.93378323,110421886.06723243,151028566.82546338,23143426.334063787,0.005706029944497135,4.796714161216971,0.321448212935977
115.83166332665331,266.55263919736905,0.000270040823896102,205024.12326221302,521341090.3579452,261324005.23523557,110561064.65372822,278513760.0963032,110439389.28595817,151028608.09962586,23148906.36810539,0.005706945622782075,4.796715751127255,0.3214483204832506
116.23246492985972,270.50991033109807,0.00027405605424031467,205025.5246792053,521341207.78908455,261324089.29386556,110577892.09396623,278513850.65118414,110456591.04696469,151028647.76484862,23154291.971742306,0.005707845530201083,4.796717300448671,0.32144842524017136
116.63326653306613,274.5259114471886,0.0002781308402858768,205026.92661318634,521341318.53877956,261324169.95398587,110594430.33065768,278513938.51888907,110473497.19209473,151028685.7034511,23159584.968536053,0.005708729972357876,4.796718808502498,0.32144852715340627
117.03406813627255,278.6015166897524,0.0002822660686004677,205028.32630918073,521341421.9975338,261324247.00696856,110610685.06454767,278514023.6280965,110490113.55256651,151028721.79484865,23164787.17766169,0.005709599254295431,4.79672027479655,0.3214486261818173
117.43486973947896,282.7376098113826,0.00028646263632607286,205029.74251660198,521341523.78646946,261324322.8458778,110626656.95849426,278514107.3817315,110506440.7763308,151028757.3156855,23169898.807730608,0.005710453409787291,4.796721717649493,0.32144872362860866
117.83567134268537,286.9350845822345,0.0002907214515422546,205031.21412020084,521341635.37000126,261324402.30535373,110642341.9550038,278514192.5677871,110522474.65474056,151028794.85353056,23174918.558204483,0.005711292218433377,4.796723173066639,0.32144882206079367
118.23647294589179,291.1948620909574,0.0002950434469156592,205032.69799130262,521341744.75405765,261324480.47712305,110657754.84851363,278514276.503686,110538230.37584293,151028831.75332427,23179851.150263313,0.005712116474946859,4.796724607693085,0.32144891908231527
118.6372745490982,295.5178700397258,0.00029942956345609323,205034.19358881927,521341852.2405077,261324557.57980376,110672900.53554933,278514359.4048717,110553712.9438571,151028868.1148418,23184698.141739074,0.005712926441067999,4.79672602508892,0.3214490149361664
119.03807615230461,299.9050500797081,0.00030388075632772535,205035.70026616874,521341958.18366265,261324633.8682771,110687783.86770952,278514441.52109003,110568927.3167912,151028904.05453765,23189461.074926347,0.005713722376112313,4.796727429373023,0.3214491099035893
119.43887775551103,304.3573579921479,0.0003083979950330241,205037.21726249767,521342062.9932219,261324709.63587055,110702409.65532044,278514523.1385412,110583878.41016231,151028939.70653322,23194141.4777172,0.005714504537164944,4.796728825258598,0.32144920430650303
119.83967935871743,308.8757638694468,0.00031298226359669775,205038.7436939038,521342167.13722014,261324785.21654063,110716782.67109047,278514604.5820328,110598571.10071655,151028975.22360414,23198740.864736114,0.0057152731792750175,4.796730218088704,0.3214492985099299
120.24048096192385,313.46125229624676,0.000317634560749634,205040.2785446586,521342271.1449743,261324860.98705593,110730907.65376458,278514686.21713203,110613010.23014897,151029010.77816767,23203260.73847488,0.005716028555650016,4.796731613871793,0.3214493929244229
120.64128256513027,318.1148225305116,0.00032235590011283813,205041.8206584298,521342375.61002976,261324937.36917973,110744789.31177884,278514768.4523182,110627200.60882373,151029046.56327015,23207702.5904275,0.005716770917850142,4.796733019317237,0.3214494880084925
121.04208416833667,322.8374886846095,0.0003271473103813728,205043.36872950388,521342481.1931075,261325014.83185312,110758432.32691494,278514851.74113536,110641147.01949398,151029082.79357445,23212067.902225096,0.005717500515982681,4.79673444187087,0.3214495842710336
121.44288577154309,327.63027990639586,0.00033200983550829756,205044.9212940088,521342588.6250504,261325093.89337772,110771841.35795465,278514936.5843448,110654854.22102198,151029119.70634732,23216358.146770816,0.0057182175988963755,4.796735889750514,0.3214496822737527
121.8436873747495,332.4942405602942,0.0003369445348886072,205046.47672113622,521342698.7097706,261325175.1235986,110785021.04433438,278515023.53207743,110668326.95209901,151029157.56244683,23220574.789374724,0.005718922414375781,4.7967373719815125,0.32144978263359464
122.24448897795591,337.4304304083792,0.00034195248354317145,205048.0332043644,521342812.32719564,261325259.14608717,110797976.00979961,278515113.18598646,110681569.93496554,151029196.6473098,23224719.288888726,0.005719615209335637,4.796738898432271,0.3214498860251699
122.64529058116233,342.43992479145925,0.0003470347723026746,205049.58875268052,521342930.4362153,261325346.640324,110810710.8660594,278515206.20139974,110694587.87913106,151029237.2719392,23228793.09884146,0.005720296230015236,4.796740479849782,0.32144999318318124
123.04609218436875,347.5237982657659,0.00035219248939301535,205051.16098269273,521343042.77801085,261325430.88327533,110823224.0297278,278515296.42592174,110707379.21867444,151029276.3002022,23232796.0075504,0.005720965396264343,4.796742017092478,0.32145009730981267
123.44689378757515,352.6831376045418,0.0003574267350315413,205052.77176583785,521343136.63524985,261325503.53291503,110835512.52015781,278515376.2202572,110719940.97190922,151029309.84163308,23236727.42640899,0.005721622554289047,4.796743387028475,0.32145018996266855
123.84769539078157,357.9190875869719,0.00036273867288149546,205054.3926345804,521343227.9846385,261325575.19702774,110847589.01798037,278515455.3810836,110732286.0197155,151029342.82832468,23240590.969955638,0.005722268375276466,4.796744748020372,0.3214502819944094
124.24849699398798,363.23278550293753,0.00036812945640527287,205056.0233772948,521343316.6437368,261325645.81899673,110859457.3093422,278515533.8969422,110744418.23343109,151029375.22639894,23244387.863240678,0.005722903061829248,4.796746100106981,0.3214503734051283
124.64929859719439,368.6253849593001,0.0003736002556068594,205057.66375404468,521343402.40962946,261325715.333647,110871121.12411577,278515611.7514625,110756341.42694731,151029406.99738306,23248119.314882774,0.00572352681355345,4.7967474432638255,0.3214504641904056
125.0501002004008,374.09805605545506,0.0003791522572095565,205059.31349442276,521343485.0580972,261325783.66693512,110882584.13748625,278515688.923221,110768059.35833487,151029438.09803587,23251786.51764875,0.0057241398271439935,4.796748777401642,0.32145055434119824
125.45090180360722,379.6519855588838,0.0003847866648337037,205060.97229539044,521343564.3427864,261325850.73563865,110893849.97153851,278515765.38559985,110779575.7314697,151029468.4801746,23255390.649033375,0.005724742296470115,4.7967501023648875,0.3214506438437278
125.85170340681363,385.2883770807078,0.0003905046991744029,205062.63981911767,521343639.99438024,261325916.44704592,110904922.19684412,278515841.1066459,110790894.1976589,151029498.09050128,23258932.87183921,0.005725334412660814,4.796751417930244,0.3214507326793701
126.25250501002004,391.00845125124226,0.00039630759817924316,205064.31569082258,521343711.71976924,261325980.69864577,110915804.33404829,278515916.04892945,110802018.35726649,151029526.87042937,23262414.334756397,0.0057259163641903135,4.796752723805122,0.32145082082454346
126.65330661322646,396.8134458955484,0.00040219661722602285,205065.99949661113,521343779.2012215,261326043.377817,110926499.85545692,278515990.1694029,110812951.7613394,151029554.75591028,23265836.172942486,0.005726488336963505,4.796754019626166,0.32145090825059797
127.05410821643287,402.70461620898715,0.0004081730293004745,205067.69078131692,521343842.09555364,261326104.36151806,110937012.18662354,278516063.4192598,110823697.91323327,151029581.67725998,23269199.508602247,0.005727050514401403,4.79675530495776,0.3214509949237041
127.45490981963928,408.6832349327733,0.000414238125173989,205069.389046341,521343900.033301,261326163.51597682,110947344.70793635,278516135.7437933,110834260.27023837,151029607.55898553,23272505.451567482,0.005727603077526597,4.796756579290527,0.3214510808047415
127.8557114228457,414.7505925295273,0.0004203932135813384,205071.09374749137,521343952.61788833,261326220.69638008,110957500.75620513,278516207.08225554,110844642.24520545,151029632.3196116,23275755.099876843,0.005728146205048704,4.796757842039842,0.32145116584918804
128.25651302605212,420.9079973588296,0.00042663962139840043,205072.80429282284,521343999.42480063,261326275.7465633,110967483.62624829,278516277.36771584,110854847.20817156,151029655.87150708,23278949.540355653,0.005728680073449821,4.79675909254433,0.32145125000700847
128.6573146292585,427.1568940645347,0.000432978815816372,205074.53314255492,521344047.738641,261326329.7846291,110977293.74669217,278516345.4138828,110864875.57123168,151029679.18537927,23282088.510480817,0.005729204702044224,4.796760299648302,0.3214513312744006
129.05811623246493,433.4987145128089,0.0004394122505039125,205076.28926607332,521344102.78353465,261326383.57920432,110986932.24899946,278516410.3201268,110874728.47244765,151029702.94600093,23285172.089033473,0.005729720148777496,4.796761440099303,0.32145140815313467
129.45891783567134,439.93470775761006,0.00044594119012525955,205078.05927442474,521344156.5807135,261326435.69755358,110996405.03783509,278516473.0739722,110884411.97723354,151029726.0190497,23288202.6242599,0.005730226733529565,4.796762542341945,0.3214514824555228
129.85971943887776,446.46626852844804,0.00045256704934157403,205079.84380685535,521344209.4382985,261326486.07670847,111005714.94452903,278516533.45969343,110893928.97921361,151029748.4078598,23291181.016408112,0.0057307246076436225,4.796763602041158,0.321451553893687
130.26052104208418,453.0948113269775,0.00045929126287309386,205081.64355460624,521344261.6976123,261326534.65164772,111014864.74251205,278516591.24528474,110903282.3127175,151029770.11772567,23294108.146116376,0.005731213919354562,4.796764614521007,0.3214516221572426
130.6613226452906,459.82177063546357,0.0004661152857108244,205083.45926240104,521344313.7345039,261326581.3553445,111023857.14811598,278516646.1820097,110912474.75359403,151029791.15602502,23296984.874620304,0.005731694813831266,4.796765574754736,0.32145168691264514
131.06212424849699,466.6486011252474,0.0004730405933282277,205085.29172993352,521344365.9606742,261326626.11881444,111032694.82137388,278516698.0039497,110921509.0200251,151029811.53234157,23299812.043959934,0.0057321674332189,4.796766477354797,0.3214517478025365
131.4629258517034,473.5767778652135,0.00048006868189291464,205087.14181335506,521344418.8250004,261326668.87116307,111041380.36682035,278516746.42755336,110930387.77333938,151029831.25858828,23302590.47718683,0.005732631916681196,4.7967673165628915,0.32145180444509147
131.86372745490982,480.60779653025264,0.00048720106847833177,205089.0104267624,521344472.81486106,261326709.53963357,111049916.3342917,278516791.1511849,110939113.61882609,151029850.3491302,23305320.97857116,0.005733088400442751,4.796768086240001,0.3214518564333642
132.26452905811624,487.74317360972947,0.0004944392912754535,205090.8985436851,521344528.4574612,261326748.04965445,111058305.21972619,278516831.85467356,110947689.1065489,151029868.82090756,23308004.33380881,0.005733537017831307,4.796768779856431,0.32145190333463475
132.66533066132266,494.9844466159477,0.000501784909804471,205092.80719857317,521344586.321157,261326784.32488728,111066549.46596436,278516868.198862,110956116.73215963,151029886.69355854,23310641.310228437,0.005733977899320052,4.79676939048184,0.3214519446897551
133.06613226452907,502.33317429261587,0.0005092395051264833,205094.7374882847,521344647.01678103,261326818.28727418,111074651.46354912,278516899.8251558,110964398.93771206,151029903.98954248,23313232.65699861,0.0057344111725699,4.796769910775281,0.3214519800124961
133.46693386773546,509.7909368233125,0.0005168046800551855,205096.69057357337,521344711.19896686,261326849.85708573,111082613.5515261,278516926.35507184,110972538.11247571,151029920.7342628,23315779.10533485,0.005734836962471788,4.796770332975235,0.32145200878889363
133.86773547094188,517.3593360399537,0.0005244820593685617,205098.6676805761,521344779.5674742,261326878.95296848,111090438.01824379,278516947.3897876,110980536.59374972,151029936.95618987,23318281.36870675,0.00573525539118896,4.796770648889647,0.3214520304765952
134.2685370741483,525.0402455552287,0.0005322735418708974,205100.66176048678,521344843.32883966,261326909.82699275,111098128.26014411,278516972.8554956,110988397.86501744,151029953.4120303,23320740.89530295,0.005735666643035261,4.796771051357798,0.321452057936183
134.66933867735472,532.8354068566583,0.0005401808933752473,205102.67097933448,521344899.6228718,261326944.05522472,111105686.91015102,278517006.27430815,110996124.62072071,151029970.41448689,23323158.65187531,0.005736070859680894,4.796771608470586,0.3214520957116939
135.07014028056113,540.7463089554963,0.0005482056254263155,205104.70274343636,521344956.12577105,261326978.44663516,111113115.27987364,278517039.773146,111003718.18949422,151029987.48263034,23325534.76106812,0.00573646810891881,4.796772166373581,0.32145213355058294
135.47094188376755,548.774666021812,0.0005563494766186528,205106.7577656235,521345012.8279355,261327013.32424328,111120415.57250072,278517073.84674865,111011180.82224475,151030004.72706872,23327869.938653946,0.00573685850856238,4.79677273412617,0.32145217206200527
135.87174348697394,556.9222167225548,0.0005646142103896839,205108.83677126138,521345069.70257026,261327049.04101193,111127589.95289396,278517109.0420308,111018514.73063086,151030022.26733202,23330164.8891315,0.005737242174377307,4.7967733217634345,0.32145221192053336
136.27254509018036,565.1907244894848,0.000573001615291321,205110.94049775272,521345126.7047425,261327085.9809268,111134640.54866372,278517145.9600922,111025722.08816153,151030040.23216757,23332420.306111686,0.005737619220139347,4.796773940334122,0.32145225386869963
136.67334669338678,573.581977787096,0.0005815135052615702,205113.06969404028,521345183.77043694,261327124.56007537,111141569.45124488,278517185.2582281,111032805.03129484,151030058.7598356,23334636.872703683,0.005737989757692018,4.796774601938616,0.3214522987195381
137.0741482965932,582.0977903805478,0.0005901517198961445,205115.22512010994,521345240.815611,261327165.22772595,111148378.7169724,278517227.6519401,111039765.66053666,151030077.9984047,23336815.261901006,0.0057383538970043205,4.796775319766911,0.321452347359127
137.4749498997996,590.7400016035914,0.0005989181247200735,205117.40754649346,521345297.7352498,261327208.4674068,111155070.36815725,278517273.916946,111046606.04153925,151030098.10604733,23338956.136967592,0.005738711746228453,4.7967761081365765,0.32145240074913056
137.87575150300603,599.510476626498,0.0006078146114593142,205119.6177537714,521345354.40242183,261327254.7979853,111161646.39416204,278517324.8911905,111053328.20619999,151030119.25133523,23341060.151823837,0.005739063411757523,4.796776982530733,0.3214524599293416
138.27655310621242,608.4111067239858,0.0006168430983123606,205121.85653207602,521345410.6673339,261327304.77474666,111168108.7524768,278517381.4768557,111059934.15376,151030141.613535,23343127.951432697,0.005739408998283271,4.796777959636018,0.3214525260202235
138.67735470941884,617.4438095431506,0.0006260055302218563,205124.12468059422,521345466.3563864,261327358.9904734,111174459.36979471,278517444.6423712,111066425.85190286,151030165.38290352,23345160.17218574,0.005739748608853778,4.796779057380563,0.32145260022545236
139.07815631262525,626.6105293713897,0.0006353038791462022,205126.42300707038,521345521.27122885,261327418.07652414,111180700.14308791,278517515.4244247,111072805.23785318,151030190.76098344,23347157.442289215,0.005740082344931187,4.796780294971959,0.32145268383445935
139.47895791583167,635.9132374043327,0.0006447401443311683,205128.75232730925,521345575.18781465,261327482.70391273,111186832.94068311,278517594.92997235,111079074.21947539,151030217.96089876,23349120.38215012,0.0057404103064494175,4.796781692935226,0.32145277822497265
139.8797595190381,645.354416936615,0.0006543168444386311,205131.10750957433,521345630.16640204,261327536.01661432,111192859.56771907,278517656.7832515,111085234.7120073,151030241.3468991,23351048.971729804,0.005740732590330837,4.7967827665878096,0.32145285081984604
140.2805611222445,654.9361117348808,0.0006640360523113897,205133.48916385515,521345686.0142646,261327578.11787036,111198781.83714058,278517701.21776175,111091288.5692079,151030260.9392054,23352943.79356152,0.00574104929356902,4.79678352045167,0.3214529019207318
140.6813627254509,664.6600991519936,0.0006738995705627218,205135.9015187278,521345741.1084616,261327619.80939698,111204601.55807833,278517745.2565495,111097237.59715791,151030280.3252947,23354805.807497896,0.005741360512737163,4.796784267731539,0.32145295257534184
141.0821643286573,674.52848718119,0.0006839095371681163,205138.34509201298,521345795.2389344,261327660.97210705,111210320.49308975,278517788.8027564,111103083.59921364,151030299.44746977,23356635.572034817,0.005741666342149279,4.796785006934533,0.32145300268051413
141.48296593186373,684.543413732918,0.0006940681204416954,205140.82038660595,521345848.17315984,261327701.47148713,111215940.38134299,278517831.744987,111108828.35498722,151030318.2409165,23358433.637620047,0.005741966874874429,4.796785736331216,0.3214530521168928
141.88376753507015,694.7070469482802,0.0007043775193539916,205143.32788942035,521345899.6554228,261327741.15702766,111221462.9396894,278517873.9567322,111114473.62144849,151030336.63344935,23360200.546979897,0.005742262202794296,4.796786453946024,0.32145310074827455
142.28456913827657,705.021585512474,0.0007148399638497208,205145.86807033228,521345949.4060881,261327779.86165312,111226889.86373584,278517915.2957943,111120021.13402711,151030354.54525676,23361936.835445866,0.0057425524166607525,4.79678715754769,0.32145314842095596
142.68537074148298,715.4892589682318,0.0007254577151655562,205148.44138112414,521345997.120873,261327817.40115228,111232222.8289172,278517955.6037108,111125472.60771447,151030371.8886465,23363643.03128131,0.005742837606153439,4.7967878446396774,0.3214531949630799
143.08617234468937,726.1123280292613,0.0007362330661479016,205151.04825442878,521346042.4701188,261327853.5736085,111237463.4915687,278517994.70517856,111130829.73816577,151030388.56779122,23365319.65600809,0.005743117859937325,4.7967885124506005,0.3214532401839825
143.4869739478958,736.8930848936891,0.0007471683415706688,205153.6891026733,521346085.09806347,261327888.1588298,111242613.48999834,278518032.4074782,111136094.202802,151030404.47847372,23366967.224733237,0.005743393265720289,4.796789157924655,0.32145328387354005
143.8877755511022,747.8338535574959,0.0007582658984530463,205156.36431702314,521346124.6221135,261327920.91777933,111247674.44555928,278518068.4998983,111141267.66191196,151030419.50783244,23368586.246475585,0.005743663910310686,4.796789777712043,0.3214533258015156
144.28857715430863,758.9369901279612,0.0007695281263772774,205159.07426632603,521346160.6321162,261327951.5920053,111252647.96372224,278518102.7531595,111146351.75975424,151030433.534107,23370177.224492446,0.005743929879674917,4.7967903681593995,0.32145336571690586
144.68937875751504,770.2048831371023,0.0007809574478064322,205161.81929605597,521346192.6896317,261327979.90307146,111257535.63514796,278518134.9188388,111151348.1256593,151030446.4263834,23371740.656606264,0.005744191258995005,4.796790925300224,0.321453403347288
145.09018036072143,781.6399538551151,0.0007925563184021823,205164.59972725713,521346220.32720524,261328005.55198717,111262339.0367595,278518164.7287936,111156258.37513137,151030458.0443396,23373277.035531256,0.005744448132726161,4.796791444845298,0.32145343839816665
145.49098196392785,793.2446566038166,0.0008043272273425764,205167.41585548795,521346243.0476392,261328028.2186377,111267059.73281473,278518191.8945862,111161084.11095059,151030468.23799092,23374786.84920008,0.005744700584654358,4.796791922173124,0.32145347055232026
145.89178356713427,805.0214790700815,0.0008162726976398108,205170.267949765,521346260.3232652,261328047.56121442,111271699.2759787,278518216.1069078,111165826.92427488,151030476.84743538,23376270.58109049,0.005744948697953902,4.796792352320342,0.32145349946914836
146.2925851703407,816.9729426192858,0.0008283952864580058,205173.15625150697,521346271.59521645,261328063.21564502,111276259.20839603,278518237.03500277,111170488.39574207,151030483.7025992,23377728.71055198,0.005745192555245001,4.796792729972159,0.3214535247840181
146.6933867735471,829.102395895097,0.0008406983923152159,205176.08782559424,521346288.9668751,261328082.38804078,111280738.46590099,278518260.8280204,111175067.34766836,151030492.25663894,23379161.20246547,0.005745432096493171,4.796793151777587,0.32145355315081114
147.09418837675352,841.4125853963625,0.0008531848011572406,205179.06420977463,521346314.32448685,261328106.16926512,111285138.05940367,278518288.39604306,111179564.79948717,151030503.03676313,23380568.427942842,0.005745667375277857,4.796793631920308,0.32145358554734144
147.4949899799599,853.9055872825732,0.0008658566169931107,205182.0808218609,521346338.24016863,261328128.87863314,111289461.30022654,278518314.84800655,111183984.20624566,151030513.3301762,23381951.208754644,0.00574589857112674,4.796794093272367,0.321453616666454
147.89579158316633,866.5841078427042,0.0008787165846544978,205185.13818893826,521346360.77627826,261328150.50790492,111293709.5450536,278518340.14744735,111188326.9543958,151030523.13919967,23383309.980699915,0.005746125756583407,4.7967945350896715,0.3214536464588123
148.29659318637275,879.4508915832323,0.0008917674877366052,205188.2368308833,521346382.00789076,261328171.05217293,111297884.13568208,278518364.25793356,111192594.41508153,151030532.46832278,23384645.17516967,0.0057463490033926555,4.796794956612161,0.3214536748741668
148.69739478957916,892.5087216227038,0.0009050121489984602,205191.37726000862,521346402.0233682,261328190.5100686,111301986.39982931,278518387.14315426,111196787.94495969,151030541.32431945,23385957.219421305,0.005746568382543521,4.796795357064696,0.3214537018614219
149.09819639278558,905.7604200862964,0.0009184534307632002,205194.55998070753,521346420.92493016,261328208.88396916,111306017.65193954,278518408.76700824,111200908.88702087,151030549.7163652,23387246.53685307,0.005746783964312318,4.796795735657949,0.3214537273687031
149.498997995992,919.208848500384,0.0009320942353183605,205197.78548909878,521346438.8292241,261328226.18020433,111309979.19399083,278518429.09369344,111204958.57141042,151030557.65615427,23388513.547278468,0.005746995818305666,4.796796091589296,0.3214537513434238
149.8997995991984,932.8569081870986,0.0009459375053161609,205201.05427267114,521346455.86789536,261328242.409263,111313872.31630182,278518448.0877959,111208938.31624924,151030565.15801656,23389758.667200703,0.005747204013503533,4.796796424043707,0.3214537737323528
150.3006012024048,946.7075406588986,0.0009599862241737983,205204.3668099282,521346472.18815774,261328257.58599994,111317698.2983386,278518465.71437895,111212849.42845474,151030572.2390347,23390982.31008712,0.00574740861830226,4.796796732194638,0.3214537944816808
150.70140280561122,960.763728013126,0.000974243416473727,205207.7235700331,521346487.95336354,261328271.72984242,111321458.4095216,278518481.9390722,111216693.20456173,151030578.919161,23392184.886643615,0.0057476097005576005,4.796797015204918,0.321453813537088
151.10220440881764,975.0284933265746,0.0009887121483639516,205211.12501245292,521346503.34357387,261328284.86499712,111325153.91003235,278518496.7281608,111220470.93154329,151030585.2213344,23393366.805089094,0.005747807327627752,4.796797272227644,0.32145383084381085
151.50300601202406,989.5049010500529,0.0010033955279583132,205214.57158660374,521346518.55612904,261328297.02065656,111328786.05162036,278518510.04867446,111224183.88763174,151030591.17159766,23394528.471429896,0.005748001566416389,4.796797502407071,0.3214538463467091
151.90380761523048,1004.1960574029472,0.001018296705736777,205218.0637314951,521346533.80621874,261328308.2312061,111332356.07841,278518521.86847657,111227833.34313947,151030596.7992142,23395670.289734215,0.005748192483415699,4.796797704879501,0.3214538599903331
152.30460921843687,1019.1051107677846,0.0010334188749457197,205221.60187537473,521346549.3274524,261328318.53643036,111335865.22770724,278518532.1563534,111231420.56127985,151030602.1367852,23396792.66240655,0.0057483801447494156,4.796797878774177,0.32145387171899054
152.70541082164328,1034.235252084801,0.00104876527199822,205225.18643537333,521346565.3724294,261328327.98172015,111339314.7308066,278518540.88210315,111234946.79898816,151030607.2203665,23397895.99046213,0.005748564616215851,4.7967980232141665,0.3214538814768137
153.1062124248497,1049.5897152464988,0.0010643391768743416,205228.81781714904,521346582.2133091,261328336.6182791,111342705.81379794,278518548.016625,111238413.30774252,151030612.08958578,23398980.67380135,0.005748745963330932,4.796798137317264,0.32145388920782664
153.50701402805612,1065.1728077951743,0.0010801449573969867,205232.50293364548,521346596.82699734,261328345.06951717,111346036.55675542,278518555.6929646,111241818.14842108,151030616.71613967,23400045.98658155,0.005748924083884089,4.796798263980262,0.3214538977595127
153.90781563126254,1080.9882501584334,0.0010961863865900081,205236.24469396012,521346608.24111533,261328353.61839348,111349306.95977971,278518564.7222903,111245161.32885702,151030621.11938348,23401091.891173717,0.005749098978021068,4.796798419287819,0.3214539082015633
154.30861723446895,1097.0385476473182,0.0011124660064039354,205240.0380268894,521346619.5566708,261328361.86229748,111352520.8599222,278518573.27598333,111248446.74782401,151030625.41013,23402119.72453107,0.005749270850439756,4.796798565809234,0.32145391805505763
154.70941883767534,1113.327176806373,0.0011289873428682515,205243.8837119332,521346630.91449964,261328369.9145134,111355679.266538,278518581.47054875,111251675.43631646,151030629.6388136,23403129.811799332,0.005749439755081969,4.796798705492937,0.3214539274527805
155.11022044088176,1129.8576633350967,0.0011457539718664545,205247.7825421062,521346642.4642384,261328377.89749628,111358783.17491402,278518589.4329096,111254848.41089627,151030633.85973144,23404122.473763317,0.005749605745134692,4.796798840466279,0.3214539365396636
155.51102204408818,1146.6335825981082,0.001162769519653469,205251.73532431445,521346654.36452234,261328385.94314215,111361833.56672327,278518597.30073917,111257966.67415619,151030638.1311524,23405098.02699513,0.0057497688730543265,4.796798973041342,0.3214539454731786
155.9118236472946,1163.658560135324,0.0011800376633730701,205255.7428797311,521346666.7831835,261328394.19305825,111364831.41047919,278518605.2227919,111261031.21518326,151030642.51542598,23406056.784002397,0.005749929190590919,4.796799105720741,0.3214539544237302
156.31262525050101,1180.936272172129,0.0011975621315753024,205259.80604417284,521346679.89744925,261328402.7988334,111367777.66198996,278518613.35923564,111264043.01002225,151030647.07909143,23406999.053376466,0.005750086748812414,4.796799241203427,0.3214539635750485
156.71342685370743,1198.4704461295482,0.0012153467047338975,205263.92566847615,521346693.8941404,261328411.9223081,111370673.26481281,278518621.8819826,111267003.02213898,151030651.8929866,23407925.139940612,0.005750241598128882,4.796799382390491,0.3214539731245824
157.11422845691382,1216.2648611344189,0.0012333952157636938,205268.10261887324,521346708.9698695,261328421.73584476,111373519.15070842,278518630.97502154,111269912.20288382,151030657.0323569,23408835.344898246,0.0057503937883167724,4.796799532390967,0.321453983283892
157.51503006012024,1234.3233485295666,0.0012517115505380591,205272.3377773684,521346725.33123904,261328432.42259803,111376316.24009518,278518640.83474886,111272771.49195504,151030662.5769643,23409729.96598114,0.0057505433685431425,4.796799694527639,0.32145399427904187
157.91583166332666,1252.6497923839704,0.0012702996484063038,205276.6320421142,521346743.1950398,261328444.17678502,111379065.44250354,278518651.67030054,111275581.81786226,151030668.61119634,23410609.29759762,0.005750690387389907,4.79679987234284,0.3214540063509934
158.31663326653307,1271.2481300029408,0.0012891635027111035,205280.98632778754,521346762.78844905,261328457.2039554,111381767.6570303,278518663.7038836,111278344.09838982,151030675.22417513,23411473.63098078,0.005750834892878069,4.7968000696042585,0.3214540197559982
158.7174348697395,1290.12235243829,0.001308307161305918,205285.40156596602,521346784.3492288,261328471.7212619,111384423.77279301,278518677.17110765,111281059.24106021,151030682.50986615,23412323.254336692,0.00575097693249197,4.796800290310742,0.32145403476599066
159.1182364729459,1309.276504998504,0.0013277347270724106,205289.87870550394,521346808.12592417,261328487.9577302,111387034.6693842,278518692.3213165,111283728.14359748,151030690.5671874,23413158.452992626,0.005751116553203523,4.796800538698099,0.3214540516689807
159.5190380761523,1328.7146877589141,0.0013474503584378651,205294.4187129086,521346834.37806153,261328506.15452945,111389601.21732579,278518709.4179197,111286351.69439067,151030699.50011826,23413979.509545244,0.005751253801496457,4.796800819244905,0.32145407076944704
159.91983967935872,1348.4410560718748,0.0013674582698926113,205299.0225727165,521346863.37634677,261328526.56524244,111392124.27852339,278518728.7387244,111288930.77295715,151030709.41780856,23414786.704008814,0.005751388723390555,4.796801136678305,0.3214540923887295
160.32064128256513,1368.4610141146063,0.0013877639419479768,205303.6914023689,521346889.91753733,261328545.21572283,111394603.2299225,278518746.3106167,111291464.77221751,151030718.53471136,23415579.751878116,0.005751521286932395,4.796801425135459,0.3214541120311415
160.72144288577155,1388.7795640387278,0.0014083724475888034,205308.42629410196,521346910.91723543,261328559.7737954,111397038.00809471,278518759.8142552,111293953.64501543,151030725.8005719,23416358.582295302,0.0057516514895387255,4.796801646229603,0.3214541270758034
161.12224448897797,1409.3998288233115,0.001429286954817707,205313.22817350758,521346932.20403063,261328574.8015616,111399430.93880528,278518773.86769646,111296399.73541667,151030733.253784,23417124.034378406,0.005751779454051138,4.796801876801345,0.32145414276461676
161.5230460921844,1430.326275501432,0.0014505119941974226,205318.09810920357,521346953.70235294,261328590.30117175,111401782.74823785,278518788.5040558,111298803.78618667,151030740.88915178,23417876.339025635,0.005751905219321428,4.796802117554753,0.3214541591439609
161.92384769539078,1451.5634343469076,0.0014720521604281067,205323.0371902373,521346975.3239162,261328606.2693019,111404094.14953108,278518803.7531504,111301166.52682967,151030748.69857427,23418615.72274366,0.005752028823506873,4.796802369150061,0.3214541762571075
162.3246492985972,1473.1158995326032,0.0014939121130149253,205328.04652647616,521346996.967235,261328622.69689777,111406365.8430496,278518819.6413012,111303488.67386863,151030756.6709186,23419342.407726,0.005752150304084849,4.796802632200673,0.3214541941440131
162.7254509018036,1494.98832978872,0.0015160965769356245,205333.12724899786,521347018.5171421,261328639.5689184,111408598.516655,278518836.1911352,111305770.93112504,151030764.79189295,23420056.611931495,0.005752269697867441,4.7968029072701714,0.32145421284111203
163.12625250501003,1517.1854490610983,0.0015386103433081182,205338.28051048086,521347039.84430563,261328656.86407992,111410792.84597677,278518853.4213872,111308013.98999889,151030773.04391974,23420758.549162682,0.005752387041016062,4.796803194869329,0.3214542323811087
163.52705410821645,1539.7120471695148,0.0015614582700580687,205343.5074855949,521347060.8047461,261328674.55459934,111412949.4946833,278518871.3467017,111310218.52974847,151030781.4060086,23421448.429144256,0.005752502369056063,4.796803495453112,0.3214542527927706
163.92785571142286,1562.5729804659793,0.0015846452825864672,205348.80937139114,521347081.2393539,261328692.6059382,111415069.11475283,278518889.97743493,111312385.21777028,151030789.8536296,23422126.45760146,0.005752615716891347,4.796803809417689,0.3214542741007207
164.32865731462925,1585.7731724930316,0.0016081763744372134,205354.18738769277,521347100.9734062,261328710.9765465,111417152.34674442,278518909.3194572,111314514.70987894,151030798.35858607,23422792.83633853,0.005752727118818983,4.796804137097439,0.32145429632523
164.72945891783567,1609.3176146420453,0.0016320566079647035,205359.6427774854,521347119.81608456,261328729.61760625,111419199.82006893,278518929.37395406,111316607.65058699,151030806.88888797,23423447.76331711,0.005752836608543824,4.79680447876196,0.3214543194820105
165.1302605210421,1633.2113668115162,0.0016562911150014015,205365.17680730732,521347137.5599917,261328748.47277537,111421212.15325995,278518950.1372292,111318664.67338488,151030815.4086247,23424091.43273466,0.0057529442191931145,4.796804834613076,0.32145434358200753
165.5310621242485,1657.459558065366,0.0016808850975254266,205370.79076764008,521347153.98066914,261328767.47793144,111423189.95424487,278518971.60050577,111320686.40102072,151030823.87783843,23424724.03510291,0.005753049983331109,4.796805204781846,0.3214543686311927
165.93186372745492,1682.0673872912391,0.0017058438283281336,205376.48597329872,521347168.83611387,261328786.5609153,111425133.8206157,278518993.7497286,111322673.4457803,151030832.25239688,23425345.757326253,0.005753153932973684,4.796805589325567,0.3214543946303562
166.3326653306613,1707.0401238587979,0.001731172651681692,205382.26376382232,521347181.86629623,261328805.641275,111427044.33990015,278519016.56536627,111324626.40976687,151030840.48386663,23425956.78278017,0.005753256099602953,4.79680598822479,0.3214544215748996
166.73346693386773,1732.3831082780275,0.0017568769840066738,205388.1255038643,521347192.7926765,261328824.6300094,111428922.08983259,278519040.0222127,111326545.88518102,151030848.5193861,23426557.29138968,0.005753356514181878,4.796806401380321,0.32145444945462864
167.13426853707415,1758.1031096575596,0.001782963692718634,205394.07126605388,521347204.70286316,261328843.73594323,111430767.46596257,278519063.2189993,111328432.25935763,151030856.67912433,23427147.475341033,0.005753455197221382,4.796806808318046,0.32145447693111096
167.53507014028057,1784.2068269606789,0.001809439573867456,205400.1012873903,521347220.3092045,261328863.12661192,111432580.87273549,278519085.3398457,111330285.9308091,151030865.23888332,23427727.521883752,0.0057535521697879705,4.796807190610871,0.32145450279889387
167.93587174348698,1810.6981658319905,0.0018363085860541406,205406.21861462644,521347235.1524977,261328882.3124311,111434363.07039002,278519107.4010042,111332107.70146355,151030873.67195252,23428297.582024556,0.0057536474734883585,4.7968075726131225,0.32145452864013885
168.3366733466934,1837.5828662711897,0.001863576551021312,205412.42461156775,521347249.14565206,261328901.1921263,111436114.58640905,278519129.28310317,111333898.11111902,151030881.93664002,23428857.82391912,0.005753741136560704,4.796807952256305,0.32145455431459274
168.7374749498998,1864.866749582231,0.0018912493729786421,205418.72066241238,521347262.1977995,261328919.6561458,111437835.93896234,278519150.8556987,111335657.69008133,151030889.9881038,23429408.41274394,0.005753833186746699,4.79680832727444,0.3214545796686713
169.1382765531062,1892.5557192199378,0.001919333039461706,205425.10817195903,521347274.21428174,261328937.5864471,111439527.63715358,278519171.97695595,111337386.95941694,151030897.77827695,23429949.51077692,0.005753923651304801,4.796808695198249,0.3214546045350682
169.53907815631263,1920.6557616365885,0.0019478336221908225,205431.58856581422,521347285.096637,261328954.85628295,111441190.1812674,278519192.4933303,111339086.43120568,151030905.25579333,23430481.277477942,0.00575401255702347,4.79680905334935,0.3214546287323642
169.93987975951904,1949.1729471285253,0.00197675727792991,205438.16329059994,521347294.7425874,261328971.3299879,111442824.06301631,278519212.2392484,111340756.60879356,151030912.36591297,23431003.869569506,0.005754099930234398,4.796809398834449,0.32145465206463614
170.34068136272546,1978.1134306827496,0.002006110249345336,205444.83381416133,521347303.0460257,261328986.86276448,111444429.76578781,278519231.0367896,111342397.98704553,151030919.05044758,23431517.44111728,0.005754185796825743,4.796809728539526,0.3214546743210663
170.74148296593188,2007.483452823524,0.0020358988658647657,205451.601625774,521347309.8970024,261329001.30046958,111446007.76489133,278519248.69536716,111344011.05259828,151030925.247686,23432022.143610705,0.005754270182255366,4.796810039124037,0.32145469527555115
171.14228456913827,2037.2893404589677,0.002066129544536011,205458.4682363517,521347315.18171275,261329014.4794007,111447558.52780522,278519265.0114092,111345596.28411308,151030930.89231965,23432518.126043584,0.005754353111564059,4.796810327015096,0.32145471468631076
171.5430861723447,2067.537507727665,0.0020968087908858906,205465.43517865395,521347318.78248376,261329026.22608224,111449082.51442383,278519279.76804024,111347154.1525284,151030935.9153681,23433005.534994695,0.0057544346093887835,4.7968105884016685,0.3214547322954978
171.9438877755511,2098.234456845253,0.002127943199779062,205472.50400749338,521347320.57776123,261329036.35705197,111450580.17730443,278519292.7347621,111348685.1213129,151030940.24410447,23433484.514708344,0.0057545146999759,4.796810819228766,0.3214547478288067
172.34468937875752,2129.386778951028,0.0021595394562768854,205479.67629994344,521347320.44209677,261329044.6786471,111452051.96191429,278519303.6671353,111350189.64671806,151030943.80198088,23433955.207174994,0.005754593407194401,4.796811015191639,0.32145476099508247
172.74549098196394,2161.0011549545443,0.00219160433649627,205486.95365554598,521347318.2461348,261329050.98679075,111453498.30687761,278519312.30646026,111351668.17803098,151030946.50855404,23434417.75221183,0.0057546707545491505,4.79681117172996,0.32145477148593027
173.14629258517036,2193.084356382212,0.0022241447084685216,205494.3376965186,521347313.8565995,261329055.06677824,111454919.64422262,278519318.37945837,111353121.15782729,151030948.27941057,23434872.287543375,0.005754746765194108,4.796811284022024,0.3214547789753243
173.54709418837675,2225.643246223896,0.0022571675329981942,205501.8300679624,521347307.13628197,261329056.69306338,111456316.3996285,278519321.59795344,111354549.02222376,151030949.02609265,23435318.948882055,0.00575482146194557,4.796811346978936,0.3214547831192168
173.94789579158316,2258.686306239916,0.0022906814114941783,205509.432190001,521347300.7327258,261329058.92537498,111457688.97237937,278519325.55602413,111355952.16274948,151030950.01422557,23435757.87711191,0.0057548948652926726,4.796811422844395,0.3214547881378388
174.34869739478958,2292.222483957751,0.0023246954174737733,205517.1454455027,521347297.9702396,261329065.61681053,111459037.75095072,278519334.78359085,111357330.95561138,151030952.83677965,23436189.212999962,0.005754966994924484,4.796811590085886,0.3214547993512571
174.749498997996,2326.256660269423,0.002359214503256716,205524.9719169966,521347294.56806666,261329071.6242517,111460363.17352253,278519343.1714689,111358685.875932,151030955.3804358,23436613.07618215,0.005755037875690894,4.79681174261524,0.32145480956940525
175.15030060120242,2360.796210068558,0.0023942461487617816,205532.91332083393,521347290.6244883,261329076.97375634,111461665.64101893,278519350.7199927,111360017.33306141,151030957.66223112,23437029.59576872,0.005755107529009355,4.796811880310193,0.32145481878528936
175.55110220440883,2395.848612686269,0.0024297979398337343,205540.97139586645,521347286.2497568,261329081.69834822,111462945.54913382,278519357.4353231,111361325.73093504,151030959.70256314,23437438.899301462,0.0057551759760143505,4.7968120031393795,0.3214548269981813
175.95190380761522,2431.4214529775477,0.002465877569345195,205549.1479036153,521347281.5665206,261329085.83832118,111464203.2885748,278519363.32974106,111362611.46832038,151030961.52532867,23437841.11283542,0.005755243237570318,4.79681211116715,0.32145483421394766
176.35270541082164,2467.5224224076746,0.0025024928382985216,205557.4446284393,521347276.7102491,261329089.44154325,111465439.24530686,278519368.42194086,111363874.93906385,151030963.1580625,23438236.36102061,0.00575530933428456,4.796812204558377,0.3214548404453788
176.75350701402806,2504.159320138601,0.002539651656927662,205565.86337770373,521347271.82965815,261329092.5637609,111466653.8007963,278519372.737324,111365116.53233738,151030964.6320763,23438624.76718373,0.005755374286520173,4.7968122835832725,0.321454845712518
177.15430861723448,2541.3400541153555,0.002577362045800038,205574.40598194883,521347267.0871348,261329095.26890302,111467847.33225447,278519376.3082922,111366336.63288537,151030965.98259756,23439006.453409836,0.005755438114408954,4.796812348622195,0.3214548500429901
177.5551102204409,2579.0726421524405,0.00261563213691841,205583.07429505832,521347262.6591626,261329097.62938523,111469020.21288162,278519379.17454135,111367535.62127127,151030967.24890834,23439381.5406241,0.005755500837864333,4.796812400170465,0.3214548534723312
177.9559118236473,2617.3652130202277,0.0026544701748227486,205591.87019442808,521347258.7367466,261329099.72641388,111470172.81211077,278519381.38335454,111368713.8741244,151030968.4744841,23439750.14867348,0.0057555624765942785,4.796812438843177,0.3214548560443169
178.3567134268537,2656.226007531354,0.002693884517692102,205600.7955811347,521347255.5258387,261329101.65029022,111471305.49585141,278519382.9898958,111369871.76438673,151030969.70713255,23440112.39640843,0.005755623050114224,4.7968124653800075,0.32145485781129185
178.75751503006012,2695.6633796271303,0.0027338836384464774,205609.852380104,521347253.2477622,261329103.50071472,111472418.62673342,278519384.05750364,111371009.6615596,151030970.99913254,23440468.40176463,0.005755682577759987,4.796812480650033,0.3214548588344986
179.15831663326654,2735.6857974639206,0.002774476125848694,205619.04254027974,521347252.13963765,261329105.38709092,111473512.56435087,278519384.65798414,111372127.93195048,151030972.40737292,23440818.281844676,0.005755741078700684,4.796812485656536,0.32145485918440664
179.55911823647295,2776.3018444995528,0.002815670685606265,205628.36803479202,521347252.45480734,261329107.42882976,111474587.66550581,278519384.871905,111373226.93891972,151030973.9934912,23441162.15299979,0.005755798571951649,4.796812481541824,0.3214548589410415
179.95991983967937,2817.520220579712,0.002857476141473265,205637.83086112596,521347254.46326065,261329109.7556537,111475644.28445208,278519384.78888845,111374307.04312733,151030975.82401267,23441500.13091153,0.005755855076387358,4.796812469592032,0.3214548581943134
180.3607214428858,2859.349743024337,0.002899901436352199,205647.43304129035,521347258.45205915,261329112.5079009,111476682.77313918,278519384.5079052,111375368.60277967,151030977.97048897,23441832.330673497,0.005755910610754341,4.796812451241943,0.321454857044347
180.76152304609218,2901.8010445568007,0.002942957351140074,205657.1767408928,521347261.7443684,261329114.95000795,111477703.14647722,278519383.9693201,111376411.64668049,151030979.96486887,23442158.72814341,0.0057559651764591225,4.796812428873291,0.3214548556177017
181.1623246492986,2944.88605467236,0.0029866559797105266,205667.06423288907,521347259.61304015,261329115.74243456,111478705.18517989,278519383.00671804,111377435.97469279,151030980.96649152,23442479.202515636,0.005756018762856898,4.796812405576538,0.32145485406283353
181.56312625250501,2988.6108592438595,0.0030310035005674607,205677.09739731034,521347257.82878876,261329116.67432073,111479689.84582922,278519382.0552967,111378442.53505063,151030982.05498454,23442794.120272607,0.0057560714197590155,4.796812381816114,0.32145485248353967
181.96392785571143,3032.9849317555218,0.0030760095217896885,205687.27836823693,521347256.44302773,261329117.83983746,111480657.43896854,278519381.2369629,111379431.64479116,151030983.26708105,23443103.58063264,0.005756123163748867,4.796812359751523,0.32145485102573357
182.36472945891785,3078.017879759443,0.0031216837874129227,205697.60930589787,521347255.50675696,261329119.3394588,111481608.2718524,278519380.68333215,111380403.6175794,151030984.6416514,23443407.681722082,0.005756174011233192,4.796812341720195,0.3214548498472922
182.76553106212427,3123.7194462685793,0.003168036178842013,205708.0923968608,521347255.07044923,261329121.28010562,111482542.64862993,278519380.5359919,111381358.76389594,151030986.21974364,23443706.52063197,0.0057562239784518816,4.79681233024244,0.3214548491183884
183.16633266533066,3170.099511149722,0.003215076716263171,205718.72985422218,521347255.18393654,261329123.7752895,111483460.87052812,278519380.9467649,111382297.39122452,151030988.04462388,23444000.193474643,0.005756273081487788,4.7968123280264,0.32145484902182214
183.56713426853707,3217.1680925164956,0.003262815560056218,205729.5239177973,521347255.8962965,261329126.94525683,111484363.23603511,278519382.0779719,111383219.80423972,151030990.16181675,23444288.79544041,0.00575632133627653,4.796812337973009,0.32145484975335287
183.9679358717435,3264.9353481223216,0.0033112630122067964,205740.47685431034,521347257.25573903,261329130.9171325,111485250.04108348,278519384.1026949,111384126.30499454,151030992.61914578,23444572.420854185,0.005756368758616297,4.7968123631809485,0.3214548515220312
184.3687374749499,3313.411576753415,0.003360429517718616,205751.59095758444,521347259.30949247,261329135.82506397,111486121.57923357,278519387.20504045,111385017.19310807,151030995.46677384,23444851.16323212,0.00575641536417766,4.796812406951597,0.32145485455053097
184.76953907815633,3362.60721962176,0.0034103256660256813,205762.86854873173,521347262.10369015,261329141.81036505,111486978.14185672,278519391.5804022,111385892.76595314,151030998.7572435,23445125.115338262,0.0057564611685133734,4.796812472793993,0.3214548590754809
185.17034068136272,3412.5328617580944,0.0034609621924045217,205774.31197634345,521347265.68325675,261329149.02165994,111487820.01831862,278519397.4357244,111386753.31884392,151031002.5455175,23445394.36924118,0.0057565061870681845,4.796812564429785,0.3214548653477967
185.57114228456913,3463.199233404904,0.0035123499793864366,205785.92361668,521347270.09179485,261329157.61502707,111488647.49616261,278519404.98976475,111387599.14522356,151031006.88901916,23445659.016370613,0.005756550435188641,4.796812685798187,0.32145487363301295
185.97194388777555,3514.6172114093843,0.0035645000581697073,205797.70587386098,521347275.3714711,261329167.75414303,111489460.86129287,278519414.4733578,111388430.53685185,151031011.84767273,23445919.147574123,0.0057565939281328925,4.796812841060938,0.3214548842116148
186.37274549098197,3566.797820616437,0.0036174236100318434,205809.66118005523,521347281.562903,261329179.6104265,111490260.39815788,278519426.12967753,111389247.78399286,151031017.4839439,23446174.853173714,0.005756636681080504,4.796813034607255,0.32145489737937
186.7735470941884,3619.7522352616525,0.0036711319677418105,205821.79199567097,521347288.70504504,261329193.363182,111491046.38993356,278519440.21450096,111390051.17560253,151031023.86288014,23446426.223022494,0.005756678709142256,4.7968132710587845,0.32145491344766086
187.1743486973948,3673.4917803642884,0.0037256366169722633,205834.10080954575,521347296.8350752,261329209.19974416,111491819.11870666,278519456.9964708,111390840.99951632,151031031.05215108,23446673.346561316,0.005756720027369955,4.796813555274564,0.32145493274381604
187.5751503006012,3728.0298223636582,0.0037809511174825322,205846.59108783086,521347304.89137036,261329225.12403753,111492578.45744939,278519473.8666349,111391617.1344098,151031038.27996412,23446916.18828305,0.005756760629473243,4.79681384095081,0.3214549521397975
187.9759519038076,3783.3823266222917,0.0038370916696269432,205859.26755343506,521347310.39051,261329236.31161493,111493323.75004405,278519484.48780704,111392378.929822,151031043.6872201,23447154.55111471,0.005756800481561683,4.796814015494446,0.32145496403063323
188.37675350701403,3839.556780793649,0.0038940658587374396,205872.1306233222,521347315.8591609,261329247.96067026,111494056.20509411,278519495.7452733,111393127.60007949,151031049.2655526,23447388.80705086,0.005756839647011077,4.7968142014544135,0.3214549766915587
188.77755511022045,3896.5653556701745,0.003951886028628021,205885.18301679543,521347321.1934689,261329260.02678716,111494776.05274539,278519507.6118244,111393863.38099298,151031054.991578,23447619.02936679,0.005756878138157702,4.796814398465831,0.32145499009673556
189.17835671342687,3954.4203943699213,0.004010564697890107,205898.4274898576,521347326.2787723,261329272.457389,111495483.51982133,278519520.052128,111394586.50504103,151031060.83823934,23447845.290247392,0.005756915967163597,4.796814606029352,0.3214550042111446
189.57915831663328,4013.1344141304335,0.004070114561712145,205911.8668356025,521347330.9892548,261329285.19141755,111496178.82991967,278519533.02237856,111395297.20147118,151031066.7746679,23448067.66081739,0.0057569531460218565,4.79681482350521,0.32145501899018125
189.97995991983967,4072.720108102627,0.004130548493699214,205925.50388460638,521347335.1875996,261329298.15901196,111496862.20350906,278519546.4699467,111395995.69640087,151031072.7660451,23448286.211171526,0.005756989686561915,4.7968150501072655,0.32145503437925055
190.3807615230461,4133.190347144681,0.0041918795476926516,205939.3415053193,521347338.7246432,261329311.2811876,111497533.85802586,278519560.3330291,111396682.2129185,151031078.773464,23448501.01040479,0.005757025600454835,4.796815284897055,0.32145505031336263
190.7815631262525,4194.558181615903,0.004254120959589635,205953.3826044564,521347341.43902844,261329324.4695148,111498194.00797066,278519574.5402981,111397356.97118443,151031084.75379124,23448712.12664259,0.0057570608992186,4.796815526777833,0.3214550667167278
191.18236472945893,4256.836843170618,0.004317286149162812,205967.63012738936,521347343.15685874,261329337.62579784,111498842.86500506,278519589.0105513,111398020.18853195,151031090.6595285,23448919.62707097,0.0057570955942233965,4.796815774488628,0.3214550835023515
191.58316633266534,4320.039746552053,0.004381388721879899,205982.08705853787,521347343.6913516,261329350.64175382,111499480.6380483,278519603.6523614,111398672.07956837,151031096.43867445,23449123.577966824,0.005757129696696903,4.7968160265982815,0.3214551005716301
191.98396793587176,4384.180491386214,0.00444644247072329,205996.7564217608,521347342.84249204,261329363.3986914,111500107.53337394,278519618.36372554,111399312.85627595,151031102.03458634,23449324.044728085,0.0057571632177295835,4.796816281499498,0.3214551178139455
192.38476953907815,4449.272863975768,0.004512461378009669,206011.64128074766,521347340.39668655,261329375.76718965,111500723.75470652,278519633.0317154,111399942.72811294,151031107.3858417,23449521.091903932,0.00575719616827997,4.796816537402893,0.32145513510626056
192.78557114228457,4515.330839093934,0.004579459617209627,206026.74473941012,521347336.12641656,261329387.6067771,111501329.50331827,278519647.5321264,111400561.90211461,151031112.4261001,23449714.783225,0.005757228559179951,4.796816792331038,0.32145515231271454
193.18637274549098,4582.368581778346,0.004647451554767249,206042.06994227314,521347329.78989226,261329398.7656104,111501924.97812572,278519661.7291279,111401170.58299424,151031117.08396488,23449905.18163357,0.005757260401140064,4.796817044112512,0.3214551692842181
193.5871743486974,4650.400449124951,0.004716451751919738,206057.62007486654,521347321.130706,261329409.08015323,111502510.37578644,278519675.4749121,111401768.97324413,151031121.28284478,23450092.349313784,0.005757291704754779,4.796817290375943,0.3214551858580483
193.98797595190382,4719.44099208188,0.004786474966517022,206073.3983641163,521347309.87748635,261329418.37485516,111503085.89079566,278519688.60934466,111402357.2732366,151031124.94081578,23450276.347721856,0.0057573224805077886,4.796817528544059,0.3214552018574442
194.38877755511024,4789.506979503361,0.00485753820914018,206089.40921286985,521347297.9376061,261329427.5289727,111503651.54976666,278519701.7111871,111402935.50000128,151031128.51404867,23450457.19305799,0.005757352729295294,4.796817766712439,0.3214552178510232
194.78957915831663,4860.619700333556,0.0049296630817562215,206105.6594904035,521347291.8926486,261329439.6901587,111504207.02290574,278519716.9526882,111403503.28106408,151031133.61499578,23450634.805610105,0.005757382431645186,4.796818036025277,0.32145523601669923
195.19038076152304,4932.788409016743,0.005002858960850192,206122.14924758064,521347285.0351819,261329451.53737438,111504752.98165849,278519731.9460466,111404061.33905849,151031138.56203997,23450809.37458548,0.00575741162535216,4.796818301555612,0.3214552539205673
195.59118236472946,5006.028744882252,0.005077141708626862,206138.8820462879,521347277.3506123,261329462.9994901,111505289.58864613,278519746.5879655,111404609.84043321,151031143.3298455,23450980.952329867,0.0057574403191263225,4.7968185614310395,0.3214552714365183
195.99198396793588,5080.356568915568,0.005152527412134734,206155.8615023279,521347268.8280848,261329474.00169536,111505817.0032666,278519760.7680694,111405148.94833322,151031147.89211485,23451149.590197086,0.005757468521505128,4.796818813644868,0.3214552884294581
196.3927855711423,5155.787966070847,0.005229032385612487,206173.09128610135,521347259.4606999,261329484.4654513,111506335.38174865,278519774.3687462,111405678.8226543,151031152.22159,23451315.338567823,0.005757496240856244,4.7968190560529544,0.3214553047550967
196.79358717434872,5232.339247583436,0.005306673172835452,206190.5751232894,521347249.2457294,261329494.30844325,111506844.87720603,278519787.26499,111406199.62009758,151031156.2900534,23451478.24686839,0.005757523485380397,4.796819286370543,0.3214553202597393
197.1943887775551,5310.026953282385,0.005385466549462062,206208.31679553588,521347238.18483317,261329503.44453332,111507345.63969162,278519799.32424295,111406711.49422397,151031160.06832924,23451638.363589514,0.005757550263114236,4.796819502169104,0.3214553347800755
197.59519038076152,5388.867853902987,0.005465429525380336,206226.32014112957,521347226.28427535,261329511.78371295,111507837.81625156,278519810.40623844,111407214.59550874,151031163.52628437,23451795.736305095,0.005757576581933189,4.796819700873176,0.32145534814296994
197.99599198396794,5468.878953399264,0.0055465793470543135,206244.58905568632,521347213.5551407,261329519.23205534,111508321.55097942,278519820.36284274,111407709.07139595,151031166.63282964,23451950.411691,0.005757602449554311,4.796819879757197,0.3214553601652522
198.39679358717436,5550.077491256506,0.005628933499870533,206263.12749283138,521347200.01355094,261329525.69166812,111508796.98507036,278519829.03789794,111408195.06635307,151031169.35592082,23452102.435543828,0.005757627873539153,4.7968200359423525,0.3214553706535068
198.79759519038078,5632.480944803786,0.0057125097104844934,206281.93946488167,521347185.68088126,261329531.06064585,111509264.2568752,278519836.26706415,111408672.72192535,151031171.6625599,23452251.852799688,0.005757652861296606,4.796820166393405,0.32145537940386343
199.1983967935872,5716.107031526477,0.005797325949167114,206301.02904352793,521347170.5839764,261329535.23302242,111509723.50195467,278519841.87766194,111409142.17679043,151031173.51879606,23452398.707552984,0.005757677420085768,4.796820267915539,0.3214553862017868
199.59919839679358,5800.973711378768,0.005883400432151193,206320.40036051703,521347154.7553673,261329538.09872383,111510174.8531335,278519845.68851477,111409603.56681281,151031174.88972682,23452543.04307517,0.005757701557018792,4.796820337151198,0.321455390821867
200.0,5887.099189096199,0.005970751623977891,206340.0576083342,521347138.2334872,261329539.5435206,111510618.44055454,278519847.5097914,111410057.02509835,151031175.7394992,23452684.901833557,0.005757725279063746,4.796820370576922,0.32145539302760945
200.2004008016032,5930.643122439435,0.006014915250462451,206339.80060758744,521347126.63438934,261329535.81878543,111510837.41091886,278519845.44696367,111410280.92460416,151031148.34917793,23452754.944374792,0.005757736973354907,4.796820307386948,0.3214553781942835
200.40080160320642,5974.519261309808,0.006059415802570253,206339.85291268706,521347115.6396497,261329531.58814338,111511054.53219284,278519847.47576827,111410503.0005864,151031066.72189632,23452824.40109353,0.005757748532992172,4.796820256117689,0.3214553422668457
200.6012024048096,6018.72764018634,0.006104253315269711,206340.2145518238,521347105.2493113,261329526.8515671,111511269.80420086,278519853.59701186,111410723.25287724,151030930.8469902,23452893.27193393,0.005757759957958905,4.796820216771415,0.3214552852410675
200.80160320641284,6063.26825906903,0.006149427788560825,206340.8855249977,521347095.4633742,261329521.60905656,111511483.22694294,278519863.8106944,111410941.68147667,151030740.7244596,23452961.556896,0.0057577712482551075,4.796820189348128,0.3214552071169488
201.00200400801603,6108.141117957879,0.006194939222443595,206341.86583220874,521347086.28183836,261329515.8606118,111511694.80041908,278519878.1168159,111411158.2863847,151030496.35430446,23453029.25597973,0.005757782403880779,4.796820173847825,0.3214551078944896
201.20240480961922,6153.346216852887,0.00624078761691802,206343.15547345695,521347077.7047038,261329509.6062328,111511904.52462927,278519896.5153764,111411373.06760132,151030197.73652482,23453096.36918513,0.005757793424835919,4.796820170270509,0.32145498757369
201.40280561122245,6198.883555754053,0.006286972971984103,206344.7544487423,521347069.7319705,261329502.84591952,111512112.3995735,278519919.00637585,111411586.02512653,151029844.8711207,23453162.89651219,0.005757804311120529,4.796820178616179,0.3214548461545499
201.60320641282564,6244.753134661378,0.006333495287641841,206346.66275806478,521347062.36363846,261329495.579672,111512318.4252518,278519945.5898143,111411797.15896034,151029437.75809205,23453228.83796092,0.005757815062734608,4.796820198884834,0.32145468363706936
201.80360721442887,6290.954953574861,0.0063803545638912345,206348.88040142442,521347055.59970766,261329487.80749023,111512522.60166414,278519976.26569164,111412006.46910276,151028976.39743888,23453294.193531312,0.005757825679678155,4.796820231076476,0.32145450002124837
202.00400801603206,6337.489012494504,0.006427550800732285,206351.40737882123,521347049.44017816,261329479.52937424,111512724.92881054,278520011.034008,111412213.95555376,151028460.7891612,23453358.96322337,0.005757836161951172,4.796820275191102,0.3214542953070869
202.20440881763528,6384.3591447317,0.006475087865753921,206354.23476114796,521347043.549576,261329471.9497646,111512925.45260523,278520041.001951,111412419.5074565,151027699.5075249,23453423.148911793,0.0057578413463343775,4.796821382760434,0.3214535630124448
202.40480961923848,6431.5766835130125,0.006522977193524603,206357.33614940275,521347036.93606895,261329468.62960312,111513124.30879408,278520039.87782484,111412622.79706152,151026126.60027862,23453486.756139137,0.005757825967714182,4.796826662649358,0.3214508057174025
202.60521042084167,6479.142412396367,0.006571219587610893,206360.70985244733,521347029.7126724,261329469.68444696,111513321.50577496,278520005.6971198,111412823.79887152,151023829.0827868,23453549.785516366,0.005757788559681291,4.796835901456119,0.3214461338849097
202.8056112224449,6527.059506502595,0.006619818996984038,206364.35468480957,521347025.6165092,261329468.13156387,111513517.09282023,278519934.55509245,111413022.4320407,151027877.82079083,23453612.256165527,0.005757672964880257,4.796823205390387,0.3214527317403141
203.0060120240481,6575.330829783392,0.006668777498930494,206368.26616155062,521347028.80471945,261329466.89279234,111513710.36677302,278519879.53891474,111413219.63381432,151030200.89867923,23453674.19040336,0.00575782893372331,4.796818232773913,0.3214557691599656
203.2064128256513,6623.958986806749,0.006718097736051158,206372.43908165398,521347033.8442451,261329466.40343764,111513902.16555947,278519841.77043957,111413415.3482314,151030829.70417312,23453735.58440517,0.005757899493496639,4.796819169982261,0.3214554632325159
203.4068136272545,6672.947309550638,0.006767783220909882,206376.86587474617,521347033.59633476,261329466.5246447,111514092.4447372,278519815.2400065,111413609.5096467,151031067.83233854,23453796.445073385,0.005757911587230428,4.7968195438779935,0.32145537162089816
203.6072144288577,6722.298232417466,0.00681783644738061,206381.5443548839,521347031.6250952,261329466.9328517,111514281.08386233,278519796.8909964,111413802.09955679,151031151.83095524,23453856.77824232,0.005757921508736521,4.79681957463901,0.32145533548793875
203.80761523046093,6772.015210787271,0.006868260931228037,206386.47056390697,521347029.74995303,261329467.5652275,111514468.09592685,278519783.9124824,111413993.0959867,151031186.82941243,23453916.589992534,0.005757931427113315,4.796819493712642,0.3214553142225575
204.00801603206412,6822.099628060694,0.006919058076272107,206391.64276550853,521347028.041943,261329468.44562387,111514653.48934811,278519775.66857374,111414182.49739069,151031180.58182904,23453975.88269329,0.005757941150593623,4.796819330316736,0.3214553068995647
204.20841683366734,6872.558357501431,0.0069702348575456305,206397.05328263028,521347026.94308656,261329469.5942349,111514837.29961193,278519770.04080486,111414370.30967994,151031172.51985452,23454034.667641554,0.005757950919961779,4.796819186240324,0.3214553012456802
204.40881763527054,6923.426313851647,0.00702182668910882,206402.66508051916,521347025.68311757,261329471.0749493,111515019.70376639,278519761.68664557,111414556.63804789,151031195.38221008,23454093.00055425,0.005757960565833937,4.796819136305827,0.32145528808098134
204.60921843687376,6974.673224804968,0.007073802864767968,206408.51037651225,521347024.7656571,261329472.83026612,111515200.54812966,278519755.53335726,111414741.39538155,151031211.65792957,23454150.833031934,0.005757970159237702,4.796819091555702,0.3214552782600999
204.80961923847696,7026.299090361394,0.007126163384523076,206414.58917060957,521347024.1907052,261329474.86018538,111515379.83270173,278519751.5809399,111414924.58168094,151031221.34701297,23454208.165074617,0.005757979700173072,4.796819051989948,0.3214552717830358
205.01002004008015,7078.303910520924,0.007178908248374143,206420.90146281113,521347023.9582617,261329477.16470715,111515557.55748259,278519749.8293935,111415106.19694602,151031224.4494603,23454264.996682294,0.005757989188640049,4.7968190176085646,0.32145526864978907
205.21042084168337,7130.687685283558,0.007232037456321169,206427.44725311693,521347024.0683268,261329479.74383137,111515733.72247225,278519750.27871805,111415286.24117681,151031220.96527156,23454321.327854965,0.00575799862463863,4.796818988411552,0.3214552688603598
205.41082164328657,7183.450414649296,0.007285551008364155,206434.22654152696,521347024.52090025,261329482.59755802,111515908.32767071,278519752.9289136,111415464.71437334,151031210.89444676,23454377.15859263,0.005758008008168817,4.79681896439891,0.32145527241474786
205.6112224448898,7236.592098618139,0.0073394489045031,206441.23932804124,521347025.3159823,261329485.72588715,111516081.37307796,278519757.77998006,111415641.61653556,151031194.2369859,23454432.48889529,0.0057580173392306104,4.7968189455706405,0.32145527931295337
205.81162324649299,7290.139312922673,0.0073937580995763925,206448.46118072688,521347025.9620674,261329489.0573217,111516252.9819776,278519762.7044616,111415817.04619585,151031180.13889843,23454487.358431716,0.0057580265816552815,4.796818941597932,0.3214552861332975
206.01202404809618,7344.126335141151,0.007448513360135779,206455.86058709462,521347025.8252085,261329492.49964428,111516423.31338169,278519764.9583495,111415991.13044204,151031180.3967757,23454541.818366986,0.005758035688792137,4.796818964954762,0.32145528846247323
206.2124248496994,7398.51077730181,0.007503671693540331,206463.4765157815,521347025.68935055,261329496.16689178,111516592.17065443,278519767.9349105,111416163.71211614,151031180.42284328,23454595.805429887,0.005758044718329858,4.796819000215697,0.321455291758017
206.4128256513026,7453.29263940465,0.007559233099790048,206471.3089667876,521347025.55449355,261329500.05906424,111516759.55379581,278519771.6341443,111416334.79121819,151031180.21710116,23454649.31962042,0.005758053670268445,4.796819047380736,0.3214552960199288
206.61322645290582,7508.47192144967,0.007615197578884931,206479.35794011285,521347025.4206375,261329504.1761616,111516925.46280585,278519776.0560511,111416504.36774816,151031179.77954936,23454702.360938586,0.005758062544607898,4.796819106449878,0.32145530124820854
206.81362725450902,7564.048623436871,0.007671565130824979,206487.6234357573,521347025.28778243,261329508.51818386,111517089.89768451,278519781.20063084,111416672.44170606,151031179.11018786,23454754.929384384,0.005758071341348217,4.796819177423126,0.3214553074428563
207.01402805611224,7620.022745366253,0.007728335755610194,206496.1054537209,521347025.1559283,261329513.08513108,111517252.85843183,278519787.0678835,111416839.0130919,151031178.20901668,23454807.024957817,0.005758080060489402,4.796819260300477,0.321455314603872
207.21442885771543,7676.394287237816,0.007785509453240574,206504.80399400368,521347025.0250752,261329517.8770032,111517414.34504779,278519793.65780914,111417004.08190568,151031177.0760358,23454858.647658885,0.0057580887020314536,4.796819355081933,0.3214553227312557
207.41482965931863,7733.043258502729,0.00784296452852215,206513.80613665446,521347026.0608225,261329523.49196368,111517573.86546798,278519804.0256207,111417167.17210652,151031172.7537618,23454909.63668678,0.005758097248713015,4.796819501290701,0.3214553360729821
207.61523046092185,7790.383337295349,0.007901120536505648,206522.8116654272,521347024.2446619,261329527.86779064,111517733.11612839,278519807.63819844,111417329.92488782,151031175.43838295,23454960.54641663,0.005758105760044154,4.796819562666992,0.321455339983779
207.81563126252505,7848.12538713304,0.007959684233092424,206532.03041367343,521347022.3852925,261329532.44585487,111517890.91132087,278519811.8575684,111417491.19315273,151031178.00336835,23455010.989373103,0.005758114194430862,4.796819634448319,0.3214553446998232
208.01603206412827,7906.272262062278,0.008018658512874949,206541.46031014255,521347020.4549896,261329537.21192873,111518047.26274946,278519816.6110605,111417650.98822416,151031180.51906347,23455060.969380938,0.005758122552283711,4.796819715694598,0.3214553501200739
208.21643286573146,7964.8268161295355,0.008078046270445692,206551.0992835838,521347018.426029,261329542.15178448,111518202.18211822,278519821.82600474,111417809.32142504,151031183.05581385,23455110.49026488,0.005758130834013273,4.796819805465745,0.32145535614349074
208.41683366733466,8023.791903381289,0.008137850400397127,206560.94526274654,521347016.27068603,261329547.2511945,111518355.68113118,278519827.4297311,111417966.20407827,151031185.68396497,23455159.55584967,0.005758139040030119,4.796819902821678,0.32145536266903296
208.61723446893788,8083.170377864009,0.008198073797321726,206570.99617638008,521347013.9612363,261329552.4959311,111518507.7714924,278519833.3495694,111418121.64750677,151031188.4738623,23455208.169960056,0.00575814717074482,4.796820006822314,0.32145536959565996
208.81763527054107,8142.965093624173,0.008258719355811957,206581.24995323372,521347011.4699553,261329557.87176663,111518658.46490593,278519839.5128497,111418275.66303346,151031191.4958514,23455256.33642077,0.005758155226567949,4.79682011652757,0.32145537682233116
209.0180360721443,8203.225915127634,0.008319837650071849,206591.68402520398,521347008.83514243,261329563.21812114,111518807.93077333,278519845.9607123,111418428.42813735,151031193.66531464,23455304.110441934,0.005758163218735408,4.796820226852269,0.3214553844859748
209.2184368737475,8263.932018022666,0.008381407559234248,206602.30664497789,521347005.995818,261329568.59448224,111518956.10136892,278519852.5631628,111418579.87045117,151031195.63433406,23455351.46996629,0.005758171142205223,4.796820338944146,0.3214553923656892
209.4188376753507,8325.079442937527,0.00844342506748457,206613.11871200002,521347002.91468847,261329574.00783375,111519102.96554096,278519859.231036,111418729.97721612,151031197.64064878,23455398.411371082,0.005758178995819004,4.7968204524638836,0.32145540032594383
209.6192384769539,8386.672361720099,0.00850589440597556,206624.11758044965,521346999.5658801,261329579.43984538,111519248.53941411,278519865.8948522,111418878.76441285,151031199.7222283,23455444.939921502,0.005758186780290779,4.796820566355203,0.32145540827236896
209.8196392785571,8448.71494621826,0.008568819805859969,206635.30060450593,521346995.9235193,261329584.87218696,111519392.83911298,278519872.48513174,111419026.24802198,151031201.91704196,23455491.06088273,0.005758194496334577,4.796820679561826,0.32145541611059475
210.02004008016033,8511.211368279894,0.008632205498290548,206646.66513834812,521346991.96173227,261329590.2865282,111519535.88076225,278519878.9323948,111419172.4440241,151031204.2630593,23455536.779519945,0.005758202144664428,4.796820791027473,0.3214554237462513
210.22044088176352,8574.16579975288,0.008696055714420043,206658.2085361554,521346987.6546454,261329595.6645389,111519677.68048653,278519885.16716176,111419317.36839986,151031206.7982497,23455582.101098333,0.005758209725994358,4.796820899695867,0.3214554310849688
210.42084168336675,8637.582412485099,0.008760374685401204,206669.928152107,521346982.97638494,261329600.98788878,111519818.25441048,278519891.1199529,111419461.03712986,151031209.56058267,23455627.030883074,0.005758217241038396,4.796821004510728,0.3214554380323775
210.62124248496994,8701.465378324434,0.008825166642386783,206681.8213403821,521346977.9010772,261329606.23824763,111519957.6186587,278519896.7212885,111419603.46619475,151031212.5880276,23455671.574139357,0.005758224690510572,4.796821104415777,0.32145544449410746
210.82164328657313,8765.818869118766,0.008890435816529525,206693.88545515997,521346972.4028486,261329611.39728525,111520095.78935589,278519901.9016889,111419744.67157513,151031215.91855395,23455715.736132357,0.0057582320751249135,4.796821198354737,0.32145545037578893
211.02204408817636,8830.646441483697,0.008956185815093458,206706.12226334895,521346966.5717127,261329616.4895232,111520232.76991583,278519906.84195065,111419884.65860572,151031219.37439498,23455759.51782564,0.005758239395628654,4.796821288663861,0.32145545593056535
211.22244488977955,8895.948163987709,0.009022416708217941,206718.55854973744,521346961.1547046,261329621.7824309,111520368.49168882,278519913.1418075,111420023.3722645,151031221.55467188,23455802.895794816,0.005758246652957276,4.796821396913315,0.3214554633818002
211.42284569138278,8961.731530293586,0.009089136095609254,206731.1678429186,521346955.50024134,261329627.02630863,111520503.03942868,278519919.3804659,111420160.88601239,151031223.66217548,23455845.898530748,0.00575825384764553,4.7968215037295545,0.3214554707587999
211.62324649298597,9028.00059423027,0.009156348088740648,206743.94834355792,521346949.60467976,261329632.21104643,111520636.42682178,278519925.53645635,111420297.21378778,151031225.6934909,23455888.53047344,0.005758260980413813,4.796821608707085,0.3214554780338573
211.8236472945892,9094.759409626698,0.009224056799085384,206756.89825232074,521346943.4643767,261329637.32653418,111520768.66755445,278519931.58830917,111420432.36952916,151031227.64520332,23455930.796062913,0.005758268051982524,4.796821711440413,0.32145548517926564
212.0240480961924,9162.012030311811,0.009292266338116716,206770.01576987252,521346937.07568884,261329642.36266193,111520899.77531306,278519937.51455474,111420566.36717491,151031229.51389784,23455972.69973917,0.005758275063072059,4.796821811524042,0.3214554921673179
212.22444889779558,9229.762510114544,0.009360980817307896,206783.29909687865,521346930.43497306,261329647.30931956,111521029.76378395,278519943.29372346,111420699.22066352,151031231.29615963,23456014.24594222,0.005758282014402819,4.79682190855248,0.32145549897030706
212.4248496993988,9298.014902863839,0.009430204348132184,206796.74643400454,521346923.5385861,261329652.15639707,111521158.64665346,278519948.90434563,111420830.94393338,151031232.98857385,23456055.43911208,0.0057582889066952,4.796822002120229,0.32145550556052627
212.625250501002,9366.77326238863,0.00949994104206283,206810.3559819156,521346916.3828848,261329656.89378443,111521286.43760794,278519954.3249517,111420961.55092296,151031234.5877256,23456096.283688754,0.005758295740669601,4.796822091821797,0.32145551191026855
212.82565130260522,9436.041642517857,0.009570195010573096,206824.12594127725,521346908.9642259,261329661.51137158,111521413.15033376,278519959.53407204,111421091.05557066,151031236.09020007,23456136.78411226,0.00575830251704642,4.796822177251689,0.3214555179918269
213.02605210420842,9505.82409708046,0.009640970365136234,206838.0545127549,521346901.2789662,261329665.9990485,111521538.79851726,278519964.51023704,111421219.47181496,151031237.49258238,23456176.9448226,0.005758309236546054,4.796822258004409,0.3214555237774945
213.2264529058116,9576.1220826916,0.009712268583740231,206852.15593381226,521346893.46841085,261329670.532085,111521663.34729815,278519969.5025093,111421346.7633347,151031239.11342555,23456216.75359569,0.005758315896696868,4.796822340299795,0.3214555295748704
213.42685370741484,9646.93765783757,0.00978409175464967,206866.44072558984,521346885.6402753,261329675.24279147,111521786.77306622,278519974.69725925,111421472.90545575,151031241.19667062,23456256.20206915,0.005758322495766938,4.796822428822352,0.32145553561385115
213.62725450901803,9718.277675074589,0.009856446827150818,206880.88980768618,521346877.6347215,261329679.92129472,111521909.14182112,278519979.7814947,111421597.96627569,151031243.39195397,23456295.312640008,0.005758329037916361,4.796822516027202,0.3214555415054076
213.82765531062125,9790.146040397332,0.00992933776281808,206895.50229358647,521346869.45635676,261329684.5680366,111522030.46448588,278519984.7491448,111421721.95687217,151031245.7141872,23456334.088799756,0.005758335523683844,4.7968226018859665,0.3214555472409186
214.02805611222445,9862.546659800477,0.010002768523225866,206910.27729677604,521346861.10978836,261329689.18345892,111522150.75198357,278519989.59413874,111421844.88832282,151031248.17828202,23456372.53403988,0.005758341953608094,4.796822686370267,0.32145555281176297
214.22845691382764,9935.483439278702,0.010076743069948586,206925.21393074005,521346852.5996236,261329693.76800358,111522270.01523726,278519994.31040573,111421966.77170527,151031250.79915005,23456410.651851866,0.005758348328227815,4.796822769451724,0.32145555820931937
214.42885771543087,10008.960284826682,0.01015126536456065,206940.31130896375,521346843.9304698,261329698.32211238,111522388.26516998,278519998.89187485,111422087.6180972,151031253.59170297,23456448.445727196,0.005758354648081715,4.79682285110196,0.32145556342496673
214.62925851703406,10082.981102439097,0.010226339368636468,206955.5685449324,521346835.1069343,261329702.84622717,111522505.51270482,278520003.33247536,111422207.43857624,151031256.57085246,23456485.91915735,0.005758360913708502,4.796822931292597,0.3214555684500838
214.82965931863728,10157.54979811062,0.010301969043750447,206970.98475213125,521346826.1336244,261329707.3407898,111522621.76876482,278520007.62613636,111422326.24422003,151031259.75151014,23456523.07563382,0.005758367125646879,4.796823009995256,0.3214555732760493
215.03006012024048,10232.670277835932,0.010378158351476997,206986.5590440455,521346817.01514727,261329711.80624208,111522737.04427306,278520011.766787,111422444.04610622,151031263.1485877,23456559.918648086,0.005758373284435555,4.796823087181558,0.3214555778942421
215.2304609218437,10308.34644760971,0.010454911253390528,207002.29053416042,521346807.75611037,261329716.24302593,111522851.3501526,278520015.7483565,111422560.85531244,151031266.7769968,23456596.451691635,0.005758379390613235,4.796823162823125,0.321455582296041
215.4308617234469,10384.585264911708,0.010532234804822108,207018.1981516464,521346798.4103163,261329720.73433807,111522964.64244129,278520020.0627456,111422676.63167089,151031269.67802194,23456632.660186894,0.0057583854449964784,4.796823239948198,0.32145558714826855
215.6312625250501,10461.389680316426,0.010610131998690736,207034.27480569624,521346788.9669692,261329725.25470984,111523076.94924678,278520024.5479683,111422791.40230419,151031272.17141744,23456668.553282768,0.005758391448036996,4.796823317571372,0.32145559223082204
215.8316633266533,10538.762730708631,0.01068860591542131,207050.5139659832,521346779.4166649,261329729.78101313,111523188.29712425,278520029.0561241,111422905.19288546,151031274.54939902,23456704.13961709,0.005758397400194359,4.7968233947936945,0.3214555973427035
216.0320641282565,10616.70842076361,0.010767660616635855,207066.9153868031,521346769.7656016,261329734.31636602,111523298.69522187,278520033.59724563,111423018.01283513,151031276.79539263,23456739.422097016,0.005758403302016256,4.796823471685634,0.3214556024971346
216.23246492985973,10695.230755156648,0.010847300163956387,207083.4788224517,521346760.01997745,261329738.86388648,111523408.15268779,278520038.18136585,111423129.87157367,151031278.89282426,23456774.4036297,0.005758409154050382,4.79682354831766,0.32145560770733694
216.43286573146293,10774.333738563033,0.01092752861900493,207100.20402722483,521346750.1859907,261329743.42669255,111523516.67867015,278520042.81851757,111423240.7785215,151031280.82511985,23456809.08712231,0.005758414956844426,4.796823624760239,0.3214556129865323
216.63326653306615,10854.02137565805,0.011008350043403501,207117.0907554183,521346740.2698395,261329748.00790226,111523624.2823171,278520047.5187336,111423350.74309906,151031282.57570538,23456843.475481994,0.005758420710946081,4.796823701083839,0.32145561834794223
216.83366733466934,10934.297671116987,0.01108976849877412,207134.13876132786,521346730.2777222,261329752.6106336,111523730.97277682,278520052.29204684,111423459.7747268,151031284.12800682,23456877.571615912,0.0057584264169030395,4.79682377735893,0.3214556238047885
217.03406813627254,11015.166629615127,0.01117178804673881,207151.34779924934,521346720.2158368,261329757.23800462,111523836.75919743,278520057.14849013,111423567.88282515,151031285.4654501,23456911.378431223,0.005758432075262992,4.796823853655979,0.32145562937029265
217.23446893787576,11096.632255827759,0.011254412748919588,207168.7176234786,521346710.0903817,261329761.89313334,111523941.6507271,278520062.09809625,111423675.07681456,151031286.57146126,23456944.898835085,0.00575843768657363,4.796823930045453,0.3214556350576765
217.43486973947896,11178.699870038874,0.011337648001331031,207186.24949274855,521346699.89435863,261329766.57735664,111524045.65264025,278520067.1305486,111423781.36190858,151031287.49546272,23456978.134504702,0.005758443250950659,4.796824006650595,0.3214556408525275
217.63527054108215,11261.414033980995,0.011421539001713405,207203.98953954232,521346689.2271538,261329771.23888463,111524148.65466762,278520071.6285542,111423886.61783953,151031290.25539446,23457011.0504308,0.005758448755624602,4.796824085168696,0.3214556459161752
217.83567134268537,11344.74273615882,0.011506053281290495,207221.8963326058,521346678.4562296,261329775.92959556,111524250.77200443,278520076.15923446,111423990.96919571,151031293.0279586,23457043.68319174,0.00575845421296929,4.796824164225545,0.3214556510183532
218.03607214428857,11428.690240475693,0.01159119516461356,207239.96992266976,521346667.58518404,261329780.65225658,111524352.0130356,278520080.72861254,111424094.42456862,151031295.80958506,23457076.035452325,0.005758459623447295,4.796824243902006,0.321455656166838
218.2364729458918,11513.260810834967,0.011676968976233857,207258.21036046484,521346656.61761504,261329785.40963468,111524452.38614596,278520085.3427117,111424196.9925498,151031298.59670383,23457108.10987736,0.005758464987521189,4.796824324278947,0.3214556613694063
218.43687374749499,11598.458711139989,0.01176337904070265,207276.61769672183,521346645.5571207,261329790.20449695,111524551.89972043,278520090.007555,111424298.68173078,151031301.38574478,23457139.909131654,0.005758470305653545,4.796824405437233,0.32145566663383474
218.6372745490982,11684.288205294111,0.0118504296825712,207295.19198217138,521346634.4072989,261329795.03961045,111524650.56214386,278520094.7291657,111424399.50070302,151031304.17313793,23457171.435880013,0.005758475578306935,4.796824487457732,0.3214556719678999
218.8376753507014,11770.753557200678,0.011938125226390763,207313.93326754423,521346623.1717477,261329799.91774222,111524748.38180113,278520099.51356685,111424499.45805809,151031306.9553132,23457202.69278725,0.005758480805943933,4.796824570421308,0.32145567737937847
219.0380761523046,11857.85903076304,0.012026469996712601,207332.84160357108,521346611.85406506,261329804.8416594,111524845.3670771,278520104.3667817,111424598.56238747,151031309.72870052,23457233.68251817,0.00575848598902711,4.79682465440883,0.32145568287604703
219.23847695390782,11945.60888988455,0.012115468318087977,207351.91704098266,521346600.457849,261329809.814129,111524941.52635667,278520109.2948335,111424696.82228269,151031312.48972985,23457264.407737575,0.00575849112801904,4.7968247395011625,0.3214556884656823
219.43887775551102,12034.00739846855,0.012205124515068146,207371.15963050968,521346588.98669755,261329814.83791807,111525036.86802468,278520114.30374527,111424794.24633525,151031315.23483115,23457294.87111028,0.0057584962233822945,4.796824825779172,0.32145569415606084
219.63927855711424,12123.058820418391,0.012295442912204371,207390.56942288284,521346577.4442086,261329819.91579372,111525131.40046602,278520119.3995403,111424890.84313668,151031317.96043435,23457325.07530109,0.0057585012755794465,4.796824913323725,0.3214556999549594
219.83967935871743,12212.767419637426,0.012386427834047913,207410.14646883283,521346565.8339802,261329825.05052298,111525225.13206558,278520124.5882417,111424986.6212785,151031320.66296938,23457355.022974808,0.0057585062850730685,4.796825002215688,0.32145570587015443
220.04008016032066,12303.137460029,0.01247808360515003,207429.89081909042,521346554.1596104,261329830.24487296,111525318.0712082,278520129.8758726,111425081.5893522,151031323.33886623,23457384.716796245,0.005758511252325732,4.796825092535928,0.32145571190942274
220.24048096192385,12394.173205496463,0.012570414550061982,207449.80252438626,521346542.42469704,261329835.50161067,111525410.22627878,278520135.2684563,111425175.75594933,151031325.9845548,23457414.159430213,0.0057585161778000125,4.79682518436531,0.32145571808054085
220.44088176352705,12485.878919943165,0.012663424993335032,207469.88163545114,521346530.63283825,261329840.8235032,111525501.60566218,278520140.77201587,111425269.12966138,151031328.59646508,23457443.353541512,0.005758521061958479,4.796825277784701,0.32145572439128545
220.64128256513027,12578.258867272452,0.012757119259520435,207490.1282030157,521346518.787632,261329846.21331763,111525592.21774328,278520146.3925745,111425361.71907985,151031331.17102697,23457472.301794954,0.005758525905263707,4.7968253728749675,0.3214557308494332
220.84168336673346,12671.317311387675,0.012851501673169455,207510.54227781066,521346506.89267623,261329851.67382103,111525682.07090695,278520152.13615537,111425453.5327963,151031333.70467046,23457501.006855346,0.005758530708178267,4.796825469716976,0.3214557374627607
221.0420841683367,12765.058516192183,0.012946576558833354,207531.12391056676,521346494.95156896,261329857.20778042,111525771.17353807,278520158.0087816,111425544.57940221,151031336.19382545,23457529.471387494,0.0057585354711647335,4.796825568391591,0.32145574423904455
221.24248496993988,12859.486745589324,0.013042348241063388,207551.8731520147,521346482.9679082,261329862.8179629,111525859.5340215,278520164.0164765,111425634.8674891,151031338.63492194,23457557.698056206,0.005758540194685678,4.7968256689796815,0.3214557511860615
221.44288577154308,12954.606263482447,0.013138821044410817,207572.79005288522,521346470.94529194,261329868.50713557,111525947.16074213,278520170.1652631,111425724.40564848,151031341.02438983,23457585.68952629,0.0057585448792036725,4.796825771562112,0.32145575831158807
221.6432865731463,13050.4213337749,0.013235999293426904,207593.874663909,521346458.88731813,261329874.2780654,111526034.06208482,278520176.4611646,111425813.2024719,151031343.3586591,23457613.448462553,0.005758549525181291,4.796825876219749,0.32145576562340095
221.8436873747495,13146.96817086114,0.013333919717516345,207615.15043271898,521346446.601758,261329880.0424611,111526120.18517274,278520182.67110306,111425901.20270449,151031345.81335756,23457640.958483692,0.0057585541291800945,4.796825979991107,0.32145577281409377
222.04408817635272,13244.263184200998,0.013432598959506704,207636.62630406875,521346434.01776874,261329885.7684751,111526205.51510288,278520188.71021056,111425988.39066747,151031348.45303485,23457668.215014387,0.005758558690179742,4.7968260818005435,0.3214557797716305
222.2444889779559,13342.278666433682,0.013532008918027368,207658.27891657496,521346421.33490235,261329891.549992,111526290.12156172,278520194.82376677,111426074.83884017,151031351.09480655,23457695.239777938,0.005758563212546348,4.796826184773254,0.3214557868191757
222.4448897795591,13441.019523880072,0.013632154569182832,207680.10879140178,521346408.5528193,261329897.38794807,111526374.01170234,278520201.0129874,111426160.5545304,151031353.73870566,23457722.0350562,0.005758567696664052,4.7968262889289335,0.32145579395816876
222.64529058116233,13540.490662861053,0.013733040889077602,207702.11644971342,521346395.6711803,261329903.28327945,111526457.19267786,278520207.279088,111426245.5450459,151031356.38476524,23457748.60313103,0.005758572142916988,4.796826394287276,0.321455801190049
222.84569138276552,13640.69698969751,0.01383467285381618,207724.302412674,521346382.68964577,261329909.23692235,111526539.67164136,278520213.62328434,111426329.81769447,151031359.03301823,23457774.94628428,0.005758576551689293,4.796826500867978,0.32145580851625577
223.04609218436875,13741.643410710323,0.013937055439503063,207746.66720144774,521346369.6078764,261329915.24981293,111526621.45574598,278520220.04679203,111426413.37978388,151031361.6834977,23457801.066797797,0.005758580923365104,4.796826608690732,0.32145581593822853
223.24649298597194,13843.334832220378,0.014040193622242757,207769.21133719882,521346356.42553276,261329921.32288742,111526702.5521448,278520226.5508267,111426496.23862194,151031364.33623666,23457826.966953445,0.0057585852583285566,4.796826717775234,0.32145582345740653
223.44689378757516,13945.776160548558,0.014144092378139761,207791.9353410914,521346343.14227533,261329927.45708197,111526782.96799092,278520233.136604,111426578.40151638,151031366.9912681,23457852.649033073,0.005758589556963787,4.79682682814118,0.3214558310752292
223.64729458917836,14048.972302015745,0.01424875668329858,207814.83973428965,521346329.7577648,261329933.65333277,111526862.71043748,278520239.8053396,111426659.875775,151031369.64862508,23457878.115318537,0.005758593819654933,4.796826939808263,0.32145583879313583
223.84769539078155,14152.928162942824,0.014354191513823713,207837.9250379578,521346316.27166164,261329939.91257602,111526941.78663754,278520246.5582491,111426740.66870558,151031372.30834058,23457903.368091688,0.005758598046786129,4.796827052796178,0.3214558466125659
224.04809619238478,14257.648649650675,0.01446040184581966,207861.19177325992,521346302.6836265,261329946.23574787,111527020.20374423,278520253.39654815,111426820.7876159,151031374.97044763,23457928.40963438,0.0057586022387415125,4.79682716712462,0.3214558545349586
224.24849699398797,14363.138668460188,0.014567392655390927,207884.6404613603,521346288.99331987,261329952.62378454,111527097.96891066,278520260.32145244,111426900.23981375,151031377.63497922,23457953.24222847,0.0057586063959052195,4.796827282813285,0.3214558625617534
224.4488977955912,14469.403125692237,0.01467516891864201,207908.27162342306,521346275.2004024,261329959.0776222,111527175.08928992,278520267.3341776,111426979.03260687,151031380.30196843,23457977.86815581,0.0057586105186613855,4.796827399881867,0.3214558706943897
224.6492985971944,14576.446927667714,0.014783735611677415,207932.0857806124,521346261.30453455,261329965.59819704,111527251.57203512,278520274.43593925,111427057.17330308,151031382.9714482,23458002.289698258,0.0057586146073941484,4.79682751835006,0.3214558789343067
224.8496993987976,14684.274980707498,0.014893097710601643,207956.0834540925,521346247.30537707,261329972.18644524,111527327.42429937,278520281.6279531,111427134.66921014,151031385.64345163,23458026.50913766,0.005758618662487644,4.796827638237559,0.32145588728294394
225.0501002004008,14792.89219113247,0.015003260191519192,207980.26516502752,521346233.2025904,261329978.84330297,111527402.65323578,278520288.9114347,111427211.52763583,151031388.31801164,23458050.528755873,0.005758622684326008,4.79682775956406,0.3214558957417407
225.250501002004,14902.308564474775,0.015114233202240824,208004.63437365543,521346218.97982883,261329985.5595798,111527477.25796,278520296.2647943,111427287.7475879,151031391.01256007,23458074.348326508,0.005758626672793305,4.796827882066847,0.321455904282699
225.45090180360722,15012.595294147322,0.015226088948360349,208029.22980757023,521346204.42868006,261329992.2045699,111527551.14114271,278520303.3927879,111427363.22847804,151031393.95330378,23458097.93752555,0.0057586306217729975,4.7968280020944185,0.3214559125245879
225.65130260521042,15123.698617975866,0.015338772903402726,208054.01817269885,521346189.7329631,261329998.8957214,111527624.40241092,278520310.55901766,111427438.07310927,151031396.94009686,23458121.327493224,0.005758634537402751,4.7968281229157235,0.3214559208075355
225.8517034068136,15235.624130723747,0.015452290741702434,208079.0003870087,521346174.8901775,261330005.63260326,111527697.04783264,278520317.7616202,111427512.28766876,151031399.97532123,23458144.52017274,0.005758638419999189,4.796828244512327,0.3214559291290068
226.05210420841684,15348.377427154306,0.015566648137593956,208104.17736846715,521346159.8978228,261330012.41478443,111527769.08347581,278520324.9987323,111427585.87834372,151031403.06135893,23458167.517507322,0.005758642269878932,4.796828366865796,0.32145593748646684
226.25250501002003,15461.964102030879,0.015681850765411762,208129.5500350415,521346144.7533986,261330019.2418339,111527840.51540843,278520332.2684906,111427658.85132134,151031406.20059195,23458190.32144018,0.005758646087358602,4.796828489957698,0.3214559458773807
226.45290581162325,15576.389750116807,0.015797904299490337,208155.1193046991,521346129.4544045,261330026.11332068,111527911.34969844,278520339.56903183,111427731.21278884,151031409.3954023,23458212.93391453,0.005758649872754822,4.7968286137695975,0.32145595429921336
226.65330661322645,15691.65996617543,0.01591481441416416,208180.8860954073,521346113.99834,261330033.02881375,111527981.59241386,278520346.89849263,111427802.96893336,151031412.64817205,23458235.356873598,0.005758653626384211,4.796828738283064,0.32145596274942984
226.85370741482967,15807.780344970088,0.016032586783767705,208206.85132513347,521346098.3827048,261330039.98788205,111528051.24962264,278520354.25500965,111427874.12594214,151031415.96128312,23458257.59226059,0.005758657348563394,4.796828863479661,0.32145597122549524
227.05410821643287,15924.756481264116,0.01615122708263545,208233.01591184497,521346082.60499835,261330046.9900946,111528120.32739276,278520361.63671964,111427944.69000237,151031419.33711755,23458279.64201873,0.0057586610396089906,4.796828989340957,0.32145597972487455
227.25450901803606,16042.59396982086,0.016270740985101884,208259.3807735091,521346066.66272026,261330054.03502038,111528188.83179218,278520369.0417593,111428014.66730122,151031422.77805737,23458301.508091237,0.005758664699837624,4.796829115848519,0.32145598824503285
227.45490981963928,16161.298405403655,0.016391134165501472,208285.94682809323,521346050.5533702,261330061.12222838,111528256.76888889,278520376.4682653,111428084.06402591,151031426.28648454,23458323.19242132,0.005758668329565915,4.796829242983913,0.3214559967834351
227.65531062124248,16280.875382775841,0.0165124122981687,208312.71499356473,521346034.27444756,261330068.25128758,111528324.14475086,278520383.91437423,111428152.88636363,151031429.8647811,23458344.6969522,0.005758671929110486,4.796829370728705,0.3214560053375464
227.8557114228457,16401.33049670076,0.016634581057438046,208339.68618789094,521346017.82345206,261330075.42176694,111528390.96544605,278520391.37822294,111428221.14050156,151031433.51532906,23458366.023627095,0.005758675498787959,4.796829499064462,0.3214560139048318
228.0561122244489,16522.66934194175,0.016757646117643986,208366.8613290392,521346001.19788325,261330082.63323545,111528457.23704247,278520398.85794795,111428288.83262691,151031437.24051043,23458387.17438922,0.005758679038914956,4.796829627972752,0.3214560224827563
228.25651302605212,16644.897513262145,0.016881613153121,208394.24133497686,521345984.3952406,261330089.8852621,111528522.96560808,278520406.35168606,111428355.96892688,151031441.0427072,23458408.15118179,0.005758682549808098,4.796829757435139,0.3214560310687849
228.4569138276553,16768.020605425292,0.017006487838203566,208421.82712367128,521345967.4130238,261330097.1774159,111528588.15721083,278520413.8575739,111428422.55558863,151031444.9243014,23458428.95594803,0.005758686031784007,4.7968298874331925,0.32145603966038266
228.6573146292585,16892.04421319453,0.017132275847226167,208449.61961308977,521345950.24873245,261330104.50926578,111528652.8179187,278520421.37374824,111428488.59879941,151031448.887675,23458449.590631146,0.005758689485159305,4.796830017948477,0.32145604825501467
228.85771543086173,17017.029813954687,0.01725903953138771,208477.6404392371,521345932.98721236,261330111.87028268,111528716.89005315,278520428.9834108,111428554.04099038,151031452.73737708,23458470.03687978,0.0057586929074090396,4.796830149336105,0.3214560569749629
229.05811623246493,17142.96615104716,0.01738676747409652,208505.8842725499,521345915.59962386,261330119.2630806,111528780.39890492,278520436.65904677,111428618.90757443,151031456.53544626,23458490.302756995,0.005758696299706708,4.796830281465001,0.3214560657800538
229.25851703406815,17269.834619581376,0.01751544080609074,208534.34305916642,521345898.0456416,261330126.69160149,111528843.37814707,278520444.36195606,111428683.2323479,151031460.36993492,23458510.398994446,0.005758699663599463,4.796830414154969,0.3214560746137011
229.45891783567134,17397.641591943433,0.01764506599037973,208563.01800535142,521345880.32398075,261330134.1552738,111528905.83296052,278520452.091459,111428747.02061078,151031464.24047226,23458530.327252954,0.005758702999364383,4.796830547392774,0.32145608347510674
229.65931863727454,17526.393440519445,0.017775649489972865,208591.9103173697,521345862.43335617,261330141.653526,111528967.7685262,278520459.84687585,111428810.27766311,151031468.1466873,23458550.08919333,0.0057587063072785495,4.796830681165181,0.3214560923634726
229.85971943887776,17656.09653769553,0.01790719776787951,208621.02120148615,521345844.37248296,261330149.1857866,111529029.19002502,278520467.6275272,111428873.00880487,151031472.0882092,23458569.68647638,0.005758709587619043,4.7968308154589545,0.32145610127800056
230.06012024048096,17786.757255857778,0.018039717287109028,208650.35186396548,521345826.14007616,261330156.75148398,111529090.10263792,278520475.43273324,111428935.2193361,151031476.06466705,23458589.120762922,0.005758712840662943,4.796830950260858,0.3214561102178925
230.26052104208418,17918.381967392314,0.01817321451067079,208679.9035110725,521345807.73485076,261330164.35004666,111529150.5115458,278520483.26181453,111428996.9145568,151031480.07568994,23458608.393713765,0.005758716066687331,4.796831085557659,0.32145611918235034
230.46092184368737,18050.977044685238,0.018307695901574165,208709.67734907207,521345789.1555218,261330171.98090312,111529210.42192963,278520491.1140914,111429058.09976698,151031484.12090698,23458627.506989725,0.005758719265969287,4.796831221336119,0.32145612817057606
230.66132264529057,18184.548860122664,0.018443167922828515,208739.67458422898,521345770.40080434,261330179.64348176,111529269.83897027,278520498.9888842,111429118.78026667,151031488.1999473,23458646.46225161,0.005758722438785892,4.796831357583004,0.3214561371817714
230.8617234468938,18319.103786090698,0.01857963703744321,208769.896422808,521345751.4694133,261330187.3372111,111529328.76784869,278520506.88551337,111429178.96135585,151031492.31243995,23458665.261160232,0.005758725585414226,4.796831494285079,0.3214561462151384
231.06212424849699,18454.648194975452,0.01871710970842762,208800.34407107395,521345732.3600638,261330195.0615196,111529387.21374579,278520514.80329925,111429238.64833456,151031496.4580141,23458683.90537641,0.00575872870613137,4.796831631429107,0.3214561552698789
231.2625250501002,18591.18845916303,0.01885559239879111,208831.01873529164,521345713.07147086,261330202.81583568,111529445.1818425,278520522.7415623,111429297.84650281,151031500.63629884,23458702.39656094,0.005758731801214404,4.796831769001854,0.3214561643451948
231.4629258517034,18728.730951039543,0.01899509157154304,208861.92162172587,521345693.6023494,261330210.59958786,111529502.67731974,278520530.69962287,111429356.5611606,151031504.84692323,23458720.736374654,0.005758734870940409,4.796831906990085,0.321456173440288
231.66332665330663,18867.2820429911,0.01913561368969279,208893.05393664146,521345673.9514146,261330218.4122046,111529559.70535843,278520538.6768014,111429414.79760794,151031509.0895164,23458738.92647835,0.005758737915586464,4.7968320453805635,0.3214561825543604
231.86372745490982,19006.84810740381,0.01927716521624972,208924.41688630317,521345654.11738133,261330226.2531143,111529616.27113952,278520546.6724182,111429472.56114484,151031513.36370748,23458756.96853284,0.005758740935429651,4.7968321841600545,0.32145619168661393
232.06412825651302,19147.435516663787,0.0194197526142232,208956.01167697588,521345634.0989647,261330234.12174553,111529672.37984389,278520554.6857937,111429529.85707134,151031517.66912556,23458774.864198945,0.005758743930747051,4.796832323315322,0.3214562008362505
232.26452905811624,19289.255819555023,0.019563590442149344,208987.89625173976,521345614.26211345,261330242.20622814,111529727.86744496,278520563.1692851,111429586.51975887,151031521.55809137,23458792.559890248,0.00575874689452919,4.79683246770285,0.32145621059169244
232.46492985971943,19431.966901976793,0.019708331718490343,209019.9754509341,521345593.98180616,261330250.18548635,111529783.026518,278520571.35274225,111429642.84482491,151031525.78997502,23458810.151103456,0.005758749839429159,4.7968326090383195,0.32145621995136686
232.66533066132266,19575.741355700113,0.019854151490511916,209052.29644497286,521345573.55426466,261330258.2118212,111529837.72516397,278520579.6025038,111429698.69909526,151031530.00202805,23458827.59474199,0.005758752759820991,4.796832751253596,0.3214562293918203
232.86573146292585,19720.585642330396,0.020001056311712093,209084.8604647924,521345552.9783636,261330266.2847432,111529891.96849023,278520587.9180871,111429754.08779563,151031534.19368505,23458844.892442644,0.005758755655978595,4.796832894337562,0.3214562389125109
233.06613226452907,19866.506273817417,0.02014905278664953,209117.6687552507,521345532.2530678,261330274.40380913,111529945.76156259,278520596.29912084,111429809.01610973,151031538.3642709,23458862.045828648,0.005758758528174099,4.796833038280295,0.32145624851304144
233.26653306613227,20013.50981245525,0.02029814757094347,209150.72257512718,521345511.3774322,261330282.5686222,111529999.10940535,278520604.7453446,111429863.48917939,151031542.51300064,23458879.056509677,0.005758761376677836,4.7968331830730655,0.3214562581931591
233.46693386773546,20161.602870882318,0.020448347371273753,209184.0231971229,521345490.3506019,261330290.77883178,111530052.01700133,278520613.2566093,111429917.51210447,151031546.63897964,23458895.92608185,0.005758764201758356,4.796833328708341,0.3214562679527557
233.6673346693387,20310.79211208139,0.02059965894538085,209217.57190786055,521345469.171812,261330299.0341336,111530104.48929177,278520621.83287704,111429971.08994287,151031550.74120343,23458912.656127736,0.005758767003682419,4.796833475179784,0.3214562777918678
233.86773547094188,20461.084249379557,0.020752089102065812,209251.37000788428,521345447.8403877,261330307.3342697,111530156.53117645,278520630.474221,111430024.22771059,151031554.81855783,23458929.24821634,0.0057587697827149965,4.79683362248225,0.3214562877106763
234.06813627254508,20612.486046448234,0.020905644701190294,209285.41881165982,521345426.3557444,261330315.67902842,111530208.14751355,278520639.1808255,111430076.93038167,151031558.8698189,23458945.70390311,0.005758772539119273,4.796833770611791,0.3214562977095068
234.2685370741483,20765.0043173032,0.021060332653676576,209319.7196475746,521345404.7173877,261330324.0682444,111530259.34311984,278520647.952986,111430129.20288819,151031562.89365295,23458962.024729945,0.005758775273156647,4.796833919565653,0.3214563077888295
234.46893787575152,20918.645926304536,0.021216159921507518,209354.2738579374,521345382.924913,261330332.50179854,111530310.1227705,278520656.7911093,111430181.05012032,151031566.88861653,23458978.212225188,0.005758777985086726,4.796834069342278,0.32145631794925905
234.66933867735472,21073.417788156676,0.021373133517726593,209389.08279897875,521345360.978006,261330340.9796181,111530360.4911992,278520665.6957133,111430232.4769263,151031570.85315642,23458994.267903615,0.005758780675167331,4.796834219941302,0.3214563281915549
234.8697394789579,21229.32686790839,0.021531260506437885,209424.1478408507,521345338.8764426,261330349.50167662,111530410.45309809,278520674.6674269,111430283.48811238,151031574.78560966,23459010.19326646,0.005758783343654495,4.7968343713635555,0.32145633851662087
235.07014028056113,21386.380180952772,0.021690548002806075,209459.4703676268,521345316.6200887,261330358.0679939,111530460.01311782,278520683.70699024,111430334.08844288,151031578.6842035,23459025.98980139,0.0057587859908024615,4.796834523611065,0.3214563489255054
235.27054108216433,21544.58479302725,0.021851003173056438,209495.0517773023,521345294.2089002,261330366.67863616,111530509.1758675,278520692.81525475,111430384.28264023,151031582.54705548,23459041.658982523,0.005758788616863689,4.796834676687051,0.3214563594194016
235.47094188376752,21703.9478202136,0.022012633234474877,209530.89348179387,521345271.6429233,261330375.3337158,111530557.94591476,278520701.9931829,111430434.07538486,151031586.37217337,23459057.20227042,0.005758791222088847,4.796834830595929,0.32145636999964705
235.67134268537075,21864.476428937924,0.02217544545540788,209566.99690693984,521345248.92229426,261330384.03339154,111530606.32778566,278520711.24184835,111430483.4713153,151031590.15745515,23459072.62111208,0.005758793806726817,4.7968349853433105,0.321456380667724
235.87174348697394,22026.260536468544,0.02233953103237839,209603.38339413333,521345225.99662304,261330392.85245422,111530654.27991214,278520720.52980465,111430532.42583339,151031594.20881638,23459087.90170788,0.005758796367689428,4.79683514196462,0.32145639135823917
236.07214428857716,22189.251403182334,0.02250484053228264,209640.04091919793,521345202.9005047,261330401.74064392,111530701.83792523,278520729.8804464,111430580.9768096,151031598.31526443,23459103.05579391,0.005758798907480702,4.796835299771253,0.32145640211835147
236.27254509018036,22353.446245646355,0.022671371132046855,209676.96851898645,521345179.640528,261330410.68914855,111530749.01185118,278520739.29916626,111430629.1347652,151031602.43673396,23459118.08663705,0.005758801426751525,4.79683545864677,0.3214564129581626
236.47294589178358,22518.8535743512,0.02283913146320463,209714.1679500078,521345156.2164902,261330419.6993426,111530795.80541371,278520748.7870317,111430676.90349117,151031606.5749413,23459132.995419595,0.005758803925697539,4.796835618615774,0.32145642387880696
236.67334669338678,22685.481982038942,0.023008130240711275,209751.64099037086,521345132.6282592,261330428.77267566,111530842.22227722,278520758.3452088,111430724.28671761,151031610.73161212,23459147.783304412,0.005758806404511318,4.796835779704461,0.3214564348815378
236.87374749498997,22853.34014370318,0.023178376262943848,209789.38943978434,521345108.8757734,261330437.91067246,111530888.26604682,278520767.97496206,111430771.2881137,151031614.90848103,23459162.451434936,0.005758808863382355,4.796835941940615,0.3214564459677271
237.0741482965932,23022.43681658903,0.023349878411701146,209827.415119557,521345084.9590418,261330447.11493272,111530933.94026837,278520777.6776547,111430817.9112877,151031619.10729182,23459177.00093517,0.005758811302497073,4.796836105353615,0.3214564571388654
237.2745490981964,23192.78084019311,0.02352264565220371,209865.7198725975,521345060.8781441,261330456.38713124,111530979.24842837,278520787.45474833,111430864.15978692,151031623.32979745,23459191.432909682,0.00575881372203882,4.79683626997443,0.32145646839656217
237.47494989979958,23364.38113626354,0.023696687033093793,209904.30556341438,521345036.63323045,261330465.72901797,111531024.19395414,278520797.30780333,111430910.03709781,151031627.57775995,23459205.748443607,0.005758816122187867,4.7968364358356235,0.32145647974254543
237.6753507014028,23537.246708799972,0.023872011686435424,209943.1740781162,521345012.22452164,261330475.14241788,111531068.78021361,278520807.2384786,111430955.54664584,151031631.85295048,23459219.948602647,0.005758818503121412,4.7968366029713465,0.32145649117866204
237.87575150300603,23711.386644053557,0.024048628827714347,209982.32732441142,521344987.652309,261330484.62923107,111531113.01051547,278520817.2485315,111431000.69179557,151031636.15714937,23459234.034433067,0.005758820865013578,4.796836771417346,0.3214565027068775
238.07615230460922,23886.81011052695,0.02422654775583804,210021.76723160842,521344962.91695446,261330494.19143263,111531156.88810913,278520827.3398181,111431045.47585067,151031640.49214602,23459248.006961707,0.0057588232080354115,4.796836941210957,0.321456514329276
238.27655310621242,24063.52635897433,0.02440577785313574,210061.49575061555,521344938.0188905,261330503.83107278,111531200.41618472,278520837.514293,111431089.90205385,151031644.85973895,23459261.867195964,0.005758825532354887,4.796837112391109,0.32145652604806063
238.47695390781564,24241.544722401384,0.0245863285853584,210101.51485394104,521344912.9586203,261330513.55027688,111531243.59787305,278520847.77400935,111431133.97358693,151031649.26173586,23459275.616123814,0.005758827838136903,4.796837284998321,0.32145653786555306
238.67735470941884,24420.87461606529,0.02476820950167873,210141.82653569317,521344887.73671746,261330523.35124525,111531286.43624566,278520858.1211188,111431177.6935708,151031653.69995353,23459289.254713785,0.005758830125543284,4.796837459074707,0.32145654978419363
238.87775551102203,24601.525537474776,0.02495143023469117,210182.43281158005,521344862.3538262,261330533.2362534,111531328.93431482,278520868.55787176,111431221.0650654,151031658.17621788,23459302.78391498,0.005758832394732778,4.7968376346639685,0.3214565618065415
239.07815631262525,24783.507066390044,0.025136000500411895,210223.33571890974,521344836.81066144,261330543.20765182,111531371.09503347,278520879.08661705,111431264.09106979,151031662.69236395,23459316.204657074,0.00575883464586106,4.796837811811403,0.3214565739352745
239.27855711422845,24966.82886482282,0.02532193009827881,210264.53731659031,521344811.1080085,261330553.26786613,111531412.92129532,278520889.7098021,111431306.7745221,151031667.2502359,23459329.5178503,0.00575883687908073,4.796837990563897,0.3214565861731893
239.47895791583167,25151.50067703635,0.025509228911151597,210306.03968512965,521344785.2467235,261330563.41939706,111531454.41593476,278520900.429973,111431349.11829951,151031671.85168698,23459342.724385455,0.005758839094541313,4.796838170969929,0.321456598523201
239.67935871743487,25337.532329545375,0.02569790690531163,210347.84492663573,521344759.22773284,261330573.6648203,111531495.5817269,278520911.24977434,111431391.12521833,151031676.49857968,23459355.825133916,0.00575884129238926,4.796838353079569,0.3214566109883438
239.8797595190381,25524.93373111615,0.02588797413046204,210389.95516481632,521344733.0520337,261330584.0067868,111531536.42138755,278520922.1719492,111431432.79803391,151031681.19278547,23459368.820947614,0.005758843472767946,4.796838536944482,0.3214566235717704
240.08016032064128,25713.71487276646,0.026079440719727707,210432.3725449792,521344706.72069395,261330594.44802243,111531576.93757325,278520933.1993394,111431474.13944067,151031685.93618506,23459381.712659057,0.005758845635817672,4.796838722617919,0.32145663627675214
240.28056112224448,25903.898435377476,0.026272329673983946,210475.0997918382,521344680.10016894,261330604.91467705,111531617.14639917,278520944.2299235,111431515.16613421,151031690.73724964,23459394.505870022,0.005758847782218458,4.796838908567914,0.32145664897874354
240.4809619238477,26095.4940256089,0.026466650736644805,210518.13906961738,521344653.19753087,261330615.41296378,111531657.04981479,278520955.2713098,111431555.88007496,151031695.59759158,23459407.201165672,0.005758849912080825,4.796839094919984,0.321456661686823
240.6813627254509,26288.50365285465,0.026662405947387478,210561.4922243712,521344626.1019602,261330625.99586016,111531696.64147627,278520966.3951392,111431596.27459696,151031700.51482356,23459419.79619485,0.005758852025181594,4.796839282767796,0.3214566744881157
240.88176352705412,26482.93790406315,0.026859606043689782,210605.16149961692,521344598.8119555,261330636.66476962,111531735.92408922,278520977.6024255,111431636.35244867,151031705.49100202,23459432.29181372,0.005758854121660261,4.796839472137375,0.3214566873836593
241.0821643286573,26678.80745594934,0.02705826185407163,210649.1491608042,521344571.32600564,261330647.42112496,111531774.90030801,278520988.89421856,111431676.11632603,151031710.5281966,23459444.688861847,0.005758856201653568,4.796839663055393,0.32145670037453394
241.28256513026054,26876.123074994706,0.027258384298095052,210693.4574953151,521344543.6425898,261330658.2663884,111531813.57273574,278521000.2716042,111431715.56887245,151031715.6284898,23459456.988162234,0.0057588582652955056,4.796839855549168,0.3214567134618623
241.48296593186373,27074.895617447262,0.027459984386364142,210738.08881246412,521344515.7601775,261330669.20205143,111531851.94392435,278521011.7357042,111431754.71267876,151031720.7939773,23459469.1905213,0.005758860312717316,4.796840049646661,0.3214567266468094
241.68336673346693,27275.136029321533,0.027663073220525095,210783.0454434982,521344487.6772285,261330680.22963506,111531890.01637447,278521023.2876764,111431793.55028328,151031726.02676776,23459481.296728883,0.0057588623440474876,4.796840245376484,0.32145673993058294
241.88376753507015,27476.8553463986,0.02786766199326621,210828.3297415967,521344459.3921929,261330691.35068965,111531927.79253557,278521034.9287147,111431832.0841718,151031731.32898295,23459493.307558246,0.00575886435941176,4.79684044276789,0.3214567533144329
242.08416833667334,27680.06469422605,0.02807376198831786,210873.94408187142,521344430.9035111,261330702.5667949,111531965.27480587,278521046.6600489,111431870.31677754,151031736.7027576,23459505.22376607,0.005758866358933117,4.796840641850782,0.3214567667996517
242.28456913827654,27884.775288118006,0.028281384580452516,210919.89086136658,521344402.2096137,261330713.87955996,111532002.46553233,278521058.48294497,111431908.25048123,151031742.15023956,23459517.046092458,0.005758868342731798,4.796840842655705,0.3214567803875743
242.48496993987976,28090.99843315513,0.028490541235484754,210966.1724990588,521344373.30892175,261330725.29062337,111532039.36701073,278521070.39870465,111431945.88761102,151031747.67358968,23459528.775260936,0.005758870310925286,4.796841045213852,0.32145679407957817
242.68537074148298,28298.745524184607,0.028701243510271226,211012.7914358572,521344344.19984645,261330736.80165297,111532075.98148559,278521082.4086659,111431983.23044251,151031753.2749819,23459540.411978446,0.0057588722636283144,4.796841249557062,0.32145680787708314
242.88577154308618,28508.028045820134,0.02891350305271067,211059.75013460324,521344314.88078946,261330748.4143461,111532112.31115022,278521094.5142026,111432020.2811988,151031758.95660317,23459551.95693536,0.005758874200952866,4.79684145571782,0.32145682178155155
243.08617234468937,28718.85757244197,0.02912733160174395,211107.05108007087,521344285.35014266,261330760.13042942,111532148.35814667,278521106.71672463,111432057.04205042,151031764.7206535,23459563.410805468,0.005758876123008172,4.796841663729256,0.3214568357944882
243.2865731462926,28931.245768196877,0.029342740987353986,211154.69677896643,521344255.6062882,261330771.95165902,111532184.1245658,278521119.0176779,111432093.5151154,151031770.56934598,23459574.77424597,0.005758878029900712,4.796841873625146,0.3214568499174403
243.4869739478958,29145.204386998143,0.0295597431305658,211202.68975992876,521344225.6475985,261330783.87982035,111532219.6124472,278521131.41854435,111432129.70245919,151031776.50490665,23459586.047897503,0.005758879921734216,4.796842085439914,0.3214568641519976
243.68737474949899,29360.74527252562,0.02977835004344653,211251.03257352902,521344195.4724364,261330795.91672826,111532254.82377928,278521143.9208419,111432165.6060947,151031782.52957472,23459597.23238412,0.00575888179860966,4.796842299208625,0.32145687849979226
243.8877755511022,29577.880358225648,0.029998573829105372,211299.72779227092,521344165.079155,261330808.06422698,111532289.76049921,278521156.5261244,111432201.22798236,151031788.6456024,23459608.328313287,0.005758883660625271,4.796842514966995,0.32145689296249896
244.0881763527054,29796.621667311112,0.03022042668169362,211348.77801059047,521344134.46609765,261330820.32419014,111532324.42449287,278521169.2359819,111432236.57002997,151031794.8552549,23459619.336275905,0.005758885507876526,4.796842732751385,0.32145690754183476
244.28857715430863,30016.98131276144,0.030443920886404692,211398.1858448562,521344103.631598,261330832.69852078,111532358.81759498,278521182.0520402,111432271.63409288,151031801.1608105,23459630.256846286,0.005758887340456147,4.796842952598798,0.3214569222395592
244.48897795591182,30238.971497322567,0.030669068819474062,211447.95393336905,521344072.57398003,261330845.18915126,111532392.94158901,278521194.9759614,111432306.42197384,151031807.56456056,23459641.090582166,0.005758889158454108,4.796843174546887,0.32145693705747436
244.68937875751504,30462.60154500349,0.03089587993740864,211498.082498495,521344041.2705011,261330857.74993867,111532426.81374474,278521207.98183376,111432340.9519991,151031813.9775493,23459651.843305837,0.005758890963025901,4.796843397741189,0.32145695197165447
244.88977955911824,30687.878192172015,0.031124361072227304,211548.56958572584,521344009.6794165,261330870.29138198,111532460.46529457,278521221.01887935,111432375.25739294,151031820.22852302,23459662.525586266,0.00575889275628778,4.796843620522668,0.32145696693497305
245.09018036072143,30914.820682357087,0.031354531741191356,211599.42346020386,521343977.84705454,261330882.92523393,111532493.8624255,278521234.1518489,111432409.30198877,151031826.5279866,23459673.125884607,0.005758894535884623,4.796843844967402,0.3214569820081442
245.29058116232466,31143.441447392026,0.031586404552875195,211650.64674121537,521343945.7707784,261330895.65143818,111532527.0073964,278521247.3813394,111432443.08810501,151031832.87428764,23459683.64492352,0.005758896301942175,4.796844071076535,0.32145699719201154
245.49098196392785,31373.75300518673,0.031819992203152826,211702.2420669487,521343913.44791543,261330908.4699079,111532559.90243423,278521260.7079496,111432476.61802812,151031839.2656734,23459694.083415654,0.0057588980545847535,4.796844298850749,0.3214570124874289
245.69138276553107,31605.767959727615,0.0320553074751978,211754.21209449435,521343880.8757569,261330921.380526,111532592.54973404,278521274.13227993,111432509.89401266,151031845.70029068,23459704.44206364,0.005758899793935258,4.7968445282902605,0.32145702789526065
245.89178356713427,31839.499001077653,0.03229236323948325,211806.55949984473,521343848.0515585,261330934.3831449,111532624.95145898,278521287.6549326,111432542.91828123,151031852.17618594,23459714.7215601,0.005758901520115163,4.796844759394823,0.32145704341638165
246.0921843687375,32074.95890537638,0.03253117245378189,211859.2869778944,521343814.97253984,261330947.47758657,111532657.10974024,278521301.2765114,111432575.6930245,151031858.69130522,23459724.92258763,0.005758903233244517,4.7968449921637255,0.321457059051677
246.2925851703407,32312.160534839866,0.032771748163165984,211912.3972424399,521343781.63588464,261330960.66364264,111532689.02667715,278521314.9976218,111432608.22040123,151031865.24349418,23459735.04581882,0.0057589049334419475,4.796845226595795,0.32145707480204233
246.49298597194388,32551.11683776075,0.033014103500007407,211965.89302617993,521343748.038741,261330973.9410743,111532720.70433709,278521328.818871,111432640.50253819,151031871.83049804,23459745.091916256,0.005758906620824659,4.796845462689392,0.3214570906683838
246.6933867735471,32791.8408485082,0.03325825168397758,212019.7770807151,521343714.17822075,261330987.30961242,111532752.14475553,278521342.740868,111432672.54153028,151031878.44996166,23459755.06153249,0.005758908295508433,4.7968457004424145,0.32145710665161786
246.8937875751503,33034.345687527944,0.033504206022047484,212074.05217654823,521343680.05140024,261331000.76895732,111532783.34993602,278521356.76422316,111432704.33944044,151031885.09942958,23459764.955310073,0.0057589099576076256,4.796845939852297,0.3214571227526714
247.0941883767535,33278.64456134227,0.03375197990848771,212128.72110308404,521343645.6553197,261331014.318779,111532814.32185024,278521370.8895489,111432735.89829965,151031891.7763458,23459774.773881532,0.005758911607235173,4.796846180916009,0.3214571389724818
247.29458917835672,33524.75076255,0.03400158682486841,212183.78666862941,521343610.98698354,261331027.95871702,111532845.06243788,278521385.1174592,111432767.22010697,151031898.47805402,23459784.517869398,0.005758913244502584,4.796846423630057,0.3214571553119968
247.4949899799599,33772.6776698265,0.034253040340059285,212239.25170039324,521343576.0433603,261331041.68838054,111532875.57360676,278521399.44856954,111432798.30682957,151031905.20179754,23459794.187886167,0.005758914869519948,4.796846667990485,0.32145717177217464
247.69539078156313,34022.43874792372,0.03450635411022964,212295.1190444865,521343540.82138264,261331055.50734836,111532905.85723281,278521413.88349736,111432829.16040263,151031911.94471925,23459803.78453433,0.005758916482395928,4.796846913992869,0.32145718835398396
247.89579158316633,34274.04754767013,0.03476154187884835,212351.39156592218,521343505.31794745,261331069.4151688,111532935.91515997,278521428.42286164,111432859.7827294,151031918.70386165,23459813.308406368,0.0057589180832377665,4.796847161632327,0.32145720505840375
248.09619238476955,34527.51770597075,0.035018617476683826,212408.07214861532,521343469.5299155,261331083.41135982,111532965.74920034,278521443.06728303,111432890.17568123,151031925.47616684,23459822.760084737,0.005758919672151281,4.796847410903507,0.3214572218864236
248.29659318637275,34782.86294580717,0.03527759482180411,212465.16369538306,521343433.45411193,261331097.49540892,111532995.36113407,278521457.817384,111432920.3410975,151031932.2584766,23459832.140141893,0.005758921249240867,4.796847661800598,0.3214572388390433
248.49699398797594,35040.097076237515,0.03553848791957678,212522.66912794457,521343397.0873259,261331111.6667733,111533024.75270937,278521472.67378867,111432950.28078571,151031939.04753214,23459841.449140266,0.005758922814609494,4.796847914317322,0.32145725591727337
248.69739478957916,35299.23399239646,0.035801310862668995,212580.59138692103,521343360.42631066,261331125.9248796,111533053.92564261,278521487.63712263,111432979.99652134,151031945.83997446,23459850.687632278,0.005758924368358713,4.79684816844694,0.3214572731221344
248.89779559118236,35560.287675495245,0.03606607783104748,212638.93343183576,521343323.46778363,261331140.2691242,111533082.88161817,278521502.7080135,111433009.490048,151031952.63234407,23459859.856160328,0.005758925910588646,4.796848424182246,0.32145729045465765
249.09819639278558,35823.27219282164,0.03633280309197856,212697.69824111406,521343286.2084264,261331154.698873,111533111.62228855,278521517.88709027,111433038.76307736,151031959.42108116,23459868.955256816,0.005758927441397996,4.796848681515573,0.32145730791588484
249.29859719438878,36088.21190072697,0.03660151135415554,212756.8857140644,521343248.769992,261331169.26079258,111533140.18837439,278521533.13461876,111433067.8557169,151031966.44987258,23459877.997679774,0.00575892896229932,4.796848940973741,0.32145732544023625
249.498997995992,36355.11261421884,0.03687220851021649,212816.50142489793,521343211.04579115,261331183.91510758,111533168.5491801,278521548.48456025,111433096.73788525,151031973.5107274,23459886.973838788,0.005758930472219902,4.796849202106454,0.32145734308379104
249.6993987975952,36623.98868094833,0.03714490911178797,212876.54840202542,521343173.0326692,261331198.66119534,111533196.70634726,278521563.9374614,111433125.41128166,151031980.6003211,23459895.884262756,0.005758931971257244,4.796849464905811,0.3214573608474775
249.8997995991984,36894.854635934294,0.0374196279005878,212937.02966200392,521343134.7286776,261331213.49887267,111533224.66187368,278521579.49346966,111433153.87795489,151031987.71768445,23459904.72959202,0.005758933459521474,4.79684972936876,0.3214573787315731
250.1002004008016,37167.72510370726,0.037696379709119356,212997.94823924944,521343096.131874,261331228.42794198,111533252.41773844,278521595.1527209,111433182.1399347,151031994.86183098,23459913.51046104,0.005758934937121775,4.796849995491966,0.32145739673634294
250.3006012024048,37442.61479830931,0.037975179460671506,213059.30718603704,521343057.2403225,261331243.44819114,111533279.97590186,278521610.9153389,111433210.19923191,151032002.03175718,23459922.227498375,0.0057589364041663845,4.796850263271807,0.3214574148620405
250.501002004008,37719.5385232942,0.03825604216931867,213121.10957250086,521343018.0520931,261331258.55939358,111533307.3383055,278521626.7814355,111433238.05783829,151032009.22644243,23459930.88132669,0.005758937860762588,4.796850532704381,0.3214574331089069
250.70140280561122,37998.5111717273,0.03853898293992082,213183.35848663398,521342978.5652623,261331273.76130825,111533334.5068722,278521642.7511106,111433265.71772665,151032016.44484892,23459939.472562753,0.005758939307016731,4.7968508037855,0.32145745147717153
250.90180360721445,38279.547726185614,0.038824016968123445,213246.0570342886,521342938.7779129,261331289.05367962,111533361.48350604,278521658.82445246,111433293.18085077,151032023.68592182,23459948.00181744,0.005758940743034206,4.796851076510694,0.3214574699670516
251.10220440881764,38562.66325875774,0.039111159540357564,213309.2083391759,521342898.6881337,261331304.4362377,111533388.2700923,278521675.0015372,111433320.44914545,151032030.94858912,23459956.469695732,0.005758942168919463,4.796851350875207,0.3214574885787524
251.30260521042084,38847.87293104395,0.03940042603383976,213372.8155428661,521342858.2940199,261331319.90869802,111533414.86849758,278521691.28242904,111433347.52452652,151032038.23176172,23459964.87679672,0.0057589435847760035,4.796851626874001,0.32145750731246725
251.50300601202406,39135.191994156114,0.03969183191657211,213436.88180478849,521342817.59367293,261331335.47076166,111533441.28056967,278521707.6671804,111433374.40889075,151032045.53433335,23459973.223713584,0.005758944990706382,4.796851904501753,0.3214575261683773
251.70340681362725,39424.63578871771,0.03998539274734223,213501.4103022313,521342776.5852004,261331351.1221152,111533467.50813767,278521724.1558318,111433401.10411596,151032052.85518065,23459981.51103363,0.005758946386812208,4.796852183752857,0.3214575451466519
251.90380761523045,39716.21974486389,0.04028112417572332,213566.4042303419,521342735.26671636,261331366.86243072,111533493.55301186,278521740.7484118,111433427.61206098,151032060.19316322,23459989.73933826,0.005758947773194142,4.7968524646214235,0.3214575642474483
252.10420841683367,40009.959382241395,0.04057904194207406,213631.86680212663,521342693.6363408,261331382.69136593,111533519.41698383,278521757.444937,111433453.9345656,151032067.5471234,23459997.909202978,0.005758949149951898,4.79685274710128,0.32145758347091175
252.30460921843687,40305.8703100086,0.04087916187753868,213697.80124845088,521342651.6922002,261331398.60856393,111533545.10182638,278521774.24541223,111433480.07345067,151032074.9158865,23460006.021197397,0.005758950517184246,4.796853031185967,0.3214576028171754
252.5050100200401,40603.968226835525,0.04118149990404695,213764.21081803908,521342609.4324272,261331414.61365348,111533570.60929357,278521791.1498304,111433506.030518,151032082.29826072,23460014.075885233,0.005758951874989005,4.796853316868746,0.3214576222863605
252.70541082164328,40904.268920903785,0.04148607203431418,213831.09877747466,521342566.85516065,261331430.70624876,111533595.94112071,278521808.1581724,111433531.8075504,151032089.6930371,23460022.073824313,0.00575895322346305,4.79685360414259,0.3214576418785764
252.9058116232465,41206.78826990664,0.04179289437184119,213898.46841120013,521342523.9585458,261331446.88594955,111533621.09902437,278521825.2704074,111433557.4063117,151032097.09898958,23460030.01556656,0.005758954562702309,4.796853893000192,0.3214576615939202
253.1062124248497,41511.542241048985,0.04210198311091437,213966.32302151696,521342480.74073386,261331463.15234113,111533646.08470234,278521842.48649246,111433582.82854676,151032104.514875,23460037.90165801,0.005758955892801764,4.796854183433958,0.32145768143247716
253.3066132264529,41818.546891047314,0.042413354536605614,214034.66592858575,521342437.19988257,261331479.50499433,111533670.8998337,278521859.8063729,111433608.07598141,151032111.93943304,23460045.732638806,0.005758957213855447,4.796854475436015,0.3214577013943205
253.50701402805612,42127.818366129766,0.04272702502477235,214103.50047042605,521342393.33415574,261331495.94346544,111533695.54607874,278521877.2299821,111433633.15032247,151032119.3713863,23460053.509043187,0.005758958525956445,4.7968547689982,0.3214577214795114
253.7074148296593,42439.40140802137,0.043043039948197796,214172.83367640866,521342349.1804958,261331512.5746339,111533720.03542443,278521894.7978549,111433658.062021,151032127.0344175,23460061.234008726,0.005758959829109747,4.796855065801099,0.32145774171493985
253.90781563126254,42753.30202605515,0.04336140540358159,214242.66759088557,521342304.7230479,261331529.35918304,111533744.36574973,278521912.4952035,111433682.80957459,151032134.8457989,23460068.907113638,0.005758961123438087,4.796855365224747,0.32145776209092974
254.10821643286573,43069.5256275354,0.04368212687716101,214313.00418695097,521342259.94502294,261331546.25517797,111533768.53466384,278521930.3062428,111433707.39124918,151032142.71732774,23460076.527866937,0.005758962409065364,4.796855666607925,0.3214577825971418
254.30861723446895,43388.08921488586,0.044005221613077544,214383.84693825574,521342214.8452874,261331563.26399288,111533792.54393287,278521948.23156834,111433731.80882879,151032150.65158966,23460084.096824892,0.005758963686079355,4.796855969970854,0.32145780323405826
254.50901803607215,43709.009894020404,0.04433070696043293,214455.19933811115,521342169.4227328,261331580.38704014,111533816.39530921,278521966.2717836,111433756.06408268,151032158.65126354,23460091.61453915,0.005758964954566849,4.796856275334299,0.3214578240021626
254.70941883767534,44032.304874343055,0.04465860037328919,214527.06489948893,521342123.67627615,261331597.62577024,111533840.09053162,278521984.4275,111433780.15876547,151032166.71912137,23460099.081556737,0.005758966214613644,4.796856582719571,0.3214578449019393
254.90981963927857,44357.99146874801,0.04498891941066869,214599.44715502116,521342077.6048596,261331614.98167187,111533863.63132513,278522002.6993372,111433804.09461704,151032174.85802844,23460106.498420075,0.005758967466304547,4.796856892148525,0.3214578659338741
255.11022044088176,44686.08709361962,0.045321681736554036,214672.3496570004,521342031.20745057,261331632.45627192,111533887.01940112,278522021.0879226,111433827.87336259,151032183.07094324,23460113.86566696,0.00575896870972338,4.796857203643561,0.3214578870984538
255.31062124248496,45016.60926883238,0.045656905119888125,214745.77597737953,521341984.4830418,261331650.05113536,111533910.25645731,278522039.59389186,111433851.4967126,151032191.36091742,23460121.18383058,0.005758969944952969,4.796857517227621,0.32145790839616656
255.51102204408818,45349.57561775097,0.04599460743457419,214819.72970777194,521341937.43065125,261331667.7678654,111533933.34417771,278522058.2178885,111433874.96636288,151032199.73109582,23460128.45343951,0.005758971172075157,4.7968578329241955,0.3214579298275014
255.7114228456914,45685.0038672302,0.046334806659475716,214894.21445945132,521341890.04932207,261331685.60810333,111533956.28423268,278522076.9605641,111433898.28399453,151032208.18471658,23460135.6750177,0.005758972391170794,4.796858150757317,0.32145795139294875
255.9118236472946,46022.91184761505,0.04667752087841647,214969.2338633519,521341842.3381228,261331703.5735287,111533979.07827887,278522095.82257825,111433921.45127393,151032216.72511092,23460142.849084493,0.00575897360231974,4.796858470751563,0.32145797309300006
256.1122244488978,46363.317492740665,0.04702276828018056,215044.79157006816,521341794.29614705,261331721.66585916,111534001.72795928,278522114.8045986,111433944.46985279,151032225.35570335,23460149.97615461,0.005758974805600867,4.796858792932055,0.321457994928148
256.312625250501,46706.238839932346,0.04737056715851233,215120.89124985517,521341745.9225139,261331739.88685054,111534024.23490322,278522133.9073008,111433967.34136811,151032234.08001158,23460157.056738164,0.005758976001092059,4.796859117324461,0.3214580168988864
256.51302605210424,47051.69403000552,0.04772093591211644,215197.53659262822,521341697.21636754,261331758.2382968,111534046.6007263,278522153.13136834,111433990.06744216,151032242.9016465,23460164.091340646,0.005758977188870205,4.79685944395499,0.3214580390057102
256.7134268537074,47399.70130726583,0.048073893044657846,215274.73130796317,521341648.1768775,261331776.72203013,111534068.82703052,278522172.4774929,111434012.64968258,151032251.82431215,23460171.080462944,0.005758978369011212,4.796859772850398,0.32145806124911547
256.9138276553106,47750.27901950902,0.048429457164761776,215352.4791250962,521341598.8032386,261331795.33992085,111534090.91540413,278522191.9463743,111434035.08968224,151032260.85180593,23460178.02460131,0.005758979541589991,4.796860104037986,0.32145808362959954
257.11422845691385,48103.44561802104,0.048787646986013775,215430.7837929239,521341549.09467065,261331814.0938774,111534112.86742173,278522211.53872013,111434057.38901934,151032269.98801824,23460184.9242474,0.005758980706680466,4.7968604375455985,0.32145810614766085
257.314629258517,48459.21965757796,0.04914848132695966,215509.64908000335,521341499.05041915,261331832.98584646,111534134.68464425,278522231.255246,111434079.5492574,151032279.2369329,23460191.779888246,0.005758981864355573,4.796860773401623,0.321458128803799
257.51503006012024,48817.61979644601,0.049511979111105525,215589.07877455192,521341448.6697545,261331852.01781282,111534156.36861892,278522251.0966757,111434101.5719452,151032288.60262674,23460198.59200627,0.005758983014687256,4.796861111634995,0.32145815159851465
257.71543086172346,49178.66479638162,0.04987815936691779,215669.07668444747,521341397.95197254,261331871.19179946,111534177.92087932,278522271.0637409,111434123.45861685,151032298.08926994,23460205.36107927,0.005758984157746471,4.796861452275191,0.3214581745323098
257.9158316633267,49542.37352263133,0.050247041227823155,215749.64663722826,521341346.8963943,261331890.5098675,111534199.34294534,278522291.1571814,111434145.21079174,151032307.70112577,23460212.08758043,0.005758985293603184,4.796861795352235,0.32145819760568745
258.11623246492985,49908.797705316814,0.050618677154714714,215830.7975260907,521341295.4298381,261331909.95980906,111534220.63912272,278522311.4330783,111434166.83387007,151032317.2583425,23460218.772943154,0.005758986423038145,4.796862140883775,0.3214582208985214
258.3166332665331,50277.980389150856,0.05099311080084184,215912.53691020145,521341243.49860466,261331929.53329268,111534241.81295252,278522331.9326767,111434188.33219227,151032326.6305791,23460225.41833739,0.005758987546640171,4.796862488891473,0.3214582444693939
258.5170340681363,50649.89587569151,0.0513703161087429,215994.86176443973,521341191.2014342,261331949.25209084,111534262.86207896,278522352.58094835,111434209.70189789,151032336.07469365,23460232.02290093,0.0057589886635013195,4.796862839424677,0.3214582682100971
258.71743486973946,51024.564144605036,0.0517503133420039,216077.7761028721,521341138.53619826,261331969.11811143,111534283.7880271,278522373.37984836,111434230.94453084,151032345.5913838,23460238.587109137,0.005758989773702817,4.796863192515311,0.32145829212283555
258.9178356713427,51402.00529575374,0.05213312288611212,216161.28396179853,521341085.5007564,261331989.1332932,111534304.5923097,278522394.3313677,111434252.06162229,151032355.18134648,23460245.111433238,0.005758990877325264,4.796863548195839,0.32145831620985554
259.1182364729459,51782.239549195845,0.05251876524845606,216245.3893997525,521341032.0929566,261332009.2996058,111534325.27642728,278522415.4375336,111434273.05469072,151032364.84527788,23460251.59634034,0.0057589919744486335,4.796863906499259,0.321458340473445
259.3186372745491,52165.28724518556,0.052907261058325473,216330.09649750093,521340978.31063503,261332029.61904967,111534345.84186816,278522436.70040977,111434293.92524186,151032374.58387345,23460258.04229343,0.005758993065152271,4.796864267459111,0.32145836491593355
259.5190380761523,52551.16884417311,0.053298631066911385,216415.4093580443,521340924.1516162,261332050.0936562,111534366.29010835,278522458.1220958,111434314.67476875,151032384.39782795,23460264.449751373,0.005758994149514898,4.79686463110947,0.32145838953969225
259.7194388777555,52939.90492680466,0.05369289614730604,216501.33210661655,521340869.6137129,261332070.72548765,111534386.62261163,278522479.7047278,111434335.30475172,151032394.28783542,23460270.819168903,0.005758995227614606,4.79686499748495,0.321458414347134
259.9198396793587,53331.516193922354,0.05409007729450293,216587.86889068506,521340814.6947261,261332091.51663703,111534406.8408295,278522501.450478,111434355.8166584,151032404.2545891,23460277.150996644,0.005758996299528864,4.796865366620704,0.32145843934071316
260.1202404809619,53726.023466564366,0.05449019562539684,216675.02387995072,521340759.3924451,261332112.4692284,111534426.94620131,278522523.36155486,111434376.21194367,151032414.29878157,23460283.44568108,0.00575899736533451,4.7968657385524205,0.32145846452292587
260.32064128256513,54123.44768596479,0.054893272378783754,216762.80126634796,521340703.70464754,261332133.58541647,111534446.94015402,278522545.440203,111434396.49204974,151032424.42110467,23460289.703664586,0.005758998425107759,4.796866113316329,0.3214584898963097
260.52104208416836,54523.80991355371,0.05529932891536092,216851.20526404463,521340647.6290992,261332154.86738703,111534466.82410245,278522567.6887034,111434416.65840605,151032434.62224948,23460295.925385404,0.005758999478924199,4.796866490949194,0.32145851546344406
260.7214428857715,54927.13133095724,0.055708386717726856,216940.2401094421,521340591.1635542,261332176.3173566,111534486.59944911,278522590.1093732,111434436.71242937,151032444.9029064,23460302.111277666,0.005759000526858789,4.796866871488319,0.32145854122694995
260.92184368737475,55333.43323999742,0.056120467390381304,217029.91006117518,521340534.305755,261332197.9375726,111534506.26758428,278522612.7045657,111434456.65552378,151032455.263765,23460308.26177136,0.0057590015689858625,4.796867254971546,0.32145856718948984
261.12224448897797,55742.737062692264,0.05653559265972525,217120.2194001122,521340477.0534322,261332219.73031336,111534525.82988599,278522635.4766706,111434476.48908058,151032465.7055143,23460314.37729237,0.00575900260537913,4.796867641437255,0.321458593353768
261.32264529058114,56155.064341255806,0.05695378437406097,217211.17242935498,521340419.4043049,261332241.69788802,111534545.28772002,278522658.4281137,111434496.21447839,151032476.22884247,23460320.458262444,0.005759003636111669,4.7968680309243625,0.3214586197225302
261.52304609218436,56570.43673809804,0.05737506450359195,217302.77347423884,521340361.3560802,261332263.84263662,111534564.6424399,278522681.5613571,111434515.83308314,151032486.83443692,23460326.50509922,0.005759004661255935,4.796868423472324,0.321458646298564
261.7234468937876,56988.87603582492,0.057799455140422916,217395.02688233252,521340302.90645355,261332286.16693005,111534583.89538689,278522704.87889904,111434535.34624802,151032497.52298445,23460332.518216196,0.0057590056808837576,4.796868819121133,0.32145867308469844
261.9238476953908,57410.40413723842,0.0582269784985599,217487.93702343834,521340244.05310875,261332308.6731701,111534603.04789004,278522728.383274,111434554.7553135,151032508.295171,23460338.49802276,0.005759006695066337,4.796869217911321,0.3214587000838043
262.12424849699397,57835.043065336475,0.058657656913910124,217581.508289592,521340184.7937179,261332331.36378938,111534622.1012661,278522752.0770529,111434574.06160736,151032519.1516819,23460344.444924172,0.005759007703874246,4.796869619883956,0.3214587272987939
262.3246492985972,58262.81496331296,0.05909151284428207,217675.74509506274,521340125.12594134,261332354.2412514,111534641.0568196,278522775.9628425,111434593.26644467,151032530.09320167,23460350.35932157,0.005759008707377435,4.796870025080646,0.32145875473262114
262.5250501002004,58693.74209455779,0.05952856886938551,217770.6518763533,521340065.0474276,261332377.3080505,111534659.91584285,278522800.04328626,111434612.37112774,151032541.12041414,23460356.241611965,0.005759009705645224,4.7968704335435355,0.3214587823882818
262.7254509018036,59127.84684265684,0.05996884769083142,217866.23309219992,521340004.55581355,261332400.566712,111534678.67961583,278522824.32106346,111434631.37694621,151032552.23400244,23460362.09218825,0.00575901069874631,4.796870845315308,0.321458810268813
262.9258517034068,59565.15171139193,0.060412372132132026,217962.49322357224,521339943.6487244,261332424.0197919,111534697.34940632,278522848.7988898,111434650.28517702,151032563.4346489,23460367.911439188,0.00575901168674876,4.7968712604391825,0.32145883837729367
263.12625250501003,60005.67932474092,0.06085916513870085,218059.4367736735,521339882.3237734,261332447.66987723,111534715.92646986,278522873.47951716,111434669.09708436,151032574.72303516,23460373.69974943,0.005759012669720016,4.79687167895892,0.32145886671684426
263.32665330661325,60449.45242687761,0.061309249777852605,218157.06826794028,521339820.5785624,261332471.51958582,111534734.41204973,278522898.36573374,111434687.81391971,151032586.09984216,23460379.45749949,0.005759013647726894,4.796872100918816,0.321458895290627
263.5270541082164,60896.5890736331,0.061762745796052954,218255.40621051093,521339758.3006317,261332495.39519593,111534752.81157653,278522923.29380244,111434706.44278406,151032597.5600305,23460385.18755722,0.005759014620903952,4.796872524105914,0.3214589239229574
263.72745490981964,61347.07035486814,0.062219634008617145,218354.4490289092,521339695.53599346,261332519.3770095,111534771.12442075,278522948.3398891,111434724.98232347,151032609.1067969,23460390.88919838,0.005759015589286664,4.796872949559263,0.32145895269581126
263.92785571142286,61800.88533129485,0.0626799033160567,218454.19632391387,521339632.32157207,261332543.53081372,111534789.35028698,278522973.56645924,111434743.43165475,151032620.7428656,23460396.56190009,0.005759016552915511,4.7968733781322435,0.3214589816764528
264.12825651302603,62258.058352758635,0.06314357841431872,218554.65287482063,521339568.65362185,261332567.85726565,111534807.49041912,278522998.9744776,111434761.7920478,151032632.46884698,23460402.206055813,0.005759017511855612,4.796873809844625,0.3214590108660968
264.32865731462925,62718.61391592916,0.06361068414826188,218655.82348706273,521339504.5283546,261332592.357004,111534825.54605001,278523024.56489867,111434780.06476146,151032644.2853492,23460407.822055593,0.005759018466171476,4.79687424471608,0.3214590402659494
264.5290581162325,63182.57666430043,0.06408124551165649,218757.71299221105,521339439.94193965,261332617.0306489,111534843.51840137,278523050.33866644,111434798.2510435,151032656.19297794,23460413.41028605,0.005759019415927005,4.796874682766189,0.32145906987720857
264.7294589178357,63649.97138819059,0.06455528764718436,218860.326247974,521339374.8905037,261332641.87880206,111534861.4086839,278523076.29671466,111434816.35213062,151032668.19233668,23460418.97113037,0.005759020361185495,4.7968751240144405,0.32145909970106384
264.92985971943887,64120.82302474209,0.06503283584643894,218963.6681381976,521339309.37013113,261332666.90204677,111534879.21809717,278523102.43996656,111434834.36924842,151032680.28402647,23460424.504968327,0.005759021302009631,4.796875568480226,0.32145912973869617
265.1302605210421,64595.156657921616,0.06551391554992525,219067.74357286544,521339243.37686366,261332692.10094777,111534896.94782971,278523128.76933515,111434852.30361147,151032692.46864614,23460430.012176245,0.005759022238461495,4.796876016182844,0.3214591599912782
265.3306613226453,65072.99751852013,0.06599855234705984,219172.5574880987,521339176.90670055,261332717.47605136,111534914.59905897,278523155.28572303,111434870.15642324,151032704.7467921,23460435.493127048,0.005759023170602558,4.7968764671415025,0.3214591904599743
265.5310621242485,65554.3709841528,0.06648677197617087,219278.11484615612,521339109.95559853,261332743.0278854,111534932.17295131,278523181.9900225,111434887.92887612,151032717.1190585,23460440.948190216,0.005759024098493687,4.796876921375312,0.3214592211459401
265.7314629258517,66039.30257925914,0.06697860032449815,219384.4206354341,521339042.5194719,261332768.75695926,111534949.67066205,278523208.88311523,111434905.62215143,151032729.58603707,23460446.377731808,0.005759025022195137,4.796877378903292,0.3214592520503232
265.9318637274549,66527.81797510284,0.06747406342819298,219491.4798704665,521338974.59419227,261332794.6637638,111534967.09333538,278523235.96587294,111434923.23741944,151032742.14831734,23460451.782114457,0.005759025941766561,4.796877839744367,0.3214592831742625
266.13226452905815,67019.94298977185,0.06797318747231829,219599.29759192484,521338906.1755889,261332820.74877146,111534984.44210444,278523263.23915666,111434940.77583933,151032754.80648637,23460457.16169737,0.005759026857266999,4.796878303917368,0.3214593145188886
266.3326653306613,67515.70358817841,0.06847599879084854,219707.8788666182,521338837.2594485,261332847.01243618,111535001.71809131,278523290.7038172,111434958.2385592,151032767.56112903,23460462.516836327,0.005759027768754888,4.796878771441032,0.32145934608532367
266.53306613226454,68015.12588205896,0.06898252386666981,219817.2287874933,521338767.8415153,261332873.4551935,111535018.92240699,278523318.3606949,111434975.62671609,151032780.4128278,23460467.847883683,0.005759028676288055,4.796879242334004,0.32145937787468154
266.7334669338677,68518.23612997422,0.06949278933157974,219927.35247363432,521338697.9174909,261332900.07746038,111535036.05615139,278523346.2106199,111434992.94143598,151032793.36216277,23460473.155188363,0.005759029579923721,4.796879716614834,0.3214594098880675
266.9338677354709,69025.06073730922,0.07000682196628762,220038.25507026314,521338627.48303455,261332926.8796354,111535053.12041333,278523374.25441194,111435010.18383372,151032806.4097118,23460478.439095873,0.0057590304797184985,4.796880194301977,0.32145944212657845
267.13426853707415,69535.62625627316,0.07052464870041422,220149.94174873913,521338556.5337629,261332953.8620986,111535070.1162706,278523402.4928802,111435027.35501313,151032819.5560504,23460483.699948285,0.005759031375728394,4.796880675413798,0.32145947459130303
267.3346693386774,70049.95938589952,0.07104629661249195,220262.41770655932,521338485.06525004,261332981.02521166,111535087.04478988,278523430.92682374,111435044.45606698,151032832.8017517,23460488.938084245,0.005759032268008805,4.796881159968564,0.3214595072833213
267.5350701402806,70568.08697204605,0.07157179292996478,220375.6881673583,521338413.0730276,261333008.36931768,111535103.90702678,278523459.55703115,111435061.48807693,151032846.14738658,23460494.153838977,0.005759033156614522,4.796881647984452,0.32145954020370493
267.73547094188376,71090.03600739474,0.07210116502918826,220489.7583809082,521338340.5525848,261333035.89474133,111535120.70402585,278523488.3842806,111435078.45211357,151032859.5935235,23460499.34754428,0.0057590340415997286,4.796882139479544,0.3214595733535173
267.935871743487,71615.8336314518,0.07263444043542949,220604.63362311875,521338267.49936825,261333063.6017888,111535137.43682054,278523517.4093401,111435095.3492364,151032873.1407287,23460504.519528523,0.005759034923018001,4.796882634471826,0.32145960673381324
268.13627254509015,72145.50713054779,0.07317164682286727,220720.3191960373,521338193.908782,261333091.49074784,111535154.10643323,278523546.632967,111435112.1804939,151032886.789566,23460509.670116648,0.005759035800922307,4.796883132979196,0.32145964034563923
268.3366733466934,72679.08393783744,0.07371281201459186,220836.82042784875,521338119.77618766,261333119.5618877,111535170.71387523,278523576.05590856,111435128.94692343,151032900.54059696,23460514.79963017,0.005759036675365007,4.796883635019452,0.32145967419003335
268.5370741482966,73216.59163329974,0.07425796398260512,220954.1426728756,521338045.09690434,261333147.81545922,111535187.26014681,278523605.6789015,111435145.64955132,151032914.39438075,23460519.908387184,0.0057590375463978565,4.796884140610303,0.32145970826802517
268.7374749498998,73758.06294914839,0.07480713592383528,221072.29193983754,521337969.8708203,261333176.2553796,111535203.74659334,278523635.50430363,111435162.28970392,151032928.34812075,23460524.996793333,0.005759038414108532,4.796884649750152,0.3214597425815423
268.93787575150304,74303.68466826824,0.07536051725887598,221191.293581004,521337894.2395802,261333204.9988494,111535220.18550268,278523665.584621,111435178.87826405,151032942.29590753,23460530.06804817,0.005759039279707392,4.796885161846625,0.32145977716036955
269.1382765531062,74853.34388225216,0.07591799348971807,221311.13534026808,521337818.0685312,261333233.9423142,111535236.56781176,278523695.87462926,111435195.40746391,151032956.332711,23460535.119898006,0.005759040142215781,4.7968856774580315,0.3214598119799948
269.33867735470943,75407.07013353988,0.076479594578571,221431.82284910785,521337741.35408944,261333263.08696336,111535252.89457437,278523726.37547195,111435211.87837099,151032970.45815977,23460540.152672213,0.005759041001693059,4.796886196596429,0.3214598470416631
269.5390781563126,75964.89314448455,0.07704535067011167,221553.36176929207,521337664.0926588,261333292.43399197,111535269.16683564,278523757.0882929,111435228.29204378,151032984.67185792,23460545.16669735,0.005759041858198221,4.796886719273649,0.32145988234661693
269.7394789579158,76526.84281735292,0.07761529209148471,221675.75779288044,521337586.28063136,261333321.98460114,111535285.38563186,278523788.01423657,111435244.64953174,151032998.97338504,23460550.16229715,0.005759042711789897,4.796887245501306,0.3214599178960965
269.93987975951904,77092.94923432532,0.07818944935230229,221799.01664222337,521337507.9143871,261333351.73999786,111535301.55199073,278523819.1544476,111435260.9518753,151033013.3622962,23460555.139792513,0.005759043562526349,4.796887775290793,0.3214599536913395
270.14028056112227,77663.24265749555,0.07876785314464424,221923.1440699622,521337428.9902939,261333381.70139495,111535317.66693117,278523850.51007134,111435277.20010592,151033027.83812195,23460560.099501524,0.005759044410465473,4.796888308653282,0.3214599897335813
270.34068136272543,78237.75352887096,0.07935053434305794,222048.145859029,521337349.5047078,261333411.87001118,111535333.73146334,278523882.0822533,111435293.39524601,151033042.40036845,23460565.041739438,0.005759045255664801,4.796888845599724,0.3214600260240547
270.54108216432866,78816.51247037259,0.07993752400455856,222174.02782264672,521337269.45397264,261333442.24707115,111535349.74658877,278523913.8721395,111435309.53830896,151033057.04851726,23460569.966818687,0.005759046098181497,4.796889386140849,0.32146006256399023
270.7414829659319,79399.55028383483,0.0805288533686287,222300.79580432913,521337188.8344203,261333472.8338054,111535365.7133002,278523945.8808765,111435325.63029915,151033071.78202546,23460574.875048876,0.005759046938072362,4.79688993028717,0.32146009935461584
270.94188376753505,79986.89795100574,0.08112455385721863,222428.4556778808,521337107.6423707,261333503.63145038,111535381.63258165,278523978.1096111,111435341.67221197,151033086.60032567,23460579.76673679,0.005759047775393828,4.796890478048973,0.32146013639715726
271.14228456913827,80578.58663354686,0.0817246570747463,222557.01334739706,521337025.8741316,261333534.64124838,111535397.50540848,278524010.55949056,111435357.66503376,151033101.502826,23460584.64218638,0.005759048610201963,4.796891029436329,0.32146017369283764
271.3426853707415,81174.6476730333,0.0823291948080972,222686.4747472642,521336943.52599883,261333565.86444756,111535413.33274725,278524043.2316627,111435373.60974184,151033116.48891005,23460589.501698785,0.0057590494425524665,4.796891584459087,0.3214602112428777
271.5430861723447,81775.11259095368,0.0829381990266244,222816.8458421592,521336860.5942562,261333597.30230203,111535429.11555587,278524076.1272756,111435389.50730455,151033131.55793694,23460594.345572308,0.0057590502725006765,4.796892143126872,0.32146024904849596
271.7434869739479,82380.01308871029,0.08355170188214878,222948.13262704998,521336777.07517546,261333628.9560718,111535444.85478348,278524109.2474778,111435405.35868117,151033146.70924127,23460599.17410243,0.00575905110010156,4.796892705449091,0.3214602871109082
271.9438877755511,82989.38104761881,0.08416973570895864,223080.34112719516,521336692.9650163,261333660.8270227,111535460.55137052,278524142.5934183,111435421.16482201,151033161.9421332,23460603.987581804,0.005759051925409722,4.796893271434932,0.32146032543132796
272.1442885771543,83603.24852890856,0.08479233302380997,223213.47739814428,521336608.2600266,261333692.91642648,111535476.20624872,278524176.16624653,111435436.92666833,151033177.25589827,23460608.786300275,0.005759052748479401,4.79689384109336,0.32146036401096645
272.3446893787575,84221.64777372235,0.08541952652592637,223347.54752573764,521336522.9564418,261333725.22556084,111535491.82034104,278524209.9671123,111435452.64515239,151033192.64979768,23460613.57054484,0.005759053569364467,4.79689441443312,0.3214604028510322
272.5450901803607,84844.61120311652,0.08605134909699902,223482.55762610637,521336437.0504858,261333757.7557093,111535507.3945618,278524243.9971658,111435468.32119742,151033208.12306803,23460618.340599682,0.005759054388118426,4.796894991462735,0.32146044195273155
272.74549098196394,85472.17141806112,0.08668783380118682,223618.51384567245,521336350.53837013,261333790.50816125,111535522.92981651,278524278.2575578,111435483.95571765,151033223.67492145,23460623.096746165,0.005759055204794419,4.796895572190509,0.32146048131726834
272.94589178356716,86104.36119943952,0.0873290138851162,223755.42236114867,521336263.4162944,261333823.48421207,111535538.42700204,278524312.7494393,111435499.54961827,151033239.30454558,23460627.839262813,0.005759056019445219,4.796896156624526,0.32146052094584393
273.14629258517033,86741.21350804876,0.08797492277788123,223893.2893795386,521336175.68044627,261333856.68516293,111535553.88700649,278524347.4739618,111435515.10379548,151033255.01110357,23460632.568425342,0.005759056832123234,4.796896744772647,0.3214605608396574
273.34669338677355,87382.7614845994,0.08862559409104356,224032.1211381367,521336087.3270013,261333890.11232096,111535569.31070925,278524382.43227726,111435530.61913645,151033270.79373404,23460637.284506634,0.005759057642880506,4.796897336642515,0.32146060099990525
273.5470941883768,88029.03844971555,0.08928106161863253,224171.9239045282,521335998.35212296,261333923.76699916,111535584.698981,278524417.625538,111435546.09651935,151033286.65155113,23460641.98777674,0.005759058451768713,4.79689793224155,0.32146064142778163
273.74749498997994,88680.07790393481,0.08994135933714499,224312.70397658917,521335908.7519629,261333957.65051636,111535600.0526837,278524453.05489683,111435561.5368133,151033302.58364454,23460646.678502902,0.005759059258839162,4.796898531576952,0.3214606821244783
273.94789579158316,89335.91352770846,0.09060652140554556,224454.4676824865,521335818.5226605,261333991.76419738,111535615.37267055,278524488.72150695,111435576.94087844,151033318.58907938,23460651.356949523,0.0057590600641428,4.7968991346557015,0.32146072309118456
274.1482965931864,89996.64558307514,0.09127664951067732,224597.22886007,521335727.64707434,261334026.11784613,111535630.66490854,278524524.6511952,111435592.31489043,151033334.78470984,23460656.024956234,0.005759060867553667,4.796899742798896,0.3214607643674044
274.3486973947896,90662.3846587864,0.09195185581286228,224741.0025204016,521335636.1060231,261334060.72256723,111535645.93613866,278524560.8735594,111435607.66582963,151033351.30536872,23460660.684600998,0.005759061668918459,4.796900357528257,0.3214608059984946
274.5490981963928,91333.04987511478,0.09263205828268524,224885.78211782608,521335543.91861063,261334095.56501564,111535661.17830878,278524597.3469855,111435622.98529953,151033367.94583094,23460665.333404362,0.005759062468593032,4.79690097657184,0.32146084791921875
274.749498997996,92008.67728017483,0.09331729348041279,225031.57428730302,521335451.08059907,261334130.64675003,111535676.39236438,278524634.0732407,111435638.27425633,151033384.70798767,23460669.971658606,0.005759063266622487,4.796901599968364,0.3214608901317075
274.94989979959917,92689.30314135071,0.09400759818869457,225178.38569851592,521335357.5877305,261334165.96933994,111535691.57924527,278524671.05410725,111435653.5336504,151033401.5937754,23460674.59965411,0.005759064063051451,4.796902227757104,0.32146093263811176
275.1503006012024,93374.96394529646,0.09470300941256346,225326.22305587208,521335263.43572736,261334201.5343658,111535706.73988554,278524708.2913825,111435668.7644262,151033418.6051759,23460679.217679374,0.005759064857924082,4.796902859977894,0.3214609754406027
275.3507014028056,94065.69639793565,0.09540356437943537,225475.09309850264,521335168.620292,261334237.34341902,111535721.87521362,278524745.7868788,111435683.96752238,151033435.7442164,23460683.826020997,0.005759065651284068,4.796903496671126,0.32146101854137177
275.55110220440883,94761.53742446161,0.09610930053910934,225625.00260026264,521335073.137107,261334273.39810184,111535736.98615228,278524783.5424236,111435699.14387171,151033453.01296932,23460688.4249637,0.0057590664431746265,4.796904137877751,0.32146106194263085
275.75150300601206,95462.52416933737,0.09682025556376755,225775.95836973088,521334976.98183495,261334309.70002747,111535752.07361855,278524821.55985934,111435714.29440108,151033470.4135525,23460693.01479031,0.005759067233638502,4.796904783639278,0.32146110564661184
275.9519038076152,96168.69399629568,0.0975364673479753,225927.96725021012,521334880.15011865,261334346.25082,111535767.13852382,278524859.84104353,111435729.42003153,151033487.9481291,23460697.595781766,0.0057590680227179725,4.796905433997775,0.32146114965556727
276.15230460921845,96880.08448833889,0.098257974008681,226081.0361197268,521334782.63758093,261334383.05211452,111535782.18177377,278524898.3878487,111435744.52167828,151033505.61890754,23460702.168217108,0.005759068810454842,4.796906088995867,0.32146119397176964
276.3527054108216,97596.73344773927,0.09898481388521625,226235.17189103138,521334684.43982476,261334420.10555688,111535797.20426841,278524937.20216244,111435759.60025065,151033523.42814168,23460706.732373495,0.0057590695968904445,4.796906748676738,0.3214612385975119
276.55310621242484,98318.6788960386,0.0997170255392957,226390.38151159804,521334585.5524333,261334457.41280395,111535812.20690207,278524976.2858874,111435774.65665208,151033541.3781306,23460711.2885262,0.005759070382065645,4.796907413084131,0.32146128353510733
276.75350701402806,99045.95907404841,0.10045464775501717,226546.6719636249,521334485.9709697,261334494.97552353,111535827.19056337,278525015.6409413,111435789.69178021,151033559.47121885,23460715.8369486,0.005759071166020838,4.796908082262348,0.32146132878688943
276.9539078156313,99778.61244184994,0.10119771953886156,226704.05026403378,521334385.6909773,261334532.79539424,111535842.15613528,278525055.26925683,111435804.70652674,151033577.7097962,23460720.37791218,0.005759071948795945,4.796908756256246,0.32146137435521194
277.1543086172345,100516.67767879413,0.10194628011969291,226862.52346447046,521334284.7079795,261334570.8741057,111535857.10449505,278525095.1727817,111435819.7017776,151033596.09629774,23460724.911686543,0.005759072730430418,4.796909435111243,0.321461420242449
277.3547094188377,101260.19368350157,0.10270036894875836,227022.09865130458,521334183.01747984,261334609.21335834,111535872.03651427,278525135.35347885,111435834.67841281,151033614.63320398,23460729.438539397,0.0057590735109632404,4.796910118873316,0.321461466450995
277.5551102204409,102009.19957386272,0.10346002569968829,227182.78294562956,521334080.61496204,261334647.81486365,111535886.95305882,278525175.81332606,111435849.6373065,151033633.3230407,23460733.958736565,0.005759074290432923,4.796910807588999,0.3214615129832646
277.75551102204406,102763.73468703755,0.10422529026849608,227344.58350326266,521333977.4958897,261334686.68034393,111535901.85498896,278525216.5543163,111435864.579327,151033652.168379,23460738.472541977,0.005759075068877506,4.796911501305383,0.3214615598416927
277.9559118236473,103523.83857945581,0.10499620277357828,227507.50751474503,521333873.6557069,261334725.81153238,111535916.74315917,278525257.5784574,111435879.50533676,151033671.17183536,23460742.98021767,0.00575907584633456,4.79691220007012,0.3214616070287346
278.1563126252505,104289.55102681696,0.10577280355571456,227671.56220534162,521333769.0898375,261334765.21017316,111535931.61841832,278525298.88777244,111435894.41619235,151033690.3360716,23460747.4820238,0.005759076622841184,4.79691290393142,0.32146165454686587
278.35671342685373,105060.91202409014,0.10655513317806768,227836.75483504127,521333663.7936856,261334804.87802133,111535946.48160957,278525340.4842995,111435909.3127445,151033709.66379482,23460751.97821863,0.0057590773984340085,4.7969136129380505,0.32146170239858224
278.5571142284569,105837.96178551414,0.10734323242618353,228003.0926985566,521333557.76263547,261334844.81684288,111535961.33357039,278525382.37009156,111435924.19583806,151033729.15775743,23460756.46905853,0.005759078173149191,4.796914327139336,0.3214617505863999
278.7575150300601,106620.74074459761,0.10813714230799124,228170.58312532416,521333450.99205136,261334885.0284147,111535976.17513256,278525424.54721683,111435939.06631206,151033748.82075724,23460760.95479798,0.005759078947022419,4.796915046585162,0.32146179911285533
278.95791583166334,107409.28955411878,0.10893690405380292,228339.23347950424,521333343.47727776,261334925.51452452,111535991.0071222,278525467.0177585,111435953.92499962,151033768.65563738,23460765.43568958,0.005759079720088911,4.796915771325971,0.3214618479805051
279.1583166332665,108203.64908612557,0.10974255911631388,228509.05115998109,521333235.21363914,261334966.27697113,111536005.83035973,278525509.78381467,111435968.77272803,151033788.6652863,23460769.91198403,0.0057590804923834124,4.796916501412764,0.3214618971919262
279.35871743486973,109003.86043193565,0.11055414917060251,228680.0436003627,521333126.1964402,261335007.3175641,111536020.64565988,278525552.8474987,111435983.61031869,151033808.85263777,23460774.383930143,0.005759081263940201,4.796917236897101,0.32146194674971595
279.55911823647295,109809.94418576751,0.1113716951076629,228852.2161871695,521333016.42326665,261335048.63789198,111536035.45300475,278525596.2155814,111435998.43779527,151033829.25815624,23460778.851511143,0.005759082034585692,4.796917978196985,0.3214619966652598
279.7595190380762,110622.2769126522,0.11219557877412865,229025.61009152245,521332905.852172,261335090.2435383,111536050.26657194,278525639.8151253,111436013.26877512,151033849.2786344,23460783.319236778,0.005759082807707223,4.796918719447784,0.321462046799398
279.95991983967934,111440.61553058872,0.11302555369250972,229200.20422819754,521332794.5100366,261335132.13315555,111536065.07578896,278525683.7121189,111436028.0931736,151033869.4325317,23460787.78372454,0.005759083580486242,4.796919465733349,0.3214620972753382
280.16032064128257,112265.00453926697,0.11386166499415701,229376.0064240707,521332682.39180434,261335174.30862537,111536079.88154888,278525727.9081685,111436042.91188544,151033889.71838304,23460792.245247897,0.005759084352980487,4.796920217062766,0.32146214809468765
280.3607214428858,113095.48866236961,0.11470395803759381,229553.02454121638,521332569.49239886,261335216.77184036,111536094.68473926,278525772.40489423,111436057.72579974,151033910.13476,23460796.704078503,0.005759085125247267,4.796920973445598,0.3214621992590717
280.56112224448896,113932.1128493464,0.1155524784103149,229731.2664770858,521332455.806723,261335259.52470407,111536109.48624219,278525817.2039298,111436072.5357999,151033930.68026778,23460801.1604862,0.005759085897343489,4.796921734891847,0.32146225077013335
280.7615230460922,114774.9222771885,0.11640727193058564,229910.74016468518,521332341.3296589,261335302.56913108,111536124.28693447,278525862.3069222,111436087.3427639,151033951.3535419,23460805.614739038,0.00575908666932567,4.796922501411931,0.32146230262953224
280.9619238476954,115623.96235220264,0.11726838464924118,230091.45357275422,521332226.05606776,261335345.907047,111536139.08768755,278525907.7155311,111436102.14756411,151033972.15324515,23460810.067103315,0.005759087441249958,4.796923273016645,0.3214623548389442
281.1623246492986,116479.2787117858,0.11813586285148577,230273.41470594425,521332109.9807894,261335389.5403885,111536153.88936774,278525953.4314288,111436116.9510676,151033993.07806414,23460814.51784359,0.005759088213172149,4.7969240497171395,0.3214624074000602
281.3627254509018,117340.91722619905,0.1190097530586916,230456.6316049966,521331993.09864247,261335433.47110322,111536168.69283618,278525999.45629925,111436131.75413604,151034014.12670627,23460818.9672227,0.0057590889851477055,4.796924831524876,0.321462460314586
281.563126252505,118208.92400034217,0.1198901020301982,230641.11234692083,521331875.40442383,261335477.70115003,111536183.49894889,278526045.79183835,111436146.55762583,151034035.29789641,23460823.415501792,0.00575908975723177,4.79692561845161,0.3214625135842408
281.76352705410824,119083.34537552789,0.1207769567651115,230826.86504517315,521331756.89290863,261335522.23249876,111536198.30855696,278526092.43975294,111436161.3623882,151034056.59037384,23460827.862940334,0.005759090529479189,4.7969264105093465,0.32146256721075717
281.9639278557114,119964.22793125619,0.12167036450410304,231013.89784983464,521331637.55885,261335567.0671305,111536213.12250651,278526139.40176076,111436176.16926919,151034078.00288886,23460832.30979616,0.005759091301944528,4.796927207710319,0.3214626211958797
282.1643286573146,120851.61848698853,0.12257037273120905,231202.21894778954,521331517.396979,261335612.2070374,111536227.94163881,278526186.67959,111436190.97910984,151034099.53419966,23460836.756325457,0.005759092074682086,4.796928010066952,0.32146267554136465
282.36472945891785,121745.56410392249,0.1234770291756298,231391.83656290369,521331396.402004,261335657.65422276,111536242.76679036,278526234.2749789,111436205.79274611,151034121.18306917,23460841.202782832,0.005759092847745921,4.796928817591831,0.32146273024897903
282.5651302605211,122646.11208676558,0.1243903818135285,231582.7589562026,521331274.5686112,261335703.41070116,111536257.59879293,278526282.18967503,111436220.61100909,151034142.9482617,23460845.649421297,0.005759093621189858,4.796929630297674,0.3214627853204999
282.76553106212424,123553.30998550997,0.12531047886983063,231774.99442604993,521331151.89146376,261335749.47849825,111536272.43847361,278526330.4254356,111436235.43472499,151034164.8285399,23460850.096492305,0.005759094395067516,4.796930448197295,0.32146284075771353
282.96593186372746,124467.20559720656,0.126237368820023,231968.55130832575,521331028.3652019,261335795.85965103,111536287.28665498,278526378.98402625,111436250.26471518,151034186.82266146,23460854.544245776,0.005759095169432319,4.7969312713035785,0.3214628965624148
283.16633266533063,125387.84696773937,0.127171100391953,232163.43797660488,521330903.9844427,261335842.55620766,111536302.14415507,278526427.86722136,111436265.10179636,151034208.92937586,23460858.992930118,0.0057590959443375184,4.7969320996294424,0.32146295273640635
283.36673346693385,126315.28239360005,0.1281117225676278,232359.66284233506,521330778.74377996,261335889.5702276,111536317.0117875,278526477.076803,111436279.94678052,151034231.1474212,23460863.442792248,0.005759096719836207,4.796932933187812,0.3214630092814978
283.5671342685371,127249.5604236618,0.12905928458501328,232557.2343550154,521330652.63778365,261335936.9037816,111536331.8903615,278526526.61456126,111436294.80047508,151034253.4755211,23460867.894077614,0.00575909749598134,4.7969337719915845,0.3214630661995051
283.7675350701403,128190.72986095394,0.13001383593983343,232756.1610023746,521330525.6610003,261335984.55895168,111536346.78068203,278526576.48229307,111436309.66368294,151034275.91238126,23460872.34703022,0.00575909827282575,4.7969346160535995,0.32146312349224965
283.9679358717435,129138.83976443621,0.13097542638736936,232956.4513105493,521330397.8079522,261336032.5378312,111536361.68354984,278526626.6818024,111436324.5372025,151034298.45668644,23460876.801892642,0.005759099050422166,4.796935465386608,0.32146318116155775
284.1683366733467,130093.93945077303,0.13194410594425862,233158.11384426235,521330269.07313776,261336080.84252486,111536376.59976147,278526677.21489966,111436339.42182784,151034321.10709718,23460881.258906063,0.005759099828823233,4.7969363200032396,0.3214632392092596
284.3687374749499,131056.07849610773,0.13291992489029403,233361.1572070011,521330139.45103073,261336129.47514877,111536391.53010948,278526728.08340114,111436354.31834865,151034343.8622466,23460885.71831028,0.005759100608081527,4.7969371799159735,0.3214632976371888
284.5691382765531,132025.30673783718,0.1339029337702234,233565.59004119577,521330008.9360806,261336178.43783033,111536406.47538231,278526779.289129,111436369.22755039,151034366.7207372,23460890.180343747,0.005759101388249572,4.796938045137105,0.3214633564471813
284.7695390781563,133001.6742763857,0.13489318339554807,233771.42102839766,521329877.5227118,261336227.73270842,111536421.43636458,278526830.83391047,111436384.15021433,151034389.6811375,23460894.64524357,0.005759102169379862,4.796938915678714,0.32146341564107495
284.9699398797595,133985.4894982032,0.13589098657910623,233978.68079463756,521329745.2040347,261336277.36932993,111536436.42084858,278526882.7998942,111436399.09504263,151034413.25130123,23460899.115428455,0.0057591029494441365,4.796939796755867,0.3214634753631864
285.17034068136275,134976.5870138422,0.13689617554265152,234187.35976072794,521329611.9755032,261336327.3436639,111536451.42374091,278526935.12167394,111436414.0561734,151034437.00330365,23460903.58930535,0.0057591037302369185,4.796940684023856,0.32146353549606915
285.37074148296597,135975.0145274993,0.13790879866681244,234397.46645532674,521329477.83148265,261336377.657792,111536466.4457279,278526987.80009544,111436429.03427759,151034460.92928386,23460908.06708046,0.005759104511836484,4.796941577429485,0.32146359603979696
285.57114228456913,136980.82578710624,0.13892891046282968,234609.00993708742,521329342.76628375,261336428.31397268,111536481.48764908,278527040.83780533,111436444.03019957,151034485.03273118,23460912.54900761,0.005759105294274585,4.796942477035641,0.3214636569976306
285.77154308617236,137994.07490556993,0.13995656581210858,234821.99931257794,521329206.77419096,261336479.31447875,111536496.55034299,278527094.23748237,111436459.04478271,151034509.31726873,23460917.03534018,0.005759106077582283,4.79694338290672,0.3214637183728801
285.9719438877755,139014.81636400992,0.1409918199695021,235036.44373658326,521329069.84946257,261336530.66159716,111536511.63464719,278527148.00183773,111436474.07886955,151034533.7866532,23460921.52633116,0.005759106861789948,4.7969442951086245,0.32146378016890526
286.17234468937875,140043.10501499614,0.14203472856659483,235252.35241240787,521328931.9863301,261336582.3576291,111536526.7413984,278527202.13361484,111436489.13330181,151034558.44477436,23460926.022233173,0.00575910764692727,4.796945213708754,0.3214638423891152
286.37274549098197,141078.99608578667,0.14308534761498637,235469.73459217843,521328793.17899823,261336634.40489024,111536541.8714326,278527256.63558966,111436504.20892057,151034583.29565492,23460930.523298517,0.00575910843302326,4.796946138776011,0.3214639050369686
286.5731462925852,142122.54518156537,0.14414373350957496,235688.5995771462,521328653.4216447,261336686.80571055,111536557.02558523,278527311.5105704,111436519.3065664,151034608.3434501,23460935.029779203,0.005759109220106262,4.7969470703807975,0.32146396811597383
286.77354709418836,143173.8082886794,0.145209943031841,235908.95671798955,521328512.70842004,261336739.56243458,111536572.20469119,278527366.7613979,111436534.42707941,151034633.5924473,23460939.541926973,0.005759110008203953,4.79694800859501,0.32146403162968906
286.9739478957916,144232.84177787733,0.14628403335313092,236130.81541511673,521328371.0334473,261336792.67742136,111536587.40958494,278527422.3909456,111436549.57129942,151034659.04706594,23460944.059993353,0.005759110797343351,4.7969489534920395,0.321464095581722
287.1743486973948,145299.70240754628,0.14736606203794017,236354.18511896802,521328228.390822,261336846.15304455,111536602.64110073,278527478.40211946,111436564.74006604,151034684.7118569,23460948.584229685,0.005759111587550823,4.796949905146774,0.32146415997573036
287.37474949899797,146374.4473269499,0.14845608704719732,236579.07533031868,521328084.77461165,261336899.99169242,111536617.90007262,278527534.7978583,111436579.9342188,151034710.5915023,23460953.114887152,0.00575911237885209,4.796950863635588,0.32146422481542164
287.5751503006012,147457.13407946608,0.1495541667415474,236805.49560058117,521327940.17885584,261336954.19576806,111536633.18733458,278527591.5811334,111436595.15459724,151034736.69081533,23460957.652216822,0.005759113171272231,4.796951829036347,0.32146429010455324
287.7755511022044,148547.8206058244,0.15066035988463544,237033.4555321079,521327794.59756595,261337008.76768926,111536648.5037207,278527648.7549492,111436610.40204106,151034763.0147396,23460962.196469687,0.00575911396483569,4.7969528014284055,0.3214643558469326
287.97595190380764,149646.565247344,0.1517747256463902,237262.96477849357,521327648.02472484,261337063.70988873,111536663.85006514,278527706.3223427,111436625.67739019,151034789.56834915,23460966.747896675,0.005759114759566285,4.796953780892601,0.32146442204641723
288.1763527054108,150753.4267491713,0.1528973236063077,237494.03304487796,521327500.4542868,261337119.024814,111536679.22720242,278527764.286384,111436640.98148493,151034816.35684794,23460971.306748718,0.005759115555487207,4.796954767511257,0.3214644887069146
288.37675350701403,151868.46426351747,0.15402821375673467,237726.67008824818,521327351.8801771,261337174.7149277,111536694.63596737,278527822.65017605,111436656.31516607,151034843.38556957,23460975.873276766,0.005759116352621033,4.796955761368178,0.32146455583238237
288.57715430861725,152991.73735289622,0.1551674565061522,237960.88571774148,521327202.2962921,261337230.7827074,111536710.07719539,278527881.4168549,111436671.67927498,151034870.65997693,23460980.44773182,0.00575911715098973,4.796956762548649,0.3214646234268286
288.7775551102204,154123.30599336146,0.15631511268245935,238196.68979494757,521327051.69649893,261337287.2306458,111536725.55172242,278527940.5895897,111436687.07465371,151034898.185662,23460985.030364975,0.0057591179506146575,4.796957771139433,0.32146469149431134
288.97795591182364,155263.23057774504,0.1574712435362567,238434.0922342113,521326900.0746351,261337344.06125075,111536741.06038514,278528000.1715828,111436702.50214517,151034925.9683453,23460989.62142746,0.005759118751516578,4.796958787228771,0.32146476003893915
289.17835671342687,156411.57191889427,0.15863591074412978,238673.10300293507,521326747.42450845,261337401.27704534,111536756.60402106,278528060.1660696,111436717.96259315,151034954.01387584,23460994.221170668,0.005759119553715661,4.796959810906376,0.32146482906487095
289.3787575150301,157568.3912529099,0.15980917641193304,238913.73212188156,521326593.73989713,261337458.8805679,111536772.18346861,278528120.5763189,111436733.45684253,151034982.32823062,23460998.82984617,0.005759120357231488,4.796960842263436,0.32146489857631605
289.57915831663325,158733.75024238345,0.160991103078073,239155.98966547608,521326439.0145491,261337516.87437218,111536787.7995673,278528181.4056328,111436748.98573929,151035010.91751426,23461003.44770579,0.0057591211620830595,4.79696188139261,0.32146496857753426
289.7795591182365,159907.710979635,0.1621817537167919,239399.8857621092,521326283.2421819,261337575.26102725,111536803.45315777,278528242.65734667,111436764.55013072,151035039.78795892,23461008.075001616,0.005759121968288803,4.796962928388026,0.32146503907283597
289.9799599198397,161090.33598995098,0.1633811917414515,239645.43059443918,521326126.41648287,261337634.0431177,111536819.14508191,278528304.3348295,111436780.15086547,151035068.94592372,23461012.711986024,0.005759122775866574,4.796963983345277,0.3214651100665822
290.18036072144287,162281.68823482172,0.16458948100781642,239892.63439969477,521325968.5311083,261337693.22324365,111536834.87618305,278528366.4414837,111436795.78879365,151035098.39789456,23461017.35891174,0.005759123584833667,4.796965046361426,0.32146518156318454
290.3807615230461,163481.8311151791,0.16580668581733776,240141.50746997737,521325809.57968396,261337752.80402082,111536850.64730594,278528428.98074514,111436811.46476705,151035128.1504838,23461022.01603186,0.0057591243952068195,4.796966117534996,0.3214652535671055
290.5811623246493,164690.8284746346,0.16703287092043698,240392.06015256394,521325649.55580413,261337812.7880805,111536866.45929699,278528491.9560834,111436827.1796391,151035158.21042982,23461026.683599886,0.005759125207002215,4.7969671969659755,0.32146532608285805
290.78156312625254,165908.74460271635,0.16826810151978888,240644.30285020926,521325488.45303214,261337873.17806983,111536882.31300426,278528555.3710018,111436842.93426512,151035188.58459684,23461031.36186976,0.005759126020235495,4.796968284755808,0.3214653991150064
290.9819639278557,167135.73938730542,0.1695125396651416,240898.25138736516,521325326.2051355,261337933.95255408,111536898.20805606,278528619.12544805,111436858.72755606,151035218.5504917,23461036.050870888,0.005759126838637236,4.796969373968013,0.3214654724843077
291.1823647294589,168371.84766753647,0.17076622072529035,241153.9145669594,521325162.82467836,261337995.1218989,111536914.14569393,278528683.2560371,111436874.56099205,151035248.34792927,23461040.75092998,0.005759127661036793,4.796970466952466,0.3214655462540772
291.38276553106215,169617.09137794768,0.17202916699646728,241411.30049485847,521324998.33258486,261338056.69986945,111536930.12733296,278528747.81396323,111436890.43632868,151035278.31927827,23461045.46240589,0.005759128485741293,4.796971567048924,0.3214656205134971
291.5831663326653,170871.53803780212,0.17330144695534605,241670.41987847898,521324832.72140294,261338118.68881825,111536946.15381105,278528812.80132574,111436906.35440078,151035308.46106452,23461050.185551334,0.0057591293128194596,4.796972674260069,0.3214656952646037
291.78356713426854,172135.255679839,0.17458312959931338,241931.28348512523,521324665.9836159,261338181.0911008,111536962.22596772,278528878.2202021,111436922.31604452,151035338.76954398,23461054.92061953,0.0057591301423415035,4.79697378858623,0.3214657705093851
291.98396793587176,173408.31285432255,0.1758742844505744,242193.90214233744,521324498.11164176,261338243.90907556,111536978.34464413,278528944.0726469,111436938.3220975,151035369.24069655,23461059.667864207,0.005759130974379166,4.796974910025326,0.3214658462497797
292.184368737475,174690.7786330917,0.1771749815602588,242458.28673824007,521324329.0978326,261338307.14510363,111536994.51068331,278529010.36069125,111436954.37339886,151035399.8702193,23461064.427539684,0.0057591318090057545,4.7969760385728035,0.3214659224876749
292.38476953907815,175982.72261360916,0.1784852915125265,242724.44822189023,521324158.9344737,261338370.80154872,111537010.72493015,278529077.08634174,111436970.47078936,151035430.65351996,23461069.199900847,0.005759132646296178,4.796977174221571,0.3214659992249052
292.5851703406814,177284.21492301096,0.17980528542867358,242992.39760362584,521323987.61378276,261338434.88077703,111537026.98823158,278529144.2515796,111436986.61511151,151035461.58571047,23461073.98520322,0.005759133486326988,4.796978316961945,0.32146607646325115
292.78557114228454,178595.32622215597,0.1811350349712383,243262.14595541407,521323815.1279095,261338499.38515696,111537043.3014366,278529211.8583601,111437002.80720964,151035492.66160035,23461078.783702996,0.005759134329176415,4.796979466781578,0.32146615420443747
292.98597194388776,179916.12770967465,0.18247461234810644,243533.7044111996,521323641.4689346,261338564.31705913,111537059.66539645,278529279.90861154,111437019.04792997,151035523.87569016,23461083.59565705,0.005759135174924405,4.796980623665404,0.3214662324501316
293.186372745491,181246.6911260189,0.18382409031661756,243807.0841672529,521323466.62886935,261338629.67885616,111537076.08096464,278529348.4042344,111437035.33812077,151035555.222165,23461088.421322986,0.005759136023652659,4.796981787595573,0.3214663112019425
293.3867735470942,182587.08875751123,0.18518354218767064,244082.29648251864,521323290.5996545,261338695.47292253,111537092.54899712,278529417.34710073,111437051.67863241,151035586.6948879,23461093.26095917,0.005759136875444669,4.796982958551394,0.3214663904614187
293.58717434869743,183937.39344039402,0.18655304182983,244359.35267896383,521323113.37315995,261338761.7016344,111537109.07035232,278529486.73905313,111437068.07031748,151035618.2873934,23461098.11482476,0.005759137730385757,4.7969841365092645,0.32146647023004704
293.7875751503006,185297.67856487894,0.187932663673431,244638.2641419263,521322934.9411838,261338828.36736962,111537125.64589128,278529556.5819039,111437084.51403084,151035649.99288076,23461102.98317974,0.005759138588563112,4.796985321442616,0.3214665505092511
293.9879759519038,186668.01807919657,0.18932248271468624,244919.042320463,521322755.29545164,261338895.47250733,111537142.27647774,278529626.87743425,111437101.01062979,151035681.80420777,23461107.86628495,0.005759139450065828,4.796986513321851,0.32146663130038977
294.188376753507,188048.48649364515,0.19072257451979086,245201.69872769815,521322574.42761594,261338963.01942804,111537158.96297829,278529697.6273938,111437117.5609741,151035713.71388385,23461112.764402125,0.005759140314984942,4.796987712114279,0.32146671260475557
294.3887775551102,189439.15888464032,0.1921330152290287,245486.24494117172,521322392.3292553,261339031.01051345,111537175.70626236,278529768.8334991,111437134.16592616,151035745.71406376,23461117.677793927,0.005759141183413468,4.796988917784054,0.3214667944235733
294.58917835671343,190840.1108987644,0.19355388156087813,245772.6926031877,521322208.99187374,261339099.44814613,111537192.50720243,278529840.4974334,111437150.82635102,151035777.7965409,23461122.606723968,0.005759142055446442,4.796990130292117,0.3214668767579984
294.78957915831666,192251.41875681566,0.19498525081611776,246061.0534211623,521322024.4069,261339168.3347096,111537209.36667408,278529912.62084556,111437167.54311652,151035809.95274088,23461127.55145686,0.005759142931180952,4.796991349596128,0.3214669596091156
294.9899799599198,193673.15925785765,0.19642720088193227,246351.33916797244,521321838.5656866,261339237.67258814,111537226.2855561,278529985.20534927,111437184.31709342,151035842.17371485,23461132.51225823,0.00575914381071618,4.79699257565041,0.3214670429779372
295.19038076152304,195105.40978326884,0.1978798102360186,246643.56168230396,521321651.45950955,261339307.4641665,111537243.26473056,278530058.2525221,111437201.1491554,151035874.45013312,23461137.489394777,0.005759144694153441,4.796993808405884,0.3214671268654018
295.39078156312627,196548.24830079146,0.19934315795069124,246937.73286899997,521321463.0795674,261339377.71182984,111537260.30508296,278530131.7639049,111437218.04017924,151035906.77227846,23461142.48313427,0.005759145581596215,4.7969950478100065,0.3214672112723725
295.59118236472943,198001.75336858112,0.20081732369698832,247233.86469940902,521321273.41698027,261339448.41796377,111537277.40750231,278530205.7410009,111437234.99104491,151035939.1300396,23461147.49374561,0.00575914647315019,4.7969962938067106,0.32146729619963565
295.79158316633266,199466.00413925614,0.20230238774877757,247531.96921173367,521321082.4627898,261339519.58495384,111537294.57288122,278530280.18527466,111437252.00263563,151035971.51290473,23461152.521498866,0.005759147368923296,4.796997546336341,0.3214673816478992
295.9919839679359,200941.08036394688,0.20379843098686187,247832.05851137853,521320890.2079576,261339591.21518576,111537311.802116,278530355.0981517,111437269.07583797,151036003.90995497,23461157.566665277,0.0057591482690257465,4.796998805335593,0.32146746761779127
296.1923847695391,202427.062396345,0.20530553490308528,248134.14477129883,521320696.6433654,261339663.31104496,111537329.0961068,278530430.4810171,111437286.21154197,151036036.30985767,23461162.629517317,0.005759149173570071,4.797000070737452,0.3214675541098585
296.39278557114227,203924.03119675306,0.20682378160443907,248438.2402323485,521320501.7598136,261339735.8749167,111537346.45575763,278530506.3352153,111437303.41064121,151036068.7008601,23461167.71032871,0.005759150082671161,4.797001342471131,0.3214676411245648
296.5931863727455,205432.06833613347,0.208353253817167,248744.35720362864,521320305.54802096,261339808.90918568,111537363.88197654,278530582.6620487,111437320.67403296,151036101.07078272,23461172.80937447,0.0057591509964462955,4.797002620462009,0.32146772866228945
296.7935871743487,206951.25600015803,0.20989403489087158,249052.50806283572,521320107.9986238,261339882.4162361,111537381.3756757,278530659.4627772,111437338.0026182,151036133.4070127,23461177.92693093,0.005759151915015189,4.7970039046315645,0.321467816723326
296.9939879759519,208481.6717406485,0.21144620360495758,249362.7018659119,521319909.1808344,261339956.41795257,111537398.93539232,278530736.8315762,111437355.39552817,151036166.56710383,23461183.0623833,0.005759152833639196,4.797005202666933,0.32146790548682874
297.1943887775551,210023.39306430588,0.21300983870945847,249674.9473069255,521319709.17378366,261340030.93869862,111537416.55936542,278530814.87439775,111437372.85167246,151036201.51887098,23461188.21500468,0.0057591537469640665,4.797006523239227,0.32146799515461827
297.3947895791583,211576.5129901134,0.2145850343197947,249989.26275852145,521319507.83360463,261340105.94757223,111537434.25258066,278530893.4337112,111437390.37499101,151036236.7624551,23461193.386598814,0.005759154663413256,4.797007852997082,0.32146808542130145
297.59519038076155,213141.11605361878,0.21617187617217,250305.66077978374,521319305.152835,261340181.44750875,111537452.01589991,278530972.51324266,111437407.96635032,151036272.30821657,23461198.57742226,0.005759155582978275,4.797009192066849,0.32146817629190466
297.7955911823647,214717.28741985967,0.21777045064126704,250624.15399660496,521319101.12400794,261340257.4414625,111537469.8501872,278531052.1167684,111437425.62661922,151036308.16695574,23461203.787732136,0.005759156505648198,4.797010540578757,0.321468267771547
297.99599198396794,216305.11288732704,0.21938084474426803,250944.75510197895,521318895.7396532,261340333.9324069,111537487.75630876,278531132.24811536,111437443.35666902,151036344.34992063,23461209.01778613,0.005759157431409616,4.797011898666979,0.32146835986544176
298.19639278557116,217904.67889192732,0.22100314614487432,251267.47685629278,521318688.99229765,261340410.92333484,111537505.73513307,278531212.9111617,111437461.15737356,151036380.86881483,23461214.26784253,0.005759158360246599,4.797013266469702,0.32146845257889783
298.39679358717433,219516.0725109451,0.2226374431573266,251592.33208761923,521318480.87446547,261340488.41725862,111537523.7875309,278531294.1098379,111437479.02960925,151036417.73580536,23461219.538160235,0.005759159292140652,4.797014644129189,0.3214685459173212
298.59719438877755,221139.3814670054,0.22428382475042452,251919.33369200898,521318271.37867916,261340566.4172103,111537541.91437544,278531375.8481272,111437496.97425511,151036454.96353054,23461224.828998774,0.005759160227070668,4.797016031791849,0.32146863988621643
298.7975951903808,222774.69413203705,0.2259423805515473,252248.49463378295,521318060.49745995,261340644.9262419,111537560.11654226,278531458.1300663,111437514.99219297,151036492.56510773,23461230.140618328,0.005759161165012893,4.797017429608302,0.32146873449118785
298.997995991984,224422.09953123407,0.22761320085067285,252579.82794582454,521317848.2233285,261340723.9474254,111537578.39490952,278531540.9597463,111437533.08430736,151036530.55414128,23461235.47327974,0.005759162105940877,4.797018837733446,0.32146882973794133
299.19839679358716,226081.68734701903,0.22929637660439822,252913.34672987193,521317634.5488052,261340803.483853,111537596.75035785,278531624.3413132,111437551.25148568,151036568.94473022,23461240.82724455,0.005759163049825434,4.797020256326523,0.3214689256322856
299.3987975951904,227753.5479230054,0.23099199943995952,253249.06415681043,521317419.4664111,261340883.53863746,111537615.18377054,278531708.2789686,111437569.49461827,151036607.75147632,23461246.20277499,0.005759163996634601,4.797021685551187,0.3214690221801335
299.5991983967936,229437.77226795998,0.23270016165925167,253586.9934669647,521317202.96866834,261340964.11491203,111537633.69603357,278531792.77697057,111437587.81459843,151036646.98949173,23461251.600134026,0.00575916494633359,4.797023125575568,0.32146911938750394
299.7995991983968,231134.4520597655,0.2344209562428485,253927.14797039097,521316985.0481007,261341045.21583077,111537652.28803562,278531877.8396342,111437606.21232253,151036686.67440692,23461257.019585356,0.0057591658988847515,4.79702457657234,0.32146921726052274
300.0,232843.6796493836,0.23615447685402302,254269.5410471696,521316765.6972342,261341126.84456873,111537670.96066822,278531963.47133243,111437624.68869005,151036726.82237846,23461262.46139344,0.005759166854247527,4.797026038718787,0.3214693158054244
300.2004008016032,234572.92197918755,0.23791615648595904,220036.04781306148,450266907.4618453,257814679.74318978,111465279.55247277,278091161.7594305,111428747.63563496,145741186.60124886,23460269.535125043,0.005758924123007583,4.792319772111959,0.32130227459178357
300.4008016032064,236350.2701638739,0.2397625716785341,191380.65487436496,390451051.9394283,248688826.11876026,111264470.84552339,275561327.31182617,111375701.14711079,135775030.52401817,23453903.132326577,0.005756874372120945,4.762775571188666,0.3196956500523827
300.6012024048096,238198.16076437046,0.2417338174177508,167362.94242338042,340013178.27414477,235812660.99096966,110956722.81513117,270064669.07335335,111254535.45935139,125114482.70328201,23438261.28448068,0.005751614525652489,4.692540492232916,0.3152362240923844
300.80160320641284,240135.87232215775,0.2438592940939234,147218.24737943956,297434558.1615915,220627017.7102749,110559989.99808283,261544096.29660937,111055686.58818819,114872631.02895793,23410732.038500555,0.0057423873332576566,4.575261690713955,0.307370253176364
301.00200400801606,242182.75637149278,0.24616622250835943,130314.80429936238,261450075.1047972,204228773.56581196,110089389.82100423,250381779.96838224,110778176.22085601,105306088.17729121,23369695.302566428,0.005729202387290037,4.412364870647263,0.29624250005813973
301.2024048096192,244357.6024910801,0.24868049412278456,116132.42954985722,231008258.30642188,187420526.9251983,109557505.24053596,237150502.64070633,110425896.51300907,96423892.65257601,23314307.11834271,0.0057121289601579596,4.210280855615536,0.2823695914801617
301.40280561122245,246677.58600219127,0.2514260482376184,104248.17172769981,205246040.98052064,170765469.31510806,108974652.21706139,222450940.11131558,110005010.47624096,88190010.10478437,23244292.800526127,0.005690871814215342,3.977597044716425,0.2664006711901503
301.60320641282567,249159.2796215679,0.2544265563837196,94281.24732731374,183379839.02129465,154691008.53507787,108350162.55767821,206894275.4198595,109523174.09506229,80561744.80664508,23159769.620432857,0.0056671745857557075,3.724151172195669,0.2490525044997918
301.80360721442884,251816.05215684764,0.2577020225070901,85938.10248191722,164799448.9096932,139444963.32682207,107691282.6921741,190980924.91222158,108988005.76603268,73511570.21954462,23061208.280924324,0.005640290802915051,3.4588767751506575,0.23095172411309212
302.00400801603206,254659.38300741237,0.2612704293837002,78966.01372321219,148975926.53206584,125186950.9952783,107004297.7841159,175131290.73837462,108406908.01355398,67015451.69381354,22949275.07539217,0.0056111132635034405,3.1896756061985947,0.21264197895237844
302.2044088176353,257698.5400647667,0.26514720335823466,73154.18132883433,135465067.1635822,112000733.64187197,106294493.62476383,159675778.12143403,107786748.61384659,61051434.2005849,22824774.416124124,0.005579362952091091,2.923099007862682,0.1945658063457901
302.40480961923845,260940.4812090676,0.26934499432219244,68330.04231160082,123900795.14312238,99909924.31000978,105566239.92242037,144852365.39787588,107133666.66231975,55597024.60213497,22688602.509960808,0.00554603384066617,2.6641451691430094,0.17705465343102877
302.6052104208417,264390.22715633176,0.2738739959948069,64351.033810863766,113979017.56880103,88901055.25233532,104823192.75707561,130824721.09251843,106453044.79044846,50627583.02847831,22541684.99540515,0.005511145303176322,2.4164528703996844,0.16034622491592604
302.8056112224449,268051.2743330659,0.2787425078597738,61095.04735935396,105438048.64727898,78935379.57104902,104068519.8740012,117701745.4745182,105749724.9962503,46115984.19751773,22384974.692118336,0.005474642451865914,2.182639144976646,0.144608357309913
303.0060120240481,271925.48877071333,0.2839566137546505,58462.60651335649,98063887.65612037,69956711.0969969,103304823.91478977,105538747.39846982,105027825.14851464,42034097.637366965,22219399.092380747,0.005438170012147269,1.9642777121564596,0.12993865232812468
303.2064128256513,276013.4671305949,0.28952064715294856,56371.35776445763,91678721.91042493,61898565.70137347,102534297.95041391,94351854.20261894,104290873.5385235,38351817.59695427,22045856.357991133,0.0053999545681855665,1.7621283561895804,0.11638101200659592
303.4068136272545,280314.8215983937,0.29543752755442126,54752.26638057391,86133317.46111213,54690248.953086585,101758792.99808569,84129742.4479025,103541903.06607094,35038969.12084714,21865202.53598137,0.005361242147322934,1.5763791134989227,0.10394187238107089
303.60721442885773,284828.4158926008,0.3017090562687497,53546.983153108646,81301584.6449065,48259966.478539854,100979889.79947607,74841685.98274784,102783526.24449077,32065522.580502428,21678247.48069279,0.0053220699815636815,1.40679290995822,0.09260007238329677
303.8076152304609,289552.539807108,0.3083361424242345,52705.96228697363,77076801.31579436,42537133.13422096,100198936.75461398,66443316.26740532,102017987.24979256,29402087.46713976,21485750.964391604,0.005282450439122695,1.2528201425744694,0.08231442321051288
304.0080160320641,294485.0429085875,0.3153189712752719,52187.67504747586,73370083.90278278,37453966.233878985,99417066.12706095,58880300.68415818,101247181.18861453,27020376.17088494,21288416.73071517,0.0052425010616352664,1.113669548954548,0.0730284776109694
304.20841683366734,299623.54938081146,0.32265731966154787,51956.21407079106,70105334.48439188,32946280.537820693,98635252.40709095,52093591.61730085,100472743.12968932,24893396.797626853,21086898.82184733,0.005202326591634119,0.9884203123018703,0.06467782748224724
304.40881763527057,304965.5777011316,0.33035070360174007,51981.09494688619,67218847.8903419,28954341.586460628,97854318.80526464,46021787.34153684,99696055.89831327,22995848.694257237,20881796.261767536,0.005162002435329832,0.8760685291462431,0.05719318311429274
304.60921843687373,310508.56422563555,0.33839841374577484,52237.26385295369,64659753.73923433,25423922.322202306,97074927.88820182,40602140.75325478,98918234.05736162,21304472.281768903,20673645.73606926,0.0051215969565296775,0.7755444356321852,0.05050154678926658
304.80961923847696,316250.1054470849,0.3467998858677792,52702.57307676184,62384249.74751272,22305585.5000131,96297653.78683689,35774873.60394691,98140240.82495768,19797904.51389047,20462936.960073486,0.0050811586792324686,0.685813006485321,0.04453260757036237
305.0100200400802,322188.0323842584,0.35555482661026455,53356.94872572829,60353760.07946901,19554248.382763572,95523004.2139428,31484119.980581123,97362925.35317436,18456579.976689264,20250118.39317825,0.00504072893144705,0.6058986264585571,0.03922026256519738
305.21042084168334,328320.3988227949,0.3646632204276466,54182.28149556214,58534919.83814974,17129116.813826118,94751416.81583665,27677343.4190365,96587019.01889253,17262661.730511833,20035597.38630602,0.0050003524130321705,0.5348739619770952,0.03450185964287344
305.41082164328657,334645.5208284438,0.3741253822877302,55162.548510979956,56899593.125633486,14993507.827085279,93983261.3646086,24305505.042497676,95813138.929959,16200025.651500756,19819740.592041597,0.004960063337165379,0.4718634082247175,0.03031842595316946
305.6112224448898,341162.01895890007,0.3839420498076922,56283.33061422306,55423780.86445433,13114408.746439628,93218852.29524817,21323185.679720394,95041810.15153308,15254110.044363141,19602878.279866517,0.004919891801822702,0.4160495161933684,0.026615025270831177
305.811623246493,347868.8092156198,0.3941143714369949,57531.68199264181,54087327.10196888,11462452.29990807,92458452.48958097,18688703.821251914,94273471.34764902,14411886.642751567,19385305.566142604,0.004879862980563341,0.3666757556080962,0.023340933163390257
306.0120240480962,354765.1470602454,0.40464399737487283,58895.78362165717,52873021.27013251,10011434.182944952,91702284.37854904,16364148.65485901,93508494.45669745,13661702.216817582,19167286.540794104,0.004839996746085265,0.3230504661903762,0.020449841059171227
306.2124248496994,361850.6262869506,0.41553310119010467,60364.59353850563,51765687.39495232,8737872.800527187,90950541.60509336,14315286.981358446,92747203.99406637,12993099.246913083,18949059.203483526,0.004800311666947752,0.2845477744385399,0.017899871345933738
306.4128256513026,369125.16289455025,0.4267843442126386,61928.06185963387,50752619.50623104,7621029.773873037,90203384.01213264,12511266.117873054,91989868.71431535,12396826.549386812,18730834.432021268,0.004760822954769171,0.25060061352476787,0.015653136173412185
306.6132264529058,376589.00688600005,0.43840092027234434,63576.77825015202,49822648.49833782,6642425.2297704,89460949.35198408,10924502.144942706,91236721.47147365,11864648.530381216,18512800.95286759,0.00472154421184208,0.22070149420469318,0.01367573862320837
306.813627254509,384242.7149867049,0.45038653870156303,65301.97393406977,48965982.03423688,5785550.095697871,88723355.09385368,9530107.481084406,90487962.37678322,11389194.118392216,18295128.00543622,0.004682486820387487,0.194391553770832,0.011937044894673617
307.01402805611224,392087.1506020338,0.4627454149146554,67095.5603329752,48174282.208448865,5035870.845127556,87990697.898837,8305928.441171542,89743757.87038946,10963968.848754661,18077965.08785424,0.0046436603635405275,0.17126115767855826,0.010409729411037284
307.2144288577154,400123.47187387163,0.4754822711783834,68950.03127598933,47440312.02114504,4380520.519453457,87263058.10388209,7232202.333203665,89004248.34298985,10583217.532779612,17861444.898168564,0.0046050728671849376,0.15094423285459302,0.009069383237403517
307.4148296593186,408353.11073835165,0.48860231800969806,70858.42953660965,46757715.40750598,3808008.779575732,86540502.92653713,6291187.402154185,88269553.47428553,10241796.328157423,17645686.020584915,0.004566731312073488,0.13311167372940963,0.007894071420460044
307.61523046092185,416777.77038542135,0.5021112505980392,72814.34107421977,46121022.601452924,3308239.87370125,85823086.4017626,5467180.207422227,87539772.01436292,9935181.44849907,17430792.88169959,0.004528641480872048,0.1174716814707972,0.006864354524495984
307.8156312625251,425399.41448014724,0.5160152410891296,74811.86689904425,45525502.78335604,2872336.6703717476,85110851.41771114,4746294.252664008,86814985.20883931,9659390.97019394,17216857.3731436,0.004490808195244787,0.10376586092790806,0.005963025130013589
308.01603206412824,434220.2438690289,0.5303209176684943,76845.57634135247,44966947.670586,2492378.0388282025,84403832.77986619,4116109.133790905,86095261.76561908,9410868.419457665,17003961.45172695,0.004453235532478811,0.09176299091494006,0.005174687162118607
308.21643286573146,443242.694541493,0.5450353616284086,78910.51459922155,44441704.539824955,2161407.087627299,83702056.77770634,3565655.229973533,85380657.10932417,9186484.142581526,16792177.061081894,0.004415926827317912,0.0812585931612679,0.004485729900730403
308.4168336673347,452469.43144360004,0.5601661021140347,81002.18649717559,43946608.805855215,1873353.1786890717,83005542.13474813,3085315.7157030054,84671214.94113822,8983501.29783196,16581566.8919287,0.004378884745374231,0.07207322137924925,0.003884212121612872
308.61723446893785,461903.3245761095,0.5757210933957835,83116.51957666186,43478830.2919361,1622799.3550562228,82314302.23411298,2666484.1989222234,83966970.81323634,8799470.191165688,16372186.667574774,0.004342111498517643,0.0640461750614172,0.003359442169034722
308.8176352705411,471547.44752504496,0.5917087129178829,85249.85553471437,43035887.891077355,1404987.28924362,81628344.94653429,2301566.684410042,83267951.82472785,8632231.5020054,16164085.112472761,0.004305608816315136,0.05703551249876446,0.0029019794458485767
309.0180360721443,481405.076302887,0.6081377604760906,87398.94786000182,42615634.791650124,1215800.743116823,80947672.83409093,1983959.5677422588,82574176.95369844,8479908.78468739,15957304.113335084,0.004269377967842847,0.050917660784027416,0.0025036079266506374
309.2184368737475,491479.66651701374,0.6250174361464664,89560.91302726955,42216137.863857314,1051565.7890380656,80272284.94683479,1707752.507309109,81885659.90612254,8340819.681477274,15751880.70944445,0.0042334199178198275,0.0455819559247855,0.0021569715378868567
309.4188376753507,501774.85340730567,0.6423573410616146,91733.21969004224,41835686.712020166,909057.4378068489,79602176.71135746,1467735.9111360752,81202408.91281506,8213479.636443518,15547847.042856276,0.004197735319280528,0.04093077538055752,0.0018555828246907765
309.6192384769539,512294.4529404331,0.6601674785101227,93913.69310956293,41472796.95128283,785506.6001085184,78937339.87571037,1259411.4991278625,80524426.64949979,8096604.646544803,15345230.283910671,0.004162324507944398,0.03687972915748177,0.0015938359015286619
309.81963927855713,523042.44310236437,0.6784582373146669,96100.45874508086,41126121.77992103,678442.4490303076,78277763.85602021,1078754.465540557,79851712.33819924,7989042.039538275,15144054.222306164,0.004127187622012148,0.033353278637907345,0.0013667137577033795
310.0200400801603,534022.9650069674,0.697240394416043,98291.93416388263,40794461.46277435,585701.4521683431,77623435.60855013,922224.6746207406,79184261.53288011,7889774.571609761,14944339.184540765,0.004092324589262524,0.0302849261555779,0.0011698012775035597
310.2204408817635,545240.3234612063,0.7165251152334621,100486.83218988926,40476764.63187002,505431.60809037904,76974339.60686193,786773.8808976391,78522066.08726828,7797922.33691485,14746101.990412844,0.004057735125514627,0.027617352310126686,0.0009992943032728404
310.42084168336675,556698.974698125,0.7363239451737815,102684.10812665038,40172074.64193203,435987.261580144,76330458.67940487,669684.319001015,77865115.4441798,7712696.794647012,14549357.02694612,0.004023418807545315,0.02529942151848754,0.0008518000191860859
310.6212424849699,568403.529292411,0.756648815638606,104882.96111742106,39879537.43037148,375942.6571662383,75691773.88771473,568589.2153077616,77213396.44115649,7633406.762197774,14354116.128033072,0.0039893750626022635,0.023286548145945742,0.0007243615355721519
310.82164328657313,580358.7455370427,0.7775120359492566,107082.80220969228,39598382.809976235,324050.5737045385,75058264.84407483,481410.0434895917,76566893.79537457,7559440.9948944235,14160388.98048673,0.003955603195854537,0.021539545912070565,0.0006143810670888059
311.02204408817636,592569.527946457,0.7989262957025199,109283.2377470515,39327913.76466464,279219.8539015903,74429909.88174196,406322.00258519535,75925590.3595301,7490258.448191458,13968183.368572945,0.003922102405148828,0.02002397653504065,0.0005195766485427521
311.2224448897796,605040.9274553258,0.820904669253799,111484.0588720707,39067501.16310503,240504.18664480682,73806686.13921183,341736.4696067133,75289467.24453321,7425383.34626304,13777505.30840835,0.0038888717880981184,0.018709812920781842,0.0004379598137221669
311.42284569138275,617778.1389112575,0.843460614181126,113685.22184901018,38816576.2755262,207084.05495655947,73188569.69683246,286272.66249681223,74658504.02167505,7364397.601072613,13588359.234427102,0.003855910353425804,0.01757092255198256,0.00036780104609049997
311.62324649298597,630786.5010994598,0.8666079775133054,115886.83477332573,38574620.66866892,178247.12958929132,72575535.72981377,238729.13752245303,74032678.95374086,7306932.210443123,13400748.220428437,0.003823217034470788,0.01658450423840829,0.00030759263375673343
311.8236472945892,644071.4951832228,0.8903609963220784,118089.13812445354,38341160.42055934,153373.56899601058,71967558.61574474,198059.80972254305,73411969.1539205,7252661.188529437,13214674.134889765,0.0037907906982485922,0.01573067609337281,0.000256021127523269
312.02404809619236,657638.7451485365,0.9147342996442687,120292.50438451441,38115765.18911862,131934.5292052999,71364611.94773923,163372.16453540442,72796350.6048716,7201300.823246731,13030137.662010716,0.0037586301465492348,0.014992424358689442,0.00021196392622742512
312.2244488977956,671494.017440153,0.9397429178107389,122497.40539724722,37898036.20224088,113464.48876436669,70766668.74413347,133884.3059411499,72185798.46721937,7152597.822141932,12847138.61551511,0.003726734133633999,0.014354796321842299,0.00017443531630570547
312.4248496993988,685643.2200154525,0.965402282140259,124704.40400382396,37687602.594571434,97553.21683347668,70173701.51031683,108910.63622724489,71580287.17210743,7106325.836632142,12665676.02126267,0.0036951013716904884,0.013804670379984074,0.0001425714219426681
312.62525050100203,700092.4038415815,0.9917282307866263,126914.14489563483,37484122.9199938,83846.98983384334,69585682.22992453,87859.06004484609,70979790.40115918,7062285.68957239,12485748.117645582,0.003663730529702801,0.013330745823909036,0.00011562891705659426
312.8256513026052,714847.764083113,1.0187370141709022,129127.35030094936,37287282.846135125,72044.43359480935,69002582.40167598,70220.77908278842,70384281.13912483,7020302.719086302,12307352.413815573,0.003632620236272131,0.012923342557680424,9.297056370454921e-05
313.0260521042084,729915.6410197252,1.046445301855248,131344.80831322147,37096790.53655327,61885.9333035224,68424373.12463066,55553.72851263473,69793731.79818629,6980221.619033412,12130485.81108577,0.003601769086932702,0.012574041749473843,7.40415611789886e-05
313.22645290581164,745302.5214966193,1.074870189857946,133567.3638867191,36912373.84318555,53146.860474332956,67851025.15344445,43470.0321034137,69208114.29735208,6941903.264198634,11955144.685317717,0.003571175648891875,0.01227547094287583,5.835627656963878e-05
313.4268537074148,761015.0406130849,1.104029208351681,135795.91095017418,36733777.91510293,45631.86823083366,67282508.9468988,33623.252899575185,68627400.13095018,6905221.933441912,11781324.959086414,0.003540838464836779,0.01202110769130803,4.548501254702622e-05
313.62725450901803,777059.9837309415,1.133940330034789,138031.3851533751,36560763.348454185,39170.16998833153,66718794.70918644,25697.155877789344,68051560.42580885,6870062.922571347,11609022.163197162,0.00351075605613918,0.011805105822383068,3.504194086226781e-05
313.82765531062125,793444.2890463643,1.1646219788485421,140274.76076821622,36393106.141897544,33615.00386645034,66159852.400878794,19400.891055220283,67480565.9522115,6836321.528039046,11438231.454779262,0.003480926923337319,0.011622195370806748,2.6676431275458315e-05
314.0280561122245,810175.050606284,1.1960930406049677,142527.047970552,36230596.44520062,28840.583329156394,65605651.7701075,14468.710155343972,66914387.166007385,6803901.005120249,11268947.660630377,0.0034513495490135736,0.011467532285131319,2.0064130652968475e-05
314.22845691382764,827259.5215334393,1.2283728743847537,144789.29002927098,36073037.30519039,24738.95717823539,65056162.38463272,10662.648315476563,66352994.251967095,6772711.631631686,11101165.321792467,0.003422022400421327,0.011336658419612542,1.4907625989864431e-05
314.42885771543087,844705.1168450434,1.2614813230064494,147062.5586761565,35920243.24293067,21216.421106637594,64511353.666731864,7770.938479670629,65796357.17123545,6742671.197642583,10934878.7410638,0.003392943931462172,0.011225593785163324,1.0945822592128919e-05
314.6292585170341,862519.4160998083,1.295438722915296,149347.9495847072,35772039.36183308,18191.69849770264,63971194.9156167,5606.142679682027,65244445.68950431,6713705.653742746,10770082.013247691,0.003364112583955932,0.011130895344196364,7.954373987339363e-06
314.82965931863725,880710.1661415658,1.3302659143993563,151646.57849098122,35628260.571303934,15594.91417172963,63435655.32445515,4006.1297704885556,64697229.39733847,6685747.552581583,10606769.047249194,0.003335526790724302,0.011049487251639777,5.7260725102239256e-06
315.0300601202405,899285.2845084111,1.365984253627947,153959.57917486926,35488750.815529175,13366.195218017614,62904703.9991311,2838.201131298795,64154677.73551783,6658734.805972716,10444933.590579437,0.003307184975542697,0.010978614785910145,4.081930766507752e-06
315.2304609218437,918252.8619629623,1.4026156224178836,156288.09879271282,35353362.277729526,11453.816519377273,62378309.9800243,1995.5730765846656,63616760.02397842,6632613.473259214,10284569.258088319,0.0032790855548028982,0.010916120910991756,2.885917498002203e-06
315.43086172344687,937621.1651842872,1.4401824386789486,158633.29378169865,35221954.4945136,9813.254112642788,61856442.257399276,1393.7560204773265,63083445.481137276,6607335.631592477,10125669.551625254,0.0032512269387357205,0.01086022856347389,2.025463106779451e-06
315.6312625250501,957398.639582757,1.4787076670319677,160996.32642251145,35094393.72502739,8406.182700112482,61339069.786177784,967.8077826317904,62554703.24361899,6582859.027234005,9968227.879475838,0.003223607533095516,0.010809535802661342,1.4129361734156466e-06
315.8316633266533,977593.9123269331,1.5182148301373206,163378.36175681333,34970552.317259595,7199.62653056901,60826161.4995535,668.6568921202655,62030502.384119704,6559146.156715226,9812237.574134035,0.0031962257396018186,0.010762939761184058,9.798143926651142e-07
316.03206412825654,998215.7955059696,1.5587280203021336,165780.56517419295,34850308.20678415,6165.210981778243,60317686.32120807,459.9282372487732,61510811.927636124,6536163.706056686,9657691.908414757,0.0031690799569955245,0.01071960489855255,6.760792142379806e-07
316.2324649298597,1019273.2893050719,1.6002719110669963,168204.10045904096,34733544.483752124,5278.556459517756,59813613.17597003,315.1674183215157,60995600.865419544,6513881.84557315,9504584.109407526,0.003142168581940481,0.010678904400937685,4.647615446046742e-07
316.4328657314629,1040775.58553304,1.642871769928978,170650.1281707016,34620148.98516979,4518.707055213696,59313911.000385836,215.28991646113457,60484838.16870441,6492273.541717293,9352907.372240994,0.003115490009729788,0.010640365814525658,3.182689614683245e-07
316.63326653306615,1062732.071295373,1.6865534714254131,173119.80457060743,34510013.96697447,3867.6426232239864,58818548.752278715,146.63286395065404,59978492.80107265,6471314.076930154,9202654.872487845,0.0030890426349893373,0.010603639491543887,2.171586384643611e-07
316.8336673346693,1085152.332817047,1.731343510643264,175614.28103950628,34403035.84302396,3309.8915413157033,58327495.41919194,99.63111059607749,59476533.72917718,6450980.668327882,9053819.77696684,0.003062824852331663,0.010568470740822494,1.4791883298160492e-07
317.03406813627254,1108046.1593689783,1.7772690171043786,178134.70354146243,34299114.924700834,2832.165375024138,57840720.02668752,67.56242721119511,58978929.93313505,6431252.069644965,8906395.254199892,0.003036835056872483,0.01053466691761672,1.0036395895751792e-07
317.23446893787576,1131423.5474109356,1.824357769292263,180682.21251904237,34198155.21227119,2423.050678309662,57358191.64600638,45.72973746777345,58485650.416055195,6412108.342507217,8760374.483974118,0.003011071644861934,0.010502086340104718,6.806288147440372e-08
317.434869739479,1155294.7048313813,1.8726382095295606,183257.942926651,34100064.207930975,2072.7514453629155,56879879.40117136,30.906265922774452,57996664.21271491,6393530.652163607,8615750.666044114,0.002985533014128332,0.010470621889657026,4.610912624630673e-08
317.63527054108215,1179670.0553090037,1.922139459272629,185863.02438163813,34004752.74230165,1772.8607207746766,56405752.47576067,20.862270192458688,57511940.39773969,6375501.102516969,8472517.028299382,0.002960217564474098,0.010440189585095405,3.1026021224619995e-08
317.8356713426854,1204560.2428091557,1.9728913348549817,188498.5814841302,33912134.8230443,1516.16416754009,55935780.11928585,14.065100439817837,57031448.093267664,6358002.6340768365,8330666.834379295,0.002935123698332935,0.010410725749213364,2.1013566568987036e-08
318.0360721442886,1229976.1361794746,2.02492436361969,191165.73417056655,33822127.49037642,1296.4739390672419,55469931.65319641,9.47432688098358,56555156.47606477,6341018.921876275,8190193.390727343,0.002910249820847229,0.010382177361330585,1.414246985502915e-08
318.23647294589176,1255928.8338628511,2.078269800452541,193865.5981702145,33734650.68643094,1108.4825391012944,55008176.47659333,6.376521612153889,56083034.7842716,6324534.310846939,8051090.053252088,0.0028855943405542974,0.010354501130253048,9.53137565155185e-09
318.436873747495,1282429.6687192451,2.1329596447322907,196599.28549717081,33649627.1323562,947.6390683003544,54550484.07161859,4.288574412287451,55615052.3237249,6308533.760644868,7913350.233554309,0.002861155669538355,0.010327660255421775,6.41866971752192e-09
318.6372745490982,1309490.2129549908,2.1890266576811657,199367.90498154814,33566982.21259714,810.0421142650624,54096824.008570306,2.882699951643767,55151178.47392939,6293002.79986882,7776967.404806621,0.002836932223879114,0.01030162235399962,4.30950656876102e-09
318.8376753507014,1337122.283163123,2.246504380131228,202172.56283649433,33486643.866496146,692.3476450071075,53647165.95075057,1.9366389097741512,54691382.69370152,6277927.491297633,7641935.107313277,0.0028129224239139966,0.010276358722386136,2.902321676882065e-09
319.0380761523046,1365337.9454733117,2.3054271507108295,205014.36324326316,33408542.485242765,591.6901113111436,53201479.65905757,1.300623501438166,54235634.526499845,6263294.400579337,7508246.953776568,0.0027891246945621587,0.010251843101463735,1.9489448773057114e-09
319.2384769539078,1394149.5208082465,2.365830124435878,207894.40895587913,33332610.814194977,505.6140134791396,52759734.99635124,0.8731367838693025,53783903.605484456,6249090.570078414,7375896.634318077,0.0027655374656117707,0.010228051207956536,1.3062959223052562e-09
319.43887775551104,1423569.590262799,2.4277492917712453,210813.80192201657,33258783.860490724,432.0160832300054,52321901.931570716,0.5859109005892968,53336159.65828258,6235303.496360808,7244877.921242894,0.00274215917196897,0.01020496039931172,8.786362555066641e-10
319.6392785571142,1453611.0005900753,2.491221498104843,213773.64391165908,33186998.804648682,369.0949695218539,51887950.543651566,0.3930949899278687,52892372.51151944,6221921.10922122,7115184.673608641,0.0027189882539355916,0.01018254925571565,5.886293061694076e-10
319.83967935871743,1484286.869804332,2.5562844636717115,216775.03715516743,33117194.916448057,315.30795917008527,51457851.025238134,0.26365865989798853,52452512.09511135,6208931.752989833,6986810.841602116,0.0026960231574415685,0.0101607974255478,3.9529701314418494e-10
320.04008016032066,1515610.5929066956,2.6229768039525108,219819.08498853754,33049313.474842772,269.3342423672721,51031573.686191425,0.1768065509166299,52016548.44632215,6196324.16943213,6859750.470730118,0.0026732623342751835,0.010139685481067069,2.65091976227036e-10
320.2404809619238,1547595.847729844,2.6913380505333624,222906.89250258196,32983297.691398248,230.0431307664965,50609088.956915416,0.11855502543327931,51584451.71361155,6184087.481664971,6733997.705853881,0.0026507042423034866,0.010119194796416892,1.7753200914420012e-10
320.44088176352705,1580256.6009048524,2.761408672439563,226039.56719591995,32919092.63715895,196.4667812597849,50190367.391506836,0.07948137552656934,51156192.160281405,6172211.17918264,6609546.795073934,0.002628347345676484,0.010099307480882851,1.1926207196951505e-10
320.64128256513027,1613607.1139576817,2.833230097973394,229218.21963045085,32856645.172846016,167.77693602467082,49775379.670729734,0.05327851896163151,50731740.16792207,6160685.103744201,6486392.0934701115,0.0026061901150256877,0.010080006311353034,7.993720190366378e-11
320.8416833667335,1647661.9495325447,2.906844737046125,232443.96408822207,32795903.882069696,143.2648864390963,49364096.60483048,0.03571195056042485,50311066.239677675,6149499.436000011,6364528.0667120805,0.002584231027648761,0.0100612746857368,5.350527584443327e-11
321.04208416833666,1682435.9777458862,2.982296004019492,235717.91922914132,32736819.007434227,122.32427932874366,48956489.13619856,0.023934377302282064,49894141.00333622,6138644.682810903,6243949.294544745,0.0025624685676859022,0.010043096587197951,3.592262772230604e-11
321.2424849699399,1717944.3826766387,3.059628341079642,239041.20874885537,32679342.389446247,104.43642832369653,48552528.34187648,0.01603958761485439,49480935.21424895,6128111.665186748,6124650.474150607,0.0025409012262876673,0.010025456550600425,2.40679040433065e-11
321.4428857715431,1754202.6689917683,3.1388872421405156,242414.96203625525,32623427.408004627,89.15768862495973,48152185.43592991,0.010748549430791293,49071419.758091554,6117891.506782117,6006626.423396223,0.0025195275017727784,0.010008339635711296,1.610843271454774e-11
321.64328657314627,1791226.6687118819,3.220119277296142,245840.31483022857,32569028.92638439,76.10864478347614,47755431.77168184,0.0072023135612416965,48665565.65347196,6107975.6229220405,5889872.083962872,0.0024983458997781187,0.009991731404205905,1.0811203530060468e-11
321.8436873747495,1829032.5481210358,3.303372117838967,249318.40987527324,32516103.237607606,64.96486342375358,47362238.84381588,0.004825820164520664,48263344.05439036,6098355.710120049,5774382.524361079,0.002477354933400679,0.009975617898026059,7.241687544951444e-12
322.0440881763527,1867636.8148216296,3.388694561848552,252850.39757570624,32464608.01304777,55.448960434850754,46972578.29035628,0.003233656633519877,47864726.25256042,6089023.736052709,5660152.942830021,0.0024565531233314837,0.009959985620184627,4.841652669996576e-12
322.24448897795594,1907056.324935168,3.476136560354545,256437.43664831505,32414502.253132332,47.32378531583344,46586421.89453168,0.0021667950076464694,47469683.67959944,6079971.929959782,5547178.670121709,0.002435938997982355,0.009944821517123295,3.2491086318113647e-12
322.4448897795591,1947308.2904603663,3.5657492441199876,260080.6947731564,32365746.240158346,40.38662421060956,46203741.58652098,0.0014517405989754265,47078187.90908602,6071192.773469193,5435455.172159811,0.0024155110936055083,0.009930112962050942,2.1788662830646728e-12
322.6452905811623,1988410.2867828154,3.65758495102309,263781.34924245725,32318301.493003458,34.4642230656432,45824509.44509287,0.0009726310838731565,46690210.65849797,6062678.9918016195,5324978.052575597,0.002395267954405906,0.009915847739389971,1.4574513208025792e-12
322.84569138276555,2030380.2603493095,3.7516972540902067,267540.5876075703,32272130.723743767,29.408534927468395,45448697.699138075,0.000651871964992739,46305723.79102991,6054423.545353871,5215743.055107912,0.002375208132647215,0.009902014030084769,9.767447038353792e-13
323.0460921843687,2073236.5364897456,3.8481409901133,271359.608324117,32227197.79587371,25.09302851966857,45076278.729111016,0.0004370757179234813,45924699.317308836,6046419.621601562,5107746.065876819,0.002355330188751729,0.009888600397566708,6.580377939313847e-13
323.24649298597194,2116997.8274138873,3.9469722889607097,275239.62139500026,32183467.68432364,21.409575783999898,44707225.0683691,0.00029303294630425965,45547109.39699502,6038660.627359192,5000983.115502495,0.0023356326913936565,0.00987559577446445,4.410717521887771e-13
323.44689378757516,2161683.240382914,4.048248603582054,279181.84901137184,32140906.437143926,18.26581171870321,44341509.40441691,0.0001964020677621376,45172926.34027614,6031140.181369861,4895450.381062507,0.002316114217586069,0.009862989449943783,2.94492854760623e-13
323.6472945891784,2207312.2860461148,4.152028740670168,283187.5261918744,32099481.13862812,15.582841844626095,43979104.5800679,0.00013164160666605848,44802122.60926879,6023852.107179246,4791144.187888305,0.002296773352762513,0.009850771057546668,1.9674258177237203e-13
323.84769539078155,2253904.8869708865,4.25837289209315,287257.9014201021,32059159.874022145,13.293302838801122,43619983.594514705,8.8366997576277e-05,44434670.819317825,6016790.426323292,4688061.011165451,0.002277608690852263,0.009838930563625286,1.3283487439376553e-13
324.0480961923848,2301481.3862968087,4.367342666821395,291394.2372808042,32019911.69518691,11.339620371532726,43264119.604344234,5.94193458223526e-05,44070543.74023359,6009949.35170479,4586197.4773972845,0.002258618834351716,0.00982745825608857,8.993749015144855e-14
324.248496993988,2350062.556618109,4.4790011237662455,295597.8110941204,31981706.587976348,9.672602901435745,42911485.924453326,3.9951392231177555e-05,43709714.297417946,6003323.281309068,4485550.365616563,0.0022398023943888522,0.00981634473377285,5.999834467722442e-14
324.44889779559117,2399669.609064518,4.5934128054121075,299869.9155484411,31944515.440963667,8.250255104199082,42562056.02888605,2.6817983511137936e-05,43352155.572902486,5996906.792185286,4386116.608361619,0.0022211579907821313,0.00980558089626772,3.976867511979931e-14
324.6492985971944,2450324.2025605445,4.7106437721636345,304211.85933238233,31908310.01526116,7.03673541825044,42215803.55160687,1.798448343980313e-05,42997840.806315064,5990694.634642716,4287893.292425105,0.002202684252094506,0.00979515793406268,2.6823814068752968e-14
324.8496993987976,2502048.453270374,4.830761637437818,308624.96776600624,31873062.91541629,6.001446629363967,41872702.28721084,1.2074934184291457e-05,42646743.39577584,5984681.7266599,4190877.65935365,0.0021843798156825555,0.00978506731909418,1.834601311625991e-14
325.0501002004008,2554864.9442754323,4.9538356036906945,313110.5834312949,31838747.561596833,5.118280992728824,41532726.191557884,8.149149030898632e-06,42298836.89870847,5978863.1485485835,4095067.1056201225,0.0021662433277397195,0.009775300795751835,1.2489687285110867e-14
325.250501002004,2608796.7353763506,5.079936498944533,317670.06680251396,31805338.162419718,4.364934370591131,41195849.38236928,5.544568198600955e-06,41954095.03260897,5973234.137744117,4000459.1826131893,0.002148273443336444,0.009765850372085008,8.430408517891672e-15
325.4509018036072,2663867.373236692,5.209136814691012,322304.79687571333,31772809.689478394,3.7223912590497927,40862046.13972335,3.823519936511884e-06,41612491.67570207,5967790.083931465,3907051.5960892206,0.002130468826451909,0.009756708311556473,5.526683674832722e-15
325.65130260521045,2720100.901351741,5.341510743091273,327016.17179902375,31741137.85093103,3.1743015907259746,40531290.906606846,2.6169891597161654e-06,41274000.86765968,5962526.523985461,3814842.2058831896,0.0021128281500102024,0.009747867124507755,3.716977055713581e-15
325.8517034068136,2777521.870962142,5.4771342179813765,331805.60950166016,31710299.069716986,2.7068108121493464,40203558.289192304,1.7781864892683741e-06,40938596.81001315,5957439.137823953,3723829.0241308096,0.0020953500958934327,0.009739319561148665,2.5742503376811847e-15
326.05210420841684,2836155.351628757,5.616084954522506,336674.54832601565,31680270.459600937,2.3080945051588473,39878823.05724337,1.1905535612531712e-06,40606253.86670874,5952523.743831457,3634010.213891059,0.0020780333549641444,0.00973105860385488,1.891614652033714e-15
326.25250501002006,2896026.941894544,5.758442489196943,341624.4476581987,31651029.801928695,1.968017521167681,39557060.14447836,7.953262934463551e-07,40276946.56461624,5947776.294424258,3545384.087702206,0.0020608766270850207,0.00972307745966916,1.3061548047270968e-15
326.4529058116232,2957162.7808911777,5.90428822362829,346656.7885627062,31622555.525968075,1.6779882918152644,39238244.64872033,5.364449963673044e-07,39950649.59379929,5943192.87232123,3457949.104373915,0.0020438786211176077,0.00971536955401516,8.492160155144465e-16
326.65330661322645,3019589.5595690743,6.053705466887008,351773.0744174938,31594826.687391065,1.4306708797905079,38922351.83215699,3.7642057054711746e-07,39627337.807908334,5938769.686450188,3371703.8663191535,0.0020270380549300255,0.00970792852379401,4.973392906199654e-16
326.85370741482967,3083334.532062808,6.206779478338949,356974.8315484866,31567822.947509166,1.2197654043992836,38609357.12155633,2.65771015445276e-07,39306986.22452416,5934503.068001286,3286647.116711296,0.002010353655401248,0.00970074821072723,3.3153535472278945e-16
327.05410821643284,3148425.527984892,6.363597514266411,362263.60987089155,31541524.555452764,1.0399200798874586,38299236.10830571,1.8568102277924957e-07,38989570.02530436,5930389.467062465,3202777.734653628,0.001993824158405428,0.009693822655689752,2.5652304025246874e-16
327.25450901803606,3214890.9644670673,6.524248873471643,367640.98353044246,31515912.329248957,0.8865737625440974,37991964.54851681,1.2385219790453364e-07,38675064.55620337,5926425.449036297,3120094.730736803,0.00197744830880188,0.009687146092664372,2.2785778894901434e-16
327.4549098196393,3282759.8582466515,6.688824943061265,373108.5515446424,31490967.637120925,0.7558107224553694,37687518.363117464,7.838714802398684e-08,38363445.327677734,5922607.691101389,3038597.2425497775,0.0019612248604241015,0.009680712942777066,1.578326236576391e-16
327.6553106212425,3352061.838724413,6.8574192481905225,378667.9384536749,31466672.38147527,0.6443136835432967,37385873.63778217,4.9126107040707256e-08,38054688.01471159,5918932.979203592,2958284.5278966967,0.0019451525760481407,0.009674517809224082,8.456173041607415e-17
327.8557114228457,3422827.160812813,7.030127500964891,384320.79497190483,31443008.981925324,0.5492533196810403,37087006.62292061,3.279797066004619e-08,37748768.45690654,5915398.204858127,2879155.958327131,0.0019292302273658205,0.00966855547188473,2.373309803770186e-17
328.0561122244489,3495086.717829561,7.2070476495224565,390068.7986387585,31419960.35859145,0.46820569532087514,36790893.73364934,2.4975753259857223e-08,37445662.658553146,5912000.362005916,2801211.012617797,0.0019134565949567716,0.009662820882022497,1.366764824215899e-17
328.2565130260521,3568872.05529857,7.388279930830541,395913.654482202,31397509.917411007,0.39910767892933485,36497511.5496432,1.946662161094676e-08,37145346.788567804,5908736.5442674495,2724449.2678741915,0.0018978304682416977,0.009657309157660946,2.4228029956794364e-17
328.4569138276553,3644215.3847124907,7.573926923335292,401857.0956834401,31375641.53511715,0.3402026927736619,36206836.815006524,1.4651708924905086e-08,36847797.18045198,5905603.942131398,2648870.390578952,0.0018823506454364917,0.009652015578845135,3.7222088090728385e-17
328.6573146292585,3721149.5972736706,7.764093599521575,407900.88424112706,31354339.544209752,0.2899843727875022,35918846.438145,8.967049876803762e-09,36552990.33225202,5902599.840141585,2574474.1277308674,0.0018670159335068388,0.009646935582902102,2.7487046480655126e-17
328.85771543086173,3799708.2784878085,7.9588873819741766,414046.8116492054,31333588.719567806,0.24717219513921623,35633517.491539255,4.698135156237734e-09,36260902.90640932,5899721.6144089205,2501260.2955869236,0.0018518251481052116,0.009642064760248965,9.098335158950379e-18
329.05811623246495,3879925.7229026677,8.158418200046583,420296.69957924064,31313374.265078053,0.21067698139823038,35350827.211517826,1.9490477083098876e-09,35971511.72960978,5896966.730127127,2429228.7678670622,0.0018367771135051156,0.009637398850208785,-6.0560465699118875e-18
329.2585170340681,3961836.9487653957,8.362798546195298,426652.40056130773,31293681.80012713,0.179566650044374,35070752.99803836,1.4300532492065314e-09,35684793.792642325,5894332.739061562,2358379.4642087477,0.0018218706625370467,0.00963293373678084,-6.101068586467584e-18
329.45891783567134,4045477.7134244335,8.572143535381628,433115.7986785999,31274497.347309902,0.15304696055294517,34793272.41439639,1.610408435735562e-09,35400726.25017673,5891817.277279205,2288712.336426098,0.0018071046365093024,0.009628665444817951,1.7507067993870796e-18
329.65931863727457,4130884.5291271657,8.786570966117305,439688.8102714532,31255807.320535097,0.13044234043774816,34518363.18691091,1.901964109190629e-09,35119286.42051531,5889418.062958314,2220227.3535182993,0.00179247788512116,0.009624590136337693,8.049672237582334e-18
329.85971943887773,4218094.678664914,9.00620138088235,446373.38463861344,31237598.51287963,0.11117508019559091,34246003.20462516,1.5278453054729626e-09,34840451.785361625,5887132.89414809,2152924.4871570547,0.0017779892663793032,0.009620704106748477,7.120873418379721e-18
330.06012024048096,4307146.231601423,9.231158128953862,453171.50475038996,31219858.08526314,0.09475160739183608,33976170.518958725,8.067375352402782e-10,34564199.98953482,5884959.646691558,2086803.695411638,0.0017636376465026218,0.009617003781351654,1.272458305856368e-18
330.2605210420842,4398078.061223627,9.461567432235658,460085.18797878176,31202573.55588668,0.08075317225184761,33708843.34331531,1.2366692356444676e-10,34290508.84063428,5882896.272301224,2021864.9042997148,0.0017494218998134717,0.009613485712100394,-2.7546171301594453e-18
330.4609218436874,4490929.86124941,9.697558450086973,467116.4868230144,31185732.789294343,0.068822118442405,33444000.052713018,-2.0944689288073823e-10,34019356.30872937,5880940.796560025,1958107.9901360746,0.001735340908634223,0.009610146574233654,-3.129647354906436e-18
330.66132264529057,4585742.162898245,9.939263345652893,474267.4896427867,31169323.98590805,0.05865259584175989,33181619.183386758,-1.0810605142373462e-10,33750720.5260181,5879091.317016409,1895532.7607766055,0.001721393563176648,0.009606983163067953,1.71042580060495e-21
330.8617234468938,4682556.353096565,10.186817356919091,481540.321419327,31153335.672646355,0.04998513433716248,32921679.432328295,1.0501596837210344e-10,33484579.786415756,5877346.001496997,1834138.9336209667,0.0017075787614113033,0.00960399239115629,1.798274906954247e-18
331.062124248497,4781414.692319334,10.4403588662634,488937.1445085264,31137756.693061955,0.04259847964647786,32664159.65685489,3.057008943158054e-10,33220912.545175552,5875703.086323296,1773926.114817292,0.0016938954089446307,0.009601171285284213,2.093450113476204e-18
331.2625250501002,4882360.33253887,10.700029470447795,496460.1593965773,31122576.197657183,0.03630272778658159,32409038.874167163,2.478669100346957e-10,32959697.418497212,5874160.874563911,1714893.7781645376,0.0016803424188937845,0.009598516983526649,1.5468389919378234e-19
331.4629258517034,4985437.336798815,10.965974057394632,504111.6054974815,31107783.63555994,0.030937099022921317,32156296.26082999,1.0884605846870305e-10,32700913.183049064,5872717.734560884,1657041.2398330478,0.0016669187117356254,0.009596026732765259,-8.573773218331822e-19
331.6633266533066,5090690.698143993,11.238340880287367,511893.76193403406,31093368.74552515,0.026364492659329594,31905911.152292755,-6.858335185200406e-11,32444538.775534227,5871372.098320615,1600367.6349510248,0.0016536232151681185,0.009593697885978563,-1.0478594780320033e-18
331.86372745490985,5198166.358751076,11.517281632503371,519808.94832454686,31079321.547170687,0.02246732693333622,31657863.042395752,-1.0191232986884903e-10,32190553.292241223,5870122.459952032,1544871.8937053052,0.001640454863967616,0.009591527899611063,4.720398311821716e-20
332.064128256513,5307911.230698967,11.80295152941392,527859.5256128235,31065632.333374552,0.019146036368179048,31412131.58281261,-6.361854262461248e-11,31938935.988522496,5868967.374339892,1490552.713819336,0.0016274125998242072,0.00958951433133817,5.365461721178802e-19
332.26452905811624,5419973.216192558,12.095509387909438,536047.8968852068,31052291.66215911,0.016315741831438753,31168696.582522195,2.875262168901187e-11,31689666.27830595,5867905.455715334,1437408.534934218,0.0016144953711882833,0.009587654837657719,5.867353098082761e-19
332.46492985971946,5534401.227935412,12.395117706542562,544376.5081908884,31039290.348735746,0.013903671143399276,30927538.007271115,6.582241365711471e-11,31442723.733596027,5866935.376258381,1385437.5123983386,0.0016017021331137008,0.009585947171535597,-6.190386120237195e-20
332.6653306613226,5651245.211146544,12.701942752578478,552847.8494083703,31026619.4585361,0.01184810136697816,30688635.978983697,5.755676085487669e-11,31198088.08391515,5866055.864901999,1334637.4886493066,0.0015890318470852321,0.00958438918038983,-3.032474379238611e-19
332.86573146292585,5770556.16518131,13.016154647396917,561464.4551016543,31014270.299896035,0.01009646682751737,30451970.775191765,1.0672273818152195e-11,30955739.21576744,5865265.706066198,1285005.9660126602,0.0015764834808543134,0.009582978803957093,-2.95059795486312e-19
333.0661322645291,5892386.165235685,13.337927452239756,570228.9053784835,31002234.416827906,0.008603702882269804,30217522.828459244,-2.4014580628677548e-11,30715657.17209661,5864563.738409867,1236540.0791659993,0.0015640560082727766,0.009581714072188966,8.375354702857314e-20
333.2665330661323,6016788.385657572,13.667439260730312,579143.8267947133,30990503.58261617,0.007331585766073189,29985272.72576469,-3.1488177251428785e-11,30477822.151695892,5863948.853752072,1189236.5664414386,0.0015517484091176763,0.009580593103432762,1.9194245313972255e-19
333.46693386773546,6143817.123077882,14.004872290648747,588211.8932544027,30979069.79322214,0.006247577326457513,29755201.20789501,-1.508451555624147e-11,30242214.50863041,5863419.9959552325,1143091.74237354,0.0015395596689230559,0.009579614102548097,1.5436122294237185e-19
333.6673346693387,6273527.819544234,14.350412975715198,597435.8269098107,30967925.26071435,0.005323812456777934,29527289.16883749,7.661976487833237e-12,30008814.751657747,5862976.159813266,1098101.4700636102,0.0015274887788107082,0.009578775359031916,-7.36892472916641e-20
333.8677354709419,6405977.087233241,14.704252064044361,606818.3991077496,30957062.407388482,0.004536625196439206,29301517.655138426,1.8131145060581453e-11,29777603.54360999,5862616.390083097,1054261.1338725511,0.00151553473531994,0.009578075245383939,-1.4845146096661928e-19
334.0681362725451,6541222.733312481,15.066584717249157,616362.4313409613,30946473.859861553,0.0038659296964421537,29077867.865264572,2.0071263691880512e-11,29548561.700778775,5862339.78051203,1011565.6135414182,0.001503696540244492,0.009577512215465102,-2.6778950547898195e-19
334.2685370741483,6679323.783948919,15.43761060593005,626070.7961750261,30936152.442838732,0.0032944102017730082,28856321.148979764,1.136874201385734e-11,29321670.192317855,5862145.472796405,970009.2574065261,0.0014919732004664613,0.009577084802740604,-2.750169068478167e-19
334.4689378757515,6820340.511198721,15.81753401737031,635946.4182612378,30926091.173984967,0.0028073956975177556,28636859.00667071,-1.273377242133243e-13,29096910.139586717,5862032.65577198,929585.8586237757,0.001480363727800984,0.009576791618911423,-1.0264010522623751e-19
334.6693386773547,6964334.45941253,16.206563961201205,645992.2753330402,30916283.25849966,0.0023924410880062,28419463.088688742,-1.0663998754151555e-11,28874262.815512106,5862000.564544258,890288.6331743188,0.0014688671388500428,0.009576631352445134,8.408727517077993e-20
334.8697394789579,7111368.470197595,16.60491426892849,656211.3991619367,30906722.08326397,0.0020387676746487526,28204115.19470862,-1.2470340283721482e-11,28653709.64397,5862048.479526436,852110.1937747096,0.0014574824548388996,0.009576602766952038,7.101171047838796e-20
335.07014028056113,7261506.7127309665,17.01280371620303,666606.8766733988,30897401.21268203,0.0017373943076056046,27990797.27301713,-8.434921843520035e-12,28435232.199084386,5862175.72583823,815042.5362637913,0.0014462087015085807,0.009576704700166134,7.603832418347487e-20
335.2705410821643,7414814.708962779,17.430456123385,677181.8509098412,30888314.382851508,0.0014805473710101256,27779491.41987236,-2.1349753568385893e-12,28218812.204609398,5862381.672350541,779077.0151750639,0.00143504490895861,0.009576936062331442,7.755009887490719e-20
335.4709418837675,7571359.3638254665,17.858100477393208,687939.5221451464,30879455.497286607,0.001261664277046576,27570179.878799453,2.7883648909073573e-12,28004431.533236053,5862665.731060764,744204.3315174885,0.0014239901115464348,0.009577295835142764,-4.5084041353767296e-20
335.67134268537075,7731208.994520744,18.295971049668232,698883.1489725355,30870818.622223977,0.0010751698362654696,27362845.03990722,4.953568839917098e-12,27792072.20592282,5863027.356381674,710414.5210067787,0.0014130433477934322,0.00957778307054246,-1.1089809201030985e-19
335.87174348697397,7894433.358470876,18.74430750841686,710016.0493504789,30862397.981667586,0.0009162498679356833,27157469.43921102,3.4818444557270276e-12,27581716.39123471,5863466.044371956,677696.9358390023,0.0014022036602545087,0.009578396889417978,-3.319983378475514e-20
336.07214428857714,8061103.687002728,19.20335505534634,721341.6018276846,30854187.953784656,0.0007808934647433187,26954035.757912382,-1.0811813143378768e-12,27373346.404628173,5863981.332263166,646040.2489199656,0.0013914700954975776,0.009579136480795346,1.7417389390381696e-20
336.27254509018036,8231292.710723027,19.673364526905143,732863.2465068302,30846183.065330174,0.0006655221189852715,26752526.82174231,-3.817236715872521e-12,27166944.70781552,5864572.797554134,615432.4261919581,0.0013808417039323493,0.009580001100311054,3.4161780839431703e-20
336.4729458917836,8405074.69920794,20.154592556709808,744584.4864530318,30838377.989334263,0.0005672708462302692,26552925.600204088,-6.727935374153479e-12,26962493.90800216,5865240.057824743,585860.7574606312,0.0013703175399186198,0.009580990069884901,5.2605684791829684e-20
336.67334669338675,8582525.483071843,20.64730166264028,756508.8885599503,30830767.538825214,0.00048348678192750537,26355215.205936156,-6.0572255147259215e-12,26759976.757276706,5865982.769674096,557311.813105106,0.0013598966615170696,0.009582102775929503,2.0032806453706955e-20
336.87374749498997,8763722.499406544,21.151760433925578,768640.0851340794,30823346.66556488,0.0004121174246779762,26159378.893932614,-3.8689722080024715e-12,26559376.15181698,5866800.6287709465,529771.5031369606,0.001349578130739476,0.009583338669419026,-1.4851936487465676e-20
337.0741482965932,8948744.811915224,21.668243609907563,780981.7747007546,30816110.453521367,0.00035124387754978013,25965400.06090657,-1.5266966353930309e-12,26360675.131282706,5867693.368733132,503225.02304481354,0.0013393610132433416,0.009584697264000649,-2.35903065709458e-20
337.2745490981964,9137673.15968277,22.19703228151453,793537.7236969534,30809054.11792538,0.00029937612716401235,25773262.244517375,1.355156992157442e-12,26163856.878025252,5868660.761259099,477656.9317848027,0.0013292443786787375,0.009586178136196673,-3.162840398857025e-20
337.4749498997996,9330589.977818262,22.738413972110557,806311.7672877931,30802172.99911176,0.00025514656881898273,25582949.122713014,2.147277385933301e-12,25968904.716456585,5869702.615082222,453051.09705145215,0.0013192273003780188,0.009587780923643104,-1.223850827746669e-20
337.6753507014028,9527579.447862629,23.292682846148,819307.8111170431,30795462.5614545,0.00021746481677768388,25394444.51297953,2.0609558275960843e-12,25775802.112281665,5870818.776089345,429390.78373442293,0.001309308855757758,0.009589505325267676,1.0542896265234866e-20
337.87575150300603,9728727.519759007,23.86013979560842,832529.8321607669,30788918.387727186,0.0001853405833747291,25207732.3716595,1.1788850117897039e-12,25584532.671839476,5872009.126382565,406658.60397454066,0.0012994881260299952,0.009591351099709076,1.461353622370581e-20
338.0761523046092,9934121.96423371,24.441092657277984,845981.8805399694,30782536.17800791,0.00015798186719345834,25022796.793219745,-4.2846726791240554e-13,25395080.141353562,5873273.584404493,384836.61421914154,0.0012897641966503307,0.009593318065506225,1.7807619565419367e-20
338.2765531062124,10143852.396230854,25.035856305411162,859668.0804228475,30776311.74444281,0.00013465988843959102,24839622.00955515,-1.2364579608528132e-12,25207428.406255107,5874612.104086627,363906.2732244368,0.0012801361570671395,0.009595406099660742,6.616323046354117e-21
338.47695390781564,10358010.334056849,25.644752898282444,873592.6320503937,30770241.01079762,0.00011483847605093122,24658192.389268026,-2.6528467545368907e-12,25021561.49043956,5876024.6751395,343848.56308931846,0.001270603101294457,0.009597615138101102,-1.0427899971613448e-20
338.67735470941886,10576689.20823027,26.2681119078493,887759.812177231,30764320.005547725,9.794636374055955e-05,24478492.43696472,-3.1865053452093553e-12,24837463.55559688,5877511.321791002,324643.89054510655,0.0012611641273703397,0.009599945173562597,-2.1047318256788814e-20
338.87775551102203,10799984.428609828,26.906270400830714,902173.9763431543,30758544.862251617,8.35394772159416e-05,24300506.792544402,-2.637228066539318e-12,24655118.9004705,5879072.103282058,306272.2355419824,0.001251818338071374,0.009602396256393197,-1.9585558119849644e-20
339.07815631262525,11027993.428076414,27.559573218644417,916839.5604066183,30752911.816979133,7.130263078698103e-05,24124220.230491966,-1.7701376993631663e-12,24474511.960146062,5880707.113652284,288713.19986136147,0.0012425648411193027,0.009604968494177222,-2.275819997933955e-20
339.2785571142285,11260815.666813148,28.22837298723494,931761.0808583881,30747417.201101672,6.083821484787423e-05,23949617.659159057,-8.83920712487445e-13,24295627.30536877,5882416.480394836,271945.8983148226,0.0012334027485871905,0.009607662049477111,-1.5136273303755002e-20
339.47895791583164,11498552.732414927,28.91303054078728,946943.1380977257,30742057.445038084,5.191691815433046e-05,23776684.120091993,1.9294882232079878e-13,24118449.6418127,5884200.365796495,255949.21553092607,0.0012243311781731181,0.009610477142042792,-2.7447329941379285e-21
339.67935871743487,11741308.341427095,29.613914919547103,962390.4166691384,30736829.07107289,4.4312796228826726e-05,23605404.787292153,1.1570325227178303e-12,23942963.809376653,5886058.965584114,240701.70362332583,0.0012153492526315861,0.009613414046540703,7.325680658195995e-21
339.8797595190381,11989188.383054143,30.33140354991036,978107.6867986266,30731728.690720834,3.779593858704634e-05,23435764.966512404,1.2835829942620706e-12,23769154.781477112,5887992.508697875,226181.6267068914,0.001206456099960742,0.009616473092156458,7.405728753082409e-21
340.0801603206413,12242301.021437246,31.06588267808672,994099.807751101,30726753.007632118,3.2244872361223865e-05,23267750.094646174,1.2643676405303043e-12,23597007.664387655,5890001.258478514,212367.16457762074,0.0011976508544186972,0.009619654664543198,1.0018850505690953e-20
340.2805611222445,12500756.658800764,31.817747201269228,1010371.7268552604,30721898.80756099,2.7501801866578047e-05,23101345.73888429,9.235844919328839e-13,23426507.69645364,5892085.510539554,199236.25165152716,0.0011889326556366266,0.009622959202272295,8.157267671105307e-21
340.4809619238477,12764668.04065371,32.587401114219226,1026928.4829633764,30717162.96109972,2.3449301907414947e-05,22936537.59613172,4.329830078593459e-13,23257640.247461524,5894245.593939213,186766.75865959778,0.0011803006495274021,0.009626387198753146,2.3390672026607076e-21
340.6813627254509,13034150.311224934,33.37525774036932,1043775.2083616196,30712542.421751592,1.9998598190517567e-05,22773311.492342316,-2.58650248296998e-13,23090390.81796496,5896481.871160803,174936.53980611742,0.0011717539884929429,0.009629939202176923,-3.870893787714841e-21
340.8817635270541,13309321.005904993,34.18173968933903,1060917.1286877238,30708034.219464384,1.7054470389423362e-05,22611653.381683595,-6.295175727001388e-13,22924745.03847624,5898794.736841942,163723.41090477383,0.0011632918312496458,0.009633615813393746,-5.790094607077052e-21
341.0821643286573,13590300.167772576,35.00727935336559,1078359.566753617,30703635.46313769,1.454867318187333e-05,22451549.346030187,-7.513676822933179e-13,22760688.66891693,5901184.618972944,153105.25697797787,0.001154913343373398,0.009637417687872313,-5.208602121370778e-21
341.28256513026054,13877210.365437537,35.85231897497113,1096107.9432724314,30699343.336241517,1.2418564477262159e-05,22292985.594187465,-7.533721025773245e-13,22598207.59785114,5903651.978179516,143060.06251792525,0.0011466176974004956,0.009641345534490833,-4.414848155955821e-21
341.48296593186376,14170176.728777979,36.71731079237969,1114167.778147352,30695155.093682196,1.0595726176863261e-05,22135948.46116409,-5.638343052127279e-13,22437287.84175818,5906197.30735244,133565.95554083915,0.0011384040730077665,0.009645400114901791,-2.0605152989183295e-21
341.6833667334669,14469327.125311898,37.60271779709265,1132544.6961703293,30691068.06709167,9.079410501964942e-06,21980424.40786129,5.899609815607125e-14,22277915.54466359,5908821.133732318,124601.21347688712,0.0011302716570675826,0.00964958224695679,3.7035323179723285e-21
341.88376753507015,14774791.992471926,38.50901299329513,1151244.4219171016,30687079.649913277,7.79913602693562e-06,21826400.019736778,8.01985266605406e-13,22120076.976882804,5911524.015068879,116144.40685854178,0.0011222196442399392,0.009653892798334781,9.660352676807954e-21
342.0841683366734,15086704.538680926,39.43668026313551,1170272.786226934,30683187.303983685,6.704555194168804e-06,21673862.00656988,1.3605960502404026e-12,21963758.534719992,5914306.542099482,108174.3780608008,0.0011142472368991874,0.00965833269061687,1.2421267594019145e-20
342.28456913827654,15405200.768608335,40.38621446643674,1189635.727146527,30679388.55583609,5.744713867642026e-06,21522797.201702114,1.3537047360328402e-12,21808946.73971228,5917169.338007819,100670.2949005118,0.0011063536453602258,0.009662902898369411,7.887468897080074e-21
342.48496993987976,15730419.76730992,41.35812266808545,1209339.2987882206,30675681.007152855,4.969935155169345e-06,21373192.562065262,1.889272088129391e-12,21655628.238568854,5920113.06211131,93611.4783968336,0.0010985380870992668,0.009667604455222934,9.735164170485825e-21
342.685370741483,16062503.264635336,42.35292223013448,1229389.6582880674,30672062.306308158,4.310240748678366e-06,21225035.166013703,2.2386962862000663e-12,21503789.80116728,5923138.401886612,86977.9085321499,0.0010907997890146227,0.009672438440655226,1.0231888753130516e-20
342.88577154308615,16401596.044171257,43.3711425828587,1249793.078461575,30668530.165567677,3.7333239647650567e-06,21078312.213733204,2.250650983854904e-12,21353418.32082946,5926246.078679213,80749.93444552513,0.0010831379861203246,0.009677405989416214,8.721574151089773e-21
343.0861723446894,16747845.940585641,44.413325202947036,1270555.9479185613,30665082.355821565,3.210406529918763e-06,20933011.026397754,1.8107440723657722e-12,21204500.81349237,5929436.846698186,74908.3557917963,0.0010755519218895702,0.009682508289841393,4.8413740789905374e-21
343.2865731462926,17101404.190527596,45.48002513295469,1291684.78180139,30661716.718696818,2.783427081138996e-06,20789119.046435244,1.437811582705189e-12,21057024.417880278,5932711.4973713225,69434.03738355747,0.0010680408463892926,0.009687746591026083,1.6030505402192606e-21
343.48697394789576,17462424.827190604,46.571808330775845,1313186.2039104705,30658431.133238755,2.4105366077013356e-06,20646623.83476643,9.582837837537814e-13,20910976.392925374,5936070.84953624,64308.90793368944,0.0010606040210408925,0.009693122186594379,-1.400355812945862e-21
343.687374749499,17831065.231829118,47.68925406385854,1335066.9634447729,30655223.537553694,2.0797928671618824e-06,20505513.071705464,5.056536911122497e-13,20766344.118517123,5939515.756766784,59515.284346064174,0.0010532407153647947,0.009698636426783293,-2.8416597966593095e-21
343.8877755511022,18207486.11996119,48.832954838818324,1357333.9348535272,30652091.923104845,1.7824605638518175e-06,20365774.556077555,1.9709688404826372e-13,20623115.09463539,5943047.106231393,55035.988369527564,0.0010459502075037728,0.009704290716526821,-1.7907186953139668e-21
344.08817635270543,18591851.87649741,50.00351785409559,1379994.1282332686,30649034.343494136,1.5274585070147864e-06,20227396.205466986,-2.8273779163169007e-13,20481276.94153093,5946665.822313946,50853.848500255306,0.0010387317817413802,0.00971008652137964,-2.3948060708906817e-21
344.2885771543086,18984329.946652845,51.2015623287485,1403054.671028828,30646048.887198772,1.3044473369832159e-06,20090366.053366516,-6.480955173433061e-13,20340817.397005934,5950372.857958943,46953.03111498921,0.0010315847350383274,0.00971602535328288,-2.3741307841042616e-21
344.4889779559118,19385091.412533104,52.42772200967357,1426522.8257685911,30643133.69557064,1.111410429042224e-06,19954672.25021787,-7.990815515782255e-13,20201724.317336127,5954169.201431509,43318.07459849226,0.0010245083722448273,0.00972210878164264,-1.841037097014717e-21
344.68937875751504,19794310.99641768,53.68264517544002,1450405.9903863294,30640286.958279785,9.463680936780646e-07,19820303.062574197,-6.954048524308125e-13,20063985.67643943,5958055.875499412,39934.02264865084,0.0010175020067230457,0.009728338431960103,-9.689231823249125e-22
344.8897795591182,20212167.35282612,54.966995902512416,1474711.7073416985,30637506.918301675,8.044561830868982e-07,19687246.873217847,-6.008343919419428e-13,19927589.565947838,5962033.940094408,36785.97276097443,0.0010105649580671294,0.009734715990165023,3.118042330892165e-22
345.09018036072143,20638842.51385496,56.281451627297024,1499447.6468880724,30634791.85255795,6.846829757806804e-07,19555492.178458516,-4.1930794295998913e-13,19792524.192591097,5966104.485447697,33860.401739356166,0.001003696558687857,0.009741243191360922,1.3813544832276335e-21
345.29058116232466,21074522.44864515,57.62670558216131,1524621.6243574377,30632140.084592443,5.839513357996211e-07,19425027.589141466,-2.26248960687517e-13,19658777.87911753,5970268.6377596045,31144.152987036472,0.000996896148733178,0.009747921829081432,1.6250660032839982e-21
345.4909819639279,21519397.100602757,59.00346694715054,1550241.6015884788,30629549.98169393,4.998558865329672e-07,19295841.82990992,-6.21130056063156e-14,19526339.063552633,5974527.558901889,28624.52754443327,0.0009901630765240248,0.009754753754779024,9.046092731451927e-22
345.69138276553105,21973660.641975682,60.412461952908785,1576315.6950739226,30627019.95776678,4.3361925334369095e-07,19167923.739185028,2.068863971414944e-13,19395196.2991439,5978882.448479372,26288.92617272535,0.000983496696759215,0.009761740881172183,8.508598782210666e-22
345.89178356713427,22437510.947869305,61.85443156592895,1602852.1595536126,30624548.458129812,3.7909700058453444e-07,19041262.266601216,4.1943874566305677e-13,19265338.251861423,5983334.537859177,24126.06679210364,0.0009768963765033549,0.009768885172469002,6.241810120226665e-22
346.0921843687375,22911150.161504272,63.330133951784646,1629859.4059350207,30622133.969579924,3.312588486839063e-07,18915846.473998893,5.006524905612224e-13,19136753.7013155,5987885.095429425,22124.99953859457,0.0009703614902939294,0.009776188652937822,4.093926083765944e-22
346.29258517034066,23394784.76962103,64.84034479338047,1657346.0033405665,30619775.01877166,2.8829097609804723e-07,18791665.534817096,4.451742169474928e-13,19009431.54013206,5992535.426700316,20275.215830825968,0.000963891420600734,0.00978365340708024,2.4856444746346652e-22
346.4929859719439,23888625.816255532,66.38585821504684,1685320.6854779287,30617470.173778463,2.5631976539636844e-07,18668708.733936943,4.071407358257833e-13,18883360.773760803,5997286.875821613,18566.484939480633,0.0009574855569356589,0.009791281582120184,-2.2185892394897557e-22
346.6933867735471,24392888.388623696,67.96748452051952,1713792.3366985444,30615218.030712564,2.2796503010091095e-07,18546965.4651703,3.1431064092643465e-13,18758530.518050604,6002140.820260782,16989.572136801562,0.0009511432996111051,0.0097990753791566,-5.580261752724826e-22
346.8937875751503,24907792.207790144,69.5860527667654,1742770.0088851172,30613017.2230226,2.0061453527227846e-07,18426425.232322548,2.0439044814948416e-13,18634930.000213753,6007098.675861812,15535.618794687338,0.0009448640564427676,0.009807037061522353,-5.357608994581387e-22
347.0941883767535,25433561.744064283,71.2424112573254,1772262.9253526605,30610866.420552686,1.7389180249634056e-07,18307077.648710743,8.464012228230598e-14,18512548.55832944,6012161.897323152,14196.134222512774,0.0009386472427819502,0.009815168955507146,-2.227003776350386e-22
347.2945891783567,25970426.372275203,72.93742821028636,1802280.4857052395,30608764.32969484,1.5067453292750212e-07,18188912.436814822,-8.7941976906354e-14,18391375.640971214,6017331.979115903,12962.918647545694,0.0009324922811257158,0.0098234734518347,-1.263183727310101e-22
347.49498997995994,26518619.88986068,74.67198963763767,1832832.2518896323,30606709.682250075,1.2897881376868048e-07,18071919.4258935,-2.2793530457545535e-13,18271400.804890644,6022610.450841549,11828.624136756991,0.0009263986037064827,0.009831952998082809,-1.7573169849857797e-23
347.6953907815631,27078381.123977743,76.44700199068116,1863927.966385557,30604701.243587635,1.0945471219375233e-07,17956088.55307867,-2.8206984280272743e-13,18152613.716023125,6027998.882093137,10786.225206156136,0.000920365649989412,0.009840610106583013,-1.8058704041916485e-23
347.89579158316633,27649954.093215555,78.263392855806,1895577.557293181,30602737.81214927,9.174807102187055e-08,17841409.86304741,-2.672634312188269e-13,18035004.1491352,6033498.883328283,9829.020613439083,0.0009143928665682571,0.009849447355790105,-7.502830495428931e-23
348.09619238476955,28233588.084688272,80.12211128031936,1927791.1408806671,30600818.21825512,7.464050775546649e-08,17727873.507423423,-2.652536602142818e-13,17918561.987213466,6039112.106110275,8950.63026254598,0.0009084797071249723,0.00985846739065817,1.8056276989539634e-23
348.2965931863728,28829537.23570272,82.02412593091996,1960579.0094189567,30598941.31586801,5.99134677588807e-08,17615469.74259548,-2.2592359107396915e-13,17803277.219341774,6044840.239256912,8145.293758860281,0.0009026256339859647,0.009867672916428621,6.596512808978127e-23
348.49699398797594,29438061.138368014,83.97042772727815,1993951.6493951078,30597105.98889706,4.85229407317509e-08,17504188.93080442,-1.6563182432923525e-13,17689139.941699866,6050685.01343896,7407.546123476757,0.0008968301163816351,0.009877066706020989,2.081758536514624e-23
348.69739478957916,30059425.058960337,85.96203078919365,2027919.7481661246,30595311.15119871,3.983000964450536e-08,17394021.53999808,-8.380151771108776e-14,17576140.357383884,6056648.202440951,6732.2180044093075,0.0008910926304626531,0.009886651602107003,-7.009547008197404e-23
348.8977955911824,30693899.918043464,87.99997233865986,2062494.1936777881,30593555.74436,3.240096873146546e-08,17284958.142923363,2.269886474670709e-14,17464268.7755005,6062731.622668166,6114.452945595405,0.0008854126593505104,0.009896430516280507,-1.098982676346871e-22
349.09819639278555,31341761.9592713,90.0853112412378,2097686.065075757,30591838.732014593,2.6962331469482976e-08,17176989.415224846,1.1141293391058705e-13,17353515.609314088,6068937.130262112,5549.8100779635915,0.000879789693594864,0.009906406424311995,-1.1939059784050776e-22
349.2985971943888,32003293.33965647,92.21913057491975,2133506.650274515,30590159.104421504,2.2977606443588484e-08,17070106.13648394,1.4608509566859843e-13,17243871.37719687,6075266.625294556,5034.113970797308,0.0008742232304268239,0.009916582372992179,-4.4167504691358194e-23
349.498997995992,32678782.420356132,94.40253888778176,2169967.454576927,30588515.879045352,2.0540469495734286e-08,16964299.190293334,1.5273944707469535e-13,17135326.702660847,6081722.053467603,4563.469597445694,0.0008687127738431054,0.009926961482898813,5.117072142446069e-23
349.6993987975952,33368523.626802314,96.6366695772582,2207080.1970210616,30586908.097491473,1.9617246283389724e-08,16859559.562972806,1.6521306101827972e-13,17027872.313092276,6088305.404841311,4134.2514584125265,0.0008632578344897307,0.00993754694628595,8.937185967040756e-23
349.8997995991984,34072817.22584264,98.92267990725358,2244856.8043462494,30585334.821682934,1.9050789678760256e-08,16755878.342022384,1.52472187229515e-13,16921499.038235467,6095018.711972266,3743.0946849854954,0.0008578579295439888,0.009948342024007217,1.221426578874627e-22
350.1002004008016,34791969.8945328,101.26175347998118,2283309.4276698604,30583795.13726903,1.7840443359229484e-08,16653246.717080345,1.1970362512583516e-13,16816197.811067484,6101864.053671096,3386.8672502269724,0.0008525125826130005,0.009959350051653645,1.354329799566377e-22
350.30060120240483,35526295.096638165,103.65510186488599,2322450.4535390306,30582288.15473312,1.6694955132866677e-08,16551655.980258377,6.778151811541228e-14,16711959.668080965,6108843.557254039,3062.6994054654133,0.0008472213238762642,0.00997057444314846,1.384278146161085e-22
350.501002004008,36276112.79394872,106.10396333222363,2362292.496115773,30580813.005506516,1.6030368513827937e-08,16451097.524400782,4.4563872587525e-15,16608775.747580172,6115959.396353861,2767.924296885951,0.0008419836897209485,0.009982018687205663,1.333293839131813e-22
350.7014028056112,37041749.36003661,108.60960246820824,2402848.3951155227,30579368.839660212,1.496187863478334e-08,16351562.841976995,-4.9606840305290726e-14,16506637.288582835,6123213.790097292,2500.040006439275,0.0008367992225051408,0.00999368634599292,9.990003092685327e-23
350.90180360721445,37823538.11679771,111.17331250217431,2444131.2314452385,30577954.82845052,1.3353472225337014e-08,16253043.525922475,-7.063710762108859e-14,16405535.63158585,6130609.006486246,2256.7375014927693,0.0008316674707147419,0.010005581060575648,2.5414458685334254e-23
351.1022044088176,38621819.67299548,113.79641676789369,2486154.337210991,30576570.16488944,1.1343948039102702e-08,16155531.269845115,-6.890697271244155e-14,16305462.218726492,6138147.364372065,2035.924417940209,0.0008265879890912317,0.01001770655409026,-6.973930505723776e-23
351.30260521042084,39436941.741494626,116.48026790152069,2528931.2909162277,30575214.061056014,9.200356803598311e-09,16059017.866628734,-5.236661111252882e-14,16206408.592405662,6145831.23204209,1835.662435562218,0.0008215603382512531,0.01003006662945498,-1.6323639411388329e-22
351.50300601202406,40269259.1520192,119.22624788897687,2572475.9182149707,30573885.746693164,7.275438954642854e-09,15963495.207639998,-1.3117593667471453e-14,16108366.394489726,6153663.027087134,1654.1346077886221,0.0008165840844827614,0.010042665169146243,-2.4217073067383366e-22
351.7034068136272,41119134.361143805,122.03577026959954,2616802.3062798837,30572584.470912904,5.66847379410277e-09,15868955.283466188,4.063244915451905e-14,16011327.366979651,6161645.2194371335,1489.698108731139,0.0008116588000346405,0.010055506140127035,-2.8501163342741634e-22
351.90380761523045,41986937.51766837,124.91028041175514,2661924.806003392,30571309.50112437,4.159228061917886e-09,15775390.183284136,9.3105992621109e-14,15915283.351368157,6169780.331565131,1340.860471623235,0.0008067840629644436,0.010068593594169884,-2.6955287491749923e-22
352.10420841683367,42873046.38127552,127.85125515908788,2707858.031079149,30570060.12132676,3.213607355349756e-09,15682792.093783757,1.208055241672543e-13,15820226.287571033,6178070.93791294,1206.2144128735913,0.0008019594567625493,0.010081931666836614,-1.5268734307914274e-22
352.3046092184369,43777846.737362735,130.8602046154474,2754616.869829998,30568835.63279264,2.9052035201080594e-09,15591153.299597675,1.0961886195219679e-13,15726148.21430163,6186519.66723455,1084.4836788094133,0.0007971845706011292,0.010095524581297607,7.058736789663225e-23
352.50501002004006,44701732.61570446,133.9386730848599,2802216.493338874,30567635.35356739,2.8518128739099815e-09,15500466.183121702,9.398385095819465e-14,15633041.268864162,6195129.203876368,974.5164425986409,0.0007924589993072514,0.010109376650301588,2.8521635032476217e-22
352.7054108216433,45645106.10662455,137.0882382739301,2850672.347206205,30566458.61710287,2.98413344347106e-09,15410723.223175066,5.224538118717914e-14,15540897.685823902,6203902.2862843145,875.2270938456838,0.0007877823429587461,0.010123492273932541,4.823359566764905e-22
352.9058116232465,46608377.79256032,140.31051314977563,2900000.166695998,30565304.772470344,2.9838159389468777e-09,15321916.995447885,-1.1393871221080925e-14,15449709.797405288,6212841.709629658,785.6250102543264,0.0007831542070825534,0.01013787594370688,5.890890545022936e-22
353.1062124248497,47591967.08882734,143.60714740056338,2950215.984736181,30564173.18463961,3.0842095007202554e-09,15234040.172688762,-7.150448305549215e-14,15359470.033642117,6221950.327477653,704.8308358876452,0.0007785742027506748,0.010152532245340547,5.857728021346987e-22
353.3066132264529,48596302.00529006,146.97982641218928,3001336.127869188,30563063.232465535,2.9793290875021132e-09,15147085.523200238,-1.02478302735097e-13,15270170.920882745,6231231.050522419,632.0099898211213,0.0007740419461455712,0.010167465856613433,3.791968041406168e-22
353.5070140280561,49621819.648299515,150.43027342172766,3053377.2296107025,30561974.309514996,2.6293895060147868e-09,15061045.911498468,-9.562549891403416e-14,15181805.082390424,6240686.849373019,566.41312440201,0.0007695570587711175,0.010182681551881454,1.4215067674951424e-23
353.70741482965934,50668966.38032083,153.96025020185826,3106356.2358309906,30560905.823581986,2.1779723485695045e-09,14975914.297972362,-8.201186012951147e-14,15094365.23797426,6250320.755484551,507.36725900195506,0.0007651191673611749,0.010198184203539584,-2.600324898690875e-22
353.9078156312625,51738197.82238671,157.5715570717456,3160290.4046125924,30559857.19555948,1.75354755185932e-09,14891683.738076823,-5.731677325259993e-14,15007844.203188978,6260135.860765876,454.2409091157178,0.0007607279037487383,0.01021397878144421,-2.756271011559714e-22
354.10821643286573,52829979.29675929,161.26603478945972,3215197.3189711324,30558827.859946184,1.2707414106926426e-09,14808347.382809715,-2.003642546431741e-14,14922234.889752012,6270135.320018823,406.47392270169604,0.0007563829050761845,0.01023007035702968,-2.2491312874403663e-22
354.30861723446895,53944785.836663015,165.0455646001876,3271094.888145402,30557817.263891876,8.428541483859185e-10,14725898.477943785,1.3857807804032593e-14,14837530.30476505,6280322.351136086,363.5496230727867,0.0007520838135049367,0.010246464103363353,-1.2535446324386494e-22
354.5090180360721,55083102.438950494,168.91206931614644,3328001.354846222,30556824.866971172,6.113171089814767e-10,14644330.36394695,2.479276254000378e-14,14753723.550604058,6290700.236334076,324.99587474588145,0.0007478302762497507,0.01026316529718936,5.561658419747672e-24
354.70941883767534,56245424.414219506,172.86751480807953,3385935.3052278035,30555850.14111312,4.508183974983011e-10,14563636.476165479,3.3483987465873225e-14,14670807.825069455,6301272.323854283,290.393494098474,0.000743621945612687,0.010280179321524769,1.679679685421574e-22
354.90981963927857,57432257.328127384,176.91390976833932,3444915.667943901,30554892.56974161,3.859675946323592e-10,14483810.34389151,2.97910146166689e-14,14588776.420436231,6312042.027819144,259.34977130799166,0.0007394584788547115,0.010297511665727052,2.1227186505183837e-22
355.1102204408818,58644117.45488159,181.05330763849494,3504961.7272346187,30553951.647880122,3.9631167078143405e-10,14404845.590825401,1.5888084840700474e-14,14507622.72387431,6323012.830609912,231.51435791513353,0.0007353395382378892,0.01031516792900848,1.332755014799781e-22
355.31062124248496,59881531.953938864,185.28780736742502,3566093.128336194,30553026.881739665,4.729661095396711e-10,14326735.934784876,-3.265677567027405e-15,14427340.21713058,6334188.283821909,206.57257052900093,0.0007312647909816068,0.010333153822000448,6.015310740911756e-23
355.5110220440882,61145038.923092045,189.61955364779695,3628329.879156305,30552117.78806853,4.881314274608454e-10,14249475.18707796,-1.233546288723893e-14,14347922.475888819,6345572.008353471,184.22915895516098,0.0007272339091757898,0.010351475167035948,-3.9703888980301235e-24
355.7114228456914,62435187.91021082,194.0507390856433,3691692.36524855,30551223.89440184,4.677299193524223e-10,14173057.253122192,-1.4934090530155885e-14,14269363.170327332,6357167.697388336,164.2264267547621,0.0007232465699008386,0.010370137902985311,-5.400011092500071e-23
355.91182364729457,63752539.931195736,198.58360429132986,3756201.3506565657,30550344.738322113,3.999583318602102e-10,14097476.131723272,-8.270213005599764e-15,14191656.064391982,6368979.116320692,146.32673663859026,0.0007193024550811742,0.010389148084983486,-2.3951488650459874e-23
356.1122244488978,65097667.819960386,203.2204393636131,3821877.987807227,30549479.86738614,2.8975879800400116e-10,14022725.915251603,5.421466553830106e-15,14114795.015928792,6381010.104599437,130.31729642709436,0.0007154012515346841,0.010408511887553495,7.32779719607068e-23
356.312625250501,66471156.44832692,207.96358483073396,3888743.824160825,30548628.838796794,1.811086041101463e-10,13948800.789469505,1.669189094767756e-14,14038773.976481522,6393264.576911416,116.00709511284116,0.0007115426509470048,0.010428235606502452,1.6195480566881482e-22
356.51302605210424,67873602.95410268,212.8154326239916,3956820.8092141766,30547791.219061278,1.1634843878154562e-10,13875695.033375047,1.8648065521509384e-14,13963586.99110782,6405746.524359833,103.22261968763605,0.0007077263498182487,0.010448325660688217,2.0007420734681225e-22
356.7134268537074,69305617.04131217,217.77842735086443,4026131.303133884,30546966.58378534,7.109049190341112e-11,13803403.01923811,1.5900585328092636e-14,13889228.198380372,6418460.015956317,91.80742582269808,0.0007039520494471394,0.010468788594387256,1.6436021669632428e-22
356.9138276553106,70767821.1716838,222.85506711897276,4096698.082413158,30546154.517326634,7.341090221741548e-11,13731919.212357873,4.2118170795712695e-15,13815691.830113655,6431409.19974936,81.6197794170771,0.0007002194559423523,0.010489631079249571,-8.416724678646376e-24
357.11422845691385,72260850.93762824,228.04790510772412,4168544.350704353,30545354.612646494,1.005249451194363e-10,13661238.171279248,-9.09288619033909e-15,13742972.211542984,6444598.3047400825,72.53295290724151,0.0006965282802004865,0.010510859917072495,-1.7691666434485334e-22
357.314629258517,73785355.19033071,233.35955013160185,4241693.742841661,30544566.47088717,1.1437616464733099e-10,13591354.547388649,-1.4444763824380018e-14,13671063.760895427,6458031.64151526,64.43005397486695,0.0006928782378691331,0.010532482041082331,-2.5543723914351e-22
357.51503006012024,75341996.50128938,238.792668574654,4316170.33760595,30543789.701357715,1.3489101853116921e-10,13522263.08536109,-1.723729526427429e-14,13599960.98978366,6471713.604890926,57.20952150298426,0.0006892690494800999,0.010554504520280105,-2.5691032666746197e-22
357.71543086172346,76931451.24476294,244.34998476793558,4391998.660971264,30543023.921027604,1.2589585287913713e-10,13453958.622634536,-1.0473766221514411e-14,13529658.502668953,6485648.674113153,50.77640037312033,0.0006857004402684072,0.01057693455944873,-5.026921767524211e-23
357.9158316633267,78554410.08600955,250.03428302895162,4469203.6994924545,30542268.754543826,9.847495950658244e-11,13386436.089922067,1.0410864537141997e-15,13460150.997314632,6499841.415446961,45.048296379557385,0.0006821721402653536,0.010599779503881692,2.095585039454949e-22
358.11623246492985,80211578.11270866,255.84840824376687,4547810.904634732,30541523.83380393,6.612872498771416e-11,13319690.510817342,1.0094153504220972e-14,13391433.264372673,6514296.482969287,39.949885324125205,0.000678683884271632,0.010623046840272056,3.669148584066988e-22
358.3166332665331,81903675.24775049,261.79526759293356,4627846.204506835,30540788.79784575,3.326059341619997e-11,13253717.002105404,1.4705825632225648e-14,13323500.187650457,6529018.620482926,35.41409864438891,0.0006752354117657377,0.010646744199790557,3.6581156533075874e-22
358.5170340681363,83631436.51268715,267.87783167292656,4709336.011535094,30540063.292586952,8.119965513445123e-12,13188510.77370401,1.3787078491477637e-14,13256346.744017843,6544012.662947715,31.38092440058514,0.0006718264669190112,0.010670879360474525,1.598814968782299e-22
358.71743486973946,85395612.32645287,274.0991357578658,4792307.231081951,30539346.970588006,3.959717989320175e-12,13124067.12868921,4.9799575641858705e-15,13189968.003396368,6559283.538190967,27.796298288864712,0.0006684567986802503,0.010695460249798429,-2.547499775865546e-22
358.9178356713427,87196968.8934591,280.46228142201744,4876787.27254839,30538639.490897644,8.004819319744854e-12,13060381.463540114,-4.791000260875251e-15,13124359.128963327,6574836.268860788,24.611953892523474,0.0006651261607644148,0.010720494947448292,-5.561438023021204e-22
359.1182364729459,89036288.42019895,286.97043747365353,4962804.055752915,30537940.518758636,1.7705003709230587e-11,12997449.267967416,-1.0413115962020938e-14,13059515.376947794,6590675.973528084,21.78409946739618,0.0006618343115977275,0.010745991687715716,-5.288211212109109e-22
359.3186372745491,90914369.60178392,293.62684196692277,5050386.024446844,30537249.72552338,3.2313314877898574e-11,12935266.125394132,-1.384515483929167e-14,12995432.09705841,6606807.869590868,19.274344619971163,0.0006585810146022255,0.010771958863966721,-3.030808916148232e-22
359.5190380761523,92832027.77725223,300.4348028949963,5139562.151354403,30536566.78831296,3.485034809230096e-11,12873827.712636858,-8.682757474525138e-15,12932104.732144639,6623237.273652655,17.047141729552756,0.0006553660378689272,0.010798405029011872,2.8563373484753394e-22
359.7194388777555,94790095.4939624,307.397700505064,5230361.953494913,30535891.38998817,3.4265598715049075e-11,12813129.800571669,-6.782517745916801e-16,12869528.818798173,6639969.604440124,15.072055364540056,0.0006521891540690815,0.01082533890121882,8.070733980048692e-22
359.9198396793587,96789422.6311922,314.518987871322,5322815.496470561,30535223.218790572,2.6813168595746556e-11,12753168.253741972,5.802229535165946e-15,12807699.986943835,6657010.383802544,13.320712513317295,0.0006490501407949863,0.010852769364598424,8.1025588244646495e-22
360.1202404809619,98830876.99310298,321.8021933144795,5416953.4106368,30534561.968315784,1.3670220690074474e-11,12693939.031086484,1.1482353374462589e-14,12746613.96050694,6674365.23901038,11.768685955916894,0.0006459487800292549,0.010880705473075212,5.064496316793278e-22
360.32064128256513,100915344.47909841,329.2509211649397,5512806.896428225,30533907.337204557,3.3944075951225765e-12,12635438.185664056,1.1022127436618872e-14,12686266.557110181,6692039.904229402,10.393716604686583,0.0006428848584709553,0.010909156453163928,-2.3668036699963863e-22
360.52104208416836,103043729.60452665,336.86885389163655,5610407.738777155,30533259.02904958,-2.461401839436701e-12,12577661.865202991,4.963104187742136e-15,12626653.688572146,6710040.22315992,9.17614720239185,0.0006398581678696976,0.010938131706746958,-1.114290889550227e-21
360.7214428857715,105216955.82313696,344.6597534616038,5709788.316359602,30532616.75218804,-4.58478303832767e-12,12520606.312187275,-2.043620882598345e-15,12567771.36095468,6728372.150602697,8.098445175074593,0.0006368685048531991,0.010967640814003985,-1.4148596683319653e-21
360.92184368737475,107435965.90688585,352.6274629182762,5810981.612297566,30531980.21952224,-9.09850504103539e-13,12464267.864073839,-7.681597849615368e-15,12509615.674735865,6747041.754570991,7.144883996102614,0.0006339156708751225,0.010997693537580337,-8.214275945584214e-22
361.12224448897797,109701722.43007843,360.77590836362543,5914021.227594124,30531349.148397706,4.806069062250298e-12,12408642.953752428,-1.0980791484264188e-14,12452182.825219685,6766055.219142336,6.30158926896074,0.0006309994726579648,0.01102829982654539,1.5635563725220911e-22
361.32264529058114,112015208.03953734,369.1091001175102,6018941.389045672,30530723.26036929,8.165020391046989e-12,12353728.109513035,-7.403584405518196e-15,12395469.102469262,6785418.845226223,5.5559362162267885,0.0006281197215654516,0.011059469817929164,1.4698108223094014e-21
361.52304609218436,114377426.06352392,377.6311351693431,6125776.965754718,30530102.28113338,1.1419469216817008e-11,12299519.955790786,-1.896978734874757e-15,12339470.891985431,6805139.053634374,4.8970366521706,0.0006252762327423017,0.01109121384443029,2.2354892799631526e-21
361.7234468937876,116789400.70364599,386.34619804682046,6234563.475146433,30529485.940264415,1.0094565688826696e-11,12246015.212953491,3.3402804836287292e-15,12284184.674472831,6825222.386656451,4.3147751345935985,0.0006224688266987066,0.011123542433305468,1.3246001107851197e-21
361.9238476953908,119252177.70947474,395.2585635057488,6345337.10080118,30528873.971164405,6.678179543028872e-12,12193210.698198214,7.272281808201498e-15,12229607.02666264,6845675.510074644,3.8005153098796094,0.0006196973279041942,0.011156466311569727,1.402499574527699e-22
362.12424849699397,121766824.6478522,404.3725976966019,6458134.70079447,30528266.110840544,3.824971393940144e-12,12141103.325513482,6.608631530042317e-15,12175734.62124561,6866505.215722528,3.3464257535395827,0.0006169615658213436,0.011189996409333913,-4.286472549451191e-22
362.3246492985972,124334431.47952801,413.692760478678,6572993.823870381,30527662.0998023,1.0251316991911808e-12,12089690.106337564,3.956683663437111e-15,12122564.227479225,6887718.425120583,2.9456486282178287,0.0006142613778602158,0.011224143860743819,-7.150235871373809e-22
362.5250501002004,126956110.93270804,423.2236069785296,6689952.719256626,30527061.68188835,3.219442952378239e-13,12038968.149773862,1.0321016880280028e-15,12070092.711349241,6909322.1901041325,2.5920761001973265,0.0006115966048764698,0.01125892001133094,-1.8136419657279298e-22
362.7254509018036,129632999.03031634,432.9697897139113,6809050.351335122,30526464.604143407,6.631599879318227e-13,11988934.663137238,-1.4687695740076809e-15,12018317.036063815,6931323.696329938,2.280267682348173,0.0006089670906138211,0.011294336423763502,2.9937627211789737e-22
362.9258517034068,132366255.53668036,442.93606042391644,6930326.412083581,30525870.61666527,1.6135932578770993e-12,11939586.952324275,-1.8062097711544173e-15,11967234.26237671,6953730.265050847,2.0053935792560353,0.0006063726852063749,0.011330404878119064,4.444269722644186e-22
363.12625250501003,135157064.46497735,453.12727211782357,7053821.334745256,30525279.472475108,2.395193417957214e-12,11890922.422320658,-1.2012783151954132e-15,11916841.54903706,6976549.355507547,1.7631450620739837,0.0006038132429246915,0.0113671373791803,3.229299895123351e-22
363.32665330661325,138006634.59391886,463.5483811563566,7179576.308233531,30524690.927385073,2.6035997553903788e-12,11842938.57772326,3.7578068618662887e-16,11867136.153262217,6999788.567881461,1.5497233493916907,0.0006012886238702933,0.011404546156655648,-6.611237633150131e-23
363.5270541082164,140916199.93547103,474.2044491580756,7307633.289868023,30524104.739856098,2.2989612160267674e-12,11795633.023159463,1.191586685880578e-15,11818115.43110345,7023455.645325663,1.3617303637509743,0.0005987986933749373,0.011442643671166156,-1.8845665619717162e-22
363.72745490981964,143887020.33767018,485.1006453837306,7438035.021948823,30523520.670889236,1.4307687344109894e-12,11749003.463999117,1.5708285002902393e-15,11769776.838099647,7047558.477550405,1.1962032355936465,0.0005963433211508631,0.011481442617886715,-2.7066477965901477e-22
363.92785571142286,146920381.91636592,496.2422485162413,7570825.043565698,30522938.48387299,8.040688270669277e-13,11703047.706694074,1.1009888018795147e-15,11722117.929567656,7072105.102526178,1.050491446658788,0.0005939223825289404,0.011520955930306732,-9.47266012124537e-23
364.12825651302603,150017597.70954046,507.6346492193363,7706047.708305665,30522357.94448563,2.5821385735820727e-13,11657763.659601752,1.361231540092088e-16,11675136.36136093,7097103.710114445,0.9222742847472672,0.0005915357572249346,0.011561196787655053,1.1921591701481614e-22
364.32865731462925,153180008.12887794,519.2833519901734,7843748.196741844,30521778.8205479,1.6265312729520992e-13,11613149.333368123,-4.420687497659486e-16,11628829.890203845,7122562.644178955,0.8094879196245839,0.0005891833302571208,0.011602178616169792,1.472606577579967e-22
364.5290581162325,156408981.61651257,531.1939777185468,7983972.533961704,30521200.881921377,3.0316308799183274e-13,11569202.841755414,-8.01054221504704e-16,11583196.374452086,7148490.405684241,0.7103111454356925,0.0005868649920593927,0.011643915096379383,1.262264327608603e-22
364.7294589178357,159705915.15018904,543.3722657258016,8126767.603490935,30520623.900374822,4.994613619683803e-13,11525922.402141478,-5.649874113208926e-16,11538233.774539962,7174895.655459061,0.6231258325178831,0.0005845806380121592,0.011686420165732203,-8.473099711784714e-24
364.92985971943887,163072234.8836229,555.8240762639623,8272181.164379613,30520047.649476554,6.534502587919626e-13,11483306.336311348,-1.8053970699467895e-16,11493940.153706385,7201787.217154354,0.546504013896089,0.0005823301689152567,0.011729708023507748,-8.276854743953755e-23
365.1302605210421,166509396.72997868,568.5553928176021,8420261.867031615,30519471.904476136,6.378215599691071e-13,11441353.071125321,2.4503214456089327e-16,11450313.678603675,7229174.080352181,0.47918397507840843,0.0005801134906210668,0.011773793136101138,-8.951452934131768e-23
365.3306613226453,170018886.9558913,581.572324446105,8571059.269199278,30518896.44218797,5.349597331379025e-13,11400061.139210492,4.025495163731766e-16,11407352.619928064,7257065.403428071,0.4200480167764973,0.0005779305142157191,0.011818690241045041,-4.174328131219447e-23
365.5310621242485,173602222.87441704,594.8811084443576,8724623.854444804,30518321.04089027,3.186676187394383e-13,11359429.179862339,3.430863259902567e-16,11365055.35325285,7285470.517024063,0.3681201453212121,0.0005757811561402823,0.011864414353818777,3.971587936143387e-23
365.7314629258517,177260953.37594143,608.4881124777562,8881007.046612555,30517745.480198555,1.801957578653838e-13,11319455.939601589,1.618643193047078e-16,11323420.359529389,7314398.926687202,0.3225298997737138,0.0005736653380843489,0.011910980770975767,4.887248902016847e-23
365.9318637274549,180996659.71165767,622.3998375312678,9040261.230449524,30517169.540976062,7.786653818779895e-14,11280140.273267398,-1.1320615386397595e-16,11282446.226104101,7343860.316622893,0.2825192338689519,0.0005715829872395423,0.011958405077301094,4.3778667538353854e-23
366.13226452905815,184810956.02688816,636.622920054389,9202439.766161464,30516593.005208872,6.828492725664166e-14,11241481.144580008,-2.0427502316716417e-16,11242131.6472253,7373864.552456516,0.24741324535250958,0.0005695340361493856,0.012006703149567468,2.5262206544866043e-24
366.3326653306613,188705490.16143468,651.1641349547388,9367597.01038061,30516015.65591551,1.1174925886046845e-13,11203477.627268648,-2.091170900047845e-16,11202475.425092757,7404421.685016611,0.21662168325890147,0.0005675184227973976,0.01205589116245851,-3.4746128262080234e-23
366.53306613226454,192681944.23682684,666.0303979164767,9535788.33204521,30515437.277030364,1.489302761740175e-13,11166128.905748468,-9.600569105372911e-17,11163476.470474876,7435541.953334281,0.18961951896590376,0.0005655360906744737,0.012105985593803142,-3.023045965131148e-23
366.7334669338677,196742035.44394156,681.2287683462793,9707070.133037668,30514857.65331032,1.744949651504443e-13,11129434.276220981,3.272166178313756e-17,11125133.80373176,7467235.788452623,0.1659473801718236,0.0005635869887617521,0.012157003230155203,-1.6339460781606186e-23
366.9338677354709,200887516.71523845,696.7664519544055,9881499.866090612,30514276.57022772,1.5629801828520332e-13,11093393.147529824,1.1013279805052125e-16,11087446.555604184,7499513.816724239,0.14519882171466092,0.0005616710716471015,0.012208961172659995,1.145381574500054e-23
367.13426853707415,205120177.46480075,712.6508035506096,10059136.054294929,30513693.81387139,1.2422013374175442e-13,11058005.042160554,1.2041174449847648e-16,11050413.968140284,7532386.8634425495,0.12701643911028182,0.0005597882995405813,0.012261876842667243,1.7342152740575048e-23
367.3346693386774,209441844.38843933,728.8893300067396,10240038.312024705,30513109.17085155,7.25615928586945e-14,11023269.597364444,5.994052532821157e-17,11014035.395741632,7565865.956671214,0.1110879533888795,0.0005579386383274795,0.01231576798808589,1.4964089504930633e-23
367.5350701402806,213854382.12076584,745.4896928043128,10424267.362484582,30512522.4281929,4.251040350315427e-14,10989186.565984271,3.482695350575387e-18,10978310.305922927,7599962.330519109,0.09713581353354632,0.0005561220596143906,0.012370652688568634,3.0105151311281726e-24
367.73547094188376,218359694.16039664,762.4597113580742,10611885.061569622,30511933.3732495,2.509540414704261e-14,10955755.817839166,-5.948208460272079e-17,10943238.280608421,7634687.429519031,0.08491928992863484,0.0005543385407671664,0.012426549362414739,-1.226455738507685e-23
367.935871743487,222959723.50838238,779.8073655111489,10802954.414980603,30511341.79359676,2.5426322722140197e-14,10922977.340511512,-6.401457944993971e-17,10908819.016854541,7670052.911813412,0.07422399439382071,0.0005525880649755125,0.012483476771916168,-1.0399191435655335e-23
368.13627254509015,227656453.63302672,797.5407989600753,10997539.602985354,30510747.476947956,3.721416004839623e-14,10890851.240813388,-4.04497568574339e-17,10875052.328224463,7706070.653738541,0.06486378325661979,0.000550870621308998,0.012541454030441584,-5.6617427034051836e-24
368.3366733466934,232451909.15821066,815.6683218955408,11195705.9987137,30510150.21105043,4.328615819048619e-14,10859377.745677615,-4.949606195299641e-18,10841938.14561077,7742752.753196477,0.05667296898042014,0.0005491862047604884,0.012600500608097726,2.8093390492296995e-24
368.5370741482966,237348156.8232922,834.1984144014344,11397520.192781305,30509549.783600684,4.593559329546325e-14,10828557.20361295,2.8364398056193743e-17,10809476.518599425,7780111.534234095,0.049507585865959,0.0005475348163240208,0.012660636339075174,7.913676934474157e-24
368.7374749498998,242347306.2615089,853.1397293448871,11603050.013684044,30508945.982146583,3.8455046439289757e-14,10798390.08578212,3.509450527784775e-17,10777667.616471756,7818159.550796213,0.043240135731679896,0.000545916463032064,0.012721881427661853,5.17237381038464e-24
368.93787575150304,247451510.915731,872.5010956471239,11812364.551386299,30508338.593998924,2.880069274900715e-14,10768876.987364916,2.7753120444735096e-17,10746511.72948014,7856909.59110184,0.03775922865733344,0.0005443311580258,0.012784256455387059,1.4673415005174916e-24
369.1382765531062,252662968.9539648,892.2915215345917,12025534.180839524,30507727.406141207,1.7048191031238082e-14,10740018.628919352,4.314599738252493e-18,10716009.270121759,7896374.681994292,0.032967359401115615,0.0005427789206166796,0.01284778238789319,-3.884879456583542e-24
369.33867735470943,257983924.09827715,912.5201975790904,12242630.583590845,30507112.20513627,1.0334091084902651e-14,10711815.857565302,-9.907964020822155e-18,10686160.774241986,7936568.0929397065,0.028778339579850012,0.0005412597763421273,0.012912480581474449,-3.640966349308058e-24
369.5390781563126,263416666.6948376,933.1965003379945,12463726.775008481,30506492.77704323,7.47867585209523e-15,10684269.648663685,-1.9923834631912548e-17,10656966.90261334,7977503.341056434,0.025117591830603837,0.0005397737570485442,0.012978372791057761,-1.9237166319410238e-24
369.7394789579158,268963534.4891898,954.3299952594582,12688897.12449927,30505868.907321632,7.741702154683835e-15,10657381.106889695,-1.5868402955326968e-17,10628428.441932978,8019194.194869324,0.021918728214361277,0.0005383209009371523,0.013045481176333825,5.46713210138304e-25
369.93987975951904,274626913.7813204,975.9304405188318,12918217.384531453,30505240.38075129,1.0502729233754732e-14,10631151.468085922,-4.226309383110633e-18,10600546.306568671,8061654.67970793,0.019124428737367475,0.0005369012526549525,0.013113828310449775,2.938013239497679e-24
370.14028056112227,280409240.234987,998.0077900122614,13151764.711827856,30504606.98133805,1.1409301868548223e-14,10605582.100405732,4.5113818884095344e-18,10573321.539623592,8104899.0816012705,0.016683666766636285,0.0005355148633465356,0.013183437186253777,1.8296225154475978e-24
370.34068136272543,286313000.0403846,1020.5721971931434,13389617.696439717,30503968.49223294,1.1445066325600738e-14,10580674.506180866,1.0930881325504313e-17,10546755.31469645,8148941.952685781,0.01455233738723833,0.0005341617907416472,0.013254331225088392,4.0325570761069636e-25
370.54108216432866,292340730.817822,1043.634018291071,13631856.385122469,30503324.695641547,9.434984733537958e-15,10556430.323258229,8.883779601275375e-18,10520848.937131857,8193798.11551875,0.012691352952535592,0.0005328420992199631,0.013326534283658131,-1.1443010731709785e-24
370.7414829659319,298495022.7420784,1067.2038160461454,13878562.309597218,30502675.372741103,6.957750754049662e-15,10532851.326788306,4.299764774774172e-18,10495603.845704537,8239482.668311123,0.011066762183549109,0.0005315558598945992,0.013400070662494759,-1.5112806943061291e-24
370.94188376753505,304778519.59181875,1091.292363251703,14129818.513095621,30502020.303594287,4.4737741880273225e-15,10509939.430859484,-2.157955492146365e-18,10471021.614155374,8286010.989862267,0.00964879724801759,0.0005303031506902,0.013474965113878199,-6.753620363293246e-25
371.14228456913827,311193919.78443354,1115.9106462854966,14385709.576647159,30501359.26706346,3.047290863082551e-15,10487696.690103544,-4.971643156704852e-18,10447103.952699935,8333398.744417582,0.008411295413410019,0.0005290840564185477,0.013551242849665189,6.110843074694993e-26
371.3426853707415,317743977.61330587,1141.0698690427337,14646321.649838563,30500692.04072891,2.601341433305832e-15,10466125.301712,-5.194632196406923e-18,10423852.709931502,8381661.8873842815,0.007331622013640878,0.0005278986688737501,0.013628929550522544,9.848183505707928e-25
371.5430861723447,324431504.18728614,1166.7814562685912,14911742.474947654,30500018.400800828,2.6580337699659477e-15,10445227.60684767,-2.9782490930700222e-18,10401269.874143295,8430816.669791967,0.006389653217281689,0.0005267470868993733,0.013708051373083256,6.647816953014197e-25
371.7434869739479,331259368.8075054,1193.0570577566377,15182061.420778915,30499338.12203996,3.1990157268190786e-15,10425006.092943633,8.517733114999302e-19,10379357.575503169,8480879.644575117,0.0055680963675541996,0.0005256294164972379,0.01378863496012228,1.1161451696459141e-25
371.9438877755511,338230499.92084885,1219.908551714576,15457369.507126346,30498650.977670066,3.2244253003893856e-15,10405463.395143474,2.505804827544652e-18,10358118.0874033,8531867.671102071,0.004851550211073526,0.0005245457708956868,0.013870707447810613,-3.235589438282479e-25
372.1442885771543,345347886.5201147,1247.348048981955,15737759.439088656,30497956.739298213,3.0168197940771006e-15,10386602.298646351,3.1015445455517737e-18,10337553.82867943,8583797.921537634,0.004226773647037561,0.0005234962706613308,0.013954296475986202,-6.0046133719664505e-25
372.3446893787575,352614579.19526285,1275.3878965861663,16023325.633698333,30497255.176829107,2.4294471101259213e-15,10368425.740345508,1.734942244041708e-18,10317667.365151001,8636687.885782128,0.0036820192412392702,0.0005224810437762233,0.014039430196107185,-2.513825054028888e-25
372.5450901803607,360033691.50364155,1304.0406818835318,16314164.25356004,30496546.058384348,1.7712504627921728e-15,10350936.811111819,2.312058826628292e-20,10298461.411781406,8690555.377708564,0.0032071377315979538,0.0005215002257467864,0.014126137281288177,5.721094723051834e-26
372.74549098196394,367608401.1999391,1333.3192364231331,16610373.237366308,30495829.150219116,1.1298986529151662e-15,10334138.757792985,-1.826429173024116e-18,10279938.834564865,8745418.54082685,0.0027932467225069936,0.0005205539596985252,0.014214446935451817,4.72833402104069e-25
372.94589178356716,375341951.4597946,1363.2366398323209,16912052.33033351,30495104.21663949,6.611401994903708e-16,10318034.985201122,-3.0504851689651436e-18,10262102.65240213,8801295.853925118,0.0024325433893386582,0.000519642396470485,0.014304388902402492,7.454814053700867e-25
373.14629258517033,383237652.3225703,1393.8062240155832,17219303.119451694,30494371.0199211,4.788842448599216e-16,10302629.058539256,-3.1181383094032613e-18,10244956.03939866,8858206.137598315,0.0021182556502630646,0.0005187656947309908,0.014395993476360256,7.533317472674859e-25
373.34669338677355,391298881.9023091,1425.041577017515,17532229.06359786,30493629.32022632,4.485307530745445e-16,10287924.705363644,-2.4977526121297414e-18,10228502.326715898,8916168.559837788,0.0018444175998259076,0.0005179240210706961,0.014489291510965355,5.727822306333901e-25
373.5470941883768,399529087.884158,1456.9565472759928,17850935.529688794,30492878.875523087,5.586255843631834e-16,10273925.81811827,-1.2412186182735662e-18,10212745.00497286,8975202.642768469,0.001605857595413891,0.0005171175501233416,0.01458431443013772,2.1697777718631494e-25
373.74749498997994,407931788.8126671,1489.5652476050373,18175529.82459262,30492119.441502687,6.689613689962027e-16,10260636.4562519,-5.944560503570907e-20,10197687.726246575,9035328.26855432,0.001398039752038293,0.0005163464646664597,0.014681094237597671,-6.911429958856706e-26
373.94789579158316,416510575.6068524,1522.8820594407916,18506121.23176494,30491350.77149819,7.017328526841681e-16,10248060.848787773,7.014310372263025e-19,10183334.306508545,9096565.686173528,0.0012170186098087738,0.0005156109557442547,0.014779663527806406,-2.3223052671352165e-25
374.1482965931864,425269112.9328465,1556.9216369418489,18842821.044845585,30490572.61640279,6.701526262889605e-16,10236203.39661044,1.0259499527520146e-18,10169688.727788087,9158935.517669598,0.00105935431203198,0.000514911222776344,0.014880055496038179,-2.963501771516118e-25
374.3486973947896,434211140.74571514,1591.6989112389742,19185742.604908247,30489784.72458811,5.454511839949892e-16,10225068.675087197,7.703732452935424e-19,10156755.140658593,9222458.765074527,0.0009220460902233462,0.0005142474736825421,0.014982303949494118,-2.0806001164062047e-25
374.5490981963928,443340475.7355706,1627.2290946206692,19535001.33562954,30488986.841822714,4.019970839361603e-16,10214661.436501287,3.096742781435764e-19,10144537.866542192,9287156.816924706,0.0008024812151743338,0.0005136199249990269,0.015086443317825866,-5.177748909528037e-26
374.749498997996,452661012.9125696,1663.5276848093301,19890714.781385634,30488178.711190373,2.7325658819715647e-16,10204986.612758644,-1.844759693477099e-19,10133041.400278213,9353051.455326747,0.0006983790417495555,0.0005130288020081259,0.015192508664576838,1.0456171490793046e-25
374.94989979959917,462176727.12250674,1700.6104692110864,20253002.643929373,30487360.07300865,1.7765770649881953e-16,10196049.317958636,-5.447531934613042e-19,10122270.41256042,9420164.86276837,0.0006077500500635401,0.0005124743388607533,0.015300535698132865,1.7367992766889453e-25
375.1503006012024,471891674.8023329,1738.4935293162373,20621986.82411254,30486530.664747104,1.3956397133898834e-16,10187854.851436729,-6.523500155064227e-19,10112229.752829611,9488519.629870633,0.000528884441189756,0.000511956778721236,0.01541056078417117,1.568894853918966e-25
375.3507014028056,481809995.32957697,1777.1932448128784,20997791.45502272,30485690.220945798,1.4030313097831947e-16,10180408.700007053,-5.606754169252853e-19,10102924.451394314,9558138.761529183,0.0004602649966932608,0.0005114763738747365,0.015522620955607499,9.495619291524061e-26
375.55110220440883,491935912.5576528,1816.7262978135614,21380542.93894729,30484838.473133635,1.517062937995365e-16,10173716.54057113,-3.273346600029565e-19,10094359.721904693,9629045.68378267,0.0004005112316121834,0.0005110333858519253,0.015636753923680857,7.583295120097964e-27
375.75150300601206,502273737.4754572,1857.1096779035718,21770370.007502746,30483975.149746884,2.1263392182095248e-16,10167784.244948817,1.1815375214439513e-19,10086540.965969143,9701264.25505076,0.00034856872383144563,0.0005106280856614985,0.015752998096110336,-1.1187821508405223e-25
375.9519038076152,512827868.23402524,1898.3606853372523,22167403.72792215,30483099.976047423,2.507937326858491e-16,10162617.879505364,4.116592850895469e-19,10079473.772753427,9774818.76718455,0.0003033411775506694,0.0005102607537693463,0.015871392578701647,-1.3648770360010244e-25
376.15230460921845,523602793.46107477,1940.4969364013357,22571777.576269798,30482212.6740406,2.6179543852095065e-16,10158223.711269874,5.332782752596838e-19,10073163.924840953,9849733.959150694,0.0002639699314534107,0.0005099316803940181,0.015991977197507497,-8.178712372451826e-26
376.3527054108216,534603093.47605073,1983.5363674658256,22983627.46800738,30481312.96239377,2.6390892653219766e-16,10154608.209912784,5.965464587354956e-19,10067617.400097556,9926035.022688953,0.00022972553280664157,0.0005096411656004961,0.01611479250793025,-3.344540934527182e-26
376.55310621242484,545833441.3657043,2027.4972389740942,23403091.785780445,30480400.55635503,2.388949438947714e-16,10151778.049449952,4.725288926430045e-19,10062840.37327178,10003747.607460244,0.00019988473763455297,0.0005093895193807939,0.0162398798029948,4.901564363402931e-27
376.75350701402806,557298606.7034897,2072.398140584014,23830311.460980974,30479475.167668767,1.907063367447652e-16,10149740.11513024,2.2880718089026134e-19,10058839.222604796,10082897.836167898,0.00017393448480810945,0.000509177061986954,0.016367281137733617,6.712939973356451e-26
376.9539078156313,569003455.0837939,2118.2579947744844,24265429.969918005,30478536.504497383,1.4204819899658341e-16,10148501.502135243,3.962155405237081e-21,10055620.528523443,10163512.303903138,0.0001513402959854806,0.0005090041238648653,0.016497039328176612,8.082036979054259e-26
377.1543086172345,580952951.7280582,2165.096061645461,24708593.413193315,30477584.271336205,1.0265560366339386e-16,10148069.522228358,-1.39931429079083e-19,10053191.080021834,10245618.092857584,0.0001316705175908551,0.0005088710459759495,0.01662919797502818,4.1099463326562154e-26
377.3547094188377,593152163.1934938,2212.9319432057005,25159950.556289617,30476618.168931663,6.311823739758516e-17,10148451.706702083,-2.7375093345493073e-19,10051557.87746233,10329242.779871957,0.00011456442913777257,0.0005087781799381855,0.016763801475842163,7.252341110423313e-27
377.5551102204409,605606258.1798558,2261.7855876829217,25619652.85173689,30475637.89420151,4.53732900824876e-17,10149655.807579488,-2.619222242556116e-19,10050728.133686958,10414414.440537617,9.967177409632194e-05,0.0005087258880818082,0.01690089503166861,-7.995171725345152e-27
377.75551102204406,618320511.7004565,2311.6772936852785,26087854.52917072,30474643.140148055,3.971442475065361e-17,10151689.805328395,-1.796678374242016e-19,10050709.281430954,10501161.666041892,8.67300519455384e-05,0.0005087145438230022,0.017040524674287703,-3.859304828128325e-26
377.9559118236473,631300304.6858226,2362.6277149094262,26564712.594071474,30473633.595780794,4.2930058807268027e-17,10154561.907747505,-6.599203794174291e-20,10051508.972193444,10589513.56278446,7.547088402233315e-05,0.0005087445316067336,0.01718273726546425,-4.487793042836955e-26
378.1563126252505,644551128.0480875,2414.6578639499653,27050386.915201087,30472608.94602988,5.549752599272188e-17,10158280.557455994,7.446291389452264e-20,10053135.083435947,10679499.768712884,6.568343810383771e-05,0.0005088162472695264,0.01732758052341492,-2.7798614554139666e-26
378.35671342685373,658078584.6562235,2467.789116582599,27545040.27055974,30471568.871663913,8.953063897227927e-17,10162854.435356515,3.277911467925114e-19,10055595.721882904,10771150.461844167,5.720555162229257e-05,0.0005089300982056846,0.017475103036550515,-2.050794007149721e-26
378.5571142284569,671888388.9164379,2522.043217010582,28048838.3458632,30470513.049212594,1.202761913470993e-16,10168292.45950845,5.1436106765327e-19,10058899.222374044,10864496.359990355,4.9834767075181556e-05,0.0005090865033091321,0.01762535426293639,-7.788480884001905e-27
378.7575150300601,685986370.8891457,2577.442281393831,28561949.82297893,30469441.150880117,1.2696704282982724e-16,10174603.792702232,4.918138808529049e-19,10063054.155148115,10959568.737187717,4.3391792596452925e-05,0.0005092858933405409,0.01777838455688522,3.3076334627160643e-28
378.95791583166334,700378482.9500247,2634.0087995039485,29084546.51464216,30468352.844456833,1.476989358870691e-16,10181797.8548839,5.438722648568825e-19,10068069.337837696,11056399.449017707,3.7837064458028315e-05,0.0005095287115322465,0.01793424521007852,2.0517025269471323e-26
379.1583166332665,715070792.5163826,2691.765644172514,29616803.234374058,30467247.793249782,1.5959071405191367e-16,10189884.308934089,5.286127630476938e-19,10073953.821613457,11155020.907934986,3.300861498962133e-05,0.0005098154128888011,0.018092988411246267,3.559052016316211e-26
379.35871743486973,730069490.2553744,2750.7360721918208,30158897.961106043,30466125.65599184,1.574555795952784e-16,10198873.076054603,4.396060419490203e-19,10080716.90605123,11255466.114197027,2.8784625149703238e-05,0.0005101464649367989,0.018254667296414603,3.312881511055024e-26
379.55911823647295,745380893.7363791,2810.943727052363,30711011.915874586,30464986.08675907,1.4262891168885351e-16,10208774.34240173,2.90921883077647e-19,10088368.14551742,11357768.670163125,2.5092534204930152e-05,0.0005105223480467955,0.018419335972058415,1.8037363234004145e-26
379.7595190380762,761011449.2039382,2872.4126434583445,31273329.604056127,30463828.73488859,1.2199045478396677e-16,10219598.562169664,1.147259477255408e-19,10096917.352099674,11461962.78813681,2.1897661071969908e-05,0.0005109435555808509,0.0185870495277434,9.655132305505929e-27
379.95991983967934,776967728.2744973,2935.1672558688647,31846038.763148166,30462653.244900003,9.854761943207746e-17,10231356.451039374,-3.505077652672555e-20,10106374.589172874,11568083.28046194,1.910389935384893e-05,0.0005114105935674576,0.018757864019872283,6.87500309933453e-28
380.16032064128257,793256435.7332201,2999.2323982061466,32429330.5171957,30461459.256409127,8.10102373132179e-17,10244059.000692721,-8.55871963627371e-20,10116750.185440518,11676165.588434722,1.6646288981128824e-05,0.0005119239814098174,0.018931836518622604,-2.363285512434162e-27
380.3607214428858,809884417.3155979,3064.6333010877843,33023399.53278166,30460246.404049493,5.499152672298957e-17,10257717.493120374,-1.7513055151630206e-19,10128054.74880312,11786245.811059102,1.451360003466681e-05,0.0005124842525855196,0.019109025154165196,-1.1527669240214647e-26
380.56112224448896,826858648.8837175,3131.395611038308,33628443.82332399,30459014.317384392,3.2945974794283893e-17,10272343.480132611,-2.172028331719964e-19,10140299.14632476,11898360.669039331,1.2650343587199791e-05,0.0005130919536348869,0.019289489058788804,-1.6830768529510016e-26
380.7615230460922,844186247.8748326,3199.54538404112,34244664.97389819,30457762.620828196,1.989549839267794e-17,10287948.804571927,-2.0229622676691844e-19,10153494.524821218,12012547.546326676,1.102138107028358e-05,0.0005137476451998253,0.019473288433800327,-1.395631548112555e-26
380.9619238476954,861874476.7868373,3269.1090867866387,34872268.21559913,30456490.9335706,1.439272631758074e-17,10304545.606521161,-1.4090114083926725e-19,10167652.316838782,12128844.504076477,9.600265897780873e-06,0.0005144519023252697,0.019660484572021807,-6.116849917081658e-27
381.1623246492986,879930744.0873114,3340.113603033526,35511462.4514149,30455198.869490728,1.178330781738949e-17,10322146.324825013,-5.906972381638358e-20,10182784.24205844,12247290.285432786,8.365090445305864e-06,0.0005152053145296412,0.019851139865551388,-7.94636088243965e-29
381.3627254509018,898362602.549277,3412.586244094928,36162460.23359948,30453886.03706533,1.3171185614578647e-17,10340763.69386777,1.6648332351152294e-20,10198902.304074094,12367924.31124376,7.2897838503984745e-06,0.0005160084856417531,0.020045317798944518,4.5818637390319834e-27
381.563126252505,917177756.9337159,3486.554744161705,36825477.91679433,30452552.03929952,1.535305259366163e-17,10360410.757572332,4.640706011509251e-20,10216018.803965155,12490786.708674354,6.352110283071157e-06,0.0005168620344856129,0.020243082995333866,3.8291959879152e-27
381.76352705410824,936384071.4833026,3562.047253562373,37500735.8020937,30451196.473669503,2.3310960849313806e-17,10381100.882930096,1.0626348239670155e-19,10234146.353421358,12615918.338573176,5.543658043054524e-06,0.0005177665955426679,0.020444501261239704,6.901574601939547e-27
381.9639278557114,955989560.0924822,3639.0923673079988,38188457.97205813,30449818.93198578,3.0777036217965186e-17,10402847.74197985,1.403820958337827e-19,10253297.857069235,12743360.76362816,4.841819618555723e-06,0.0005187228180589852,0.020649639533989746,7.858917041734986e-27
382.1643286573146,976002397.7354534,3717.719111015171,38888872.506538056,30448419.000350386,3.364787085942097e-17,10425665.332537597,1.3548040494740937e-19,10273486.532622313,12873156.289346391,4.227748215801787e-06,0.0005197313670622075,0.020858565948715782,5.552427129149864e-27
382.36472945891785,996430930.2614288,3797.956926711292,39602211.67021658,30446996.25912292,3.9857459621340433e-17,10449567.995717572,1.1070506912884258e-19,10294725.927924775,13005347.998620838,3.7074447643977845e-06,0.0005207929242217954,0.02107134989422397,2.389501044154796e-27
382.5651302605211,1017283664.7076494,3879.835705629942,40328711.748889126,30445550.28276296,5.1525302353736305e-17,10474570.398482786,7.621653755651829e-20,10317029.903801786,13139979.721472465,3.275134654630916e-06,0.0005219081869824703,0.021288061963817093,-4.0278070856919582e-28
382.76553106212424,1038569269.8436328,3963.3857967390527,41068613.07009455,30444080.639735438,6.178747393523846e-17,10500687.53458865,2.6595405955195612e-20,10340412.634891037,13277096.038934536,2.906146197716553e-06,0.0005230778686057092,0.021508773961518336,-3.561857486496674e-27
382.96593186372746,1060296588.7271085,4048.63798677868,41822160.24017826,30442586.89249001,6.886584879438896e-17,10527934.747120485,-2.4869694199812828e-20,10364888.631584609,13416742.32702055,2.58442481282249e-06,0.0005243026992773157,0.021733558973337362,-5.93379366058908e-27
383.16633266533063,1082474637.7453227,4135.62351235392,42589602.13784245,30441068.597357176,7.074228904272694e-17,10556327.726735247,-5.789094061874803e-20,10390472.73821912,13558964.755593114,2.291077776768347e-06,0.0005255834260155241,0.021962491365355722,-5.8380638379765424e-27
383.36673346693385,1105112620.9812877,4224.3740322701515,43371192.165470764,30439525.30457106,6.824750549617623e-17,10585882.537321609,-8.177697734387005e-20,10417180.15814031,13703810.336119616,2.027776827134047e-06,0.0005269208139366448,0.02219564686193186,-4.285246948568926e-27
383.5671342685371,1128219939.9968493,4314.921612084265,44167188.42511599,30437956.558251217,6.693153624034278e-17,10616615.633472722,-1.5721990843629283e-19,10445026.470736,13851326.955022857,1.8306281222461643e-06,0.0005283156471149626,0.022433102600218767,-6.897450519709187e-27
383.7675350701403,1151806143.8657048,4407.298867915107,44977852.91233906,30436361.8958505,6.305033891333894e-17,10648543.77122268,-2.2502376130396454e-19,10474027.543762354,14001563.219237035,1.6597664299803829e-06,0.0005297687241529896,0.022674936875874723,-8.916404944899951e-27
383.9679358717435,1175880983.2065861,4501.538833049541,45803452.41956387,30434740.848532304,5.719966434751675e-17,10681684.104566826,-2.708680621330887e-19,10504199.627921263,14154568.62863676,1.5052620722025208e-06,0.0005312808629588066,0.022921229426279433,-9.648934587978146e-27
384.1683366733467,1200454398.1969168,4597.6750005184185,46644258.35422763,30433092.94095786,5.0398378293044345e-17,10716054.16404606,-2.7675562070945606e-19,10535559.335744338,14310393.540966358,1.3557120803944164e-06,0.0005328528996787242,0.02317206137254058,-8.225520623942563e-27
384.3687374749499,1225536523.9930782,4695.741318243197,47500546.84117807,30431417.69123795,4.387392559147483e-17,10751671.866360443,-2.2587514401279485e-19,10568123.650930418,14469089.191046247,1.2003694974845145e-06,0.000534485689168497,0.023427515250728868,-3.869195171793369e-27
384.5691382765531,1251137748.8721797,4795.772021654436,48372599.65172761,30429714.611545786,3.3163325315596955e-17,10788555.616767446,-2.176041233474951e-19,10601910.029007712,14630707.866485568,1.084157129236276e-06,0.0005361801100798266,0.023687675299959618,-2.2162682302833097e-27
384.7695390781563,1277268587.1422184,4897.802037336294,49260702.22833237,30427983.20640713,2.2185967135194277e-17,10826724.085490745,-1.9554512230844158e-19,10636936.177136188,14795302.533526205,9.768771847784076e-07,0.0005379370537315161,0.02395262684807046,-3.7455831449325897e-28
384.9699398797595,1303939785.151456,5001.866668080297,50165145.36419593,30426222.973913375,1.2183487380192672e-17,10866196.394360775,-1.625286926726174e-19,10673220.237686388,14962927.154852597,8.762405840381879e-07,0.0005397574333863487,0.024222456832902348,1.2612197099453053e-27
385.17034068136275,1331162297.0300531,5108.001679524299,51086224.84031444,30424433.405301154,4.705204391310471e-18,10906992.074196836,-1.2347447146450244e-19,10710780.746167354,15133636.620695733,7.80225895216616e-07,0.0005416421821242054,0.02449725368894749,2.1473325993687192e-27
385.37074148296597,1358947287.911595,5216.243302077311,52024241.49339824,30422613.984876502,1.6306521821313754e-18,10949131.070551107,-8.56604194865165e-20,10749636.636755476,15307486.7615125,6.870031026751585e-07,0.0005435922531207992,0.024777107367872666,1.574524910208675e-27
385.57114228456913,1387306184.6531448,5326.628055239329,52979502.03606128,30420764.190814395,-2.0534297555825956e-18,10992633.830921957,-3.607739674223993e-20,10789807.328234326,15484534.499925239,6.013247201645899e-07,0.0005456086239915228,0.025062109583243564,1.7437911615245474e-27
385.77154308617236,1416250595.0316818,5439.193063710187,53952317.79397765,30418883.493534427,-5.413163926691028e-18,11037521.166378455,1.776545948781401e-20,10831312.587276088,15664837.61704916,5.230087964343995e-07,0.0005476922898789781,0.02535235343443567,2.279622233329098e-27
385.9719438877755,1445792345.536584,5553.975930047694,54943005.321327806,30416971.356262065,-6.818542397371684e-18,11083814.316600353,6.424952926031708e-20,10874172.592496116,15848454.866529737,4.5156982629107786e-07,0.0005498442666904316,0.02564793359033827,2.464160047472439e-27
386.17234468937875,1475943499.8928533,5671.014679376875,55951886.71106413,30415027.23523486,-6.255051550975886e-18,11131534.981867531,9.475945060313963e-20,10918407.96588625,16035446.032084884,3.882259795569669e-07,0.0005520655926861282,0.025948946382104397,2.2168732130733116e-27
386.37274549098197,1506716352.8832304,5790.347796460784,56979289.513967186,30413050.579453383,-3.86732816909904e-18,11180705.312682167,9.887933124715343e-20,10964039.762431249,16225871.912626285,3.345430552854038e-07,0.0005543573279535856,0.026255489779307355,1.4661271558748893e-27
386.5731462925852,1538123459.68355,5912.014107422037,58025547.206394635,30411040.831309907,8.881814055493081e-20,11231347.959073296,9.0731083590495e-20,11011089.51870417,16419794.411095757,2.8842412647068347e-07,0.0005567205568639789,0.02656766353424416,4.620042661047443e-28
386.77354709418836,1570177622.7697387,6036.052857184172,59090999.00866794,30408997.42606831,5.178415103758874e-18,11283486.04914942,9.18214021704413e-20,11059579.231510788,16617276.49957326,2.4663056279408334e-07,0.0005591563869914601,0.026885569125118004,-4.204268389281991e-28
386.9739478957916,1602891849.671075,6162.503921397911,60175989.257264234,30406919.790554542,1.0639653338597856e-17,11337143.119035447,8.400455745126137e-20,11109531.288468651,16818382.099367715,2.11790954235533e-07,0.0005616659456020601,0.027209309561024853,-1.2279693678592528e-27
387.1743486973948,1636279415.014297,6291.407537278707,61280868.37316921,30404807.344670974,1.5521265268243286e-17,11392343.216721117,6.934899170814877e-20,11160968.570528913,17023176.265237607,1.8335560030480986e-07,0.0005642503848368567,0.027538989681304384,-1.7236563683571495e-27
387.37474949899797,1670353845.7787402,6422.80438866819,62405992.654982574,30402659.50083154,1.8610020286895527e-17,11449110.87785905,5.1291034587178376e-20,11213914.427897332,17231725.145681936,1.6037182086449576e-07,0.0005669108804935864,0.027874716090892322,-1.6033199601724025e-27
387.5751503006012,1705128934.5526617,6556.735553941898,63551724.480323,30400475.66424689,1.9447816552445745e-17,11507471.14799936,3.2005061538459613e-20,11268392.701917695,17444096.021885607,1.4214384866132186e-07,0.0005696486331325998,0.028216597225076728,-8.184159176718533e-28
387.7755511022044,1740618778.3536034,6693.2423144003105,64718432.843721434,30398255.234149978,2.2157732361406523e-17,11567449.64675868,2.218111466395332e-21,11324427.78855417,17660357.413097758,1.3089234811364845e-07,0.0005724648712869664,0.02856474352643471,-7.883602647785556e-28
387.97595190380764,1776837674.6560535,6832.366741956374,65906492.01499631,30395997.599768616,2.3580112458839867e-17,11629072.3977568,-2.677262033513922e-20,11382044.469515039,17880578.810936388,1.2324465053220932e-07,0.0005753608429194663,0.028919266995164714,-6.4433143900072845e-28
388.1763527054108,1813800217.2603087,6974.151196182342,67116282.82805155,30393702.143649753,2.336706817612645e-17,11692365.986366153,-5.0146040912576194e-20,11441268.068566918,18104830.933018,1.1735662075002349e-07,0.0005783378233282945,0.029280281616364093,-4.266338368797702e-28
388.37675350701403,1851521274.9465966,7118.638461060172,68348192.42682761,30391368.24067169,2.119750463806753e-17,11757357.525186123,-6.196020613965062e-20,11502124.417111924,18333185.6719826,1.1086595742621025e-07,0.0005813971134049469,0.029647903272943615,-2.0352425353122324e-28
388.57715430861725,1890015995.5599678,7265.871742942809,69602614.34598708,30388995.257991824,1.6786460751226127e-17,11824074.66123318,-5.507151101513214e-20,11564639.861146932,18565716.11060541,1.0083469292408037e-07,0.0005845400399852858,0.03002224977013767,-7.491213846225023e-29
388.7775551102204,1929299973.7410212,7415.8936476641675,70879950.73939581,30386582.56262359,1.2713805652957372e-17,11892545.84864269,-9.333247270366648e-20,11628841.531971961,18802496.934765864,1.13505291364329e-07,0.0005877679695434576,0.030403441505634572,8.59267695756979e-28
388.97795591182364,1969388861.3424249,7568.748634272057,72180607.29404545,30384129.50303133,7.651301798563561e-18,11962799.717140893,-1.3763669214093404e-19,11694756.718671398,19043603.491468992,1.3252320777782102e-07,0.0005910822764452329,0.03079159994097512,2.004758752199254e-27
389.17835671342687,2010298674.716767,7724.481121556506,73504997.290174,30381635.42321342,1.5956477913993437e-18,12034865.57117504,-1.7975580023603232e-19,11762413.363747548,19289112.54110699,1.541180141318449e-07,0.000594484368020705,0.031186848822267597,3.1875371761788687e-27
389.3787575150301,2052045740.5729365,7883.1358492506815,74853540.9177223,30379099.65993538,-5.125365956339304e-18,12108773.302629061,-2.1654045592633798e-19,11831839.976232603,19539102.131005283,1.7643761506460798e-07,0.0005979756801676979,0.031589313974973235,4.281720916811029e-27
389.57915831663325,2094646687.5634575,8044.757953953784,76226665.1929929,30376521.542095,-1.2058829642092938e-17,12184553.377736654,-2.4431966767459275e-19,11903065.618505504,19793651.580149926,1.9721390279228198e-07,0.0006015576766838438,0.03199912327911055,5.126802184338543e-27
389.7795591182365,2138118450.4885173,8209.39296634916,77624804.04089935,30373900.390675634,-1.8615321618810413e-17,12262236.84446471,-2.58872601922935e-19,11976119.913443198,20052841.494588993,2.1372696101465773e-07,0.0006052318496273616,0.03241640669423555,5.524700903326228e-27
389.9799599198397,2182478274.499978,8377.086808422353,79048398.37721504,30371235.5186995,-2.4057515940818513e-17,12341855.33989668,-2.5540039154691775e-19,12051033.051571893,20316753.782833852,2.227692688207927e-07,0.0006089997196778355,0.03284129628442186,5.236818165854886e-27
390.18036072144287,2227743719.3053904,8547.885790679169,80497896.19082202,30368526.231180996,-2.7488789909692017e-17,12423441.09761598,-2.2849794430952767e-19,12127835.798218297,20585471.671260457,2.2060990459465978e-07,0.0006128628364969919,0.033273926243240784,3.98108968471536e-27
390.3807615230461,2273932691.590575,8721.836415801281,81973752.87873216,30365771.82678174,-2.846822383509705e-17,12507027.001213808,-1.7648267045035866e-19,12206559.546908477,20859079.771459308,2.05639538204795e-07,0.0006168227814313552,0.03371443300820389,1.660937216635761e-27
390.5811623246493,2321063876.777877,8898.982443099512,83476435.1582222,30362971.623548217,-3.649000167508869e-17,12592647.290528173,-1.6738023105196132e-19,12287237.027240748,21137664.882738236,2.1895264759461803e-07,0.000620881203356026,0.03416295664123553,1.8759283470810386e-27
390.78156312625254,2369155542.574342,9079.373121508677,85006410.39401461,30360124.886457674,-4.4320016690477036e-17,12680335.606504139,-1.5351630144342156e-19,12369900.344273644,21421313.79718899,2.3024840467762487e-07,0.0006250397193922601,0.034619637047165516,2.0519366644281665e-27
390.9819639278557,2418226605.7397294,9263.055898255749,86564156.19861445,30357230.891450975,-5.1571136355540534e-17,12770126.735383352,-1.355471855438577e-19,12454582.727120755,21710115.27120451,2.3873935653828613e-07,0.0006293000034511152,0.03508461736739854,2.170260893445623e-27
391.1823647294589,2468296325.369278,9450.078548810683,88150157.7294312,30354288.906635318,-5.779002047636279e-17,12862056.107873395,-1.1442569814949366e-19,12541318.02653096,22004159.468493037,2.4357784806637984e-07,0.0006336637607906744,0.03555804301916817,2.209552471153489e-27
391.38276553106215,2519384307.4398627,9640.489171757576,89764907.77409239,30351298.19225818,-6.245332357271408e-17,12956159.807090426,-9.142579985256091e-20,12630140.72260042,22303537.976109266,2.4385272969476263e-07,0.000638132728405219,0.036040061721601666,2.1456807001180175e-27
391.5831663326653,2571510509.356148,9834.33618366583,91408906.83575726,30348258.00068124,-6.496389725993286e-17,13052474.5765018,-6.816723196020272e-20,12721085.932484545,22608343.82048549,2.38586065137142e-07,0.0006427086754144005,0.03653082352178477,1.951597901746226e-27
391.78356713426854,2624695244.4967594,10031.668313961385,93082663.21843082,30345167.57635433,-6.464699263080788e-17,13151037.827868732,-4.664015141336965e-20,12814189.418110024,22918671.483462848,2.2672983912584632e-07,0.0006473934034524149,0.037030480820826696,1.597204569580409e-27
391.98396793587176,2678959186.760421,10232.5345997978,94786693.11227688,30342026.15578935,-6.074646263745854e-17,13251887.649188891,-2.922976570573219e-20,12909487.593886761,23234616.918322343,2.0716266514959853e-07,0.0006521887470571728,0.03753918839992468,1.0492145225927867e-27
392.184368737475,2734323516.9009995,10436.98327734989,96521521.55638735,30338832.97922216,-5.423734319883063e-17,13355063.047088148,-1.3945258788386636e-20,13007017.770972269,23556277.746205706,1.8217115024539197e-07,0.0006570965860452807,0.03805710376206412,3.9022540950753853e-28
392.38476953907815,2790810197.6326284,10645.059670858225,98287684.19844002,30335587.312889185,-5.128803644019349e-17,13460604.402134696,1.470665875336878e-20,13106818.616368588,23883753.61636271,1.6409596196656386e-07,0.0006621188687723149,0.038584387760372575,4.6049345455426254e-29
392.5851703406814,2848440693.5264096,10856.816186241615,100085719.43000668,30332288.34310524,-4.6799581248317895e-17,13568551.352603147,4.224656386113706e-20,13208928.017399352,24217144.587798752,1.4375650614125914e-07,0.000667257503927007,0.03912120176443632,-2.944578917565474e-28
392.78557114228454,2907237250.1260004,11072.302385682371,101916176.35949278,30328935.281302687,-4.072965775572499e-17,13678944.909928309,6.730730117750119e-20,13313385.215839773,24556552.76686543,1.2177193387208814e-07,0.0006725144686633104,0.039667710523674446,-6.079702802884051e-28
392.98597194388776,2967222506.1366634,11291.56803630868,103779612.4693631,30325527.33166259,-3.3062520669543373e-17,13791826.817882067,8.833869951983338e-20,13420230.161042696,24902081.824118823,9.891513343250524e-08,0.0006778917758225373,0.0402240813199804,-8.66690519273165e-28
393.186372745491,3028419498.4691734,11514.663101191843,105676593.70453614,30322063.69112971,-2.3811577852930993e-17,13907239.561339075,1.0359977177519033e-19,13529503.51848101,25253837.01098401,7.612167051335568e-08,0.0006833914743646069,0.04079048399489494,-1.038066418130286e-27
393.3867735470942,3090851667.2837057,11741.63773034345,107607694.56077799,30318543.549427442,-1.3021968906498334e-17,14025226.375042368,1.111509147951986e-19,13641246.678290015,25611925.176419422,5.4498728469429454e-08,0.0006890156497992929,0.04136709097677894,-1.0845072858789805e-27
393.58717434869743,3154542861.033728,11972.542251712552,109573498.1730961,30314966.08907281,-7.731437497314044e-19,14145831.252369024,1.0884610929094168e-19,13755501.763809806,25976454.78358124,3.533404856601382e-08,0.0006947664246174706,0.04195407730798619,-9.631003204515604e-28
393.7875751503006,3219517341.5098863,12207.42716218284,111574596.40413313,30311330.485391404,1.281855879758424e-17,14269098.954095783,9.432511972784899e-20,13872311.640127638,26347535.926487777,2.0104870225446735e-08,0.0007006459587223644,0.04255162067203621,-6.253269980068097e-28
393.9879759519038,3285800025.8833075,12446.340863165904,113611590.63888618,30307635.937306866,2.738745138577041e-17,14395075.429109983,7.643161109476843e-20,13991720.34033787,26725280.4976638,5.5746439446824695e-09,0.0007066564710360303,0.04315990168402509,-2.591542106769471e-28
394.188376753507,3353416389.25807,12689.330626957413,115685091.56764694,30303881.654047273,4.240668350760279e-17,14523807.645027677,7.026416235055101e-20,14113772.893440582,27109802.13951292,-1.4073714814333425e-08,0.0007128002307732818,0.04377910380395976,-1.839346629451011e-28
394.3887775551102,3422391725.4030023,12936.449670978069,117795717.05613615,30300066.75851079,5.784480808249715e-17,14655342.303218259,6.128462670696932e-20,14238514.02101471,27501215.786820035,-3.1801714013952794e-08,0.0007190794913707284,0.04440941253721515,-8.89295034200606e-29
394.58917835671343,3492752081.12665,13187.7483047946,119944095.00356586,30296190.40795477,7.33402092909259e-17,14789727.462905593,5.0114073273705106e-20,14365989.783730399,27899638.275443584,-4.6968358257956574e-08,0.0007254965739511617,0.04505101649392542,1.656616287652784e-29
394.78957915831666,3564523951.2717013,13443.276871701684,122130862.50699851,30292251.75375063,8.847309645513785e-17,14927012.011014929,3.757727177986382e-20,14496247.04342118,28305188.161463767,-5.8894890570785517e-08,0.0007320538400527475,0.04570410707178138,1.2058854653721567e-28
394.9899799599198,3637734284.231181,13703.085735224382,124356665.95114833,30288249.94146014,1.0276250719224683e-16,15067245.671759501,2.47176628272818e-20,14629333.472458832,28717985.738147795,-6.686564157779207e-08,0.0007387536921024728,0.04636887848372785,2.083057632716936e-28
395.19038076152304,3712410487.464671,13967.225265620686,126622161.09818345,30284184.110911723,1.1566331056732498e-16,15210479.016227154,1.2812328143828954e-20,14765297.563128224,29138153.05291529,-7.012887868549454e-08,0.0007455985738895939,0.0470455277856613,2.6181842340976134e-28
395.39078156312627,3788580433.0144806,14235.745826383849,128928013.17752649,30280053.396276746,1.265632102464862e-16,15356763.47196688,3.3869608367207837e-21,14904188.637002107,29565813.92430337,-6.789765526182586e-08,0.0007525909710390813,0.04773425490412693,2.599602214042336e-28
395.59118236472943,3866272463.021866,14508.697760744928,131274896.97565669,30275856.926145814,1.3477974764997963e-16,15506151.332575455,-1.7691643541790243e-21,15046056.854315989,30001093.95893209,-5.935065981638838e-08,0.0007597334114850679,0.04843526266401637,1.78098525333913e-28
395.79158316633266,3945515629.079186,14786.128236130215,133663494.5326254,30271593.88400781,1.4249950178245603e-16,15658696.263321968,-9.979333590607073e-21,15190953.732406514,30444120.220089003,-4.959558596469103e-08,0.0007670284917775768,0.04914875635375567,1.3912282758475369e-28
395.9919839679359,4026339368.184949,15068.085658964617,136094498.60488078,30267263.42319643,1.5062845152422923e-16,15814452.6116339,-2.4428880210949304e-20,15338931.437627902,30895021.735691387,-4.1266589505432646e-08,0.0007744788411473427,0.0498749444048491,2.0016584587503576e-28
396.1923847695391,4108773351.7899,15354.621763656809,138568614.35652307,30262864.626548324,1.5682022346653734e-16,15973475.084762549,-3.7866201112283346e-20,15490042.45408955,31353929.748368464,-3.053534840951092e-08,0.0007820871046930525,0.05061403872906203,2.5123755649294005e-28
396.39278557114227,4192847913.369555,15645.785927947187,141086555.12940663,30258396.615501754,1.6078353851606618e-16,16135819.654680802,-4.95380379167632e-20,15644340.511852337,31820977.103626054,-1.7873813030526976e-08,0.0007898559904819237,0.05136625391132423,2.879084886022141e-28
396.5931863727455,4278593890.5233793,15941.627355238048,143649044.20549542,30253858.50796028,1.6222305180699804e-16,16301543.221012011,-5.861149852242521e-20,15801880.240542741,32296298.510278534,-3.888129207308468e-09,0.0007977882519694794,0.05213180756065297,3.05452209697479e-28
396.7935871743487,4366042630.809692,16242.195056814046,146256814.8934035,30249249.41845135,1.6084036558711974e-16,16470703.621292662,-6.417188540115261e-20,15962717.17942149,32780030.556939453,1.0672386614894736e-08,0.0008058866885082035,0.05291092033722035,2.9885195944250962e-28
396.9939879759519,4455225997.580543,16547.537834062518,148910610.6149348,30244568.458284933,1.5633504210392862e-16,16643359.641234964,-6.522052389663498e-20,16126907.787452156,33272311.728512015,2.4906272263211034e-08,0.0008141541458561939,0.05370381597942033,2.6280728350849553e-28
397.1943887775551,4546176375.816584,16857.704260693863,151611184.99162298,30239814.73571212,1.4840561649073903e-16,16819571.024989467,-6.067259052232877e-20,16294509.453369753,33773282.42267954,3.775094471594841e-08,0.0008225935166858155,0.054510721330935846,1.91740667412305e-28
397.3947895791583,4638926677.961954,17172.742664961883,154359301.93127096,30234987.35608373,1.3675060965278952e-16,16999398.485407673,-4.9354941259418915e-20,16465580.505749347,34283084.96639597,4.7973724981395125e-08,0.0008312077410923535,0.05533186636780583,7.980417035475941e-29
397.59519038076155,4733510460.306779,17492.697634240692,157155725.27439284,30230085.528058995,1.2370658498814334e-16,17182904.230401285,-4.115294344914283e-20,16640180.77497088,34801861.85163778,6.096787431393037e-08,0.0008399998352141409,0.05616748157232223,-8.196904493207635e-30
397.7955911823647,4829961713.667239,17817.616765656403,160001239.19993833,30225108.357362796,1.0911677853328628e-16,17370150.968744688,-3.53094028944319e-20,16818370.529152196,35329759.2176814,7.549927242109966e-08,0.0008489728370288707,0.057017803123865944,-7.482063123461882e-29
397.99599198396794,4928314945.456229,18147.548250056996,162896641.1121378,30220054.92007845,9.215066851731562e-17,17561202.276247784,-2.8110961669490673e-20,17000210.864816003,35866925.63956177,8.839031038675774e-08,0.0008581298262484682,0.057883071096296236,-1.4107606110605234e-28
398.19639278557116,5028605256.38211,18482.538624973622,165842735.0346703,30214924.33078714,7.299540125269701e-17,17756122.936849877,-2.0032724819864445e-20,17185764.070738148,36413511.00306353,9.887310305300885e-08,0.0008674739428479219,0.05876352778426735,-2.009569420908463e-28
398.39679358717433,5130868306.086462,18822.63402137534,168840335.49341282,30209715.70416481,5.1897926974639104e-17,17954978.765220158,-1.1682108404363493e-20,17375093.43733675,36969667.1687204,1.0610608814696219e-07,0.0008770083773520951,0.05965941869503655,-2.4722180791602525e-28
398.59719438877755,5235140319.091614,19167.880142345628,171890267.59234118,30204428.155248836,2.916869994400975e-17,18157836.61754622,-3.808028920001851e-21,17568263.267303176,37535547.986491054,1.0917198564450609e-07,0.0008867363713730244,0.060570992572827456,-2.7131507789452534e-28
398.7975951903808,5341458090.748203,19518.322241759066,174993367.08943203,30199060.79970471,5.185378550243894e-18,18364764.402322646,2.689907273066803e-21,17765338.88623311,38111309.310435146,1.0707575713408271e-07,0.0008966612181472228,0.0614985014231938,-2.632881567674256e-28
398.997995991984,5449858993.182663,19874.0051029577,178150480.4725627,30193612.754092716,-1.9603474585732035e-17,18575831.091139454,6.7522145266073964e-21,17966386.653257456,38697109.01338892,9.874256518046094e-08,0.0009067862630729752,0.062442200537382433,-2.117205345461623e-28
399.19839679358716,5560380981.24478,20234.973017427736,181362465.03541315,30188083.13613463,-4.4674692508592076e-17,18791106.72947068,7.150338479367632e-21,18171473.97167341,39293107.00164126,8.301573268851159e-08,0.0009171149042476402,0.06340234851669709,-1.0364088635476338e-28
399.3987975951904,5673062224.079677,20601.2652627702,184630150.27619582,30182471.364207078,-9.27049612260279e-17,19010663.133689884,1.9518704039882316e-20,18380670.12771602,39899458.180092275,7.877497055173734e-08,0.0009276506356316638,0.06437919609842417,-1.3106229065490177e-28
399.5991983967936,5787942015.132933,20972.926949868648,187954431.3727936,30176776.435023185,-1.5335405958367301e-16,19234572.244729284,3.519363903256269e-20,18594044.301360965,40516329.49039584,7.634707861316533e-08,0.0009383969446491219,0.0653730132226477,-1.9196298607310838e-28
399.7995991983968,5905060125.211679,21350.001152629404,191336201.8082071,30170997.44573104,-2.2385674144103435e-16,19462907.335603207,5.092298697097183e-20,18811667.021178506,41143887.63173894,7.259233546539843e-08,0.0009493573870632185,0.06638406952727088,-2.5052896484462795e-28
400.0,6024456868.9711485,21732.529614452025,194776359.7008099,30165133.54579341,-3.0525480417086844e-16,19695742.911229264,6.61012372840063e-20,19033610.041048735,41782300.21547109,6.764887788941185e-08,0.000960535580620566,0.06741263618324095,-3.0366420863171407e-28
400.2004008016032,6146069337.581089,22118.666396255892,226127616.4419995,34918475.77966077,-3.501325751856198e-16,19964424.169486444,4.427353925586166e-20,19263739.109175045,44807325.67941096,6.237198345763409e-08,0.0009720379652715112,0.06974272498318772,-4.554850188155985e-30
400.4008016032064,6269537492.763414,22502.008090191626,255429931.4890487,40262883.893312596,-4.220442987580167e-16,20298033.503689982,2.9654111765019894e-20,19518022.30799857,50205225.88924789,5.7610976324116685e-08,0.0009845502855484157,0.07581639972125673,3.2016322452814606e-29
400.6012024048096,6394651930.230679,22879.799799813736,282728081.58279127,46242479.26679464,-5.33658008521788e-16,20693411.715767357,1.985693683886921e-20,19809346.212391276,56251419.21278655,5.3330068116124475e-08,0.000998793136545788,0.0843610022230327,2.7617585522687315e-29
400.80160320641284,6521348311.14129,23251.73543473034,308102902.88826406,52902297.30528754,-7.063460292748268e-16,21147679.980680574,1.3304664123611125e-20,20145263.526523694,62365551.17770254,4.9493794774978905e-08,0.0010152086233785422,0.09393214153567539,1.962328900406681e-29
401.00200400801606,6649622673.819917,23618.25413512138,331664724.7285916,60289568.164163485,-9.773589930419833e-16,21658201.06157183,8.911577902148157e-21,20530085.646704976,68356643.58036916,4.6066854141327346e-08,0.0010340563226400238,0.10371708174859497,1.3474452456127023e-29
401.2024048096192,6779496627.233989,23979.97749842151,353540673.1975331,68452569.69820638,-1.4135702640731766e-15,22222680.658821892,5.9624880065288796e-21,20965812.815663695,74187222.85032016,4.3015500692557225e-08,0.0010554485151132702,0.11339055047801745,8.901132949814736e-30
401.40280561122245,6910996498.824056,24337.463898176822,373859107.77926373,77438226.93897916,-2.1316052126409955e-15,22839242.777327735,3.989906189770359e-21,21453100.30993481,79861282.97083378,4.030916863381688e-08,0.0010794350002189936,0.12285147894177166,5.9976635083172285e-30
401.60320641282567,7044149334.048789,24691.20650987222,392750470.6104166,87293847.69045672,-3.349575681808624e-15,23506321.00484736,2.6700211614757414e-21,21991859.73875417,85402780.98466529,3.791923295322362e-08,0.001106086148740787,0.1320821168026733,4.006461634154953e-30
401.80360721442884,7178980370.818093,25041.624338535905,410345109.0797738,98067596.30823396,-5.504680034362523e-15,24222665.21553999,1.7841073204080718e-21,22581535.092783358,90843378.13131985,3.581899891212377e-08,0.0011355108861667038,0.14111559857447098,2.682687961774986e-30
402.00400801603206,7315508767.484447,25389.02190701267,426755452.9016093,109801810.09443408,-9.3536728711183e-15,24987436.12048547,1.1947203162703382e-21,23221494.31709503,96211965.02532609,3.39869161532252e-08,0.0011670342178610837,0.14999218454124041,1.7946680615296356e-30
402.2044088176353,7453752450.366086,25733.68476291723,442108987.419489,122546218.31315729,-1.699138895813782e-14,25799993.527394585,7.948045129645663e-22,23910941.24182037,101543445.06777908,3.240021085846779e-08,0.0012012824932489917,0.1587678864191872,1.1927129150868795e-30
402.40480961923845,7593721743.007897,26075.793727536635,456506274.0021567,136341736.2330112,-3.2660327987052723e-14,26660101.339098223,5.251862241966202e-22,24649302.465866335,106866133.07058512,3.1042324541030964e-08,0.0012380301211614708,0.16749024321497427,7.878982243263599e-31
402.6052104208417,7735421647.335987,26415.466016004066,470030633.1524107,151222374.83252135,-6.673176828479852e-14,27567781.672602657,3.4949351394782935e-22,25436212.43454471,112203783.29783536,2.9901117170390046e-08,0.0012772429177704148,0.17619984554346885,5.244780086153395e-31
402.8056112224449,7878854462.868964,26752.79744556189,482763664.90427285,167221095.0745468,-1.414031743628349e-13,28523202.558862627,2.38175470547838e-22,26271406.143106658,117579796.88871352,2.8965924702589794e-08,0.0013189011811758566,0.18493706087109058,3.5759793501905945e-31
403.0060120240481,8024018921.810969,27087.8705192092,494796411.26693994,184374912.47664595,-3.114923400282481e-13,29526763.758616082,1.6522707400518093e-22,27154734.20434928,123020547.6801668,2.8226501427255037e-08,0.0013629952769954295,0.1937478345624624,2.4812277247574735e-31
403.2064128256513,8170907794.76512,27420.722245459434,506204079.66468084,202714309.37267965,-7.443256897376256e-13,30579115.443042573,1.1662525909968065e-22,28086318.154963367,128548133.74489893,2.767704348615684e-08,0.0014095297366071887,0.20267121639124558,1.7511807308500064e-31
403.4068136272545,8319510848.825502,27751.37281905124,517056156.51238024,222266686.4297219,-1.8547362189589724e-12,31681023.719731614,8.13469141616422e-23,29066416.6891431,134182954.06487747,2.731407589833225e-08,0.0014585151841325782,0.21174346719099457,1.2208263358825618e-31
403.60721442885773,8469812377.559456,28079.809144248007,527409719.6488633,243053134.08007443,-4.756565088219888e-12,32833462.536407117,5.548847372622808e-23,30095536.70840243,139941801.9727047,2.71385827011736e-08,0.0015099750296131546,0.22099494149617088,8.324164728964252e-32
403.8076152304609,8621792358.046198,28406.003231038252,537315501.8899454,265090034.0470082,-1.2002379801884947e-11,34037550.211939186,3.6440727630047836e-23,31174374.213885117,145839362.20305437,2.715527605969172e-08,0.0015639417571995727,0.23045249324099534,5.463642477370996e-32
404.0080160320641,8775428309.056189,28729.923016706565,546821386.9576318,288390010.4682407,-3.331126310207497e-11,35294459.36074636,2.0900891645487078e-23,32303722.209934622,151888975.479983,2.737246572126388e-08,0.0016204537643843616,0.24014068829937388,3.1316573944948983e-32
404.20841683366734,8930690975.896936,29051.507052097597,555962988.9495416,312957332.69601077,-8.777292388555476e-11,36605585.63134892,1.0233723158687736e-23,33484667.164917827,158099982.14971015,2.780520933076536e-08,0.0016795645786841689,0.2500774682518935,1.5329600067471154e-32
404.40881763527057,9087550163.156721,29370.712292763867,564777642.8865683,338792728.98060894,-2.640532224938602e-10,37972276.38414369,2.20334014808635e-24,34718281.96254406,164481505.4422121,2.8473496599440044e-08,0.0017413263511891792,0.26028037753101957,3.2933245108556374e-33
404.60921843687373,9245970042.219364,29687.47163107789,573292189.2442644,365889386.208691,-7.898595987099679e-10,39396053.761523634,-1.2621429737820255e-24,36005876.85427801,171039109.50632304,2.9404371365057038e-08,0.0018058041829541777,0.27076109075588406,-1.90313831191873e-33
404.80961923847696,9405914698.526373,30001.74211887928,581536615.7188094,394236630.445484,-2.3335654980676338e-09,40878335.060308866,-2.5506663732039573e-24,37348696.70966656,177778160.37137216,3.0632749455850874e-08,0.0018730612456990588,0.28153096788345555,-3.828433270997716e-33
405.0100200400802,9567344730.766546,30313.47300320017,589535068.4400952,423817238.7535373,-8.002615992465118e-09,42420600.86144211,-2.1085105574310623e-24,38748100.53696695,184701642.83909458,3.220482735070493e-08,0.0019431649379204872,0.29259726794090146,-3.160391258425663e-33
405.21042084168334,9730219204.552444,30622.621926115662,597310342.8194411,454608584.9918534,-2.026045558278239e-08,44024295.26794143,-1.1769435946345318e-24,40205454.747520454,191811191.52917063,3.4180127862269604e-08,0.002016183139079469,0.30396494053332623,-1.7682133134405604e-33
405.41082164328657,9894496210.58147,30929.150241729873,604882352.5560964,486581445.17069626,-1.5461699618826737e-08,45690786.32201041,7.697954319174046e-25,41722087.72190632,199106532.14081275,3.6658654683618997e-08,0.002092184633599538,0.31563582735365475,1.1518582616319155e-33
405.6112224448898,10060130207.113163,31233.021677883495,612268258.9615152,519701941.8498102,5.335217893898361e-09,47421528.22757026,2.1455416673406088e-24,43299469.70026283,206585982.29850888,3.9722592693486726e-08,0.0021712429120534665,0.32760928131188294,3.215939766161031e-33
405.811623246493,10227074926.3055,31534.206142826282,619483207.5074921,553930237.4955456,4.0200392788460297e-08,49217893.40044462,2.3008467581605363e-24,44939025.79450855,214246259.26968428,4.3498017639080356e-08,0.002253430164251597,0.3398819648316448,3.450535251880069e-33
406.0120240480962,10395286191.365635,31832.68556728538,626542146.9533955,589220930.6240076,4.0052126876316624e-08,51081032.308468536,2.586525861524142e-24,46641976.02611681,222082885.4914707,4.8224451942695323e-08,0.0023388087877103765,0.3524484836728008,3.87958531929688e-33
406.2124248496994,10564713869.651384,32128.43818185649,633455189.9080852,625522856.3282799,1.4919332444922283e-09,53012286.83368133,2.3045945035993193e-24,48409804.31662214,230089350.03718293,5.4062938045736126e-08,0.0024274542473885696,0.36530002885002444,3.457184390271685e-33
406.4128256513026,10735309964.23056,32421.453646225156,640232767.576249,662780464.8137918,-5.787590849413093e-08,55012792.32263262,1.5848334801801358e-24,50243806.39940928,238258250.49557713,6.132712706011107e-08,0.0025194328938403406,0.37842619515732423,2.377938528246556e-33
406.6132264529058,10907030497.56157,32711.735779132054,646887399.4481729,700935513.0707294,-2.5280648026013434e-08,57083405.55018367,6.638854233773285e-25,52145007.273208,246581906.3751448,7.058140743580566e-08,0.00261479773585607,0.3918159315469978,9.967266515876997e-34
406.813627254509,11079824316.908411,32999.283937154534,653424900.3636991,739921160.0972228,1.083176678667043e-07,59225195.18802437,-3.910938221078924e-26,54114720.46702772,255049765.6661014,8.219190851176342e-08,0.0027136163977130746,0.40545348820984733,-5.793821358138488e-35
407.01402805611224,11253645387.758091,33284.110054714285,659853857.73276,779670110.487397,2.6300946477249626e-07,61438930.382411785,-4.531844999992832e-25,56153957.49943211,263651541.20641693,9.704310709961356e-08,0.002815941289199272,0.41932331496300085,-6.795101843072431e-34
407.2144288577154,11428451342.689156,33566.23558376084,666184457.8157359,820114163.6594725,2.0553493558356247e-07,63725149.48880286,-9.306276519832828e-25,58263504.85425846,272376929.1846356,1.1652201657775132e-07,0.0029218133949237917,0.43340962076901735,-1.395985237474035e-33
407.4148296593186,11604194033.00589,33845.68450616776,672421522.2233536,861174981.6749957,-9.716173132523086e-08,66084504.41372508,-1.0370172617105048e-24,60444335.52647447,281212681.8833319,1.415668516061297e-07,0.003031283639098514,0.44769180681416937,-1.5558136310853528e-33
407.61523046092185,11780831086.810293,34122.48816411295,678572441.5182731,902777080.6003231,-4.013280859550718e-07,68517366.39040637,-8.39760508500841e-25,62697124.69744691,290146427.599027,1.7452284950048928e-07,0.003144387718708388,0.462150469872257,-1.2600591952321313e-33
407.8156312625251,11958323145.12918,34396.68389677252,684645245.3055152,944844818.9855368,-1.7620613695412483e-07,71023921.76193036,-5.892346551190037e-25,65022366.62176691,299165770.57677025,2.1873725262839156e-07,0.003261152175880454,0.47676599006498893,-8.842887071610648e-34
408.01603206412824,12136629114.258963,34668.31665091095,690645902.8041599,987295428.6682125,9.356106247552883e-07,73604307.87078704,-3.6874214469163178e-25,67420555.08376083,308256491.1826899,2.771549003911668e-07,0.003381603800525502,0.49151566338743297,-5.533814508970068e-34
408.21643286573146,12315712936.488749,34937.433481853644,696581483.5734216,1030050727.0881138,9.830601620509547e-06,76258446.00141875,-2.4597622797002766e-25,69891943.06790799,317405351.988914,3.559192131515939e-07,0.003505757123821628,0.5063782373315265,-3.691018174532492e-34
408.4168336673347,12495540687.968864,35204.08456949726,702458598.7490445,1073033000.7148709,0.00010432713716958201,78986128.43333876,-1.651182689091497e-25,72436656.08641487,326599048.4479805,4.6452250862822594e-07,0.0036336202111750537,0.5213322570128199,-2.477653940032677e-34
408.61723446893785,12676079746.77526,35468.3251793826,708283300.0330113,1116163019.347311,0.001084874534794594,81787028.44818719,-1.1059272230971925e-25,75054715.81935851,335823764.52086824,6.163844433708401e-07,0.003765195930219041,0.5363552883369557,-1.6594728287493478e-34
408.8176352705411,12857299959.977507,35730.21433100329,714061528.9449325,1159362402.8359306,0.011866243827025938,84660676.77976094,-7.407323251049354e-26,77746001.71582441,345065730.43926954,8.319553072936577e-07,0.0039004799680698375,0.5514248244013776,-1.1114870059238119e-34
409.0180360721443,13039173674.978449,35989.8143436961,719799114.7403713,1202554067.9084976,0.13884087442196624,87606467.67698681,-4.9612997341121937e-26,80510254.34581318,354311316.7157579,1.1427343121086631e-06,0.0040394609730142784,0.566518459872825,-7.444548583483628e-35
409.2184368737475,13221675802.296984,36247.19052484044,725501771.884871,1245662634.9904516,1.7396807894952302,90623662.13589773,-3.323002279416767e-26,83347076.3321437,363547115.8260146,1.5979947179296792e-06,0.004182120590236919,0.5816140337644482,-4.986235548010923e-35
409.4188376753507,13404783855.007635,36502.41084434923,731175097.2626524,1288614818.2192254,23.34036793816591,93711392.41113834,-2.2257640473734166e-26,86255934.60338753,372760021.8103086,2.2760173093585523e-06,0.004328433564040586,0.5966897688032249,-3.3397330703815753e-35
409.6192384769539,13588477967.171171,36755.54562357364,736824564.4089876,1331339780.0061202,335.1980764867496,96868667.2886842,-1.4914747148290637e-26,89236163.59209007,381937302.849941,3.3031540729621047e-06,0.004478367888844602,0.611724399350289,-2.237245130901456e-35
409.81963927855713,13772740893.742033,37006.66724068776,742455515.65312,1373769448.402662,5150.579726276553,100094377.9691319,-1.0060106012239606e-26,92286969.23459978,391066666.6268938,4.886695854660939e-06,0.004631885001725791,0.6266972877296456,-1.5019369767474795e-35
410.0200400801603,13957557993.462065,37255.84985263851,748073152.9585947,1415838795.8637295,84574.25271259423,103387304.47124277,-7.545802124954862e-27,95407433.68760042,400136318.2872923,7.37245467224337e-06,0.004788940012235753,0.6415885286975593,-1.0441408314024363e-35
410.2204408817635,14142917196.194204,37503.16913332172,753682528.135664,1457486078.5891044,1463840.1180297676,106746122.47235548,-3.525896823809983e-26,98596520.68159896,409135010.9003948,1.1347312849801945e-05,0.004949481965479291,0.6563790418119473,-1.5962879504486974e-35
410.42084168336675,14328808956.193773,37748.70202747825,759288532.9898068,1498653036.2442203,22006778.595691785,110169410.50345178,-1.170660416861161e-16,101853081.43074647,418052088.394776,1.782494921251888e-05,0.005113454134384298,0.6710506515674834,-2.3565221299780434e-27
410.6212424849699,14471641029.709215,37935.72918789316,763585908.1474768,1529845916.8699884,95778320.37096116,112835879.80613853,-99998.81749782996,104393957.15111774,424824990.24627393,2.555370248494029e-05,0.0052414134597294415,0.6822017744560269,-2.6092301811660533e-07
410.82164328657313,0.0,2.4953398112393056e+289,9.245843021163145e-309,2.159027e-318,1.2773406722085014e+294,6.335088388184372e+173,2.43036932194e-313,4.946608029462091e+173,2.6171580944465444e+289,-1.4287432979640574e-101,3e-323,1.4759862789544536e+294,4.4783575246076364e+297
411.02204408817636,3.708447e-318,5.211458938127578e+289,2.738976378388535e+289,9.272951849007676e-309,1.4536774485912138e+135,6.025067270329021e+173,6.644274977363095e+173,2.4303693222e-313,4.946608029462091e+173,2.6171580944465375e+289,-1.4287432979640574e-101,3e-323,1.4759862789544536e+294
411.2224448897796,5.359731810140096e+297,1.592766839099523e-308,0.0,2.495339810586966e+289,9.245843021163145e-309,2.159027e-318,1.2773406722085014e+294,6.335135562714682e+173,8.051569347087205e+250,5.4e-323,2.373526928574051e+289,-1.3653340215606802e-125,1.41494016248e-313
411.42284569138275,3.281114771822143e-309,3.535219790983148e+224,3.366788031426267e-309,2.0014152194420896e-300,1.592766839261416e-308,0.0,2.495339810643691e+289,9.245843021163145e-309,2.159027e-318,1.2773406722085014e+294,8.05158573423253e+250,5.4e-323,2.373545516285407e+289
411.62324649298597,-1.3653340215606802e-125,1.41494016248e-313,3.281114771822143e-309,7.975714616670536e+297,3.708447e-318,3.3366280199187887e+289,2.738976378388535e+289,9.272951849007676e-309,1.4536774485912138e+135,6.025067270329021e+173,8.051602121628403e+250,5.4e-323,2.3735696803101698e+289
411.8236472945892,-1.3653340215606802e-125,1.41494016248e-313,3.281114771822143e-309,8.956710045613042e+297,1.5927668394556924e-308,0.0,2.4953398112393056e+289,9.245843021163145e-309,2.159027e-318,1.2773406722085014e+294,6.335187454698024e+173,2.430369323e-313,4.946608029462091e+173
412.02404809619236,2.6171580944465474e+289,-1.4287432979640574e-101,3e-323,1.4759862789544536e+294,1.071946362271652e+298,3.708447e-318,6.9168888901225775e+289,2.738976378388535e+289,9.272951849007676e-309,1.4536774485912138e+135,6.025067270329021e+173,8.0516458211278e+250,5.4e-323
412.2244488977956,2.3735696803101698e+289,-1.3653340215606802e-125,1.41494016248e-313,3.281114771822143e-309,1.2681444470199388e+298,1.592766839714725e-308,0.0,2.4953398112393056e+289,9.245843021163145e-309,2.159027e-318,1.2773406722085014e+294,6.335225194322272e+173,2.43036932337e-313
412.4248496993988,4.946608029462091e+173,2.6171580944465474e+289,-1.4287432979640574e-101,3e-323,1.4759862789544536e+294,1.595143924496138e+298,3.708447e-318,5.211458938127578e+289,2.738976378388535e+289,9.272951849007676e-309,1.4536774485912138e+135,6.025067270329021e+173,8.051689520627198e+250
412.62525050100203,5.4e-323,2.3735566689122206e+289,-1.3653340215606802e-125,1.41494016248e-313,3.281114771822143e-309,1.7913420091226083e+298,1.9221433988065968e+298,3.708447e-318,2.605729469063789e+289,2.738976378388535e+289,9.272951849007676e-309,1.4536774485912138e+135,6.025067270329021e+173
412.8256513026052,6.644435370766187e+173,2.43036932387e-313,4.946608029462091e+173,2.6171580944465375e+289,-1.4287432979640574e-101,3e-323,1.4759862789544536e+294,2.4054915061428127e+298,1.592766840200412e-308,0.0,2.495339810586966e+289,9.245843021163145e-309,2.159027e-318
413.0260521042084,1.2773406722085014e+294,6.335295956117737e+173,8.051755069959644e+250,5.4e-323,2.373526928574051e+289,-1.3653340215606802e-125,1.41494016248e-313,3.281114771822143e-309,3.4195481792344592e+224,3.367509509994267e-309,1.0005370369497228e-302,1.592766840362305e-308,0.0
413.22645290581164,2.495339810643691e+289,9.245843021163145e-309,2.159027e-318,1.2773406722085014e+294,8.051771457104926e+250,5.4e-323,2.3735380812008646e+289,-1.3653340215606802e-125,1.41494016248e-313,3.281114771822143e-309,3.4518846277195493e+298,1.592766840459444e-308,0.0
413.4268537074148,2.4953398112393056e+289,9.245843021163145e-309,2.159027e-318,1.2773406722085014e+294,6.335333695741985e+173,2.4303693245e-313,4.946608029462091e+173,2.6171580944465474e+289,-1.4287432979640574e-101,3e-323,1.4759862789544536e+294,4.1058835833723923e+298,3.708447e-318
413.62725450901803,6.9168888901225775e+289,2.738976378388535e+289,9.272951849007676e-309,1.4536774485912138e+135,6.025067270329021e+173,8.051815156687966e+250,5.4e-323,2.3735696803101698e+289,-1.3653340215606802e-125,1.41494016248e-313,3.281114771822143e-309,4.81097900702842e+298,1.592766840718477e-308
413.82765531062125,0.0,2.4953398112393056e+289,9.245843021163145e-309,2.159027e-318,1.2773406722085014e+294,6.335371435366234e+173,2.4303693249e-313,4.946608029462091e+173,2.6171580944465474e+289,-1.4287432979640574e-101,3e-323,1.4759862789544536e+294,6.118976918821372e+298
414.0280561122245,3.708447e-318,6.9168888901225775e+289,2.738976378388535e+289,9.272951849007676e-309,1.4536774485912138e+135,6.025067270329021e+173,8.051858856187363e+250,5.4e-323,2.3735696803101698e+289,-1.3653340215606802e-125,1.41494016248e-313,3.281114771822143e-309,6.903769255439099e+298
414.22845691382764,1.5927668409775095e-308,0.0,2.4953398112393056e+289,9.245843021163145e-309,2.159027e-318,1.2773406722085014e+294,6.335409174990482e+173,2.4303693253e-313,4.946608029462091e+173,2.6171580944465444e+289,-1.4287432979640574e-101,3e-323,1.4759862789544536e+294
414.42885771543087,8.211767167719316e+298,3.708447e-318,5.211458938127578e+289,2.738976378388535e+289,9.272951849007676e-309,1.4536774485912138e+135,-1.5690895419194908e-231,5.429696393123354e+173,2.43036931285e-313,4.946608029462091e+173,2.6171580944465444e+289,-1.4287432979640574e-101,3e-323
414.6292585170341,1.4759862789544536e+294,-1.649603781593001e-231,5.429701110792333e+173,2.430369313e-313,4.946608029462091e+173,2.6171580944465375e+289,-1.4287432979640574e-101,3e-323,1.4759862789544536e+294,-1.649607467247891e-231,5.429701111008281e+173,2.43036931315e-313,4.946608029462091e+173
414.82965931863725,2.6171580944465375e+289,-1.4287432979640574e-101,3e-323,1.4759862789544536e+294,-1.6496111529027808e-231,5.429701111224229e+173,2.4303693133e-313,4.946608029462091e+173,2.6171580944465375e+289,-1.4287432979640574e-101,3e-323,1.4759862789544536e+294,-1.6496148385576706e-231
415.0300601202405,5.429701111440177e+173,2.43036931344e-313,4.946608029462091e+173,2.6171580944465375e+289,-1.4287432979640574e-101,3e-323,1.4759862789544536e+294,-1.6496185242125604e-231,5.429701111656125e+173,2.4303693136e-313,4.946608029462091e+173,2.6171580944465375e+289,-1.4287432979640574e-101
415.2304609218437,3e-323,1.4759862789544536e+294,-1.6496222098674502e-231,5.429701111872072e+173,2.43036931374e-313,4.946608029462091e+173,2.6171580944465375e+289,-1.4287432979640574e-101,3e-323,1.4759862789544536e+294,-1.406794116561166e-231,5.1315797405e-314,-1.2888322913555338e-231
415.43086172344687,1.592766833530318e-308,0.0,2.495339810643691e+289,9.245843021163145e-309,2.159027e-318,1.2773406722085014e+294,3.575052761347032e+294,3.708447e-318,3.8238937204887887e+289,2.738976378388535e+289,9.272951849007676e-309,1.4536774485912138e+135,-1.5690895419194908e-231
415.6312625250501,1.5927668335950763e-308,0.0,2.4953398107571415e+289,9.245843021163145e-309,2.159027e-318,1.2773406722085014e+294,3.894387210872587e+294,8.050635269960344e+250,5.4e-323,2.3735696803101698e+289,-1.3653340215606802e-125,1.41494016248e-313,3.281114771822143e-309
415.8316633266533,5.429691675821317e+173,4.373388885198109e+294,3.708447e-318,6.9168888901225775e+289,2.738976378388535e+289,9.272951849007676e-309,1.4536774485912138e+135,-1.5690895419194908e-231,5.429696395138868e+173,2.43036931423e-313,4.946608029462091e+173,2.6171580944465474e+289,-1.4287432979640574e-101
416.03206412825654,3e-323,1.4759862789544536e+294,-1.6496381810386395e-231,1.592766833854109e-308,0.0,2.4953398112393056e+289,9.245843021163145e-309,2.159027e-318,1.2773406722085014e+294,5.234098825540733e+294,8.050678969459731e+250,5.4e-323,2.3735696803101698e+289
416.2324649298597,-1.3653340215606802e-125,1.41494016248e-313,3.281114771822143e-309,5.429691675821317e+173,6.192102174191786e+294,3.708447e-318,6.9168888901225775e+289,2.738976378388535e+289,9.272951849007676e-309,1.4536774485912138e+135,-1.5690895419194908e-231,5.429696395714729e+173,2.43036931463e-313
416.4328657314629,4.946608029462091e+173,2.6171580944465474e+289,-1.4287432979640574e-101,3e-323,1.4759862789544536e+294,-1.649648009451679e-231,1.5927668341131417e-308,0.0,2.4953398112393056e+289,9.245843021163145e-309,2.159027e-318,1.2773406722085014e+294,7.788774421745174e+294
416.63326653306615,8.050722668959118e+250,5.4e-323,2.3735696803101698e+289,-1.3653340215606802e-125,1.41494016248e-313,3.281114771822143e-309,5.429691675821317e+173,8.746777770396236e+294,3.708447e-318,6.9168888901225775e+289,2.738976378388535e+289,9.272951849007676e-309,1.4536774485912138e+135
416.8336673346693,-1.5690895419194908e-231,5.42969639629059e+173,2.43036931502e-313,4.946608029462091e+173,2.6171580944465444e+289,-1.4287432979640574e-101,3e-323,1.4759862789544536e+294,-1.6496578378647186e-231,1.5927668343721744e-308,0.0,2.4953398110407675e+289,9.245843021163145e-309
417.03406813627254,2.159027e-318,1.2773406722085014e+294,1.0468197651081466e+295,8.050766368458506e+250,5.4e-323,2.3735566689122206e+289,-1.3653340215606802e-125,1.41494016248e-313,3.281114771822143e-309,5.429691675821317e+173,1.2384204348383608e+295,8.050782755770777e+250,5.4e-323
417.23446893787576,2.373526928574051e+289,-1.3653340215606802e-125,1.41494016248e-313,3.281114771822143e-309,5.429691675821317e+173,1.4300211045536946e+295,8.050799143083047e+250,5.4e-323,2.373526928574051e+289,-1.3653340215606802e-125,1.41494016248e-313,3.281114771822143e-309,5.429691675821317e+173
417.434869739479,1.6216217742690283e+295,8.050815530395318e+250,5.4e-323,2.373526928574051e+289,-1.3653340215606802e-125,1.41494016248e-313,3.281114771822143e-309,5.429691675821317e+173,1.8132224439843621e+295,8.050831917707588e+250,5.4e-323,2.373526928574051e+289,-1.3653340215606802e-125
417.63527054108215,1.41494016248e-313,3.281114771822143e-309,5.429691675821317e+173,2.004823113699696e+295,8.050848305019858e+250,5.4e-323,2.373526928574051e+289,-1.3653340215606802e-125,1.41494016248e-313,3.281114771822143e-309,5.429691675821317e+173,2.3491070898665063e+295,8.050864692332128e+250
417.8356713426854,5.4e-323,2.373526928574051e+289,-1.3653340215606802e-125,1.41494016248e-313,3.281114771822143e-309,5.429691675821317e+173,2.732308429297174e+295,8.050881079644399e+250,5.4e-323,2.373526928574051e+289,-1.3653340215606802e-125,1.41494016248e-313,3.281114771822143e-309
418.0360721442886,5.429691675821317e+173,3.1155097687278414e+295,8.050897466956669e+250,5.4e-323,2.373526928574051e+289,-1.3653340215606802e-125,1.41494016248e-313,3.281114771822143e-309,5.429691675821317e+173,3.498711108158509e+295,8.050913854268939e+250,5.4e-323,2.373526928574051e+289
418.23647294589176,-1.3653340215606802e-125,1.41494016248e-313,3.281114771822143e-309,2.8411901204910163e+224,7.5487698801102e+208,1.6305379042901525e+241,3.881912447455836e+295,3.708447e-318,2.849362319348789e+289,2.738976378388535e+289,9.272951849007676e-309,1.4536774485912138e+135,-1.5690895419194908e-231
418.436873747495,1.592766835408305e-308,0.0,2.4953398107571415e+289,9.245843021163145e-309,2.159027e-318,1.2773406722085014e+294,4.187279060432586e+295,8.050941166456055e+250,5.4e-323,2.3735696803101698e+289,-1.3653340215606802e-125,1.41494016248e-313,3.281114771822143e-309
418.6372745490982,5.429691675821317e+173,4.953681739353472e+295,3.708447e-318,6.9168888901225775e+289,2.738976378388535e+289,9.272951849007676e-309,1.4536774485912138e+135,-1.5690895419194908e-231,5.429696399169894e+173,2.430369317e-313,4.946608029462091e+173,2.6171580944465474e+289,-1.4287432979640574e-101
418.8376753507014,3e-323,1.4759862789544536e+294,-1.6497069799299163e-231,1.592766835667338e-308,0.0,2.4953398112393056e+289,9.245843021163145e-309,2.159027e-318,1.2773406722085014e+294,6.2310195373961395e+295,8.050984865955442e+250,5.4e-323,2.3735696803101698e+289
419.0380761523046,-1.3653340215606802e-125,1.41494016248e-313,3.281114771822143e-309,5.429691675821317e+173,6.9974222163170325e+295,3.708447e-318,6.9168888901225775e+289,2.738976378388535e+289,9.272951849007676e-309,1.4536774485912138e+135,-1.5690895419194908e-231,5.429696399745755e+173,2.4303693174e-313
419.2384769539078,4.946608029462091e+173,2.6171580944465474e+289,-1.4287432979640574e-101,3e-323,1.4759862789544536e+294,-1.649716808342956e-231,1.5927668359263705e-308,0.0,2.4953398112393056e+289,9.245843021163145e-309,2.159027e-318,1.2773406722085014e+294,8.374558120865173e+295
419.43887775551104,8.05102856545483e+250,5.4e-323,2.3735696803101698e+289,-1.3653340215606802e-125,1.41494016248e-313,3.281114771822143e-309,5.429691675821317e+173,9.907363478706973e+295,3.708447e-318,6.9168888901225775e+289,2.738976378388535e+289,9.272951849007676e-309,1.4536774485912138e+135
419.6392785571142,-1.5690895419194908e-231,5.429696400321616e+173,2.4303693178e-313,4.946608029462091e+173,2.6171580944465474e+289,-1.4287432979640574e-101,3e-323,1.4759862789544536e+294,-1.6497266367559954e-231,1.592766836185403e-308,0.0,2.4953398112393056e+289,9.245843021163145e-309
419.83967935871743,2.159027e-318,1.2773406722085014e+294,1.2462039074792279e+296,8.051072264954217e+250,5.4e-323,2.3735566689122206e+289,-1.3653340215606802e-125,1.41494016248e-313,3.281114771822143e-309,5.429691675821317e+173,1.3994844432634094e+296,3.708447e-318,5.211458938127578e+289
420.04008016032066,2.738976378388535e+289,9.272951849007676e-309,1.4536774485912138e+135,-1.5690895419194908e-231,5.429696400897477e+173,2.4303693182e-313,4.946608029462091e+173,2.6171580944465444e+289,-1.4287432979640574e-101,3e-323,1.4759862789544536e+294,-1.649736465169035e-231,1.592766836444436e-308
420.2404809619238,0.0,2.4953398110407675e+289,9.245843021163145e-309,2.159027e-318,1.2773406722085014e+294,1.6749116241730346e+296,-1.7302545104438893e-231,1.592766836541573e-308,0.0,2.495339810586966e+289,9.245843021163145e-309,2.159027e-318,1.2773406722085014e+294
420.44088176352705,1.9814726957175675e+296,-1.730258196098779e-231,1.5927668366387104e-308,0.0,2.495339810586966e+289,9.245843021163145e-309,2.159027e-318,1.2773406722085014e+294,2.2880337672621005e+296,-1.730261881753669e-231,1.5927668367358477e-308,0.0,2.495339810586966e+289
420.64128256513027,9.245843021163145e-309,2.159027e-318,1.2773406722085014e+294,2.5945948388066335e+296,-1.7302655674085587e-231,1.592766836832985e-308,0.0,2.495339810586966e+289,9.245843021163145e-309,2.159027e-318,1.2773406722085014e+294,2.9011559103511664e+296,-1.7302692530634486e-231
420.8416833667335,1.592766836930122e-308,0.0,2.495339810586966e+289,9.245843021163145e-309,2.159027e-318,1.2773406722085014e+294,3.2077169818956994e+296,-1.7302729387183384e-231,1.5927668370272595e-308,0.0,2.495339810586966e+289,9.245843021163145e-309,2.159027e-318
421.04208416833666,1.2773406722085014e+294,3.75857134373878e+296,-1.7302766243732282e-231,1.5927668371243967e-308,0.0,2.495339810586966e+289,9.245843021163145e-309,2.159027e-318,1.2773406722085014e+294,4.371693486827846e+296,-1.730280310028118e-231,1.592766837221534e-308,0.0
421.2424849699399,2.495339810586966e+289,9.245843021163145e-309,2.159027e-318,1.2773406722085014e+294,4.9848156299169116e+296,-1.730283995683008e-231,1.592766837318671e-308,0.0,2.495339810586966e+289,9.245843021163145e-309,2.159027e-318,1.2773406722085014e+294,5.5979377730059775e+296
421.4428857715431,-1.7302876813378977e-231,1.5927668374158085e-308,0.0,2.495339810586966e+289,9.245843021163145e-309,2.159027e-318,1.2773406722085014e+294,6.2110599160950435e+296,-1.7302913669927876e-231,1.592766837512946e-308,0.0,2.495339810586966e+289,9.245843021163145e-309
421.64328657314627,2.159027e-318,1.2773406722085014e+294,7.108394592084849e+296,-1.7302950526476774e-231,1.592766837610083e-308,0.0,2.495339810586966e+289,9.245843021163145e-309,2.159027e-318,1.2773406722085014e+294,2.23419647527799e+272,3.365748253517824e-309,1.109904979779998e-302
421.8436873747495,8.051312612200842e+250,5.4e-323,2.3735306461163222e+289,-1.3653340215606802e-125,1.41494016248e-313,3.281114771822143e-309,5.429691675821317e+173,2.4303693202e-313,4.946608029462091e+173,2.617158094446542e+289,-1.4287432979640574e-101,3e-323,1.4759862789544536e+294
422.0440881763527,8.051323537075693e+250,5.4e-323,2.3735380812008646e+289,-1.3653340215606802e-125,1.41494016248e-313,3.281114771822143e-309,5.429691675821317e+173,1.0378379355321921e+297,3.708447e-318,6.9168888901225775e+289,2.738976378388535e+289,9.272951849007676e-309,1.4536774485912138e+135
422.24448897795594,-1.5690895419194908e-231,5.429696404208678e+173,2.43036932046e-313,4.946608029462091e+173,2.6171580944465474e+289,-1.4287432979640574e-101,3e-323,1.4759862789544536e+294,-1.6497929785440124e-231,1.592766837933874e-308,0.0,2.4953398112393056e+289,9.245843021163145e-309
422.4448897795591,2.159027e-318,1.2773406722085014e+294,1.2422119832190087e+297,8.051367236575081e+250,5.4e-323,2.3735696803101698e+289,-1.3653340215606802e-125,1.41494016248e-313,3.281114771822143e-309,5.429691675821317e+173,1.4216789184360495e+297,3.708447e-318,6.9168888901225775e+289
422.6452905811623,2.738976378388535e+289,9.272951849007676e-309,1.4536774485912138e+135,-1.5690895419194908e-231,5.429696404784539e+173,2.43036932085e-313,4.946608029462091e+173,2.6171580944465474e+289,-1.4287432979640574e-101,3e-323,1.4759862789544536e+294,-1.649802806957052e-231,1.5927668381929066e-308
422.84569138276555,0.0,2.4953398112393056e+289,9.245843021163145e-309,2.159027e-318,1.2773406722085014e+294,1.8304270138096804e+297,8.051410936074469e+250,5.4e-323,2.3735696803101698e+289,-1.3653340215606802e-125,1.41494016248e-313,3.281114771822143e-309,5.429691675821317e+173
423.0460921843687,2.0756758710643888e+297,3.708447e-318,6.9168888901225775e+289,2.738976378388535e+289,9.272951849007676e-309,1.4536774485912138e+135,-1.5690895419194908e-231,5.4296964053604e+173,2.43036932125e-313,4.946608029462091e+173,2.6171580944465474e+289,-1.4287432979640574e-101,3e-323
423.24649298597194,1.4759862789544536e+294,-1.6498126353700915e-231,1.5927668384519393e-308,0.0,2.4953398112393056e+289,9.245843021163145e-309,2.159027e-318,1.2773406722085014e+294,2.4844239664380174e+297,8.051454635573856e+250,5.4e-323,2.3735696803101698e+289,-1.3653340215606802e-125
423.44689378757516,1.41494016248e-313,3.281114771822143e-309,5.429691675821317e+173,2.843357836872108e+297,3.708447e-318,6.9168888901225775e+289,2.738976378388535e+289,9.272951849007676e-309,1.4536774485912138e+135,-1.5690895419194908e-231,5.429696405936261e+173,2.43036932165e-313,4.946608029462091e+173
423.6472945891784,2.6171580944465444e+289,-1.4287432979640574e-101,3e-323,1.4759862789544536e+294,-1.649822463783131e-231,1.592766838710972e-308,0.0,2.4953398110407675e+289,9.245843021163145e-309,2.159027e-318,1.2773406722085014e+294,3.660854027619361e+297,8.051498335073243e+250
423.84769539078155,5.4e-323,2.3735566689122206e+289,-1.3653340215606802e-125,1.41494016248e-313,3.281114771822143e-309,5.429691675821317e+173,4.151351742128787e+297,3.708447e-318,5.211458938127578e+289,2.738976378388535e+289,9.272951849007676e-309,1.4536774485912138e+135,-1.5690895419194908e-231
424.0480961923848,5.429696406512122e+173,4.641849456638109e+297,3.708447e-318,2.605729469063789e+289,2.738976378388535e+289,9.272951849007676e-309,1.4536774485912138e+135,-1.5690895419194908e-231,5.42969640672807e+173,5.1323471711093635e+297,3.708447e-318,2.605729469063789e+289,2.738976378388535e+289
424.248496993988,9.272951849007676e-309,1.4536774485912138e+135,-1.5690895419194908e-231,5.429696406944017e+173,6.01371415013454e+297,3.708447e-318,2.605729469063789e+289,2.738976378388535e+289,9.272951849007676e-309,1.4536774485912138e+135,-1.5690895419194908e-231,5.429696407159965e+173,6.994709579077049e+297
424.44889779559117,3.708447e-318,2.605729469063789e+289,2.738976378388535e+289,9.272951849007676e-309,1.4536774485912138e+135,-1.5690895419194908e-231,5.429696407375913e+173,7.975705008019558e+297,3.708447e-318,2.605729469063789e+289,2.738976378388535e+289,9.272951849007676e-309,1.4536774485912138e+135
424.6492985971944,-1.5690895419194908e-231,5.429696407591861e+173,8.956700436962067e+297,3.708447e-318,2.605729469063789e+289,2.738976378388535e+289,9.272951849007676e-309,1.4536774485912138e+135,-1.5690895419194908e-231,5.429696407807809e+173,9.937695865904576e+297,3.708447e-318,2.605729469063789e+289
424.8496993987976,2.738976378388535e+289,9.272951849007676e-309,1.4536774485912138e+135,-1.5690895419194908e-231,5.429696408023757e+173,1.1373431347640778e+298,3.708447e-318,2.605729469063789e+289,2.738976378388535e+289,9.272951849007676e-309,1.4536774485912138e+135,-1.5690895419194908e-231,5.429696408239705e+173
425.0501002004008,1.3335422205525796e+298,3.708447e-318,2.605729469063789e+289,2.738976378388535e+289,9.272951849007676e-309,1.4536774485912138e+135,-1.5690895419194908e-231,5.429696408455652e+173,1.5297413063410814e+298,3.708447e-318,2.605729469063789e+289,2.738976378388535e+289,9.272951849007676e-309
425.250501002004,1.4536774485912138e+135,-1.5690895419194908e-231,5.4296964086716e+173,1.7259403921295832e+298,3.708447e-318,2.605729469063789e+289,2.738976378388535e+289,9.272951849007676e-309,1.4536774485912138e+135,-1.5690895419194908e-231,5.429696408887548e+173,1.922139477918085e+298,3.708447e-318
425.4509018036072,2.605729469063789e+289,2.738976378388535e+289,9.272951849007676e-309,1.4536774485912138e+135,-1.5690895419194908e-231,5.429696409103496e+173,2.143886879002495e+298,3.708447e-318,2.605729469063789e+289,2.738976378388535e+289,9.272951849007676e-309,1.4536774485912138e+135,-1.5690895419194908e-231
425.65130260521045,5.429696409319444e+173,2.5362850505794988e+298,3.708447e-318,2.605729469063789e+289,2.738976378388535e+289,9.272951849007676e-309,1.4536774485912138e+135,-1.5690895419194908e-231,5.429696409535392e+173,2.9286832221565023e+298,3.708447e-318,2.605729469063789e+289,2.738976378388535e+289
425.8517034068136,9.272951849007676e-309,1.4536774485912138e+135,-1.5690895419194908e-231,5.42969640975134e+173,3.321081393733506e+298,3.708447e-318,2.605729469063789e+289,2.738976378388535e+289,9.272951849007676e-309,1.4536774485912138e+135,-1.5690895419194908e-231,5.429682152372554e+173,-1.2882297539648213e-231
426.05210420841684,5.429675256366496e+173,2.4303693244e-313,4.946608029462091e+173,2.6171580944465383e+289,-1.4287432979640574e-101,3e-323,1.4759862789544536e+294,8.051787844256683e+250,5.4e-323,2.3735380812008646e+289,-1.3653340215606802e-125,1.41494016248e-313,3.281114771822143e-309
426.25250501002006,5.429691675821317e+173,3.975078346331391e+298,3.708447e-318,6.9168888901225775e+289,2.738976378388535e+289,9.272951849007676e-309,1.4536774485912138e+135,-1.5690895419194908e-231,5.4296964103272e+173,2.43036932466e-313,4.946608029462091e+173,2.6171580944465474e+289,-1.4287432979640574e-101
426.4529058116232,3e-323,1.4759862789544536e+294,-1.6498974054325575e-231,1.592766840686096e-308,0.0,2.4953398112393056e+289,9.245843021163145e-309,2.159027e-318,1.2773406722085014e+294,5.072570101036973e+298,8.051831543756072e+250,5.4e-323,2.3735696803101698e+289
426.65330661322645,-1.3653340215606802e-125,1.41494016248e-313,3.281114771822143e-309,5.429691675821317e+173,5.857366444252111e+298,3.708447e-318,6.9168888901225775e+289,2.738976378388535e+289,9.272951849007676e-309,1.4536774485912138e+135,-1.5690895419194908e-231,5.429696410903062e+173,2.43036932505e-313
426.85370741482967,4.946608029462091e+173,2.6171580944465474e+289,-1.4287432979640574e-101,3e-323,1.4759862789544536e+294,-1.649907233845597e-231,1.592766840945129e-308,0.0,2.4953398112393056e+289,9.245843021163145e-309,2.159027e-318,1.2773406722085014e+294,7.165360349447651e+298
427.05410821643284,8.051875243255459e+250,5.4e-323,2.3735696803101698e+289,-1.3653340215606802e-125,1.41494016248e-313,3.281114771822143e-309,5.429691675821317e+173,7.950156692662797e+298,3.708447e-318,6.9168888901225775e+289,2.738976378388535e+289,9.272951849007676e-309,1.4536774485912138e+135
427.25450901803606,-1.5690895419194908e-231,5.738859413320303e+173,2.4303693128e-313,4.946608029462091e+173,2.6171580944465474e+289,-1.4287432979640574e-101,3e-323,1.4759862789544536e+294,-1.6496025530601174e-231,1.592766832915116e-308,0.0,2.4953398112393056e+289,9.245843021163145e-309
427.4549098196393,2.159027e-318,1.2773406722085014e+294,1.548026761693601e+294,8.050520558857802e+250,5.4e-323,2.3735696803101698e+289,-1.3653340215606802e-125,1.41494016248e-313,3.281114771822143e-309,5.738854677662698e+173,1.787527598856356e+294,3.708447e-318,6.9168888901225775e+289
427.6553106212425,2.738976378388535e+289,9.272951849007676e-309,1.4536774485912138e+135,-1.5690895419194908e-231,5.738859395468614e+173,2.4303693132e-313,4.946608029462091e+173,2.6171580944465474e+289,-1.4287432979640574e-101,3e-323,1.4759862789544536e+294,-1.649612381473157e-231,1.5927668331741487e-308
427.8557114228457,0.0,2.4953398112393056e+289,9.245843021163145e-309,2.159027e-318,1.2773406722085014e+294,2.1866956607447114e+294,8.05056425835719e+250,5.4e-323,2.3735566689122206e+289,-1.3653340215606802e-125,1.41494016248e-313,3.281114771822143e-309,5.738854677662698e+173
428.0561122244489,2.4261964979074686e+294,3.708447e-318,5.211458938127578e+289,2.738976378388535e+289,9.272951849007676e-309,1.4536774485912138e+135,-1.5690895419194908e-231,5.738859396044475e+173,2.4303693136e-313,4.946608029462091e+173,2.6171580944465444e+289,-1.4287432979640574e-101,3e-323
428.2565130260521,1.4759862789544536e+294,-1.6496222098861965e-231,1.5927668334331814e-308,0.0,2.4953398110407675e+289,9.245843021163145e-309,2.159027e-318,1.2773406722085014e+294,3.096053523387202e+294,8.050607957856577e+250,5.4e-323,2.3735566689122206e+289,-1.3653340215606802e-125
428.4569138276553,1.41494016248e-313,3.281114771822143e-309,5.738854677662698e+173,3.575055197712721e+294,8.050624345168848e+250,5.4e-323,2.373526928574051e+289,-1.3653340215606802e-125,1.41494016248e-313,3.281114771822143e-309,5.738854677662698e+173,4.0540568720010555e+294,8.050640732481118e+250
428.6573146292585,5.4e-323,2.373526928574051e+289,-1.3653340215606802e-125,1.41494016248e-313,3.281114771822143e-309,5.738854677662698e+173,4.53305854628939e+294,8.050657119793389e+250,5.4e-323,2.373526928574051e+289,-1.3653340215606802e-125,1.41494016248e-313,3.281114771822143e-309
428.85771543086173,5.738854677662698e+173,5.0120602205777245e+294,8.050673507105659e+250,5.4e-323,2.373526928574051e+289,-1.3653340215606802e-125,1.41494016248e-313,3.281114771822143e-309,5.738854677662698e+173,5.872772597323235e+294,8.050689894417929e+250,5.4e-323,2.373526928574051e+289
429.05811623246495,-1.3653340215606802e-125,1.41494016248e-313,3.281114771822143e-309,5.738854677662698e+173,6.830775945899904e+294,8.0507062817302e+250,5.4e-323,2.373526928574051e+289,-1.3653340215606802e-125,1.41494016248e-313,3.281114771822143e-309,5.738854677662698e+173,7.788779294476573e+294
429.2585170340681,8.05072266904247e+250,5.4e-323,2.373526928574051e+289,-1.3653340215606802e-125,1.41494016248e-313,3.281114771822143e-309,5.738854677662698e+173,8.746782643053242e+294,8.05073905635474e+250,5.4e-323,2.373526928574051e+289,-1.3653340215606802e-125,1.41494016248e-313
429.45891783567134,3.281114771822143e-309,5.738854677662698e+173,9.704785991629911e+294,8.05075544366701e+250,5.4e-323,2.373526928574051e+289,-1.3653340215606802e-125,1.41494016248e-313,3.281114771822143e-309,5.738854677662698e+173,1.1106876295595394e+295,8.05077183097928e+250,5.4e-323
429.65931863727457,2.373526928574051e+289,-1.3653340215606802e-125,1.41494016248e-313,3.281114771822143e-309,5.738854677662698e+173,1.3022882992748732e+295,8.050788218291551e+250,5.4e-323,2.373526928574051e+289,-1.3653340215606802e-125,1.41494016248e-313,3.281114771822143e-309,5.738854677662698e+173
429.85971943887773,1.493888968990207e+295,8.050804605603821e+250,5.4e-323,2.373526928574051e+289,-1.3653340215606802e-125,1.41494016248e-313,3.281114771822143e-309,5.738854677662698e+173,1.6854896387055407e+295,8.050820992916091e+250,5.4e-323,2.373526928574051e+289,-1.3653340215606802e-125
430.06012024048096,1.41494016248e-313,3.281114771822143e-309,5.738854677662698e+173,1.8770903084208745e+295,8.050837380228361e+250,5.4e-323,2.373526928574051e+289,-1.3653340215606802e-125,1.41494016248e-313,3.281114771822143e-309,5.738854677662698e+173,2.0936414793088635e+295,8.050853767540632e+250
430.2605210420842,5.4e-323,2.373526928574051e+289,-1.3653340215606802e-125,1.41494016248e-313,3.281114771822143e-309,5.738854677662698e+173,2.476842818739531e+295,8.050870154852902e+250,5.4e-323,2.373526928574051e+289,-1.3653340215606802e-125,1.41494016248e-313,3.281114771822143e-309
430.4609218436874,5.738854677662698e+173,2.8600441581701986e+295,8.050886542165172e+250,5.4e-323,2.373526928574051e+289,-1.3653340215606802e-125,1.41494016248e-313,3.281114771822143e-309,5.738854677662698e+173,3.243245497600866e+295,8.050902929477442e+250,5.4e-323,2.373526928574051e+289
430.66132264529057,-1.3653340215606802e-125,1.41494016248e-313,3.281114771822143e-309,5.738854677662698e+173,3.626446837031534e+295,8.050919316789713e+250,5.4e-323,2.373526928574051e+289,-1.3653340215606802e-125,1.41494016248e-313,3.281114771822143e-309,5.738854677662698e+173,4.0096481764622013e+295
430.8617234468938,8.050935704101983e+250,5.4e-323,2.373526928574051e+289,-1.3653340215606802e-125,1.41494016248e-313,3.281114771822143e-309,1.594102477868541e+224,8.93332583880677e+208,1.7972382651121488e+241,4.698218077592015e+295,3.708447e-318,2.849362319348789e+289,2.738976378388535e+289
431.062124248497,9.272951849007676e-309,1.4536774485912138e+135,-1.5690895419194908e-231,1.592766835537822e-308,0.0,2.495339810870592e+289,9.245843021163145e-309,2.159027e-318,1.2773406722085014e+294,5.2091531970399675e+295,3.708447e-318,3.3366280199187887e+289,2.738976378388535e+289
431.2625250501002,9.272951849007676e-309,1.4536774485912138e+135,-1.5690895419194908e-231,5.738859401083259e+173,2.43036931705e-313,4.946608029462091e+173,2.6171580944465474e+289,-1.4287432979640574e-101,3e-323,1.4759862789544536e+294,-1.6497082085002925e-231,1.5927668356997174e-308,0.0
431.4629258517034,2.4953398112393056e+289,9.245843021163145e-309,2.159027e-318,1.2773406722085014e+294,6.486490995142188e+295,8.050990328476216e+250,5.4e-323,2.3735696803101698e+289,-1.3653340215606802e-125,1.41494016248e-313,3.281114771822143e-309,5.738854677662698e+173,7.252893674063082e+295
431.6633266533066,3.708447e-318,6.9168888901225775e+289,2.738976378388535e+289,9.272951849007676e-309,1.4536774485912138e+135,-1.5690895419194908e-231,5.73885940165912e+173,2.43036931745e-313,4.946608029462091e+173,2.6171580944465474e+289,-1.4287432979640574e-101,3e-323,1.4759862789544536e+294
431.86372745490985,-1.649718036913332e-231,1.59276683595875e-308,0.0,2.4953398112393056e+289,9.245843021163145e-309,2.159027e-318,1.2773406722085014e+294,8.88550103635727e+295,8.051034027975603e+250,5.4e-323,2.3735696803101698e+289,-1.3653340215606802e-125,1.41494016248e-313
432.064128256513,3.281114771822143e-309,5.738854677662698e+173,1.0418306394199073e+296,3.708447e-318,6.9168888901225775e+289,2.738976378388535e+289,9.272951849007676e-309,1.4536774485912138e+135,-1.5690895419194908e-231,5.738859402234981e+173,2.43036931784e-313,4.946608029462091e+173,2.6171580944465474e+289
432.26452905811624,-1.4287432979640574e-101,3e-323,1.4759862789544536e+294,-1.6497278653263716e-231,1.592766836217783e-308,0.0,2.4953398112393056e+289,9.245843021163145e-309,2.159027e-318,1.2773406722085014e+294,1.2972981990284376e+296,8.05107772747499e+250,5.4e-323
432.46492985971946,2.3735696803101698e+289,-1.3653340215606802e-125,1.41494016248e-313,3.281114771822143e-309,5.738854677662698e+173,1.4505787348126193e+296,3.708447e-318,6.9168888901225775e+289,2.738976378388535e+289,9.272951849007676e-309,1.4536774485912138e+135,-1.5690895419194908e-231,5.738859402810842e+173
432.6653306613226,2.43036931824e-313,4.946608029462091e+173,2.6171580944465474e+289,-1.4287432979640574e-101,3e-323,1.4759862789544536e+294,-1.649737693739411e-231,1.5927668364768155e-308,0.0,2.4953398112393056e+289,9.245843021163145e-309,2.159027e-318,1.2773406722085014e+294
432.86573146292585,1.777100207271454e+296,8.051121426974378e+250,5.4e-323,2.3735696803101698e+289,-1.3653340215606802e-125,1.41494016248e-313,3.281114771822143e-309,5.738854677662698e+173,2.0836612788398203e+296,3.708447e-318,6.9168888901225775e+289,2.738976378388535e+289,9.272951849007676e-309
433.0661322645291,1.4536774485912138e+135,-1.5690895419194908e-231,5.738859403386703e+173,2.43036931863e-313,4.946608029462091e+173,2.6171580944465444e+289,-1.4287432979640574e-101,3e-323,1.4759862789544536e+294,-1.6497475221524507e-231,1.592766836735848e-308,0.0,2.4953398110407675e+289
433.2665330661323,9.245843021163145e-309,2.159027e-318,1.2773406722085014e+294,2.5945963980568753e+296,8.051165126473765e+250,5.4e-323,2.3735566689122206e+289,-1.3653340215606802e-125,1.41494016248e-313,3.281114771822143e-309,5.738854677662698e+173,2.9011574696252444e+296,3.708447e-318
433.46693386773546,5.211458938127578e+289,2.738976378388535e+289,9.272951849007676e-309,1.4536774485912138e+135,-1.5690895419194908e-231,5.738859403962564e+173,2.43036931903e-313,4.946608029462091e+173,2.6171580944465444e+289,-1.4287432979640574e-101,3e-323,1.4759862789544536e+294,-1.6497573505654902e-231
433.6673346693387,5.738864121631542e+173,2.43036931918e-313,4.946608029462091e+173,2.6171580944465375e+289,-1.4287432979640574e-101,3e-323,1.4759862789544536e+294,-1.64976103622038e-231,5.73886412184749e+173,2.4303693193e-313,4.946608029462091e+173,2.6171580944465375e+289,-1.4287432979640574e-101
433.8677354709419,3e-323,1.4759862789544536e+294,-1.64976472187527e-231,5.738864122063438e+173,2.43036931947e-313,4.946608029462091e+173,2.6171580944465375e+289,-1.4287432979640574e-101,3e-323,1.4759862789544536e+294,-1.6497684075301597e-231,5.738864122279386e+173,2.4303693196e-313
434.0681362725451,4.946608029462091e+173,2.6171580944465375e+289,-1.4287432979640574e-101,3e-323,1.4759862789544536e+294,-1.6497720931850495e-231,5.738864122495334e+173,2.43036931977e-313,4.946608029462091e+173,2.6171580944465375e+289,-1.4287432979640574e-101,3e-323,1.4759862789544536e+294
434.2685370741483,-1.6497757788399394e-231,5.738864122711282e+173,2.4303693199e-313,4.946608029462091e+173,2.6171580944465375e+289,-1.4287432979640574e-101,3e-323,1.4759862789544536e+294,-1.6497794644948292e-231,5.73886412292723e+173,2.43036932006e-313,4.946608029462091e+173,2.6171580944465375e+289
434.4689378757515,-1.4287432979640574e-101,3e-323,1.4759862789544536e+294,-1.649783150149719e-231,5.738864123143177e+173,2.4303693202e-313,4.946608029462091e+173,2.6171580944465375e+289,-1.4287432979640574e-101,3e-323,1.4759862789544536e+294,-1.649786835804609e-231,5.738864123359125e+173
434.6693386773547,2.43036932036e-313,4.946608029462091e+173,2.6171580944465375e+289,-1.4287432979640574e-101,3e-323,1.4759862789544536e+294,-1.6497905214594987e-231,5.738864123575073e+173,2.4303693205e-313,4.946608029462091e+173,2.6171580944465375e+289,-1.4287432979640574e-101,3e-323
434.8697394789579,1.4759862789544536e+294,-1.6497942071143885e-231,5.738864123791021e+173,2.43036932066e-313,4.946608029462091e+173,2.6171580944465375e+289,-1.4287432979640574e-101,3e-323,1.4759862789544536e+294,-1.6497978927692784e-231,5.738864124006969e+173,2.4303693208e-313,4.946608029462091e+173
435.07014028056113,2.6171580944465375e+289,-1.4287432979640574e-101,3e-323,1.4759862789544536e+294,-1.6498015784241682e-231,5.738864124222917e+173,2.43036932095e-313,4.946608029462091e+173,2.6171580944465375e+289,-1.4287432979640574e-101,3e-323,1.4759862789544536e+294,-1.649805264079058e-231
435.2705410821643,5.738864124438865e+173,2.4303693211e-313,4.946608029462091e+173,2.6171580944465375e+289,-1.4287432979640574e-101,3e-323,1.4759862789544536e+294,-1.6498089497339478e-231,5.738864124654813e+173,2.43036932125e-313,4.946608029462091e+173,2.6171580944465375e+289,-1.4287432979640574e-101
435.4709418837675,3e-323,1.4759862789544536e+294,-1.6498126353888377e-231,5.73886412487076e+173,2.4303693214e-313,4.946608029462091e+173,2.6171580944465375e+289,-1.4287432979640574e-101,3e-323,1.4759862789544536e+294,-1.6498163210437275e-231,5.738864125086708e+173,2.43036932155e-313
435.67134268537075,4.946608029462091e+173,2.6171580944465375e+289,-1.4287432979640574e-101,3e-323,1.4759862789544536e+294,-1.6498200066986173e-231,5.738864125302656e+173,2.4303693217e-313,4.946608029462091e+173,2.6171580944465375e+289,-1.4287432979640574e-101,3e-323,1.4759862789544536e+294
435.87174348697397,-1.6498236923535072e-231,5.738864125518604e+173,2.43036932184e-313,4.946608029462091e+173,2.6171580944465375e+289,-1.4287432979640574e-101,3e-323,1.4759862789544536e+294,-1.649827378008397e-231,5.738864125734552e+173,2.430369322e-313,4.946608029462091e+173,2.6171580944465375e+289
436.07214428857714,-1.4287432979640574e-101,3e-323,1.4759862789544536e+294,-1.6498310636632868e-231,5.7388641259505e+173,2.43036932214e-313,4.946608029462091e+173,2.6171580944465375e+289,-1.4287432979640574e-101,3e-323,1.4759862789544536e+294,-1.6498347493181767e-231,5.738864126166448e+173
436.27254509018036,2.4303693223e-313,4.946608029462091e+173,2.6171580944465375e+289,-1.4287432979640574e-101,3e-323,1.4759862789544536e+294,-1.6498384349730665e-231,5.738864126382395e+173,2.43036932244e-313,4.946608029462091e+173,2.6171580944465375e+289,-1.4287432979640574e-101,3e-323
436.4729458917836,1.4759862789544536e+294,-1.6498421206279563e-231,5.738864126598343e+173,2.4303693226e-313,4.946608029462091e+173,2.6171580944465375e+289,-1.4287432979640574e-101,3e-323,1.4759862789544536e+294,-1.649845806282846e-231,5.738864126814291e+173,2.43036932273e-313,4.946608029462091e+173
436.67334669338675,2.6171580944465375e+289,-1.4287432979640574e-101,3e-323,1.4759862789544536e+294,-1.4065926337001848e-231,5.1374727347e-314,-1.288759806884352e-231,1.5927668394233123e-308,0.0,2.495339810643691e+289,9.245843021163145e-309,2.159027e-318,1.2773406722085014e+294
436.87374749498997,9.283703902724506e+297,3.708447e-318,3.3366280199187887e+289,2.738976378388535e+289,9.272951849007676e-309,1.4536774485912138e+135,-1.5690895419194908e-231,5.738859409721173e+173,2.430369323e-313,4.946608029462091e+173,2.6171580944465474e+289,-1.4287432979640574e-101,3e-323
437.0741482965932,1.4759862789544536e+294,-1.6498556346958857e-231,1.592766839585208e-308,0.0,2.4953398112393056e+289,9.245843021163145e-309,2.159027e-318,1.2773406722085014e+294,1.1373441326537306e+298,8.051645820967026e+250,5.4e-323,2.3735696803101698e+289,-1.3653340215606802e-125
437.2745490981964,1.41494016248e-313,3.281114771822143e-309,5.738854677662698e+173,1.3335432184575073e+298,3.708447e-318,6.9168888901225775e+289,2.738976378388535e+289,9.272951849007676e-309,1.4536774485912138e+135,-1.5690895419194908e-231,5.738859410297034e+173,2.43036932337e-313,4.946608029462091e+173
437.4749498997996,2.6171580944465474e+289,-1.4287432979640574e-101,3e-323,1.4759862789544536e+294,-1.6498654631089252e-231,1.5927668398442405e-308,0.0,2.4953398112393056e+289,9.245843021163145e-309,2.159027e-318,1.2773406722085014e+294,1.6605416947564002e+298,8.051689520466413e+250
437.6753507014028,5.4e-323,2.3735696803101698e+289,-1.3653340215606802e-125,1.41494016248e-313,3.281114771822143e-309,5.738854677662698e+173,1.8567407805601788e+298,3.708447e-318,6.9168888901225775e+289,2.738976378388535e+289,9.272951849007676e-309,1.4536774485912138e+135,-1.5690895419194908e-231
437.87575150300603,5.738859410872895e+173,2.43036932377e-313,4.946608029462091e+173,2.6171580944465474e+289,-1.4287432979640574e-101,3e-323,1.4759862789544536e+294,-1.6498752915219648e-231,1.592766840103273e-308,0.0,2.4953398112393056e+289,9.245843021163145e-309,2.159027e-318
438.0761523046092,1.2773406722085014e+294,2.274688265307461e+298,8.0517332199658e+250,5.4e-323,2.3735696803101698e+289,-1.3653340215606802e-125,1.41494016248e-313,3.281114771822143e-309,5.738854677662698e+173,2.667086436915022e+298,3.708447e-318,6.9168888901225775e+289,2.738976378388535e+289
438.2765531062124,9.272951849007676e-309,1.4536774485912138e+135,-1.5690895419194908e-231,5.738859411448756e+173,2.43036932417e-313,4.946608029462091e+173,2.6171580944465474e+289,-1.4287432979640574e-101,3e-323,1.4759862789544536e+294,-1.6498851199350043e-231,1.592766840362306e-308,0.0
438.47695390781564,2.4953398112393056e+289,9.245843021163145e-309,2.159027e-318,1.2773406722085014e+294,3.3210833895128004e+298,8.051776919465188e+250,5.4e-323,2.3735696803101698e+289,-1.3653340215606802e-125,1.41494016248e-313,3.281114771822143e-309,5.738854677662698e+173,3.713481561120365e+298
438.67735470941886,3.708447e-318,6.9168888901225775e+289,2.738976378388535e+289,9.272951849007676e-309,1.4536774485912138e+135,-1.5690895419194908e-231,5.738859412024617e+173,2.43036932456e-313,4.946608029462091e+173,2.6171580944465474e+289,-1.4287432979640574e-101,3e-323,1.4759862789544536e+294
438.87775551102203,-1.649894948348044e-231,1.5927668406213385e-308,0.0,2.4953398112393056e+289,9.245843021163145e-309,2.159027e-318,1.2773406722085014e+294,4.549376530614922e+298,8.051820618964575e+250,5.4e-323,2.3735566689122206e+289,-1.3653340215606802e-125,1.41494016248e-313
439.07815631262525,3.281114771822143e-309,5.738854677662698e+173,5.334172873830059e+298,3.708447e-318,5.211458938127578e+289,2.738976378388535e+289,9.272951849007676e-309,1.4536774485912138e+135,-1.5690895419194908e-231,5.738859412600478e+173,2.43036932496e-313,4.946608029462091e+173,2.6171580944465444e+289
439.2785571142285,-1.4287432979640574e-101,3e-323,1.4759862789544536e+294,-1.6499047767610834e-231,1.592766840880371e-308,0.0,2.4953398110407675e+289,9.245843021163145e-309,2.159027e-318,1.2773406722085014e+294,6.642166779025601e+298,8.051864318463962e+250,5.4e-323
439.47895791583164,2.3735566689122206e+289,-1.3653340215606802e-125,1.41494016248e-313,3.281114771822143e-309,5.738854677662698e+173,7.426963122240745e+298,3.708447e-318,5.211458938127578e+289,2.738976378388535e+289,9.272951849007676e-309,1.4536774485912138e+135,-1.5690895419194908e-231,5.738859413176339e+173
439.67935871743487,8.21175946545566e+298,3.708447e-318,2.605729469063789e+289,2.738976378388535e+289,9.272951849007676e-309,1.4536774485912138e+135,-1.5690895419194908e-231,6.048022396806118e+173,1.4681943675136388e+294,3.708447e-318,2.605729469063789e+289,2.738976378388535e+289,9.272951849007676e-309
439.8797595190381,1.4536774485912138e+135,-1.5690895419194908e-231,6.048022397022066e+173,1.707695204657806e+294,3.708447e-318,2.605729469063789e+289,2.738976378388535e+289,9.272951849007676e-309,1.4536774485912138e+135,-1.5690895419194908e-231,6.048022397238013e+173,1.9471960418019733e+294,3.708447e-318
440.0801603206413,2.605729469063789e+289,2.738976378388535e+289,9.272951849007676e-309,1.4536774485912138e+135,-1.5690895419194908e-231,6.048022397453961e+173,2.1866968789461405e+294,3.708447e-318,2.605729469063789e+289,2.738976378388535e+289,9.272951849007676e-309,1.4536774485912138e+135,-1.5690895419194908e-231
440.2805611222445,6.048022397669909e+173,2.4261977160903077e+294,3.708447e-318,2.605729469063789e+289,2.738976378388535e+289,9.272951849007676e-309,1.4536774485912138e+135,-1.5690895419194908e-231,6.048022397885857e+173,2.7767215102645086e+294,3.708447e-318,2.605729469063789e+289,2.738976378388535e+289
440.4809619238477,9.272951849007676e-309,1.4536774485912138e+135,-1.5690895419194908e-231,6.048022398101805e+173,3.255723184552843e+294,3.708447e-318,2.605729469063789e+289,2.738976378388535e+289,9.272951849007676e-309,1.4536774485912138e+135,-1.5690895419194908e-231,6.048022398317753e+173,3.7347248588411775e+294
440.6813627254509,3.708447e-318,2.605729469063789e+289,2.738976378388535e+289,9.272951849007676e-309,1.4536774485912138e+135,-1.5690895419194908e-231,6.048022398533701e+173,4.213726533129512e+294,3.708447e-318,2.605729469063789e+289,2.738976378388535e+289,9.272951849007676e-309,1.4536774485912138e+135
440.8817635270541,-1.5690895419194908e-231,6.048022398749648e+173,4.6927282074178464e+294,3.708447e-318,2.605729469063789e+289,2.738976378388535e+289,9.272951849007676e-309,1.4536774485912138e+135,-1.5690895419194908e-231,6.048022398965596e+173,5.234108571003479e+294,3.708447e-318,2.605729469063789e+289
441.0821643286573,2.738976378388535e+289,9.272951849007676e-309,1.4536774485912138e+135,-1.5690895419194908e-231,6.048022399181544e+173,6.192111919580148e+294,3.708447e-318,2.605729469063789e+289,2.738976378388535e+289,9.272951849007676e-309,1.4536774485912138e+135,-1.5690895419194908e-231,6.048022399397492e+173
441.28256513026054,7.150115268156817e+294,3.708447e-318,2.605729469063789e+289,2.738976378388535e+289,9.272951849007676e-309,1.4536774485912138e+135,-1.5690895419194908e-231,6.04802239961344e+173,8.108118616733486e+294,3.708447e-318,2.605729469063789e+289,2.738976378388535e+289,9.272951849007676e-309
441.48296593186376,1.4536774485912138e+135,-1.5690895419194908e-231,6.048022399829388e+173,9.066121965310155e+294,3.708447e-318,2.605729469063789e+289,2.738976378388535e+289,9.272951849007676e-309,1.4536774485912138e+135,-1.5690895419194908e-231,6.048022400045336e+173,1.0024125313886824e+295,3.708447e-318
441.6833667334669,2.605729469063789e+289,2.738976378388535e+289,9.272951849007676e-309,1.4536774485912138e+135,-1.5690895419194908e-231,6.048022400261284e+173,1.174555494010922e+295,3.708447e-318,2.605729469063789e+289,2.738976378388535e+289,9.272951849007676e-309,1.4536774485912138e+135,-1.5690895419194908e-231
441.88376753507015,6.048022400477231e+173,1.3661561637262557e+295,3.708447e-318,2.605729469063789e+289,2.738976378388535e+289,9.272951849007676e-309,1.4536774485912138e+135,-1.5690895419194908e-231,6.048022400693179e+173,1.5577568334415895e+295,3.708447e-318,2.605729469063789e+289,2.738976378388535e+289
442.0841683366734,9.272951849007676e-309,1.4536774485912138e+135,-1.5690895419194908e-231,6.048022400909127e+173,1.7493575031569233e+295,3.708447e-318,2.605729469063789e+289,2.738976378388535e+289,9.272951849007676e-309,1.4536774485912138e+135,-1.5690895419194908e-231,6.048022401125075e+173,1.940958172872257e+295
442.28456913827654,3.708447e-318,2.605729469063789e+289,2.738976378388535e+289,9.272951849007676e-309,1.4536774485912138e+135,-1.5690895419194908e-231,6.048022401341023e+173,2.2213772082116287e+295,3.708447e-318,2.605729469063789e+289,2.738976378388535e+289,9.272951849007676e-309,1.4536774485912138e+135
442.48496993987976,-1.5690895419194908e-231,6.048022401556971e+173,2.604578547642296e+295,3.708447e-318,2.605729469063789e+289,2.738976378388535e+289,9.272951849007676e-309,1.4536774485912138e+135,-1.5690895419194908e-231,6.048022401772919e+173,2.987779887072964e+295,3.708447e-318,2.605729469063789e+289
442.685370741483,2.738976378388535e+289,9.272951849007676e-309,1.4536774485912138e+135,-1.5690895419194908e-231,6.048022401988866e+173,3.3709812265036314e+295,3.708447e-318,2.605729469063789e+289,2.738976378388535e+289,9.272951849007676e-309,1.4536774485912138e+135,-1.5690895419194908e-231,6.048022402204814e+173
442.88577154308615,3.754182565934299e+295,3.708447e-318,2.605729469063789e+289,2.738976378388535e+289,9.272951849007676e-309,1.4536774485912138e+135,-1.5690895419194908e-231,6.048022402420762e+173,4.187286856802827e+295,3.708447e-318,2.605729469063789e+289,2.738976378388535e+289,9.272951849007676e-309
443.0861723446894,1.4536774485912138e+135,-1.5690895419194908e-231,6.04802240263671e+173,4.953689535664162e+295,3.708447e-318,2.605729469063789e+289,2.738976378388535e+289,9.272951849007676e-309,1.4536774485912138e+135,-1.5690895419194908e-231,6.048022402852658e+173,5.720092214525497e+295,3.708447e-318
443.2865731462926,2.605729469063789e+289,2.738976378388535e+289,9.272951849007676e-309,1.4536774485912138e+135,-1.5690895419194908e-231,6.048008163829419e+173,-1.2882297539647793e-231,6.048001253930738e+173,2.43036931715e-313,4.946608029462091e+173,2.6171580944465383e+289,-1.4287432979640574e-101,3e-323
443.48697394789576,1.4759862789544536e+294,8.050984866122141e+250,5.4e-323,2.373545516285407e+289,-1.3653340215606802e-125,1.41494016248e-313,3.281114771822143e-309,6.048017679504078e+173,2.43036931725e-313,4.946608029462091e+173,2.61715809444654e+289,-1.4287432979640574e-101,3e-323
443.687374749499,1.4759862789544536e+294,-1.6497131227255585e-231,1.5927668358292343e-308,0.0,2.4953398112393056e+289,9.245843021163145e-309,2.159027e-318,1.2773406722085014e+294,7.508365131749569e+295,8.05101217830926e+250,5.4e-323,2.3735696803101698e+289,-1.3653340215606802e-125
443.8877755511022,1.41494016248e-313,3.281114771822143e-309,6.048017679504078e+173,8.374573713486721e+295,3.708447e-318,6.9168888901225775e+289,2.738976378388535e+289,9.272951849007676e-309,1.4536774485912138e+135,-1.5690895419194908e-231,6.048022403788432e+173,2.43036931764e-313,4.946608029462091e+173
444.08817635270543,2.6171580944465474e+289,-1.4287432979640574e-101,3e-323,1.4759862789544536e+294,-1.649722951138598e-231,1.592766836088267e-308,0.0,2.4953398112393056e+289,9.245843021163145e-309,2.159027e-318,1.2773406722085014e+294,1.0929249309572032e+296,8.051055877808647e+250
444.2885771543086,5.4e-323,2.3735696803101698e+289,-1.3653340215606802e-125,1.41494016248e-313,3.281114771822143e-309,6.048017679504078e+173,1.2462054667413842e+296,3.708447e-318,6.9168888901225775e+289,2.738976378388535e+289,9.272951849007676e-309,1.4536774485912138e+135,-1.5690895419194908e-231
444.4889779559118,6.048022404364293e+173,2.43036931804e-313,4.946608029462091e+173,2.6171580944465474e+289,-1.4287432979640574e-101,3e-323,1.4759862789544536e+294,-1.6497327795516376e-231,1.5927668363472996e-308,0.0,2.4953398112393056e+289,9.245843021163145e-309,2.159027e-318
444.68937875751504,1.2773406722085014e+294,1.5016730263499139e+296,8.051099577308034e+250,5.4e-323,2.3735696803101698e+289,-1.3653340215606802e-125,1.41494016248e-313,3.281114771822143e-309,6.048017679504078e+173,1.67491474269735e+296,3.708447e-318,6.9168888901225775e+289,2.738976378388535e+289
444.8897795591182,9.272951849007676e-309,1.4536774485912138e+135,-1.5690895419194908e-231,6.048022404940154e+173,2.43036931843e-313,4.946608029462091e+173,2.6171580944465474e+289,-1.4287432979640574e-101,3e-323,1.4759862789544536e+294,-1.649742607964677e-231,1.5927668366063323e-308,0.0
445.09018036072143,2.4953398112393056e+289,9.245843021163145e-309,2.159027e-318,1.2773406722085014e+294,2.1858498619144065e+296,8.051143276807422e+250,5.4e-323,2.3735696803101698e+289,-1.3653340215606802e-125,1.41494016248e-313,3.281114771822143e-309,6.048017679504078e+173,2.4924109334827742e+296
445.29058116232466,3.708447e-318,6.9168888901225775e+289,2.738976378388535e+289,9.272951849007676e-309,1.4536774485912138e+135,-1.5690895419194908e-231,6.048022405516015e+173,2.43036931883e-313,4.946608029462091e+173,2.6171580944465474e+289,-1.4287432979640574e-101,3e-323,1.4759862789544536e+294
445.4909819639279,-1.6497524363777167e-231,1.592766836865365e-308,0.0,2.4953398112393056e+289,9.245843021163145e-309,2.159027e-318,1.2773406722085014e+294,3.0033460526998277e+296,8.051186976306809e+250,5.4e-323,2.3735696803101698e+289,-1.3653340215606802e-125,1.41494016248e-313
445.69138276553105,3.281114771822143e-309,6.048017679504078e+173,3.349829485394712e+296,3.708447e-318,6.9168888901225775e+289,2.738976378388535e+289,9.272951849007676e-309,1.4536774485912138e+135,-1.5690895419194908e-231,6.048022406091876e+173,2.4303693192e-313,4.946608029462091e+173,2.6171580944465444e+289
445.89178356713427,-1.4287432979640574e-101,3e-323,1.4759862789544536e+294,-1.6497622647907562e-231,1.5927668371243977e-308,0.0,2.4953398110407675e+289,9.245843021163145e-309,2.159027e-318,1.2773406722085014e+294,4.371699723828813e+296,8.051230675806196e+250,5.4e-323
446.0921843687375,2.3735566689122206e+289,-1.3653340215606802e-125,1.41494016248e-313,3.281114771822143e-309,6.048017679504078e+173,4.98482186696556e+296,3.708447e-318,5.211458938127578e+289,2.738976378388535e+289,9.272951849007676e-309,1.4536774485912138e+135,-1.5690895419194908e-231,6.048022406667737e+173
446.29258517034066,2.4303693196e-313,4.946608029462091e+173,2.6171580944465444e+289,-1.4287432979640574e-101,3e-323,1.4759862789544536e+294,-1.6497720932037958e-231,1.5927668373834304e-308,0.0,2.4953398110407675e+289,9.245843021163145e-309,2.159027e-318,1.2773406722085014e+294
446.4929859719439,6.0066921053996555e+296,-1.73029013847865e-231,1.5927668374805677e-308,0.0,2.495339810586966e+289,9.245843021163145e-309,2.159027e-318,1.2773406722085014e+294,6.699658970694073e+296,-1.73029382413354e-231,1.592766837577705e-308,0.0,2.495339810586966e+289
446.6933867735471,9.245843021163145e-309,2.159027e-318,1.2773406722085014e+294,7.925903256872205e+296,-1.7302975097884297e-231,1.592766837674842e-308,0.0,2.495339810586966e+289,9.245843021163145e-309,2.159027e-318,1.2773406722085014e+294,9.152147543050337e+296,-1.7303011954433195e-231
446.8937875751503,1.5927668377719794e-308,0.0,2.495339810586966e+289,9.245843021163145e-309,2.159027e-318,1.2773406722085014e+294,1.0378391829228468e+297,-1.7303048810982094e-231,1.5927668378691167e-308,0.0,2.495339810586966e+289,9.245843021163145e-309,2.159027e-318
447.0941883767535,1.2773406722085014e+294,1.16046361154066e+297,-1.7303085667530992e-231,1.592766837966254e-308,0.0,2.495339810586966e+289,9.245843021163145e-309,2.159027e-318,1.2773406722085014e+294,1.2830880401584732e+297,-1.730312252407989e-231,1.592766838063391e-308,0.0
447.2945891783567,2.495339810586966e+289,9.245843021163145e-309,2.159027e-318,1.2773406722085014e+294,1.5034310322958988e+297,-1.7303159380628788e-231,1.5927668381605285e-308,0.0,2.495339810586966e+289,9.245843021163145e-309,2.159027e-318,1.2773406722085014e+294,1.7486798895315252e+297
447.49498997995994,-1.7303196237177687e-231,1.5927668382576657e-308,0.0,2.495339810586966e+289,9.245843021163145e-309,2.159027e-318,1.2773406722085014e+294,1.9939287467671516e+297,-1.7303233093726585e-231,1.592766838354803e-308,0.0,2.495339810586966e+289,9.245843021163145e-309
447.6953907815631,2.159027e-318,1.2773406722085014e+294,2.239177604002778e+297,-1.7303269950275483e-231,1.59276683845194e-308,0.0,2.495339810586966e+289,9.245843021163145e-309,2.159027e-318,1.2773406722085014e+294,2.4844264612384043e+297,-1.7303306806824382e-231,1.5927668385490775e-308
447.89579158316633,0.0,2.495339810586966e+289,9.245843021163145e-309,2.159027e-318,1.2773406722085014e+294,2.8433628264347134e+297,-1.730334366337328e-231,1.592766838646215e-308,0.0,2.495339810586966e+289,9.245843021163145e-309,2.159027e-318,1.2773406722085014e+294
448.09619238476955,3.333860540905966e+297,-1.7303380519922178e-231,1.592766838743352e-308,0.0,2.495339810586966e+289,9.245843021163145e-309,2.159027e-318,1.2773406722085014e+294,3.824358255377219e+297,-1.7303417376471077e-231,1.5927668388404893e-308,0.0,2.495339810586966e+289
448.2965931863728,9.245843021163145e-309,2.159027e-318,1.2773406722085014e+294,4.3148559698484716e+297,-1.7303454233019975e-231,1.5927668389376265e-308,0.0,2.495339810586966e+289,9.245843021163145e-309,2.159027e-318,1.2773406722085014e+294,4.8053536843197244e+297,-1.7303491089568873e-231
448.49699398797594,1.592766839034764e-308,0.0,2.495339810586966e+289,9.245843021163145e-309,2.159027e-318,1.2773406722085014e+294,5.359727176555258e+297,-1.7303527946117771e-231,1.592766839131901e-308,0.0,2.495339810586966e+289,9.245843021163145e-309,2.159027e-318
448.69739478957916,1.2773406722085014e+294,6.340722605497764e+297,-1.730356480266667e-231,1.5927668392290383e-308,0.0,2.495339810586966e+289,9.245843021163145e-309,2.159027e-318,1.2773406722085014e+294,7.321718034440269e+297,-1.7303601659215568e-231,1.5927668393261756e-308,0.0
448.8977955911824,2.495339810586966e+289,9.245843021163145e-309,2.159027e-318,1.2773406722085014e+294,8.302713463382775e+297,-1.7303638515764466e-231,1.592766839423313e-308,0.0,2.495339810586966e+289,9.245843021163145e-309,2.159027e-318,1.2773406722085014e+294,9.28370889232528e+297
449.09819639278555,-1.7303675372313365e-231,1.59276683952045e-308,0.0,2.495339810586966e+289,9.245843021163145e-309,2.159027e-318,1.2773406722085014e+294,1.0264704321267786e+298,-1.7303712228862263e-231,1.5927668396175873e-308,0.0,2.495339810586966e+289,9.245843021163145e-309
449.2985971943888,2.159027e-318,1.2773406722085014e+294,1.202744825836719e+298,-1.730374908541116e-231,1.5927668397147246e-308,0.0,2.495339810586966e+289,9.245843021163145e-309,2.159027e-318,1.2773406722085014e+294,1.3989439116252202e+298,-1.730378594196006e-231,1.592766839811862e-308
449.498997995992,0.0,2.495339810586966e+289,9.245843021163145e-309,2.159027e-318,1.2773406722085014e+294,1.5951429974137213e+298,-1.7303822798508958e-231,1.592766839908999e-308,0.0,2.495339810586966e+289,9.245843021163145e-309,2.159027e-318,1.2773406722085014e+294
449.6993987975952,1.7913420832022223e+298,-1.7303859655057856e-231,1.5927668400061364e-308,0.0,2.495339810586966e+289,9.245843021163145e-309,2.159027e-318,1.2773406722085014e+294,1.9875411689907234e+298,-1.7303896511606754e-231,1.5927668401032736e-308,0.0,2.495339810586966e+289
449.8997995991984,9.245843021163145e-309,2.159027e-318,1.2773406722085014e+294,2.2746902611477707e+298,-1.7303933368155653e-231,1.592766840200411e-308,0.0,2.495339810586966e+289,9.245843021163145e-309,2.159027e-318,1.2773406722085014e+294,2.667088432724773e+298,-1.730397022470455e-231
450.1002004008016,1.592766840297548e-308,0.0,2.495339810586966e+289,9.245843021163145e-309,2.159027e-318,1.2773406722085014e+294,3.059486604301775e+298,-1.730400708125345e-231,1.5927668403946854e-308,0.0,2.495339810586966e+289,9.245843021163145e-309,2.159027e-318
450.30060120240483,1.2773406722085014e+294,3.4518847758787773e+298,-1.7304043937802348e-231,1.5927668404918227e-308,0.0,2.495339810586966e+289,9.245843021163145e-309,2.159027e-318,1.2773406722085014e+294,3.8442829474557795e+298,-1.7304080794351246e-231,1.59276684058896e-308,0.0
450.501002004008,2.495339810586966e+289,9.245843021163145e-309,2.159027e-318,1.2773406722085014e+294,4.287781741244207e+298,-1.7304117650900144e-231,1.592766840686097e-308,0.0,2.495339810586966e+289,9.245843021163145e-309,2.159027e-318,1.2773406722085014e+294,5.072578084398211e+298
450.7014028056112,-1.7304154507449043e-231,1.5927668407832344e-308,0.0,2.495339810586966e+289,9.245843021163145e-309,2.159027e-318,1.2773406722085014e+294,5.857374427552215e+298,-1.730419136399794e-231,1.5927668408803717e-308,0.0,2.495339810586966e+289,9.245843021163145e-309
450.90180360721445,2.159027e-318,1.2773406722085014e+294,3.988328401861718e+274,3.36789146991428e-309,9.07386232036166e-301,8.051864318547307e+250,5.4e-323,2.3735306461163222e+289,-1.3653340215606802e-125,1.41494016248e-313,3.281114771822143e-309,6.048017679504078e+173,2.4303693252e-313
451.1022044088176,4.946608029462091e+173,2.61715809444654e+289,-1.4287432979640574e-101,3e-323,1.4759862789544536e+294,-1.6499109195379793e-231,1.592766841042267e-308,0.0,2.4953398112393056e+289,9.245843021163145e-309,2.159027e-318,1.2773406722085014e+294,7.950164675962894e+298
451.30260521042084,8.05189163073443e+250,5.4e-323,2.3735696803101698e+289,-1.3653340215606802e-125,1.41494016248e-313,3.281114771822143e-309,6.357180681345459e+173,1.3883619732779135e+294,3.708447e-318,6.9168888901225775e+289,2.738976378388535e+289,9.272951849007676e-309,1.4536774485912138e+135
451.50300601202406,-1.5690895419194908e-231,6.357185398791465e+173,2.43036931295e-313,4.946608029462091e+173,2.6171580944465474e+289,-1.4287432979640574e-101,3e-323,1.4759862789544536e+294,-1.6496062387524996e-231,1.5927668330122543e-308,0.0,2.4953398112393056e+289,9.245843021163145e-309
451.7034068136272,2.159027e-318,1.2773406722085014e+294,1.7875300351662703e+294,8.050536946336773e+250,5.4e-323,2.3735696803101698e+289,-1.3653340215606802e-125,1.41494016248e-313,3.281114771822143e-309,6.357180681345459e+173,2.027030872329026e+294,3.708447e-318,6.9168888901225775e+289
451.90380761523045,2.738976378388535e+289,9.272951849007676e-309,1.4536774485912138e+135,-1.5690895419194908e-231,6.357185399367326e+173,2.43036931335e-313,4.946608029462091e+173,2.6171580944465474e+289,-1.4287432979640574e-101,3e-323,1.4759862789544536e+294,-1.6496160671655392e-231,1.592766833271287e-308
452.10420841683367,0.0,2.4953398112393056e+289,9.245843021163145e-309,2.159027e-318,1.2773406722085014e+294,2.4261989342173806e+294,8.05058064583616e+250,5.4e-323,2.3735696803101698e+289,-1.3653340215606802e-125,1.41494016248e-313,3.281114771822143e-309,6.357180681345459e+173
452.3046092184369,2.776723946555836e+294,3.708447e-318,6.9168888901225775e+289,2.738976378388535e+289,9.272951849007676e-309,1.4536774485912138e+135,-1.5690895419194908e-231,6.357185399943187e+173,2.43036931374e-313,4.946608029462091e+173,2.6171580944465474e+289,-1.4287432979640574e-101,3e-323
452.50501002004006,1.4759862789544536e+294,-1.6496258955785787e-231,1.5927668335303196e-308,0.0,2.4953398112393056e+289,9.245843021163145e-309,2.159027e-318,1.2773406722085014e+294,3.5750600703325406e+294,8.050624345335547e+250,5.4e-323,2.3735696803101698e+289,-1.3653340215606802e-125
452.7054108216433,1.41494016248e-313,3.281114771822143e-309,6.357180681345459e+173,4.054061744658061e+294,3.708447e-318,6.9168888901225775e+289,2.738976378388535e+289,9.272951849007676e-309,1.4536774485912138e+135,-1.5690895419194908e-231,6.357185400519048e+173,2.43036931414e-313,4.946608029462091e+173
452.9058116232465,2.6171580944465474e+289,-1.4287432979640574e-101,3e-323,1.4759862789544536e+294,-1.6496357239916183e-231,1.5927668337893523e-308,0.0,2.4953398112393056e+289,9.245843021163145e-309,2.159027e-318,1.2773406722085014e+294,4.852397868434761e+294,8.050668044834935e+250
453.1062124248497,5.4e-323,2.3735696803101698e+289,-1.3653340215606802e-125,1.41494016248e-313,3.281114771822143e-309,6.357180681345459e+173,5.55344789311169e+294,3.708447e-318,6.9168888901225775e+289,2.738976378388535e+289,9.272951849007676e-309,1.4536774485912138e+135,-1.5690895419194908e-231
453.3066132264529,6.357185401094909e+173,2.43036931453e-313,4.946608029462091e+173,2.6171580944465474e+289,-1.4287432979640574e-101,3e-323,1.4759862789544536e+294,-1.6496455524046578e-231,1.592766834048385e-308,0.0,2.4953398112393056e+289,9.245843021163145e-309,2.159027e-318
453.5070140280561,1.2773406722085014e+294,7.150120140665081e+294,8.050711744334322e+250,5.4e-323,2.3735566689122206e+289,-1.3653340215606802e-125,1.41494016248e-313,3.281114771822143e-309,6.357180681345459e+173,8.108123489316141e+294,3.708447e-318,5.211458938127578e+289,2.738976378388535e+289
453.70741482965934,9.272951849007676e-309,1.4536774485912138e+135,-1.5690895419194908e-231,6.35718540167077e+173,2.43036931493e-313,4.946608029462091e+173,2.6171580944465444e+289,-1.4287432979640574e-101,3e-323,1.4759862789544536e+294,-1.6496553808176973e-231,1.5927668343074177e-308,0.0
453.9078156312625,2.4953398110407675e+289,9.245843021163145e-309,2.159027e-318,1.2773406722085014e+294,9.704795736869523e+294,8.050755443833709e+250,5.4e-323,2.3735566689122206e+289,-1.3653340215606802e-125,1.41494016248e-313,3.281114771822143e-309,6.357180681345459e+173,1.1106895786223417e+295
454.10821643286573,3.708447e-318,5.211458938127578e+289,2.738976378388535e+289,9.272951849007676e-309,1.4536774485912138e+135,-1.5690895419194908e-231,6.35718540224663e+173,2.4303693153e-313,4.946608029462091e+173,2.6171580944465444e+289,-1.4287432979640574e-101,3e-323,1.4759862789544536e+294
454.30861723446895,-1.649665209230737e-231,6.357190119915609e+173,2.43036931547e-313,4.946608029462091e+173,2.6171580944465375e+289,-1.4287432979640574e-101,3e-323,1.4759862789544536e+294,-1.6496688948856267e-231,6.357190120131557e+173,2.4303693156e-313,4.946608029462091e+173,2.6171580944465375e+289
454.5090180360721,-1.4287432979640574e-101,3e-323,1.4759862789544536e+294,-1.6496725805405166e-231,6.357190120347505e+173,2.43036931577e-313,4.946608029462091e+173,2.6171580944465375e+289,-1.4287432979640574e-101,3e-323,1.4759862789544536e+294,-1.6496762661954064e-231,6.357190120563453e+173
454.70941883767534,2.4303693159e-313,4.946608029462091e+173,2.6171580944465375e+289,-1.4287432979640574e-101,3e-323,1.4759862789544536e+294,-1.6496799518502962e-231,6.357190120779401e+173,2.43036931606e-313,4.946608029462091e+173,2.6171580944465375e+289,-1.4287432979640574e-101,3e-323
454.90981963927857,1.4759862789544536e+294,-1.649683637505186e-231,6.357190120995349e+173,2.4303693162e-313,4.946608029462091e+173,2.6171580944465375e+289,-1.4287432979640574e-101,3e-323,1.4759862789544536e+294,-1.649687323160076e-231,6.357190121211297e+173,2.43036931636e-313,4.946608029462091e+173
455.1102204408818,2.6171580944465375e+289,-1.4287432979640574e-101,3e-323,1.4759862789544536e+294,-1.6496910088149657e-231,6.357190121427244e+173,2.4303693165e-313,4.946608029462091e+173,2.6171580944465375e+289,-1.4287432979640574e-101,3e-323,1.4759862789544536e+294,-1.6496946944698555e-231
455.31062124248496,6.357190121643192e+173,2.43036931666e-313,4.946608029462091e+173,2.6171580944465375e+289,-1.4287432979640574e-101,3e-323,1.4759862789544536e+294,-1.6496983801247454e-231,6.35719012185914e+173,2.4303693168e-313,4.946608029462091e+173,2.6171580944465375e+289,-1.4287432979640574e-101
455.5110220440882,3e-323,1.4759862789544536e+294,-1.6497020657796352e-231,6.357190122075088e+173,2.43036931695e-313,4.946608029462091e+173,2.6171580944465375e+289,-1.4287432979640574e-101,3e-323,1.4759862789544536e+294,-1.649705751434525e-231,6.357190122291036e+173,2.4303693171e-313
455.7114228456914,4.946608029462091e+173,2.6171580944465375e+289,-1.4287432979640574e-101,3e-323,1.4759862789544536e+294,-1.6497094370894149e-231,6.357190122506984e+173,2.43036931725e-313,4.946608029462091e+173,2.6171580944465375e+289,-1.4287432979640574e-101,3e-323,1.4759862789544536e+294
455.91182364729457,-1.6497131227443047e-231,6.357190122722932e+173,2.4303693174e-313,4.946608029462091e+173,2.6171580944465375e+289,-1.4287432979640574e-101,3e-323,1.4759862789544536e+294,-1.6497168083991945e-231,6.35719012293888e+173,2.43036931754e-313,4.946608029462091e+173,2.6171580944465375e+289
456.1122244488978,-1.4287432979640574e-101,3e-323,1.4759862789544536e+294,-1.6497204940540843e-231,6.357190123154827e+173,2.4303693177e-313,4.946608029462091e+173,2.6171580944465375e+289,-1.4287432979640574e-101,3e-323,1.4759862789544536e+294,-1.6497241797089742e-231,6.357190123370775e+173
456.312625250501,2.43036931784e-313,4.946608029462091e+173,2.6171580944465375e+289,-1.4287432979640574e-101,3e-323,1.4759862789544536e+294,-1.649727865363864e-231,6.357190123586723e+173,2.430369318e-313,4.946608029462091e+173,2.6171580944465375e+289,-1.4287432979640574e-101,3e-323
456.51302605210424,1.4759862789544536e+294,-1.6497315510187538e-231,6.357190123802671e+173,2.43036931814e-313,4.946608029462091e+173,2.6171580944465375e+289,-1.4287432979640574e-101,3e-323,1.4759862789544536e+294,-1.6497352366736437e-231,6.357190124018619e+173,2.4303693183e-313,4.946608029462091e+173
456.7134268537074,2.6171580944465375e+289,-1.4287432979640574e-101,3e-323,1.4759862789544536e+294,-1.6497389223285335e-231,6.357190124234567e+173,2.43036931843e-313,4.946608029462091e+173,2.6171580944465375e+289,-1.4287432979640574e-101,3e-323,1.4759862789544536e+294,-1.6497426079834233e-231
456.9138276553106,6.357190124450515e+173,2.4303693186e-313,4.946608029462091e+173,2.6171580944465375e+289,-1.4287432979640574e-101,3e-323,1.4759862789544536e+294,-1.6497462936383132e-231,6.357190124666462e+173,2.43036931873e-313,4.946608029462091e+173,2.6171580944465375e+289,-1.4287432979640574e-101
457.11422845691385,3e-323,1.4759862789544536e+294,-1.649749979293203e-231,6.35719012488241e+173,2.4303693189e-313,4.946608029462091e+173,2.6171580944465375e+289,-1.4287432979640574e-101,3e-323,1.4759862789544536e+294,-1.6497536649480928e-231,6.357190125098358e+173,2.43036931903e-313
457.314629258517,4.946608029462091e+173,2.6171580944465375e+289,-1.4287432979640574e-101,3e-323,1.4759862789544536e+294,-1.6497573506029826e-231,6.357190125314306e+173,2.43036931918e-313,4.946608029462091e+173,2.6171580944465375e+289,-1.4287432979640574e-101,3e-323,1.4759862789544536e+294
457.51503006012024,-1.6497610362578725e-231,6.357190125530254e+173,2.4303693193e-313,4.946608029462091e+173,2.6171580944465375e+289,-1.4287432979640574e-101,3e-323,1.4759862789544536e+294,-1.6497647219127623e-231,6.357190125746202e+173,2.43036931947e-313,4.946608029462091e+173,2.6171580944465375e+289
457.71543086172346,-1.4287432979640574e-101,3e-323,1.4759862789544536e+294,-1.649768407567652e-231,6.35719012596215e+173,2.4303693196e-313,4.946608029462091e+173,2.6171580944465375e+289,-1.4287432979640574e-101,3e-323,1.4759862789544536e+294,-1.649772093222542e-231,6.357190126178097e+173
457.9158316633267,2.43036931977e-313,4.946608029462091e+173,2.6171580944465375e+289,-1.4287432979640574e-101,3e-323,1.4759862789544536e+294,-1.6497757788774318e-231,6.357190126394045e+173,2.4303693199e-313,4.946608029462091e+173,2.6171580944465375e+289,-1.4287432979640574e-101,3e-323
458.11623246492985,1.4759862789544536e+294,-1.6497794645323216e-231,6.357190126609993e+173,2.43036932006e-313,4.946608029462091e+173,2.6171580944465375e+289,-1.4287432979640574e-101,3e-323,1.4759862789544536e+294,-1.6497831501872115e-231,6.357190126825941e+173,2.4303693202e-313,4.946608029462091e+173
458.3166332665331,2.6171580944465375e+289,-1.4287432979640574e-101,3e-323,1.4759862789544536e+294,-1.6497868358421013e-231,6.357190127041889e+173,2.43036932036e-313,4.946608029462091e+173,2.6171580944465375e+289,-1.4287432979640574e-101,3e-323,1.4759862789544536e+294,-1.649790521496991e-231
458.5170340681363,6.357190127257837e+173,2.4303693205e-313,4.946608029462091e+173,2.6171580944465375e+289,-1.4287432979640574e-101,3e-323,1.4759862789544536e+294,-1.649794207151881e-231,6.357190127473785e+173,2.43036932066e-313,4.946608029462091e+173,2.6171580944465375e+289,-1.4287432979640574e-101
458.71743486973946,3e-323,1.4759862789544536e+294,-1.6497978928067708e-231,6.357190127689732e+173,2.4303693208e-313,4.946608029462091e+173,2.6171580944465375e+289,-1.4287432979640574e-101,3e-323,1.4759862789544536e+294,-1.6498015784616606e-231,6.35719012790568e+173,2.43036932095e-313
458.9178356713427,4.946608029462091e+173,2.6171580944465375e+289,-1.4287432979640574e-101,3e-323,1.4759862789544536e+294,-1.6498052641165504e-231,6.357190128121628e+173,2.4303693211e-313,4.946608029462091e+173,2.6171580944465375e+289,-1.4287432979640574e-101,3e-323,1.4759862789544536e+294
459.1182364729459,-1.6498089497714403e-231,6.357190128337576e+173,2.43036932125e-313,4.946608029462091e+173,2.6171580944465375e+289,-1.4287432979640574e-101,3e-323,1.4759862789544536e+294,-1.64981263542633e-231,6.357190128553524e+173,2.4303693214e-313,4.946608029462091e+173,2.6171580944465375e+289
459.3186372745491,-1.4287432979640574e-101,3e-323,1.4759862789544536e+294,-1.64981632108122e-231,6.357190128769472e+173,2.43036932155e-313,4.946608029462091e+173,2.6171580944465375e+289,-1.4287432979640574e-101,3e-323,1.4759862789544536e+294,-1.4065729764429429e-231,5.1366956376e-314
459.5190380761523,-1.28877332100852e-231,1.5927668386462153e-308,0.0,2.495339810643691e+289,9.245843021163145e-309,2.159027e-318,1.2773406722085014e+294,3.333863035706353e+297,3.708447e-318,3.8238937204887887e+289,2.738976378388535e+289,9.272951849007676e-309,1.4536774485912138e+135
459.7194388777555,-1.5690895419194908e-231,1.5927668387109734e-308,0.0,2.4953398107571415e+289,9.245843021163145e-309,2.159027e-318,1.2773406722085014e+294,3.6608615120205216e+297,8.051498335323294e+250,5.4e-323,2.3735696803101698e+289,-1.3653340215606802e-125,1.41494016248e-313
459.9198396793587,3.281114771822143e-309,6.357180681345459e+173,4.1513592265299476e+297,3.708447e-318,6.9168888901225775e+289,2.738976378388535e+289,9.272951849007676e-309,1.4536774485912138e+135,-1.5690895419194908e-231,6.357185412036267e+173,2.43036932204e-313,4.946608029462091e+173,2.6171580944465474e+289
460.1202404809619,-1.4287432979640574e-101,3e-323,1.4759862789544536e+294,-1.6498322922524092e-231,1.592766838970006e-308,0.0,2.4953398112393056e+289,9.245843021163145e-309,2.159027e-318,1.2773406722085014e+294,4.9688554172771955e+297,8.051542034822681e+250,5.4e-323
460.32064128256513,2.3735696803101698e+289,-1.3653340215606802e-125,1.41494016248e-313,3.281114771822143e-309,6.357180681345459e+173,5.686730642546557e+297,3.708447e-318,6.9168888901225775e+289,2.738976378388535e+289,9.272951849007676e-309,1.4536774485912138e+135,-1.5690895419194908e-231,6.357185412612128e+173
460.52104208416836,2.43036932244e-313,4.946608029462091e+173,2.6171580944465474e+289,-1.4287432979640574e-101,3e-323,1.4759862789544536e+294,-1.6498421206654487e-231,1.592766839229039e-308,0.0,2.4953398112393056e+289,9.245843021163145e-309,2.159027e-318,1.2773406722085014e+294
460.7214428857715,7.321723024041043e+297,8.051585734322068e+250,5.4e-323,2.3735696803101698e+289,-1.3653340215606802e-125,1.41494016248e-313,3.281114771822143e-309,6.357180681345459e+173,8.302718453059914e+297,3.708447e-318,6.9168888901225775e+289,2.738976378388535e+289,9.272951849007676e-309
460.92184368737475,1.4536774485912138e+135,-1.5690895419194908e-231,6.357185413187989e+173,2.43036932283e-313,4.946608029462091e+173,2.6171580944465474e+289,-1.4287432979640574e-101,3e-323,1.4759862789544536e+294,-1.6498519490784883e-231,1.5927668394880715e-308,0.0,2.4953398112393056e+289
461.12224448897797,9.245843021163145e-309,2.159027e-318,1.2773406722085014e+294,9.937710834554391e+297,8.051629433821456e+250,5.4e-323,2.3735696803101698e+289,-1.3653340215606802e-125,1.41494016248e-313,3.281114771822143e-309,6.357180681345459e+173,1.137346128509315e+298,3.708447e-318
461.32264529058114,6.9168888901225775e+289,2.738976378388535e+289,9.272951849007676e-309,1.4536774485912138e+135,-1.5690895419194908e-231,6.35718541376385e+173,2.43036932323e-313,4.946608029462091e+173,2.6171580944465474e+289,-1.4287432979640574e-101,3e-323,1.4759862789544536e+294,-1.6498617774915278e-231
461.52304609218436,1.592766839747104e-308,0.0,2.4953398112393056e+289,9.245843021163145e-309,2.159027e-318,1.2773406722085014e+294,1.4643446048082086e+298,8.051673133320843e+250,5.4e-323,2.3735696803101698e+289,-1.3653340215606802e-125,1.41494016248e-313,3.281114771822143e-309
461.7234468937876,6.357180681345459e+173,1.6605436906119865e+298,3.708447e-318,6.9168888901225775e+289,2.738976378388535e+289,9.272951849007676e-309,1.4536774485912138e+135,-1.5690895419194908e-231,6.357185414339711e+173,2.4303693236e-313,4.946608029462091e+173,2.6171580944465474e+289,-1.4287432979640574e-101
461.9238476953908,3e-323,1.4759862789544536e+294,-1.6498716059045674e-231,1.592766840006137e-308,0.0,2.4953398112393056e+289,9.245843021163145e-309,2.159027e-318,1.2773406722085014e+294,1.9875421669108782e+298,8.05171683282023e+250,5.4e-323,2.3735696803101698e+289
462.12424849699397,-1.3653340215606802e-125,1.41494016248e-313,3.281114771822143e-309,6.357180681345459e+173,2.2746922570186375e+298,3.708447e-318,6.9168888901225775e+289,2.738976378388535e+289,9.272951849007676e-309,1.4536774485912138e+135,-1.5690895419194908e-231,6.357185414915572e+173,2.430369324e-313
462.3246492985972,4.946608029462091e+173,2.6171580944465444e+289,-1.4287432979640574e-101,3e-323,1.4759862789544536e+294,-1.649881434317607e-231,1.5927668402651696e-308,0.0,2.4953398110407675e+289,9.245843021163145e-309,2.159027e-318,1.2773406722085014e+294,2.9286892096164172e+298
462.5250501002004,8.051760532319618e+250,5.4e-323,2.3735566689122206e+289,-1.3653340215606802e-125,1.41494016248e-313,3.281114771822143e-309,6.357180681345459e+173,3.3210873812239804e+298,3.708447e-318,5.211458938127578e+289,2.738976378388535e+289,9.272951849007676e-309,1.4536774485912138e+135
462.7254509018036,-1.5690895419194908e-231,6.357185415491433e+173,2.4303693244e-313,4.946608029462091e+173,2.6171580944465444e+289,-1.4287432979640574e-101,3e-323,1.4759862789544536e+294,-1.6498912627306465e-231,1.5927668405242023e-308,0.0,2.4953398110407675e+289,9.245843021163145e-309
462.9258517034068,2.159027e-318,1.2773406722085014e+294,3.9750843338217564e+298,8.051804231819005e+250,5.4e-323,2.3735566689122206e+289,-1.3653340215606802e-125,1.41494016248e-313,3.281114771822143e-309,6.357180681345459e+173,4.54938451403729e+298,8.051820619131277e+250,5.4e-323
463.12625250501003,2.373526928574051e+289,-1.3653340215606802e-125,1.41494016248e-313,3.281114771822143e-309,6.357180681345459e+173,5.334180857191297e+298,8.051837006443547e+250,5.4e-323,2.373526928574051e+289,-1.3653340215606802e-125,1.41494016248e-313,3.281114771822143e-309,6.357180681345459e+173
463.32665330661325,6.118977200345304e+298,8.051853393755817e+250,5.4e-323,2.373526928574051e+289,-1.3653340215606802e-125,1.41494016248e-313,3.281114771822143e-309,6.357180681345459e+173,6.903773543499311e+298,8.051869781068087e+250,5.4e-323,2.373526928574051e+289,-1.3653340215606802e-125
463.5270541082164,1.41494016248e-313,3.281114771822143e-309,6.357180681345459e+173,7.688569886653319e+298,8.051886168380358e+250,5.4e-323,2.373526928574051e+289,-1.3653340215606802e-125,1.41494016248e-313,3.281114771822143e-309,6.357180681345459e+173,1.3085295790608484e+294,8.050504171795584e+250
463.72745490981964,5.4e-323,2.373526928574051e+289,-1.3653340215606802e-125,1.41494016248e-313,3.281114771822143e-309,6.66634368318684e+173,1.548030416204943e+294,8.050520559107854e+250,5.4e-323,2.373526928574051e+289,-1.3653340215606802e-125,1.41494016248e-313,3.281114771822143e-309
463.92785571142286,6.66634368318684e+173,1.7875312533491103e+294,8.050536946420124e+250,5.4e-323,2.373526928574051e+289,-1.3653340215606802e-125,1.41494016248e-313,3.281114771822143e-309,6.66634368318684e+173,2.0270320904932775e+294,8.050553333732394e+250,5.4e-323,2.373526928574051e+289
464.12825651302603,-1.3653340215606802e-125,1.41494016248e-313,3.281114771822143e-309,6.66634368318684e+173,2.2665329276374447e+294,8.050569721044665e+250,5.4e-323,2.373526928574051e+289,-1.3653340215606802e-125,1.41494016248e-313,3.281114771822143e-309,6.66634368318684e+173,2.506033764781612e+294
464.32865731462925,8.050586108356935e+250,5.4e-323,2.373526928574051e+289,-1.3653340215606802e-125,1.41494016248e-313,3.281114771822143e-309,6.66634368318684e+173,2.936393607647117e+294,8.050602495669205e+250,5.4e-323,2.373526928574051e+289,-1.3653340215606802e-125,1.41494016248e-313
464.5290581162325,3.281114771822143e-309,6.66634368318684e+173,3.4153952819354515e+294,8.050618882981475e+250,5.4e-323,2.373526928574051e+289,-1.3653340215606802e-125,1.41494016248e-313,3.281114771822143e-309,6.66634368318684e+173,3.894396956223786e+294,8.050635270293746e+250,5.4e-323
464.7294589178357,2.373526928574051e+289,-1.3653340215606802e-125,1.41494016248e-313,3.281114771822143e-309,6.66634368318684e+173,4.3733986305121204e+294,8.050651657606016e+250,5.4e-323,2.373526928574051e+289,-1.3653340215606802e-125,1.41494016248e-313,3.281114771822143e-309,6.66634368318684e+173
464.92985971943887,4.852400304800455e+294,8.050668044918286e+250,5.4e-323,2.373526928574051e+289,-1.3653340215606802e-125,1.41494016248e-313,3.281114771822143e-309,6.66634368318684e+173,5.553452765768696e+294,8.050684432230556e+250,5.4e-323,2.373526928574051e+289,-1.3653340215606802e-125
465.1302605210421,1.41494016248e-313,3.281114771822143e-309,6.66634368318684e+173,6.511456114345365e+294,8.050700819542827e+250,5.4e-323,2.373526928574051e+289,-1.3653340215606802e-125,1.41494016248e-313,3.281114771822143e-309,6.66634368318684e+173,7.469459462922034e+294,8.050717206855097e+250
465.3306613226453,5.4e-323,2.373526928574051e+289,-1.3653340215606802e-125,1.41494016248e-313,3.281114771822143e-309,6.66634368318684e+173,8.427462811498703e+294,8.050733594167367e+250,5.4e-323,2.373526928574051e+289,-1.3653340215606802e-125,1.41494016248e-313,3.281114771822143e-309
465.5310621242485,6.66634368318684e+173,9.385466160075372e+294,8.050749981479637e+250,5.4e-323,2.373526928574051e+289,-1.3653340215606802e-125,1.41494016248e-313,3.281114771822143e-309,6.66634368318684e+173,1.0468236632486315e+295,8.050766368791908e+250,5.4e-323,2.373526928574051e+289
465.7314629258517,-1.3653340215606802e-125,1.41494016248e-313,3.281114771822143e-309,6.66634368318684e+173,1.2384243329639653e+295,8.050782756104178e+250,5.4e-323,2.373526928574051e+289,-1.3653340215606802e-125,1.41494016248e-313,3.281114771822143e-309,6.66634368318684e+173,1.430025002679299e+295
465.9318637274549,8.050799143416448e+250,5.4e-323,2.373526928574051e+289,-1.3653340215606802e-125,1.41494016248e-313,3.281114771822143e-309,6.66634368318684e+173,1.621625672394633e+295,8.050815530728718e+250,5.4e-323,2.373526928574051e+289,-1.3653340215606802e-125,1.41494016248e-313
466.13226452905815,3.281114771822143e-309,6.66634368318684e+173,1.8132263421099667e+295,8.050831918040989e+250,5.4e-323,2.373526928574051e+289,-1.3653340215606802e-125,1.41494016248e-313,3.281114771822143e-309,6.66634368318684e+173,2.0048270118253005e+295,8.050848305353259e+250,5.4e-323
466.3326653306613,2.373526928574051e+289,-1.3653340215606802e-125,1.41494016248e-313,3.281114771822143e-309,6.66634368318684e+173,2.3491148861177154e+295,8.050864692665529e+250,5.4e-323,2.373526928574051e+289,-1.3653340215606802e-125,1.41494016248e-313,3.281114771822143e-309,6.66634368318684e+173
466.53306613226454,2.732316225548383e+295,8.050881079977799e+250,5.4e-323,2.373526928574051e+289,-1.3653340215606802e-125,1.41494016248e-313,3.281114771822143e-309,6.66634368318684e+173,3.1155175649790505e+295,8.05089746729007e+250,5.4e-323,2.373526928574051e+289,-1.3653340215606802e-125
466.7334669338677,1.41494016248e-313,3.281114771822143e-309,6.66634368318684e+173,3.498718904409718e+295,8.05091385460234e+250,5.4e-323,2.373526928574051e+289,-1.3653340215606802e-125,1.41494016248e-313,3.281114771822143e-309,6.66634368318684e+173,3.8819202438403857e+295,8.05093024191461e+250
466.9338677354709,5.4e-323,2.373526928574051e+289,-1.3653340215606802e-125,1.41494016248e-313,3.281114771822143e-309,6.66634368318684e+173,4.442762212615e+295,8.05094662922688e+250,5.4e-323,2.373526928574051e+289,-1.3653340215606802e-125,1.41494016248e-313,3.281114771822143e-309
467.13426853707415,6.66634368318684e+173,5.209164891476335e+295,8.05096301653915e+250,5.4e-323,2.373526928574051e+289,-1.3653340215606802e-125,1.41494016248e-313,3.281114771822143e-309,6.66634368318684e+173,5.9755675703376705e+295,8.050979403851421e+250,5.4e-323,2.373526928574051e+289
467.3346693386774,-1.3653340215606802e-125,1.41494016248e-313,3.281114771822143e-309,6.66634368318684e+173,6.741970249199006e+295,8.050995791163691e+250,5.4e-323,2.373526928574051e+289,-1.3653340215606802e-125,1.41494016248e-313,3.281114771822143e-309,6.66634368318684e+173,7.508372928060341e+295
467.5350701402806,8.051012178475961e+250,5.4e-323,2.373526928574051e+289,-1.3653340215606802e-125,1.41494016248e-313,3.281114771822143e-309,6.66634368318684e+173,8.37458930598914e+295,8.051028565788232e+250,5.4e-323,2.373526928574051e+289,-1.3653340215606802e-125,1.41494016248e-313
467.73547094188376,3.281114771822143e-309,6.66634368318684e+173,9.90739466371181e+295,8.051044953100502e+250,5.4e-323,2.373526928574051e+289,-1.3653340215606802e-125,1.41494016248e-313,3.281114771822143e-309,6.66634368318684e+173,1.144020002143448e+296,8.051061340412772e+250,5.4e-323
467.935871743487,2.373526928574051e+289,-1.3653340215606802e-125,1.41494016248e-313,3.281114771822143e-309,6.66634368318684e+173,1.297300537915715e+296,8.051077727725042e+250,5.4e-323,2.373526928574051e+289,-1.3653340215606802e-125,1.41494016248e-313,3.281114771822143e-309,6.66634368318684e+173
468.13627254509015,1.450581073687982e+296,8.051094115037312e+250,5.4e-323,2.373526928574051e+289,-1.3653340215606802e-125,1.41494016248e-313,3.281114771822143e-309,6.66634368318684e+173,1.603861609460249e+296,8.051110502349583e+250,5.4e-323,2.373526928574051e+289,-1.3653340215606802e-125
468.3366733466934,1.41494016248e-313,3.281114771822143e-309,6.66634368318684e+173,1.8792919088941897e+296,8.051126889661853e+250,5.4e-323,2.373526928574051e+289,-1.3653340215606802e-125,1.41494016248e-313,3.281114771822143e-309,6.66634368318684e+173,2.1858529804387238e+296,8.051143276974123e+250
468.5370741482966,5.4e-323,2.373526928574051e+289,-1.3653340215606802e-125,1.41494016248e-313,3.281114771822143e-309,6.66634368318684e+173,2.492414051983258e+296,8.051159664286393e+250,5.4e-323,2.373526928574051e+289,-1.3653340215606802e-125,1.41494016248e-313,3.281114771822143e-309
468.7374749498998,6.66634368318684e+173,2.798975123527792e+296,8.051176051598664e+250,5.4e-323,2.373526928574051e+289,-1.3653340215606802e-125,1.41494016248e-313,3.281114771822143e-309,6.66634368318684e+173,3.105536195072326e+296,8.051192438910934e+250,5.4e-323,2.373526928574051e+289
468.93787575150304,-1.3653340215606802e-125,1.41494016248e-313,3.281114771822143e-309,6.66634368318684e+173,3.554209770092035e+296,8.051208826223204e+250,5.4e-323,2.373526928574051e+289,-1.3653340215606802e-125,1.41494016248e-313,3.281114771822143e-309,2.9731295918703274e+223,7.968575717374385e+209
469.1382765531062,2.2139891671671397e+241,4.167331912967777e+296,3.708447e-318,2.849362319348789e+289,2.738976378388535e+289,9.272951849007676e-309,1.4536774485912138e+135,-1.5690895419194908e-231,1.592766837156778e-308,0.0,2.4953398107571415e+289,9.245843021163145e-309,2.159027e-318
469.33867735470943,1.2773406722085014e+294,4.5760800085261356e+296,8.05123613841032e+250,5.4e-323,2.3735696803101698e+289,-1.3653340215606802e-125,1.41494016248e-313,3.281114771822143e-309,6.66634368318684e+173,5.189202151662883e+296,3.708447e-318,6.9168888901225775e+289,2.738976378388535e+289
469.5390781563126,9.272951849007676e-309,1.4536774485912138e+135,-1.5690895419194908e-231,6.666348410422483e+173,2.43036931967e-313,4.946608029462091e+173,2.6171580944465474e+289,-1.4287432979640574e-101,3e-323,1.4759862789544536e+294,-1.649773321792918e-231,1.5927668374158105e-308,0.0
469.7394789579158,2.4953398112393056e+289,9.245843021163145e-309,2.159027e-318,1.2773406722085014e+294,6.211072390096978e+296,8.051279837909707e+250,5.4e-323,2.3735696803101698e+289,-1.3653340215606802e-125,1.41494016248e-313,3.281114771822143e-309,6.66634368318684e+173,7.108419540184093e+296
469.93987975951904,3.708447e-318,6.9168888901225775e+289,2.738976378388535e+289,9.272951849007676e-309,1.4536774485912138e+135,-1.5690895419194908e-231,6.666348410998344e+173,2.43036932006e-313,4.946608029462091e+173,2.6171580944465474e+289,-1.4287432979640574e-101,3e-323,1.4759862789544536e+294
470.14028056112227,-1.6497831502059577e-231,1.592766837674843e-308,0.0,2.4953398112393056e+289,9.245843021163145e-309,2.159027e-318,1.2773406722085014e+294,9.152160017052271e+296,8.051323537409095e+250,5.4e-323,2.3735696803101698e+289,-1.3653340215606802e-125,1.41494016248e-313
470.34068136272543,3.281114771822143e-309,6.66634368318684e+173,1.037840430332579e+297,3.708447e-318,6.9168888901225775e+289,2.738976378388535e+289,9.272951849007676e-309,1.4536774485912138e+135,-1.5690895419194908e-231,6.666348411574205e+173,2.43036932046e-313,4.946608029462091e+173,2.6171580944465474e+289
470.54108216432866,-1.4287432979640574e-101,3e-323,1.4759862789544536e+294,-1.6497929786189972e-231,1.592766837933876e-308,0.0,2.4953398112393056e+289,9.245843021163145e-309,2.159027e-318,1.2773406722085014e+294,1.2422144780193956e+297,8.051367236908482e+250,5.4e-323
470.7414829659319,2.3735696803101698e+289,-1.3653340215606802e-125,1.41494016248e-313,3.281114771822143e-309,6.66634368318684e+173,1.4216839080368233e+297,3.708447e-318,6.9168888901225775e+289,2.738976378388535e+289,9.272951849007676e-309,1.4536774485912138e+135,-1.5690895419194908e-231,6.666348412150066e+173
470.94188376753505,2.43036932085e-313,4.946608029462091e+173,2.6171580944465474e+289,-1.4287432979640574e-101,3e-323,1.4759862789544536e+294,-1.6498028070320368e-231,1.5927668381929085e-308,0.0,2.4953398112393056e+289,9.245843021163145e-309,2.159027e-318,1.2773406722085014e+294
471.14228456913827,1.8304320034104542e+297,8.051410936407869e+250,5.4e-323,2.3735696803101698e+289,-1.3653340215606802e-125,1.41494016248e-313,3.281114771822143e-309,6.66634368318684e+173,2.0756808606651626e+297,3.708447e-318,6.9168888901225775e+289,2.738976378388535e+289,9.272951849007676e-309
471.3426853707415,1.4536774485912138e+135,-1.5690895419194908e-231,6.666348412725927e+173,2.43036932125e-313,4.946608029462091e+173,2.6171580944465474e+289,-1.4287432979640574e-101,3e-323,1.4759862789544536e+294,-1.6498126354450763e-231,1.592766838451941e-308,0.0,2.4953398112393056e+289
471.5430861723447,9.245843021163145e-309,2.159027e-318,1.2773406722085014e+294,2.4844289560387912e+297,8.051454635907257e+250,5.4e-323,2.3735696803101698e+289,-1.3653340215606802e-125,1.41494016248e-313,3.281114771822143e-309,6.66634368318684e+173,2.843367816073656e+297,3.708447e-318
471.7434869739479,6.9168888901225775e+289,2.738976378388535e+289,9.272951849007676e-309,1.4536774485912138e+135,-1.5690895419194908e-231,6.666348413301788e+173,2.43036932165e-313,4.946608029462091e+173,2.6171580944465474e+289,-1.4287432979640574e-101,3e-323,1.4759862789544536e+294,-1.6498224638581158e-231
471.9438877755511,1.592766838710974e-308,0.0,2.4953398112393056e+289,9.245843021163145e-309,2.159027e-318,1.2773406722085014e+294,3.6608640068209085e+297,8.051498335406644e+250,5.4e-323,2.3735566689122206e+289,-1.3653340215606802e-125,1.41494016248e-313,3.281114771822143e-309
472.1442885771543,6.66634368318684e+173,4.1513617213303346e+297,3.708447e-318,5.211458938127578e+289,2.738976378388535e+289,9.272951849007676e-309,1.4536774485912138e+135,-1.5690895419194908e-231,6.666348413877649e+173,2.43036932204e-313,4.946608029462091e+173,2.6171580944465444e+289,-1.4287432979640574e-101
472.3446893787575,3e-323,1.4759862789544536e+294,-1.6498322922711554e-231,1.5927668389700066e-308,0.0,2.4953398110407675e+289,9.245843021163145e-309,2.159027e-318,1.2773406722085014e+294,4.9688579120775824e+297,8.051542034906031e+250,5.4e-323,2.3735566689122206e+289
472.5450901803607,-1.3653340215606802e-125,1.41494016248e-313,3.281114771822143e-309,6.66634368318684e+173,5.68673563214733e+297,3.708447e-318,5.211458938127578e+289,2.738976378388535e+289,9.272951849007676e-309,1.4536774485912138e+135,-1.5690895419194908e-231,6.66634841445351e+173,2.43036932244e-313
472.74549098196394,4.946608029462091e+173,2.6171580944465444e+289,-1.4287432979640574e-101,3e-323,1.4759862789544536e+294,-1.649842120684195e-231,1.5927668392290393e-308,0.0,2.4953398110407675e+289,9.245843021163145e-309,2.159027e-318,1.2773406722085014e+294,7.321728013641817e+297
472.94589178356716,-1.7303601659590492e-231,1.5927668393261766e-308,0.0,2.495339810586966e+289,9.245843021163145e-309,2.159027e-318,1.2773406722085014e+294,8.302723442584322e+297,-1.730363851613939e-231,1.592766839423314e-308,0.0,2.495339810586966e+289,9.245843021163145e-309
473.14629258517033,2.159027e-318,1.2773406722085014e+294,9.283718871526828e+297,-1.730367537268829e-231,1.592766839520451e-308,0.0,2.495339810586966e+289,9.245843021163145e-309,2.159027e-318,1.2773406722085014e+294,1.0264714300469333e+298,-1.7303712229237187e-231,1.5927668396175883e-308
473.34669338677355,0.0,2.495339810586966e+289,9.245843021163145e-309,2.159027e-318,1.2773406722085014e+294,1.2027468216770286e+298,-1.7303749085786085e-231,1.5927668397147256e-308,0.0,2.495339810586966e+289,9.245843021163145e-309,2.159027e-318,1.2773406722085014e+294
473.5470941883768,1.3989459074655297e+298,-1.7303785942334984e-231,1.592766839811863e-308,0.0,2.495339810586966e+289,9.245843021163145e-309,2.159027e-318,1.2773406722085014e+294,1.5951449932540308e+298,-1.7303822798883882e-231,1.592766839909e-308,0.0,2.495339810586966e+289
473.74749498997994,9.245843021163145e-309,2.159027e-318,1.2773406722085014e+294,1.7913440790425319e+298,-1.730385965543278e-231,1.5927668400061374e-308,0.0,2.495339810586966e+289,9.245843021163145e-309,2.159027e-318,1.2773406722085014e+294,1.987543164831033e+298,-1.730389651198168e-231
473.94789579158316,1.5927668401032746e-308,0.0,2.495339810586966e+289,9.245843021163145e-309,2.159027e-318,1.2773406722085014e+294,2.27469425282839e+298,-1.7303933368530577e-231,1.592766840200412e-308,0.0,2.495339810586966e+289,9.245843021163145e-309,2.159027e-318
474.1482965931864,1.2773406722085014e+294,2.667092424405392e+298,-1.7303970225079475e-231,1.592766840297549e-308,0.0,2.495339810586966e+289,9.245843021163145e-309,2.159027e-318,1.2773406722085014e+294,3.059490595982394e+298,-1.7304007081628374e-231,1.5927668403946864e-308,0.0
474.3486973947896,2.495339810586966e+289,9.245843021163145e-309,2.159027e-318,1.2773406722085014e+294,3.4518887675593964e+298,-1.7304043938177272e-231,1.5927668404918237e-308,0.0,2.495339810586966e+289,9.245843021163145e-309,2.159027e-318,1.2773406722085014e+294,3.8442869391363986e+298
474.5490981963928,-1.730408079472617e-231,1.592766840588961e-308,0.0,2.495339810586966e+289,9.245843021163145e-309,2.159027e-318,1.2773406722085014e+294,4.287789724605445e+298,-1.7304117651275068e-231,1.592766840686098e-308,0.0,2.495339810586966e+289,9.245843021163145e-309
474.749498997996,2.159027e-318,1.2773406722085014e+294,5.072586067759449e+298,-1.7304154507823967e-231,1.5927668407832354e-308,0.0,2.495339810586966e+289,9.245843021163145e-309,2.159027e-318,1.2773406722085014e+294,5.857382410913454e+298,-1.7304191364372865e-231,1.5927668408803727e-308
474.94989979959917,0.0,2.495339810586966e+289,9.245843021163145e-309,2.159027e-318,1.2773406722085014e+294,6.642178754067458e+298,-1.7304228220921763e-231,1.59276684097751e-308,0.0,2.495339810586966e+289,9.245843021163145e-309,2.159027e-318,1.2773406722085014e+294
475.1503006012024,7.426975097221462e+298,-1.7304265077470662e-231,1.592766841074647e-308,0.0,2.495339810586966e+289,9.245843021163145e-309,2.159027e-318,1.2773406722085014e+294,8.211771440375467e+298,-1.7301156842034367e-231,1.592766832882739e-308,0.0,2.495339810586966e+289
475.3507014028056,9.245843021163145e-309,2.159027e-318,1.2773406722085014e+294,1.468198021969218e+294,-1.7301193698583265e-231,1.592766832979876e-308,0.0,2.495339810586966e+289,9.245843021163145e-309,2.159027e-318,1.2773406722085014e+294,1.7076988591133843e+294,-1.7301230555132164e-231
475.55110220440883,1.5927668330770134e-308,0.0,2.495339810586966e+289,9.245843021163145e-309,2.159027e-318,1.2773406722085014e+294,1.9471996962575507e+294,-1.7301267411681062e-231,1.5927668331741507e-308,0.0,2.495339810586966e+289,9.245843021163145e-309,2.159027e-318
475.75150300601206,1.2773406722085014e+294,2.186700533401717e+294,-1.730130426822996e-231,1.592766833271288e-308,0.0,2.495339810586966e+289,9.245843021163145e-309,2.159027e-318,1.2773406722085014e+294,2.4262013705458835e+294,-1.730134112477886e-231,1.592766833368425e-308,0.0
475.9519038076152,2.495339810586966e+289,9.245843021163145e-309,2.159027e-318,1.2773406722085014e+294,2.7767288191756584e+294,-1.7301377981327757e-231,1.5927668334655625e-308,0.0,2.495339810586966e+289,9.245843021163145e-309,2.159027e-318,1.2773406722085014e+294,3.255730493463991e+294
476.15230460921845,-1.7301414837876655e-231,1.5927668335626997e-308,0.0,2.495339810586966e+289,9.245843021163145e-309,2.159027e-318,1.2773406722085014e+294,3.734732167752324e+294,-1.7301451694425554e-231,1.592766833659837e-308,0.0,2.495339810586966e+289,9.245843021163145e-309
476.3527054108216,2.159027e-318,1.2773406722085014e+294,4.2137338420406566e+294,-1.7301488550974452e-231,1.592766833756974e-308,0.0,2.495339810586966e+289,9.245843021163145e-309,2.159027e-318,1.2773406722085014e+294,4.6927355163289894e+294,-1.730152540752335e-231,1.5927668338541115e-308
476.55310621242484,0.0,2.495339810586966e+289,9.245843021163145e-309,2.159027e-318,1.2773406722085014e+294,5.234123188825762e+294,-1.7301562264072248e-231,1.5927668339512488e-308,0.0,2.495339810586966e+289,9.245843021163145e-309,2.159027e-318,1.2773406722085014e+294
476.75350701402806,6.192126537402427e+294,-1.7301599120621147e-231,1.592766834048386e-308,0.0,2.495339810586966e+289,9.245843021163145e-309,2.159027e-318,1.2773406722085014e+294,7.150129885979093e+294,-1.7301635977170045e-231,1.5927668341455233e-308,0.0,2.495339810586966e+289
476.9539078156313,9.245843021163145e-309,2.159027e-318,1.2773406722085014e+294,8.108133234555758e+294,-1.7301672833718943e-231,1.5927668342426605e-308,0.0,2.495339810586966e+289,9.245843021163145e-309,2.159027e-318,1.2773406722085014e+294,9.066136583132424e+294,-1.7301709690267842e-231
477.1543086172345,1.592766834339798e-308,0.0,2.495339810586966e+289,9.245843021163145e-309,2.159027e-318,1.2773406722085014e+294,1.0024139931709089e+295,-1.730174654681674e-231,1.592766834436935e-308,0.0,2.495339810586966e+289,9.245843021163145e-309,2.159027e-318
477.3547094188377,1.2773406722085014e+294,1.1745584175753744e+295,-1.7301783403365638e-231,1.5927668345340723e-308,0.0,2.495339810586966e+289,9.245843021163145e-309,2.159027e-318,1.2773406722085014e+294,1.3661590872907075e+295,-1.7301820259914537e-231,1.5927668346312096e-308,0.0
477.5551102204409,2.495339810586966e+289,9.245843021163145e-309,2.159027e-318,1.2773406722085014e+294,1.5577597570060406e+295,-1.7301857116463435e-231,1.592766834728347e-308,0.0,2.495339810586966e+289,9.245843021163145e-309,2.159027e-318,1.2773406722085014e+294,1.7493604267213737e+295
477.75551102204406,-1.7301893973012333e-231,1.592766834825484e-308,0.0,2.495339810586966e+289,9.245843021163145e-309,2.159027e-318,1.2773406722085014e+294,1.9409610964367068e+295,-1.7301930829561231e-231,1.5927668349226213e-308,0.0,2.495339810586966e+289,9.245843021163145e-309
477.9559118236473,2.159027e-318,1.2773406722085014e+294,2.2213830553405267e+295,-1.730196768611013e-231,1.5927668350197586e-308,0.0,2.495339810586966e+289,9.245843021163145e-309,2.159027e-318,1.2773406722085014e+294,2.604584394771193e+295,-1.7302004542659028e-231,1.592766835116896e-308
478.1563126252505,0.0,2.495339810586966e+289,9.245843021163145e-309,2.159027e-318,1.2773406722085014e+294,2.987785734201859e+295,-1.7302041399207926e-231,1.592766835214033e-308,0.0,2.495339810586966e+289,9.245843021163145e-309,2.159027e-318,1.2773406722085014e+294
478.35671342685373,3.3709870736325253e+295,-1.7302078255756825e-231,1.5927668353111704e-308,0.0,2.495339810586966e+289,9.245843021163145e-309,2.159027e-318,1.2773406722085014e+294,3.7541884130631915e+295,-1.7302115112305723e-231,1.5927668354083076e-308,0.0,2.495339810586966e+289
478.5571142284569,9.245843021163145e-309,2.159027e-318,1.2773406722085014e+294,4.187298551060609e+295,-1.730215196885462e-231,1.592766835505445e-308,0.0,2.495339810586966e+289,9.245843021163145e-309,2.159027e-318,1.2773406722085014e+294,4.953701229921942e+295,-1.730218882540352e-231
478.7575150300601,1.592766835602582e-308,0.0,2.495339810586966e+289,9.245843021163145e-309,2.159027e-318,1.2773406722085014e+294,5.720103908783274e+295,-1.7302225681952418e-231,1.5927668356997194e-308,0.0,2.495339810586966e+289,9.245843021163145e-309,2.159027e-318
478.95791583166334,1.2773406722085014e+294,6.4865065876446065e+295,-1.7302262538501316e-231,1.5927668357968567e-308,0.0,2.495339810586966e+289,9.245843021163145e-309,2.159027e-318,1.2773406722085014e+294,7.252909266505939e+295,-1.7302299395050214e-231,1.592766835893994e-308,0.0
479.1583166332665,2.495339810586966e+289,9.245843021163145e-309,2.159027e-318,1.2773406722085014e+294,8.019311945367271e+295,-1.7302336251599113e-231,1.592766835991131e-308,0.0,2.495339810586966e+289,9.245843021163145e-309,2.159027e-318,1.2773406722085014e+294,9.396467340602995e+295
479.35871743486973,-1.730237310814801e-231,1.5927668360882684e-308,0.0,2.495339810586966e+289,9.245843021163145e-309,2.159027e-318,1.2773406722085014e+294,1.092927269832566e+296,-1.730240996469691e-231,1.5927668361854057e-308,0.0,2.495339810586966e+289,9.245843021163145e-309
479.55911823647295,2.159027e-318,1.2773406722085014e+294,1.2462078056048325e+296,-1.7302446821245808e-231,1.592766836282543e-308,0.0,2.495339810586966e+289,9.245843021163145e-309,2.159027e-318,1.2773406722085014e+294,1.399488341377099e+296,-1.7302483677794706e-231,1.59276683637968e-308
479.7595190380762,0.0,2.495339810586966e+289,9.245843021163145e-309,2.159027e-318,1.2773406722085014e+294,1.51680950259082e+273,3.36494189673621e-309,1.3873867874096438e-303,8.051105039995503e+250,5.4e-323,2.3735306461163222e+289,-1.3653340215606802e-125,1.41494016248e-313
479.95991983967934,3.281114771822143e-309,6.97550668502822e+173,2.43036931834e-313,4.946608029462091e+173,2.617158094446542e+289,-1.4287432979640574e-101,3e-323,1.4759862789544536e+294,8.051115964870354e+250,5.4e-323,2.3735380812008646e+289,-1.3653340215606802e-125,1.41494016248e-313
480.16032064128257,3.281114771822143e-309,6.97550668502822e+173,1.9814804919926096e+296,3.708447e-318,6.9168888901225775e+289,2.738976378388535e+289,9.272951849007676e-309,1.4536774485912138e+135,-1.5690895419194908e-231,6.975511410680247e+173,2.4303693186e-313,4.946608029462091e+173,2.6171580944465474e+289
480.3607214428858,-1.4287432979640574e-101,3e-323,1.4759862789544536e+294,-1.6497462936758056e-231,1.592766836703471e-308,0.0,2.4953398112393056e+289,9.245843021163145e-309,2.159027e-318,1.2773406722085014e+294,2.492415611209665e+296,8.051159664369742e+250,5.4e-323
480.56112224448896,2.3735696803101698e+289,-1.3653340215606802e-125,1.41494016248e-313,3.281114771822143e-309,6.97550668502822e+173,2.7989766827780337e+296,3.708447e-318,6.9168888901225775e+289,2.738976378388535e+289,9.272951849007676e-309,1.4536774485912138e+135,-1.5690895419194908e-231,6.975511411256108e+173
480.7615230460922,2.430369319e-313,4.946608029462091e+173,2.6171580944465474e+289,-1.4287432979640574e-101,3e-323,1.4759862789544536e+294,-1.649756122088845e-231,1.592766836962504e-308,0.0,2.4953398112393056e+289,9.245843021163145e-309,2.159027e-318,1.2773406722085014e+294
480.9619238476954,3.3498388408484874e+296,8.05120336386913e+250,5.4e-323,2.3735696803101698e+289,-1.3653340215606802e-125,1.41494016248e-313,3.281114771822143e-309,6.97550668502822e+173,3.962960983985231e+296,3.708447e-318,6.9168888901225775e+289,2.738976378388535e+289,9.272951849007676e-309
481.1623246492986,1.4536774485912138e+135,-1.5690895419194908e-231,6.975511411831969e+173,2.43036931937e-313,4.946608029462091e+173,2.6171580944465474e+289,-1.4287432979640574e-101,3e-323,1.4759862789544536e+294,-1.6497659505018847e-231,1.5927668372215365e-308,0.0,2.4953398112393056e+289
481.3627254509018,9.245843021163145e-309,2.159027e-318,1.2773406722085014e+294,4.98483122241933e+296,8.051247063368517e+250,5.4e-323,2.3735696803101698e+289,-1.3653340215606802e-125,1.41494016248e-313,3.281114771822143e-309,6.97550668502822e+173,5.597953365556079e+296,3.708447e-318
481.563126252505,6.9168888901225775e+289,2.738976378388535e+289,9.272951849007676e-309,1.4536774485912138e+135,-1.5690895419194908e-231,6.97551141240783e+173,2.43036931977e-313,4.946608029462091e+173,2.6171580944465474e+289,-1.4287432979640574e-101,3e-323,1.4759862789544536e+294,-1.6497757789149242e-231
481.76352705410824,1.592766837480569e-308,0.0,2.4953398112393056e+289,9.245843021163145e-309,2.159027e-318,1.2773406722085014e+294,6.699677681696975e+296,8.051290762867904e+250,5.4e-323,2.3735696803101698e+289,-1.3653340215606802e-125,1.41494016248e-313,3.281114771822143e-309
481.9639278557114,6.97550668502822e+173,7.925921967970485e+296,3.708447e-318,6.9168888901225775e+289,2.738976378388535e+289,9.272951849007676e-309,1.4536774485912138e+135,-1.5690895419194908e-231,6.975511412983691e+173,2.43036932016e-313,4.946608029462091e+173,2.6171580944465474e+289,-1.4287432979640574e-101
482.1643286573146,3e-323,1.4759862789544536e+294,-1.6497856073279638e-231,1.592766837739602e-308,0.0,2.4953398112393056e+289,9.245843021163145e-309,2.159027e-318,1.2773406722085014e+294,9.96966244483866e+296,8.051334462367292e+250,5.4e-323,2.3735696803101698e+289
482.36472945891785,-1.3653340215606802e-125,1.41494016248e-313,3.281114771822143e-309,6.97550668502822e+173,1.1195906731112181e+297,3.708447e-318,6.9168888901225775e+289,2.738976378388535e+289,9.272951849007676e-309,1.4536774485912138e+135,-1.5690895419194908e-231,6.975511413559552e+173,2.43036932056e-313
482.5651302605211,4.946608029462091e+173,2.6171580944465474e+289,-1.4287432979640574e-101,3e-323,1.4759862789544536e+294,-1.6497954357410033e-231,1.5927668379986345e-308,0.0,2.4953398112393056e+289,9.245843021163145e-309,2.159027e-318,1.2773406722085014e+294,1.339935536339395e+297
482.76553106212424,8.051378161866679e+250,5.4e-323,2.3735696803101698e+289,-1.3653340215606802e-125,1.41494016248e-313,3.281114771822143e-309,6.97550668502822e+173,1.5851843935941016e+297,3.708447e-318,6.9168888901225775e+289,2.738976378388535e+289,9.272951849007676e-309,1.4536774485912138e+135
482.96593186372746,-1.5690895419194908e-231,6.975511414135413e+173,2.43036932095e-313,4.946608029462091e+173,2.6171580944465444e+289,-1.4287432979640574e-101,3e-323,1.4759862789544536e+294,-1.6498052641540429e-231,1.592766838257667e-308,0.0,2.4953398110407675e+289,9.245843021163145e-309
483.16633266533063,2.159027e-318,1.2773406722085014e+294,1.993932488967732e+297,8.051421861366066e+250,5.4e-323,2.3735566689122206e+289,-1.3653340215606802e-125,1.41494016248e-313,3.281114771822143e-309,6.97550668502822e+173,2.239181346222441e+297,3.708447e-318,5.211458938127578e+289
483.36673346693385,2.738976378388535e+289,9.272951849007676e-309,1.4536774485912138e+135,-1.5690895419194908e-231,6.975511414711274e+173,2.43036932135e-313,4.946608029462091e+173,2.6171580944465444e+289,-1.4287432979640574e-101,3e-323,1.4759862789544536e+294,-1.6498150925670824e-231,1.5927668385167e-308
483.5671342685371,0.0,2.4953398110407675e+289,9.245843021163145e-309,2.159027e-318,1.2773406722085014e+294,2.67987107267879e+297,8.051465560865454e+250,5.4e-323,2.3735566689122206e+289,-1.3653340215606802e-125,1.41494016248e-313,3.281114771822143e-309,6.97550668502822e+173
483.7675350701403,3.1703687871882125e+297,3.708447e-318,5.211458938127578e+289,2.738976378388535e+289,9.272951849007676e-309,1.4536774485912138e+135,-1.5690895419194908e-231,6.975511415287135e+173,3.6608665016975346e+297,3.708447e-318,2.605729469063789e+289,2.738976378388535e+289,9.272951849007676e-309
483.9679358717435,1.4536774485912138e+135,-1.5690895419194908e-231,6.975511415503083e+173,4.151364216168789e+297,3.708447e-318,2.605729469063789e+289,2.738976378388535e+289,9.272951849007676e-309,1.4536774485912138e+135,-1.5690895419194908e-231,6.97551141571903e+173,4.6418619306400436e+297,3.708447e-318
484.1683366733467,2.605729469063789e+289,2.738976378388535e+289,9.272951849007676e-309,1.4536774485912138e+135,-1.5690895419194908e-231,6.975511415934978e+173,5.132359645111298e+297,3.708447e-318,2.605729469063789e+289,2.738976378388535e+289,9.272951849007676e-309,1.4536774485912138e+135,-1.5690895419194908e-231
484.3687374749499,6.975511416150926e+173,6.013739098138409e+297,3.708447e-318,2.605729469063789e+289,2.738976378388535e+289,9.272951849007676e-309,1.4536774485912138e+135,-1.5690895419194908e-231,6.975511416366874e+173,6.994734527080918e+297,3.708447e-318,2.605729469063789e+289,2.738976378388535e+289
484.5691382765531,9.272951849007676e-309,1.4536774485912138e+135,-1.5690895419194908e-231,6.975511416582822e+173,7.975729956023427e+297,3.708447e-318,2.605729469063789e+289,2.738976378388535e+289,9.272951849007676e-309,1.4536774485912138e+135,-1.5690895419194908e-231,6.97551141679877e+173,8.956725384965936e+297
484.7695390781563,3.708447e-318,2.605729469063789e+289,2.738976378388535e+289,9.272951849007676e-309,1.4536774485912138e+135,-1.5690895419194908e-231,6.975511417014718e+173,9.937720813908445e+297,3.708447e-318,2.605729469063789e+289,2.738976378388535e+289,9.272951849007676e-309,1.4536774485912138e+135
484.9699398797595,-1.5690895419194908e-231,6.975511417230666e+173,1.1373481243648516e+298,3.708447e-318,2.605729469063789e+289,2.738976378388535e+289,9.272951849007676e-309,1.4536774485912138e+135,-1.5690895419194908e-231,6.975511417446613e+173,1.3335472101533534e+298,3.708447e-318,2.605729469063789e+289
485.17034068136275,2.738976378388535e+289,9.272951849007676e-309,1.4536774485912138e+135,-1.5690895419194908e-231,6.975511417662561e+173,1.5297462959418552e+298,3.708447e-318,2.605729469063789e+289,2.738976378388535e+289,9.272951849007676e-309,1.4536774485912138e+135,-1.5690895419194908e-231,6.975511417878509e+173
485.37074148296597,1.725945381730357e+298,3.708447e-318,2.605729469063789e+289,2.738976378388535e+289,9.272951849007676e-309,1.4536774485912138e+135,-1.5690895419194908e-231,6.975511418094457e+173,1.9221444675188588e+298,3.708447e-318,2.605729469063789e+289,2.738976378388535e+289,9.272951849007676e-309
485.57114228456913,1.4536774485912138e+135,-1.5690895419194908e-231,6.975511418310405e+173,2.143896858204043e+298,3.708447e-318,2.605729469063789e+289,2.738976378388535e+289,9.272951849007676e-309,1.4536774485912138e+135,-1.5690895419194908e-231,6.975511418526353e+173,2.5362950297810464e+298,3.708447e-318
485.77154308617236,2.605729469063789e+289,2.738976378388535e+289,9.272951849007676e-309,1.4536774485912138e+135,-1.5690895419194908e-231,6.975511418742301e+173,2.92869320135805e+298,3.708447e-318,2.605729469063789e+289,2.738976378388535e+289,9.272951849007676e-309,1.4536774485912138e+135,-1.5690895419194908e-231
485.9719438877755,6.975511418958248e+173,3.3210913729350536e+298,3.708447e-318,2.605729469063789e+289,2.738976378388535e+289,9.272951849007676e-309,1.4536774485912138e+135,-1.5690895419194908e-231,6.975511419174196e+173,3.713489544512057e+298,3.708447e-318,2.605729469063789e+289,2.738976378388535e+289
486.17234468937875,9.272951849007676e-309,1.4536774485912138e+135,-1.5690895419194908e-231,6.975511419390144e+173,4.105887716089061e+298,3.708447e-318,2.605729469063789e+289,2.738976378388535e+289,9.272951849007676e-309,1.4536774485912138e+135,-1.5690895419194908e-231,6.975511419606092e+173,4.810991278510772e+298
486.37274549098197,3.708447e-318,2.605729469063789e+289,2.738976378388535e+289,9.272951849007676e-309,1.4536774485912138e+135,-1.5690895419194908e-231,6.97551141982204e+173,5.595787621664779e+298,3.708447e-318,2.605729469063789e+289,2.738976378388535e+289,9.272951849007676e-309,1.4536774485912138e+135
486.5731462925852,-1.5690895419194908e-231,6.975511420037988e+173,6.380583964818786e+298,3.708447e-318,2.605729469063789e+289,2.738976378388535e+289,9.272951849007676e-309,1.4536774485912138e+135,-1.5690895419194908e-231,6.975511420253936e+173,7.1653803079727935e+298,3.708447e-318,2.605729469063789e+289
486.77354709418836,2.738976378388535e+289,9.272951849007676e-309,1.4536774485912138e+135,-1.5690895419194908e-231,6.975511420469883e+173,7.950176651126801e+298,3.708447e-318,2.605729469063789e+289,2.738976378388535e+289,9.272951849007676e-309,1.4536774485912138e+135,-1.5690895419194908e-231,7.284674422527212e+173
486.9739478957916,1.3883656277892555e+294,3.708447e-318,2.605729469063789e+289,2.738976378388535e+289,9.272951849007676e-309,1.4536774485912138e+135,-1.5690895419194908e-231,7.28467440431561e+173,1.6278664649334227e+294,3.708447e-318,2.605729469063789e+289,2.738976378388535e+289,9.272951849007676e-309
487.1743486973948,1.4536774485912138e+135,-1.5690895419194908e-231,7.284674404531558e+173,1.86736730207759e+294,3.708447e-318,2.605729469063789e+289,2.738976378388535e+289,9.272951849007676e-309,1.4536774485912138e+135,-1.5690895419194908e-231,7.284674404747506e+173,2.1068681392217571e+294,3.708447e-318
487.37474949899797,2.605729469063789e+289,2.738976378388535e+289,9.272951849007676e-309,1.4536774485912138e+135,-1.5690895419194908e-231,7.284674404963454e+173,2.3463689763659244e+294,3.708447e-318,2.605729469063789e+289,2.738976378388535e+289,9.272951849007676e-309,1.4536774485912138e+135,-1.5690895419194908e-231
487.5751503006012,7.284674405179401e+173,2.617064030815742e+294,3.708447e-318,2.605729469063789e+289,2.738976378388535e+289,9.272951849007676e-309,1.4536774485912138e+135,-1.5690895419194908e-231,7.284674405395349e+173,3.0960657051040763e+294,3.708447e-318,2.605729469063789e+289,2.738976378388535e+289
487.7755511022044,9.272951849007676e-309,1.4536774485912138e+135,-1.5690895419194908e-231,7.284674405611297e+173,3.575067379392411e+294,3.708447e-318,2.605729469063789e+289,2.738976378388535e+289,9.272951849007676e-309,1.4536774485912138e+135,-1.5690895419194908e-231,7.284674405827245e+173,4.054069053680745e+294
487.97595190380764,3.708447e-318,2.605729469063789e+289,2.738976378388535e+289,9.272951849007676e-309,1.4536774485912138e+135,-1.5690895419194908e-231,7.284674406043193e+173,4.5330707279690797e+294,3.708447e-318,2.605729469063789e+289,2.738976378388535e+289,9.272951849007676e-309,1.4536774485912138e+135
488.1763527054108,-1.5690895419194908e-231,7.284674406259141e+173,5.012072402257414e+294,3.708447e-318,2.605729469063789e+289,2.738976378388535e+289,9.272951849007676e-309,1.4536774485912138e+135,-1.5690895419194908e-231,7.284674406475089e+173,5.872796960682614e+294,3.708447e-318,2.605729469063789e+289
488.37675350701403,2.738976378388535e+289,9.272951849007676e-309,1.4536774485912138e+135,-1.5690895419194908e-231,7.284674406691037e+173,6.830800309259283e+294,3.708447e-318,2.605729469063789e+289,2.738976378388535e+289,9.272951849007676e-309,1.4536774485912138e+135,-1.5690895419194908e-231,7.284674406906984e+173
488.57715430861725,7.788803657835952e+294,3.708447e-318,2.605729469063789e+289,2.738976378388535e+289,9.272951849007676e-309,1.4536774485912138e+135,-1.5690895419194908e-231,7.284674407122932e+173,8.746807006412621e+294,3.708447e-318,2.605729469063789e+289,2.738976378388535e+289,9.272951849007676e-309
488.7775551102204,1.4536774485912138e+135,-1.5690895419194908e-231,7.28467440733888e+173,9.70481035498929e+294,3.708447e-318,2.605729469063789e+289,2.738976378388535e+289,9.272951849007676e-309,1.4536774485912138e+135,-1.5690895419194908e-231,7.284674407554828e+173,1.1106925022314153e+295,3.708447e-318
488.97795591182364,2.605729469063789e+289,2.738976378388535e+289,9.272951849007676e-309,1.4536774485912138e+135,-1.5690895419194908e-231,7.284674407770776e+173,1.302293171946749e+295,3.708447e-318,2.605729469063789e+289,2.738976378388535e+289,9.272951849007676e-309,1.4536774485912138e+135,-1.5690895419194908e-231
489.17835671342687,7.284674407986724e+173,1.4938938416620828e+295,3.708447e-318,2.605729469063789e+289,2.738976378388535e+289,9.272951849007676e-309,1.4536774485912138e+135,-1.5690895419194908e-231,7.284674408202672e+173,1.6854945113774166e+295,3.708447e-318,2.605729469063789e+289,2.738976378388535e+289
489.3787575150301,9.272951849007676e-309,1.4536774485912138e+135,-1.5690895419194908e-231,7.284674408418619e+173,1.8770951810927504e+295,3.708447e-318,2.605729469063789e+289,2.738976378388535e+289,9.272951849007676e-309,1.4536774485912138e+135,-1.5690895419194908e-231,7.284674408634567e+173,2.0936512246526153e+295
489.57915831663325,3.708447e-318,2.605729469063789e+289,2.738976378388535e+289,9.272951849007676e-309,1.4536774485912138e+135,-1.5690895419194908e-231,7.284674408850515e+173,2.476852564083283e+295,3.708447e-318,2.605729469063789e+289,2.738976378388535e+289,9.272951849007676e-309,1.4536774485912138e+135
489.7795591182365,-1.5690895419194908e-231,7.284674409066463e+173,2.8600539035139504e+295,3.708447e-318,2.605729469063789e+289,2.738976378388535e+289,9.272951849007676e-309,1.4536774485912138e+135,-1.5690895419194908e-231,7.284674409282411e+173,3.243255242944618e+295,3.708447e-318,2.605729469063789e+289
489.9799599198397,2.738976378388535e+289,9.272951849007676e-309,1.4536774485912138e+135,-1.5690895419194908e-231,7.284674409498359e+173,3.6264565823752855e+295,3.708447e-318,2.605729469063789e+289,2.738976378388535e+289,9.272951849007676e-309,1.4536774485912138e+135,-1.5690895419194908e-231,7.284674409714307e+173
490.18036072144287,4.009657921805953e+295,3.708447e-318,2.605729469063789e+289,2.738976378388535e+289,9.272951849007676e-309,1.4536774485912138e+135,-1.5690895419194908e-231,7.284674409930254e+173,4.698237568546135e+295,3.708447e-318,2.605729469063789e+289,2.738976378388535e+289,9.272951849007676e-309
490.3807615230461,1.4536774485912138e+135,-1.5690895419194908e-231,7.284674410146202e+173,5.46464024740747e+295,3.708447e-318,2.605729469063789e+289,2.738976378388535e+289,9.272951849007676e-309,1.4536774485912138e+135,-1.5690895419194908e-231,7.28467441036215e+173,6.231042926268805e+295,3.708447e-318
490.5811623246493,2.605729469063789e+289,2.738976378388535e+289,9.272951849007676e-309,1.4536774485912138e+135,-1.5690895419194908e-231,7.284674410578098e+173,6.9974456051301405e+295,3.708447e-318,2.605729469063789e+289,2.738976378388535e+289,9.272951849007676e-309,1.4536774485912138e+135,-1.5690895419194908e-231
490.78156312625254,7.284674410794046e+173,7.763848283991476e+295,3.708447e-318,2.605729469063789e+289,2.738976378388535e+289,9.272951849007676e-309,1.4536774485912138e+135,-1.5690895419194908e-231,7.284674411009994e+173,8.88554001785141e+295,3.708447e-318,2.605729469063789e+289,2.738976378388535e+289
490.9819639278557,9.272951849007676e-309,1.4536774485912138e+135,-1.5690895419194908e-231,7.284674411225942e+173,1.041834537557408e+296,3.708447e-318,2.605729469063789e+289,2.738976378388535e+289,9.272951849007676e-309,1.4536774485912138e+135,-1.5690895419194908e-231,7.28467441144189e+173,1.195115073329675e+296
491.1823647294589,3.708447e-318,2.605729469063789e+289,2.738976378388535e+289,9.272951849007676e-309,1.4536774485912138e+135,-1.5690895419194908e-231,7.284674411657837e+173,1.348395609101942e+296,3.708447e-318,2.605729469063789e+289,2.738976378388535e+289,9.272951849007676e-309,1.4536774485912138e+135
491.38276553106215,-1.5690895419194908e-231,7.284674411873785e+173,1.501676144874209e+296,3.708447e-318,2.605729469063789e+289,2.738976378388535e+289,9.272951849007676e-309,1.4536774485912138e+135,-1.5690895419194908e-231,7.284674412089733e+173,1.6749209797221096e+296,3.708447e-318,2.605729469063789e+289
491.5831663326653,2.738976378388535e+289,9.272951849007676e-309,1.4536774485912138e+135,-1.5690895419194908e-231,7.284674412305681e+173,1.9814820512666437e+296,3.708447e-318,2.605729469063789e+289,2.738976378388535e+289,9.272951849007676e-309,1.4536774485912138e+135,-1.5690895419194908e-231,7.284660170043166e+173
491.78356713426854,-1.2882297539647876e-231,7.284653254745848e+173,2.4303693186e-313,4.946608029462091e+173,2.6171580944465383e+289,-1.4287432979640574e-101,3e-323,1.4759862789544536e+294,8.051143277140821e+250,5.4e-323,2.3735380812008646e+289,-1.3653340215606802e-125,1.41494016248e-313
491.98396793587176,3.281114771822143e-309,7.284669686869601e+173,2.4924171704837415e+296,3.708447e-318,6.9168888901225775e+289,2.738976378388535e+289,9.272951849007676e-309,1.4536774485912138e+135,-1.5690895419194908e-231,7.284674412881542e+173,2.43036931883e-313,4.946608029462091e+173,2.6171580944465474e+289
492.184368737475,-1.4287432979640574e-101,3e-323,1.4759862789544536e+294,-1.6497524364527015e-231,1.592766836865367e-308,0.0,2.4953398112393056e+289,9.245843021163145e-309,2.159027e-318,1.2773406722085014e+294,3.003352289700795e+296,8.05118697664021e+250,5.4e-323
492.38476953907815,2.3735696803101698e+289,-1.3653340215606802e-125,1.41494016248e-313,3.281114771822143e-309,7.284669686869601e+173,3.349841959396646e+296,3.708447e-318,6.9168888901225775e+289,2.738976378388535e+289,9.272951849007676e-309,1.4536774485912138e+135,-1.5690895419194908e-231,7.284674413457403e+173
492.5851703406814,2.4303693192e-313,4.946608029462091e+173,2.6171580944465474e+289,-1.4287432979640574e-101,3e-323,1.4759862789544536e+294,-1.649762264865741e-231,1.5927668371243997e-308,0.0,2.4953398112393056e+289,9.245843021163145e-309,2.159027e-318,1.2773406722085014e+294
492.78557114228454,4.3717121978307476e+296,8.051230676139597e+250,5.4e-323,2.3735696803101698e+289,-1.3653340215606802e-125,1.41494016248e-313,3.281114771822143e-309,7.284669686869601e+173,4.9848343409674946e+296,3.708447e-318,6.9168888901225775e+289,2.738976378388535e+289,9.272951849007676e-309
492.98597194388776,1.4536774485912138e+135,-1.5690895419194908e-231,7.284674414033264e+173,2.4303693196e-313,4.946608029462091e+173,2.6171580944465474e+289,-1.4287432979640574e-101,3e-323,1.4759862789544536e+294,-1.6497720932787806e-231,1.5927668373834324e-308,0.0,2.4953398112393056e+289
493.186372745491,9.245843021163145e-309,2.159027e-318,1.2773406722085014e+294,6.00670457940159e+296,8.051274375638984e+250,5.4e-323,2.3735696803101698e+289,-1.3653340215606802e-125,1.41494016248e-313,3.281114771822143e-309,7.284669686869601e+173,6.699683918793316e+296,3.708447e-318
493.3867735470942,6.9168888901225775e+289,2.738976378388535e+289,9.272951849007676e-309,1.4536774485912138e+135,-1.5690895419194908e-231,7.284674414609125e+173,2.43036932e-313,4.946608029462091e+173,2.6171580944465474e+289,-1.4287432979640574e-101,3e-323,1.4759862789544536e+294,-1.64978192169182e-231
493.58717434869743,1.592766837642465e-308,0.0,2.4953398112393056e+289,9.245843021163145e-309,2.159027e-318,1.2773406722085014e+294,8.743424395661495e+296,8.051318075138372e+250,5.4e-323,2.3735696803101698e+289,-1.3653340215606802e-125,1.41494016248e-313,3.281114771822143e-309
493.7875751503006,7.284669686869601e+173,9.969668681935012e+296,3.708447e-318,6.9168888901225775e+289,2.738976378388535e+289,9.272951849007676e-309,1.4536774485912138e+135,-1.5690895419194908e-231,7.284674415184986e+173,2.4303693204e-313,4.946608029462091e+173,2.6171580944465474e+289,-1.4287432979640574e-101
493.9879759519038,3e-323,1.4759862789544536e+294,-1.6497917501048597e-231,1.592766837901498e-308,0.0,2.4953398112393056e+289,9.245843021163145e-309,2.159027e-318,1.2773406722085014e+294,1.201340915880318e+297,8.051361774637759e+250,5.4e-323,2.3735696803101698e+289
494.188376753507,-1.3653340215606802e-125,1.41494016248e-313,3.281114771822143e-309,7.284669686869601e+173,1.3399367837586678e+297,3.708447e-318,6.9168888901225775e+289,2.738976378388535e+289,9.272951849007676e-309,1.4536774485912138e+135,-1.5690895419194908e-231,7.284674415760847e+173,2.4303693208e-313
494.3887775551102,4.946608029462091e+173,2.6171580944465474e+289,-1.4287432979640574e-101,3e-323,1.4759862789544536e+294,-1.6498015785178992e-231,1.5927668381605304e-308,0.0,2.4953398112393056e+289,9.245843021163145e-309,2.159027e-318,1.2773406722085014e+294,1.748684879132299e+297
494.58917835671343,8.051405474137146e+250,5.4e-323,2.3735696803101698e+289,-1.3653340215606802e-125,1.41494016248e-313,3.281114771822143e-309,7.284669686869601e+173,1.993933736387007e+297,3.708447e-318,6.9168888901225775e+289,2.738976378388535e+289,9.272951849007676e-309,1.4536774485912138e+135
494.78957915831666,-1.5690895419194908e-231,7.284674416336708e+173,2.4303693212e-313,4.946608029462091e+173,2.6171580944465474e+289,-1.4287432979640574e-101,3e-323,1.4759862789544536e+294,-1.6498114069309388e-231,1.592766838419563e-308,0.0,2.4953398112393056e+289,9.245843021163145e-309
494.9899799599198,2.159027e-318,1.2773406722085014e+294,2.402681831760636e+297,8.051449173636534e+250,5.4e-323,2.3735566689122206e+289,-1.3653340215606802e-125,1.41494016248e-313,3.281114771822143e-309,7.284669686869601e+173,2.679873567517345e+297,3.708447e-318,5.211458938127578e+289
495.19038076152304,2.738976378388535e+289,9.272951849007676e-309,1.4536774485912138e+135,-1.5690895419194908e-231,7.284674416912569e+173,2.4303693216e-313,4.946608029462091e+173,2.6171580944465444e+289,-1.4287432979640574e-101,3e-323,1.4759862789544536e+294,-1.6498212353439783e-231,1.592766838678596e-308
495.39078156312627,0.0,2.4953398110407675e+289,9.245843021163145e-309,2.159027e-318,1.2773406722085014e+294,3.497369758264598e+297,8.051492873135921e+250,5.4e-323,2.3735566689122206e+289,-1.3653340215606802e-125,1.41494016248e-313,3.281114771822143e-309,7.284669686869601e+173
495.59118236472943,3.9878674727740236e+297,3.708447e-318,5.211458938127578e+289,2.738976378388535e+289,9.272951849007676e-309,1.4536774485912138e+135,-1.5690895419194908e-231,7.28467441748843e+173,2.430369322e-313,4.946608029462091e+173,2.6171580944465444e+289,-1.4287432979640574e-101,3e-323
495.79158316633266,1.4759862789544536e+294,-1.649831063757018e-231,1.5927668389376285e-308,0.0,2.4953398110407675e+289,9.245843021163145e-309,2.159027e-318,1.2773406722085014e+294,4.805363663521272e+297,8.051536572635308e+250,5.4e-323,2.3735566689122206e+289,-1.3653340215606802e-125
495.9919839679359,1.41494016248e-313,3.281114771822143e-309,7.284669686869601e+173,5.359747135034708e+297,8.05155295994758e+250,5.4e-323,2.373526928574051e+289,-1.3653340215606802e-125,1.41494016248e-313,3.281114771822143e-309,7.284669686869601e+173,6.340742563977217e+297,8.05156934725985e+250
496.1923847695391,5.4e-323,2.373526928574051e+289,-1.3653340215606802e-125,1.41494016248e-313,3.281114771822143e-309,7.284669686869601e+173,7.321737992919726e+297,8.05158573457212e+250,5.4e-323,2.373526928574051e+289,-1.3653340215606802e-125,1.41494016248e-313,3.281114771822143e-309
496.39278557114227,7.284669686869601e+173,8.302733421862235e+297,8.05160212188439e+250,5.4e-323,2.373526928574051e+289,-1.3653340215606802e-125,1.41494016248e-313,3.281114771822143e-309,7.284669686869601e+173,9.283728850804744e+297,8.051618509196661e+250,5.4e-323,2.373526928574051e+289
496.5931863727455,-1.3653340215606802e-125,1.41494016248e-313,3.281114771822143e-309,7.284669686869601e+173,1.0264724279747253e+298,8.051634896508931e+250,5.4e-323,2.373526928574051e+289,-1.3653340215606802e-125,1.41494016248e-313,3.281114771822143e-309,7.284669686869601e+173,1.2027488175326133e+298
496.7935871743487,8.051651283821201e+250,5.4e-323,2.373526928574051e+289,-1.3653340215606802e-125,1.41494016248e-313,3.281114771822143e-309,7.284669686869601e+173,1.398947903321115e+298,8.051667671133471e+250,5.4e-323,2.373526928574051e+289,-1.3653340215606802e-125,1.41494016248e-313
496.9939879759519,3.281114771822143e-309,7.284669686869601e+173,1.5951469891096169e+298,8.051684058445742e+250,5.4e-323,2.373526928574051e+289,-1.3653340215606802e-125,1.41494016248e-313,3.281114771822143e-309,7.284669686869601e+173,1.7913460748981187e+298,8.051700445758012e+250,5.4e-323
497.1943887775551,2.373526928574051e+289,-1.3653340215606802e-125,1.41494016248e-313,3.281114771822143e-309,7.284669686869601e+173,1.9875451606866205e+298,8.051716833070282e+250,5.4e-323,2.373526928574051e+289,-1.3653340215606802e-125,1.41494016248e-313,3.281114771822143e-309,7.284669686869601e+173
497.3947895791583,2.274698244539566e+298,8.051733220382552e+250,5.4e-323,2.373526928574051e+289,-1.3653340215606802e-125,1.41494016248e-313,3.281114771822143e-309,7.284669686869601e+173,2.6670964161165697e+298,8.051749607694823e+250,5.4e-323,2.373526928574051e+289,-1.3653340215606802e-125
497.59519038076155,1.41494016248e-313,3.281114771822143e-309,7.284669686869601e+173,3.0594945876935733e+298,8.051765995007093e+250,5.4e-323,2.373526928574051e+289,-1.3653340215606802e-125,1.41494016248e-313,3.281114771822143e-309,7.284669686869601e+173,3.451892759270577e+298,8.051782382319363e+250
497.7955911823647,5.4e-323,2.373526928574051e+289,-1.3653340215606802e-125,1.41494016248e-313,3.281114771822143e-309,7.284669686869601e+173,3.8442909308475805e+298,8.051798769631633e+250,5.4e-323,2.373526928574051e+289,-1.3653340215606802e-125,1.41494016248e-313,3.281114771822143e-309
497.99599198396794,7.284669686869601e+173,4.287797708027811e+298,8.051815156943904e+250,5.4e-323,2.373526928574051e+289,-1.3653340215606802e-125,1.41494016248e-313,3.281114771822143e-309,7.284669686869601e+173,5.072594051181819e+298,8.051831544256174e+250,5.4e-323,2.373526928574051e+289
498.19639278557116,-1.3653340215606802e-125,1.41494016248e-313,3.281114771822143e-309,7.284669686869601e+173,5.857390394335826e+298,8.051847931568444e+250,5.4e-323,2.373526928574051e+289,-1.3653340215606802e-125,1.41494016248e-313,3.281114771822143e-309,7.284669686869601e+173,6.642186737489833e+298
498.39679358717433,8.051864318880714e+250,5.4e-323,2.373526928574051e+289,-1.3653340215606802e-125,1.41494016248e-313,3.281114771822143e-309,7.284669686869601e+173,7.42698308064384e+298,8.051880706192985e+250,5.4e-323,2.373526928574051e+289,-1.3653340215606802e-125,1.41494016248e-313
498.59719438877755,3.281114771822143e-309,7.284669686869601e+173,8.211779423797847e+298,8.050498709608211e+250,5.4e-323,2.373526928574051e+289,-1.3653340215606802e-125,1.41494016248e-313,3.281114771822143e-309,7.593832688710982e+173,1.4682004583163082e+294,8.050515096920481e+250,5.4e-323
498.7975951903808,2.373526928574051e+289,-1.3653340215606802e-125,1.41494016248e-313,3.281114771822143e-309,7.593832688710982e+173,1.7077012954604755e+294,8.050531484232751e+250,5.4e-323,2.373526928574051e+289,-1.3653340215606802e-125,1.41494016248e-313,3.281114771822143e-309,7.593832688710982e+173
498.997995991984,1.9472021326046427e+294,8.050547871545022e+250,5.4e-323,2.373526928574051e+289,-1.3653340215606802e-125,1.41494016248e-313,3.281114771822143e-309,7.593832688710982e+173,2.18670296974881e+294,8.050564258857292e+250,5.4e-323,2.373526928574051e+289,-1.3653340215606802e-125
499.19839679358716,1.41494016248e-313,3.281114771822143e-309,7.593832688710982e+173,2.4262038068929772e+294,8.050580646169562e+250,5.4e-323,2.373526928574051e+289,-1.3653340215606802e-125,1.41494016248e-313,3.281114771822143e-309,7.593832688710982e+173,2.7767336918698474e+294,8.050597033481832e+250
499.3987975951904,5.4e-323,2.373526928574051e+289,-1.3653340215606802e-125,1.41494016248e-313,3.281114771822143e-309,7.593832688710982e+173,3.255735366158182e+294,8.050613420794103e+250,5.4e-323,2.373526928574051e+289,-1.3653340215606802e-125,1.41494016248e-313,3.281114771822143e-309
499.5991983967936,7.593832688710982e+173,3.7347370404465163e+294,8.050629808106373e+250,5.4e-323,2.373526928574051e+289,-1.3653340215606802e-125,1.41494016248e-313,3.281114771822143e-309,7.593832688710982e+173,4.213738714734851e+294,8.050646195418643e+250,5.4e-323,2.373526928574051e+289
499.7995991983968,-1.3653340215606802e-125,1.41494016248e-313,3.281114771822143e-309,7.593832688710982e+173,4.692740389023185e+294,8.050662582730913e+250,5.4e-323,2.373526928574051e+289,-1.3653340215606802e-125,1.41494016248e-313,3.281114771822143e-309,7.593832688710982e+173,5.234132934214157e+294
500.0,8.050678970043183e+250,5.4e-323,2.373526928574051e+289,-1.3653340215606802e-125,1.41494016248e-313,3.281114771822143e-309,7.593832688710982e+173,6.192136282790826e+294,8.050695357355454e+250,5.4e-323,2.373526928574051e+289,-1.3653340215606802e-125,1.41494016248e-313
