time,S,SR,C,CR,M1,M2,TH1,TH2,TC,Treg,IL10,IFNgamma,IL2,color
0.0,1.0,0.0,0.0,0.0,85000.0,15000.0,71000.0,12000.0,56000.0,8000.0,0.0085,0.12,0.0094,black
0.40080160320641284,1.0426608955965129,2.13127315763038e-08,0.02731166125779444,1.0728208400805706e-05,56516.37078408225,14706.969854121082,46678.90252826263,6006.924568490381,8097.811081735264,5359.226582745561,3.3908332867523944e-06,0.011154810367917045,0.0003508045831216836,black
0.8016032064128257,1.0874428162827259,4.4456304270241874e-08,0.10107445786613085,0.0001233454701101527,37554.803456950794,14415.178339653476,27623.1455095958,3013.721516118552,1117.422302394955,3590.1466142918634,1.3728885533597984e-07,0.0014567642572021892,4.668547563375947e-05,black
1.2024048096192386,1.1341774699982392,6.955044970151528e-08,0.2855158249501965,0.0008045808348480181,24953.126041468142,14129.17312141615,15216.66348591838,1512.1563862582589,145.5282828554869,2405.031602273042,9.47224894568169e-08,0.0004042545982248215,2.154528385495447e-05,black
1.6032064128256514,1.182924653942943,9.671975633827134e-08,0.7215381229327827,0.004130215543805113,16579.830635157083,13848.84209670719,7916.235210497623,757.9435514002602,18.239298105932285,1611.120003594356,4.5359586228114004e-08,0.00018255696678521618,1.1291269711434719e-05,black
2.0040080160320644,1.2337682046939986,1.260961960841551e-07,1.703719732725182,0.018370576875785676,11016.255175372122,13574.072827928121,3938.465597197081,379.2952790907811,2.2358999113691373,1079.278570382016,5.884630108563362e-08,9.031917356074894e-05,5.699931545248314e-06,black
2.404809619238477,1.2867976560062515,1.578193025393991e-07,3.820863522545232,0.07363852494402684,7319.599379033372,13304.755188241772,1896.2048369664983,189.45374911385636,0.2709284345091993,722.999177419742,-8.070010726212264e-10,4.408865546028426e-05,2.7754113613029207e-06,black
2.80561122244489,1.3421067085963814,1.9203652744089075e-07,8.200677398399415,0.27124356255220117,4863.404029885903,13040.781052169355,892.1331846863122,94.44216044026481,0.032635216545888836,484.3292106869611,1.1433315682997445e-09,2.1012311108589294e-05,1.3163135919405694e-06,black
3.2064128256513027,1.399793208251708,2.2890366194347303e-07,16.91694255586402,0.9283596354229381,3231.4188545643083,12782.04463210419,413.168246714315,46.98408982218637,0.003920109367450101,324.44580244335515,6.0338596293012465e-09,9.824539524129177e-06,6.130005765707313e-07,black
3.6072144288577155,1.4599592704877784,2.685852830833173e-07,33.63822322692297,2.97381094139835,2147.0695262101713,12528.442352522288,189.3264117040911,23.3270404716043,0.00047021260140572114,217.34133030620106,4.058325453166962e-09,4.531855240195249e-06,2.8195145279724216e-07,black
4.008016032064129,1.5227114352975646,3.112552217749136e-07,64.61889311185638,8.96254414002385,1426.5887621231527,12279.87297328925,86.14046847416485,11.558453740685357,5.637860778111157e-05,145.59317740714104,-8.848782828599406e-11,2.071233859452671e-06,1.286067554939403e-07,black
4.408817635270541,1.5881608405809353,3.570970539345698e-07,120.15224299709996,25.518363913488624,947.8758031373727,12036.23781352856,39.00727692492403,5.715911382492711,6.783854399247446e-06,97.53002843111247,8.386457515625596e-10,9.407709642803324e-07,5.833559608305689e-08,black
4.809619238476954,1.656423410630467,4.063046166925198e-07,216.61889622937593,68.8808833264755,629.8012260254206,11797.44120485,17.607652049706587,2.821136408899708,8.401422997853031e-07,65.33317929781866,-1.2484164873791858e-09,4.2551879177324475e-07,2.6362386035932847e-08,black
5.210420841683367,1.7276200570208877,4.590825507827443e-07,379.26173058952486,176.79457334124618,418.46160638826353,11563.39134896684,7.931446077086778,1.3897645607776594,1.1321797071948905e-07,43.76509018270764,-1.2181034519042757e-09,1.9193577070869348e-07,1.1883834550166487e-08,black
5.61122244488978,1.8018768905480462,5.156468708280324e-07,645.8044996179186,432.64676458169754,278.0419517881059,11334.002014140338,3.568206196853754,0.6834131470696462,8.063155713146228e-09,29.317205486465422,-3.66720803833324e-10,8.643009219760494e-08,5.344199610075706e-09,black
6.012024048096192,1.8793254437739797,5.762255655313422e-07,1071.0009935500518,1012.0952451746311,184.74180375459107,11109.195694571763,1.6036340303204244,0.33544071628607625,6.812096057763582e-10,19.638822862800847,8.019472656859695e-10,3.886757723766794e-08,2.400632085029288e-09,black
6.412825651302605,1.9601029032178583,6.410592270744497e-07,1732.118643944123,2268.525303768517,122.7500733050755,10888.909365224492,0.7202856713059468,0.1643527094619217,6.355618325743036e-10,13.155494523399252,1.5510318942023444e-09,1.7459621269132586e-08,1.1259473992235266e-09,black
6.813627254509019,2.044352352232112,7.104017136702933e-07,2735.313162873175,4882.656344287828,81.5608285508637,10673.104636214199,0.32338914971709626,0.08038570157154656,3.1977346193464944e-10,8.812472684618017,2.036858756041706e-09,7.831029750797833e-09,5.385854178353843e-10,black
7.214428857715431,2.132223024314012,7.84520845402149e-07,4222.727475765829,10112.469677826724,54.193553193416314,10461.785054985805,0.14515392346711012,0.03924982963453351,1.2379664499217673e-10,5.9031971755332355,2.355115294563101e-09,3.5135834754009523e-09,1.0556817240540514e-10,black
7.615230460921844,2.22387056739242,8.636991354401948e-07,6380.056794918856,20192.726013554362,36.01015114355347,10255.024561702165,0.0651415665008793,0.019132472973562194,5.931803863144583e-11,3.95435614784249,2.565433998775868e-09,1.6287259956404953e-09,-2.0872314810718664e-11,black
8.016032064128257,2.319457319503986,9.482345583255445e-07,9444.216094118023,38946.75695891197,23.928891860698272,10053.012635906278,0.029229692368899784,0.009310868458744273,1.4729891147555423e-11,2.6488861670003,2.7055568851627304e-09,7.409374127541073e-10,3.831529844543087e-12,black
8.41683366733467,2.4191525963346514,1.0384413571543087e-06,13710.660131762266,72685.10960415713,15.902146669634499,9856.123424495781,0.013114320689843669,0.004523878863512031,1.838145532117342e-12,1.7743925021567277,2.799680445517975e-09,1.9530327072454492e-10,1.5270666145789225e-11,black
8.817635270541082,2.523132991134689,1.1346508916098467e-06,19539.8444583361,131473.3640110253,10.569400375149117,9665.018039285656,0.005883598696756204,0.002194611467765249,1.329520091440061e-12,1.1885987406725886,2.8634795920224493e-09,4.667582359040413e-11,6.320102118784647e-12,black
9.218436873747494,2.6315826875103743,1.2372125288016526e-06,27362.29324570651,230850.51483626067,7.026639350732311,9480.791048836898,0.0026395180760791924,0.001063041175472612,1.0391439130203984e-12,0.7961957759557936,2.9071935009861197e-09,1.2742184342976052e-10,1.0312641447140446e-11,black
9.619238476953909,2.7446937856764184,1.3464945790974413e-06,37681.753541259684,394069.30426311994,4.673185483019921,9305.174284231914,0.0011841146541531544,0.0005141767726720115,6.553957870243213e-13,0.5333391245098525,2.9375538905547067e-09,8.768790443224377e-11,1.0390757343835248e-12,black
10.02004008016032,2.862666642733596,1.4628852791284221e-06,51075.97911620875,654904.6897668291,3.1099045015699205,9140.81350755802,0.0005311884841684823,0.0002483595011133558,6.67972914955461e-13,0.35726143799344545,2.9590091194069863e-09,3.859299310556873e-12,1.3654965572395887e-12,black
10.420841683366733,2.9857102275632688,1.5867938242893298e-06,68194.7884975697,1061038.4934789052,2.071573499818419,8991.637721557832,0.00023828846569445107,0.0001198131550330332,2.9536930075449876e-12,0.2393139869205972,2.9745109297232904e-09,5.983479125635461e-13,5.317849060026659e-16,black
10.821643286573147,3.114042491404154,1.7186514544591258e-06,89755.16268185573,1677982.5527322676,1.381937156900511,8863.350409400908,0.0001068572823247469,5.7724440408406614e-05,1.2274451191358925e-10,0.16030432256406518,2.986025441920664e-09,6.726688733426834e-12,-1.637223623753371e-12,black
11.22244488977956,3.247890753260956,1.8589125910164362e-06,116533.36394701246,2593417.9490226363,0.9238932868819147,8764.085339575871,4.7930267554252865e-05,2.7786711374834085e-05,3.486582858476476e-08,0.10737797709280256,2.994867311147767e-09,-2.4022458934050766e-12,-1.5114378680250372e-12,black
11.623246492985972,3.387492101492321,2.0080560297756077e-06,149354.16484981708,3921788.889196744,0.6196586550770324,8705.30885244971,2.1525855048632912e-05,1.3374202121613274e-05,0.0004048764726150558,0.07192688587424793,2.8424797336701517e-11,4.2998157462582644e-13,-1.5198496522515263e-12,black
12.024048096192384,3.5330936773341217,2.166585376608653e-06,189077.34334842215,5808955.620311103,0.4175165826192699,8703.127400438394,9.656736214991697e-06,6.433079365798887e-06,18523.41753132862,0.048180439670019004,7.076256405825976e-13,3.3966202214101137e-06,-1.4605037464459079e-12,black
12.424849699398798,3.684858141296222,2.3345019592867828e-06,236564.0701642835,8436179.961783702,0.28312743414899666,8780.263587992158,4.332112559267659e-06,3.0952276641117126e-06,1100680.772819873,0.03227382521441214,6.159245130801704e-13,0.0011689188086607828,-1.433880533741923e-12,black
12.82565130260521,3.8429638234265475,2.5119149004491383e-06,292647.40665628784,12023478.634395817,0.19369875287295535,8969.203007893915,1.94340482685535e-06,1.4907839583279957e-06,1854802.38356256,0.021618752571702936,5.682001910000249e-13,0.0025249581550228725,-1.4219369662566102e-12,black
13.226452905811623,4.007695061537495,2.699394926737497e-06,358162.54464257567,16833166.190709338,0.1341057467637861,9317.554058679347,8.719487451800908e-07,7.196146311698621e-07,2687826.5543144317,0.01448159008209378,5.490001918173501e-13,0.0038181034267503115,-1.4165796769647642e-12,black
13.627254509018037,4.179289236719502,2.8972073103627097e-06,433886.6324643319,23170464.94827793,0.09432504869750587,9897.450659701277,3.9124791135244163e-07,3.486607323449333e-07,3765222.53591358,0.009700804685052746,5.487630822214754e-13,0.005413242325666645,-1.4141761700216086e-12,black
14.02805611222445,4.3579626944181165,3.105467761037489e-06,520509.08530641336,31382900.53960725,0.06772726020539874,10822.97905753548,1.7567701486504703e-07,1.7001764349436642e-07,5165095.319180612,0.006498639318339922,1.124822207856569e-12,0.007481698151697506,-1.4130983146583793e-12,black
14.428857715430862,4.54391517511974,3.32415802445544e-06,618605.6121175451,41857600.31957499,0.04993405697964503,12283.347268887874,7.883357687982116e-08,8.368393044974913e-08,6959470.919789474,0.004353804516697647,5.57541671515962e-12,0.010145872937062848,-1.4126140971824717e-12,black
14.829659318637274,4.737326387220046,3.5531124377268043e-06,728610.6361177865,55015980.36430182,0.038060235308132684,14607.121318650004,3.521606013185969e-08,4.169351185435255e-08,9225267.254197307,0.0029163477833655245,1.0996473464778618e-11,0.013528353332608108,-1.4123960095013897e-12,black
15.230460921843688,4.9383500927022554,3.792000946945368e-06,850783.5471484803,71307001.70901214,0.03024190718954439,18404.73788504709,1.586639412295272e-08,2.1341971210249907e-08,12045139.733626606,0.0019536083321081616,1.762625162098371e-11,0.017760749465242358,-1.4122992611376147e-12,black
15.6312625250501,5.147108383954677,4.040326519386646e-06,985180.3786132233,91196738.45491493,0.025289879593168335,24874.749082716204,7.13331677533606e-09,1.1366049761379061e-08,15505516.196075266,0.001308811217500744,2.6245447886533072e-11,0.02298164620633425,-1.4122555957386389e-12,black
16.032064128256515,5.36368579475131,4.297433834275968e-06,1131625.1191315267,115156021.37082109,0.02249915643963138,36525.760648393356,3.211916430124298e-09,6.493410208619934e-09,19695114.30242713,0.0008769299547317008,3.835583096806024e-11,0.029335506894825867,-1.4122359887322103e-12,black
16.432865731462925,5.588123386865636,4.562530736682502e-06,1289682.8604320502,143646049.32486552,0.021554053027822557,58950.13129678559,1.4387070633202455e-09,4.2265442351968145e-09,24701776.158083364,0.0005876729211874141,5.7010259477708035e-11,0.036965249723565234,-1.4122271226834285e-12,black
16.83366733466934,5.820413871274416,4.834724339555337e-06,1458638.943124338,177102193.3141189,0.02253426790381166,105167.71822332244,6.454642492768508e-10,3.578142813606723e-09,30610143.11976111,0.00039398500977838314,8.877317451199589e-11,0.046011344534744654,-1.412223156468493e-12,black
17.234468937875754,6.06049758550231,5.113066154254187e-06,1637484.7996507306,215916674.10559332,0.0260868779736774,205290.2620761218,2.896180327248087e-10,5.306167143517834e-09,37497864.2163297,0.00026435538030837737,1.4841234175403252e-10,0.05660839125413727,-1.4122213772369866e-12,black
17.635270541082164,6.308259879197652,5.396602337413905e-06,1824912.4150487185,260420778.36530668,0.03396422128569358,420868.3866363832,1.2993187363311463e-10,2.6782454396503243e-08,45432837.03409746,0.00017769955879181612,2.6584143783294054e-10,0.06887090008550761,-1.4122205788059593e-12,black
18.03607214428858,6.563530477508967,5.6844220859848966e-06,2019321.5665153496,310867628.33092743,0.05055359876520032,843656.6476941054,5.828564386748104e-11,1.5491995580340755e-06,54469630.91048345,0.00011989739498753673,2.8782727629743697e-10,0.08289760859608934,-1.4122202205746667e-12,black
18.43687374749499,6.826084704059207,5.975698926102297e-06,2218839.742173439,367416318.40791893,0.08748578160047563,1554604.3158602803,2.6147513014978962e-11,0.0086004223057274,64646343.4269347,8.144584583106348e-05,7.36669369925998e-11,0.09876235553485953,-1.4122200598839093e-12,black
18.837675350701403,7.0956469726202105,6.269720981850561e-06,2421357.073942605,430118506.34121644,0.1790952718092209,2589040.137729269,1.173002617360681e-11,35040.037800231825,75981924.44028445,5.590865635476264e-05,5.860937097078277e-07,0.11650931578517328,-1.4122199877963884e-12,black
19.238476953907817,7.371896434825384,6.5659083565394816e-06,2624586.879138378,498909046.7797729,0.4412304628009179,3951210.0933597563,5.2622096756706075e-12,1578906.810622579,88474036.78663975,3.893566824307208e-05,6.894888549968697e-05,0.13614864753479927,-1.4122199554572185e-12,black
19.639278557114228,7.654474639399847,6.863818148657468e-06,2826131.075749815,573600585.8444663,1.3304502432781828,5638587.233036053,2.360691485958479e-12,3295503.0514033507,102097741.62458646,2.7617181685563167e-05,0.00015571494349617688,0.15765469149179065,-1.4122199409495213e-12,black
20.04008016032064,7.942994873430605,7.1631393111528395e-06,3023525.1167527265,653881054.5930777,4.990315507101374,7651121.918375705,1.0590458150609502e-12,5116105.1203336455,116804674.4928459,2.0029526608256775e-05,0.000246870568427694,0.18096401885289615,-1.4122199344411307e-12,black
20.440881763527056,8.237052795074575,7.463680399793464e-06,3214336.77034434,739318928.2607077,23.63456903281506,9991912.486554537,4.751436664113784e-13,7151655.731145662,132523446.83308604,1.4911685651866802e-05,0.00034880283161693124,0.20597524056809807,-1.41221993152131e-12,black
20.841683366733466,8.536237734130799,7.765353093859721e-06,3396250.764539123,829372902.249875,143.31354304801891,12665689.994005967,2.1326491849839856e-13,9462874.730801374,149161072.36110815,1.1441252597313012e-05,0.0004633385292049757,0.23255068773171944,-1.4122199302111585e-12,black
21.24248496993988,8.840144069431231,8.06815422102925e-06,3567147.520996187,923406206.6936438,1125.90774078989,15677283.780490773,9.60315321926799e-14,12081648.228547782,166605279.74960238,9.083703032096092e-06,0.0005940031357965634,0.2605195923680729,-1.4122199296225843e-12,black
21.643286573146295,9.148382116466646,8.372148307248474e-06,3725173.7552872584,1020704997.0695719,11574.958272278805,19030482.333480082,4.4624102384278567e-14,15025287.92304048,184727640.8635355,7.493235038456002e-06,0.0007405229128586911,0.2896826677656255,-1.4122199293553725e-12,black
22.044088176352705,9.46058801244525,8.677451937162503e-06,3868798.7422158886,1120499665.1278152,156774.00910320855,22727255.425260525,3.1007605352595904e-14,18303362.97485707,203387355.05223417,6.448857740222159e-06,0.0009050197320128356,0.3198178657512337,-1.4122199292175443e-12,black
22.44488977955912,9.77643219093572,8.984220560091847e-06,3996854.256015313,1221987942.5117295,2740869.6380761405,26767272.375209462,1.7974409420314567e-11,21920673.91455547,222435463.63075057,5.81430223556608e-06,0.0010856919548038787,0.3506869941544948,-1.412219925223909e-12,black
22.845691382765533,10.095368345319214,9.292384093212144e-06,4107061.7240635096,1324120008.8695982,41800105.517877735,31147546.36808044,6890575.613016668,25878461.89611124,242054092.8488735,5.5144185728188176e-06,0.001283730509682433,0.4153271350656559,0.003017747252814018,black
23.246492985971944,10.400072155736124,9.585377437118039e-06,4110186.2035949565,1410086123.3906767,190855496.66420695,35841911.43860753,69587738.9266033,30171236.712596256,266876519.10599792,5.523635848316888e-06,0.0014989145589651405,1.0819218290034631,0.05404302674987345,black
23.647294589178358,10.638353494103777,9.812616740816122e-06,3834475.659070789,1432918030.173094,371206002.8671055,40690831.287459254,198157581.97493955,34746256.693965554,295756863.6439049,5.8610931682736106e-06,0.001728947086615258,2.8258500930615,0.18291250825804967,black
24.04809619238477,10.780711445518763,9.945938498301637e-06,3356225.8871164653,1377979308.7391179,514053503.6937313,45395551.682474814,350114726.0069981,39442107.33945042,318712898.61216617,6.58908854360914e-06,0.0019663781150556425,5.227446913173933,0.3538946170073481,black
24.448897795591183,10.841595558379458,9.999858960878828e-06,2840647.484158578,1273998428.636229,603189840.1867659,49702430.97462327,485415097.74065846,44028738.77162522,330170725.11108404,7.821021203033807e-06,0.002199769473644291,7.589159080863215,0.5176153984503844,black
24.849699398797597,10.849141446216155,1.000186905629162e-05,2373663.606970864,1152791532.4900393,643626930.9743917,53489304.07050188,583533530.6758615,48302553.40093625,330464779.85079,9.747166287943486e-06,0.0024177156393263215,9.44838804799166,0.6438539672351448,black
25.250501002004007,10.827297684349409,9.975236933968657e-06,1980013.5951777683,1033681529.129213,647347916.5349288,56738009.26649911,640362829.459021,52140064.23579801,322067389.0391695,1.2672617569870341e-05,0.002615679414007174,10.638861814368752,0.7229650815819685,black
25.65130260521042,10.79315951623332,9.936608738884849e-06,1658686.4450260922,925731440.9907898,626612337.3289237,59485204.2005183,660978625.7066678,55495084.11792728,307707845.5943371,1.7079229427814315e-05,0.002788571184814579,11.190779416876499,0.7582218192844167,black
26.052104208416836,10.75859728831034,9.8976720620607e-06,1400219.6858986672,832215702.4139439,591597687.2635113,61790377.46436509,654089264.2612362,58374759.038095616,289841629.3715131,2.372673530638908e-05,0.0029373380581023956,11.228280076071556,0.7587537999890006,black
26.452905811623246,10.731575009037467,9.866442576886001e-06,1193557.9942316518,753379223.0006676,549718435.7761928,63718386.838286996,628650856.1086663,60817649.19898078,270442462.06398654,3.380975879198989e-05,0.0030635929648706152,10.900505673102606,0.734971343610676,black
26.85370741482966,10.717412483215151,9.848451558142078e-06,1028577.5242607715,688155411.6787521,506004548.3286481,65331164.73707142,592282406.6277596,62876085.466402896,250979120.26317343,4.9223071297110495e-05,0.0031701647351253625,10.343625396881093,0.6961633466133367,black
27.254509018036075,10.719532652617502,9.84741808238146e-06,896779.2446831673,634994493.7884178,463625608.2010848,66684310.72384605,550790462.2732604,64605746.729836956,232455417.03996032,7.298240541635014e-05,0.00325967077214251,9.666288668371958,0.6496344671641064,black
27.655310621242485,10.740003957580623,9.865723877222634e-06,791249.0583245825,592267114.1287005,424447868.3334421,67826441.4255343,508303206.83644235,66060169.861616544,215502548.41468912,0.0001098518545446434,0.0033349261274252828,8.948533648128436,0.6007083758658036,black
28.0561122244489,10.77984645590971,9.904671484721046e-06,706480.3732627666,558431612.362506,389416531.3611183,68799249.50109912,467521763.04663944,67288149.76529638,200457844.9171771,0.00016736218834219178,0.0033984235954020426,8.244643992368559,0.5529595438839618,black
28.45691382765531,10.839218528165663,9.96463171366748e-06,638218.1184413508,532117413.9746597,358824071.9594812,69637590.37090965,429965126.3998597,68332248.82895431,187428403.43354538,0.00025776822134431523,0.0034523505596506646,7.586717493069243,0.5084751283680345,black
28.857715430861724,10.917680403943034,1.0045286963324127e-05,583123.6019556547,512137982.18534446,332611906.2828058,70370693.51050456,396388956.11874473,69228977.77951048,176382930.5180627,0.00040078866337684294,0.0034985973164295427,6.991995941344988,0.46835792139850235,black
29.258517034068138,11.014410052487248,1.0145847633044153e-05,538507.7895637506,497471912.1531432,310567862.7102297,71023254.72344126,367113421.97411823,70009467.41801752,167219770.78807047,0.0006286434977160222,0.00353878008036332,6.468889573038099,0.43313285333573015,black
29.65931863727455,11.128268350909831,1.026512627164999e-05,502256.0283394055,487242055.2547855,292359340.33740383,71615771.45310186,342118544.1768027,70699933.51327083,159785248.87609053,0.0009935042860854779,0.003574248509440854,6.018936455306016,0.4028743108532847,black
30.060120240480963,11.25788710157491,1.0401635903905853e-05,472692.09874304075,480689111.25898486,277599665.1632873,72165138.88239603,321179959.4951903,71322297.06295498,153899757.80992866,0.001580847331072969,0.003606136909892134,5.639427392914715,0.37738012773411234,black
30.460921843687377,11.401766300860983,1.055370450304199e-05,448467.87844748877,477151270.5579351,265897227.10086405,72685190.38601203,303972351.4759057,71894744.93852924,149377112.3691201,0.002531585681157249,0.0036353920796863754,5.325399725866373,0.35630417970095823,black
30.861723446893787,11.558346113493956,1.071956535799039e-05,428494.3191092916,476048262.8549645,256874758.7198658,73187086.4003538,290126005.0293808,72432206.15390997,146034472.41136646,0.004077836183747929,0.0036627874510030195,5.07078857856485,0.3392316045497224,black
31.2625250501002,11.72607416392604,1.0897444361051536e-05,411884.7603057173,476867775.7150063,250177599.04454058,73679682.9294162,279264387.8270941,72946826.7205917,143698755.04198077,0.006607811201331769,0.0036889556835062714,4.869230252535518,0.3257304552599439,black
31.663326653306616,11.903436351290713,1.1085603037645344e-05,397920.9897043882,479156708.11301655,245474105.38942742,74169771.51190756,271014099.17900044,73448269.18450849,142207841.79333845,0.010768244860402346,0.003714400618586513,4.714290461260399,0.3153660336308708,black
32.06412825651303,12.088999068240991,1.1282393754593993e-05,386018.82572762365,482515039.0216368,242457947.5625409,74662358.31222343,265020496.26049453,73944049.08065984,141412662.0889419,0.017651385024425554,0.0037395155424905214,4.599798112355062,0.3077224743637736,black
32.46492985971944,12.281436338250472,1.1486295648035696e-05,375705.7545841587,486592418.8763161,240846611.47287872,75160892.11506113,260951495.4571433,74439803.70476398,141177824.14891574,0.02910764812679016,0.0037645972971533143,4.519949504660539,0.30240898146083717,black
32.86573146292585,12.479549586604517,1.1695940196243428e-05,366602.9909812823,491086159.0719168,240380092.2261896,75667480.81947766,258498380.51341665,74939535.67314224,141381428.9003424,0.04828677814698519,0.0037898583559893687,4.4693365833996195,0.2990613990482216,black
33.26653306613227,12.682282441794355,1.1910129359559317e-05,358410.8139886084,495740151.56278783,240820231.4112128,76183102.56648262,257376022.0809385,75445843.50681344,141914928.74411958,0.08059506152223628,0.003815438671857327,4.442958609041188,0.2973428392716218,black
33.66733466933868,12.888729231520502,1.2127845048240907e-05,350896.6835978703,500343936.45137775,241950698.0622683,76707804.67942005,257322646.4230626,75960133.78217366,142682926.43454197,0.13536545793518948,0.003841416601579475,4.436218810804961,0.2969434068043798,black
34.06813627254509,13.09813843963899,1.234825187401728e-05,343884.7588091575,504731322.26502734,243577524.55308717,77240895.94504535,258099952.33102494,76482825.08915232,143602947.13111413,0.22881098828393073,0.0038678191551724415,4.444924242662238,0.2975802424822123,black
34.46893787575151,13.30991129867964,1.2570693782475876e-05,337246.448871768,508778202.7090479,245529887.67687082,77781129.3855678,259493548.85377768,77013543.26365037,144605150.77729732,0.3892656336849732,0.0038946319844772475,4.465290315708113,0.2989979152327836,black
34.86973947895792,13.523595803231439,1.2794685233075176e-05,330891.8248078745,512399400.8549988,247660808.87838992,78326871.25672883,261313596.1032225,77551305.54007117,145631924.33213472,0.6665938008346557,0.0039218088620398385,4.493949557781052,0.30096911461666315,black
35.27054108216433,13.738876866590838,1.3019898051773898e-05,324761.84011146665,515544605.1557725,249847463.24837002,78876252.1381862,263395387.91973534,78094690.34590858,146637309.1888685,1.1490211894332387,0.0039492802194973095,4.527960836685183,0.30329535942351765,black
35.671342685370746,13.95556325391509,1.3246144837002175e-05,318821.3022400537,518193540.4825041,251990899.18381858,79427298.8422339,265599622.71836647,78641991.69057673,147586232.0917509,1.9937933358552749,0.003976961201092224,4.564814890708445,0.30580743141830724,black
36.07214428857716,14.173572343469937,1.3473360241568612e-05,313052.74633147975,520350720.9425466,254015083.16932398,79978043.34178156,267812162.13855782,79191353.36610161,148453551.3889792,3.482621562681597,0.004004758520686484,4.602432424467481,0.30836527706883887,black
36.47294589178357,14.392913465399038,1.3701580995269132e-05,307451.17538456834,522040040.6679831,255865273.83066607,80526609.47560076,269943161.8555548,79740882.88893734,149222935.99826533,6.123677288116292,0.004032576385011323,4.639152371216428,0.31085721664791527,black
36.87374749498998,14.613670908618646,1.3930925907052791e-05,302019.7432403055,523299568.46724695,257505851.21442235,81071276.75638379,271925569.23977065,80288742.78682415,149885637.40828905,10.838601329281794,0.004060321255329691,4.673709591904899,0.31319841811070886,black
37.274549098196395,14.835987243965508,1.4161576526432975e-05,296766.2990790142,524176745.5868961,258917745.5870794,81610523.71197301,273713054.79042137,80833220.57033731,150439202.76092908,19.308738602110246,0.004087905526275363,4.705202684117277,0.3153286892425577,black
37.675350701402806,15.060047701603139,1.4393759248387608e-05,291700.7528430533,524724191.71969324,260095655.2848782,82143052.68149376,275277513.6541578,81372778.01237167,150886194.50307527,34.618584311779315,0.004115250150722043,4.733053829951601,0.3172097262038239,black
38.07615230460922,15.286066013696393,1.4627729265461672e-05,286833.1505778177,524996198.89601725,261045218.02764735,82667799.12658043,276606291.4647159,81906082.06010404,151232964.84258696,62.45987614870383,0.004142286322478123,4.756963106749138,0.3188219886790113,black
38.476953907815634,15.514272173228957,1.4863756824251762e-05,282172.3708664992,525045980.2862226,261780312.6723526,83183928.39053044,277699328.735488,82432019.588099,151488540.18504608,113.39100839144463,0.004168956327844833,4.776860488258496,0.32016142470612385,black
38.877755511022045,15.744902036585392,1.5102115657677544e-05,277725.29590457375,524923591.36663204,262320563.2501029,83690823.17219627,278566336.2227201,82949699.42437194,151663627.02142385,207.12799632920525,0.004195213745357024,4.792857547226701,0.3212361829086088,black
39.278557114228455,15.978189075770844,1.5343073902790668e-05,273496.38586496725,524674527.73823446,262689182.23106456,84188064.4723537,279224188.53555274,83458444.06177682,151769782.31476232,380.64466903469656,0.004221023121360466,4.805202167643973,0.3220635372644392,black
39.67935871743487,16.21435787149328,1.55868870201833e-05,269487.524217515,524338838.7896677,262911119.06953108,84675408.33492789,279694545.808553,83957774.14602765,151818723.39312008,703.6549674508658,0.004246359298971421,4.814236631938006,0.3226670476933327,black
40.08016032064128,16.45361948518841,1.583379285111889e-05,265698.0816470683,523950725.1207574,263011587.98713607,85152760.52277796,280001826.85984373,84447387.86358644,151821799.71468943,1308.2825909465228,0.004271206539489093,4.820361357221081,0.3230741097179618,black
40.480961923847694,16.696168345870284,1.608400838901366e-05,262125.112717482,523538484.7141569,263014926.6992549,85620150.78477855,280171521.8985083,84927137.6024561,151789600.9375407,2446.075751084304,0.004295557621238527,4.824004268716813,0.3233138901812817,black
40.88176352705411,16.94218051173897,1.6337728099554677e-05,258763.64053181832,523124736.1866196,262943773.31852767,86077707.92822467,280228859.62528867,85397005.46244231,151731692.44927588,4598.179940806067,0.004319413118284204,4.825596196773958,0.32341567369135776,black
41.28256513026052,17.19181303949255,1.6595123482012456e-05,255606.9843932189,522726830.35868156,262818514.87576944,86525636.6087547,280197800.7452277,85857079.04134598,151656456.93259934,8688.275302127198,0.004342781165649938,4.825551934912932,0.32340759362428917,black
41.68336673346693,17.445204262417132,1.6856343643483884e-05,252647.102380981,522357387.35145843,262656968.9788605,86964196.42977525,280100329.6522486,86307528.46548489,151571024.9024226,16494.467167697294,0.004365678210417668,4.824256549312772,0.32331571879793175,black
42.08416833667335,17.70247475456437,1.712151663133412e-05,249874.9266756895,522024901.41902447,262474252.239301,87393683.70366825,279956001.2042457,86748585.38080741,151481274.61809388,31441.596706345535,0.004388131641515808,4.822056249108977,0.3231634481652207,black
42.48496993987976,17.96372880312667,1.7390751320758186e-05,247280.6777365659,521734371.63902587,262282796.07566053,87814416.05786322,279781701.90807897,87180524.35191102,151391885.03939158,60107.06342290374,0.004410185888501852,4.819253141879228,0.3229711672374237,black
42.88577154308617,18.229056217879208,1.7664139662092803e-05,244854.14833803815,521487924.8057806,262092471.42890757,88226719.93929489,279591581.9917326,87603646.92975546,151306426.22599882,114993.51361890903,0.00443191465389003,4.81610313128504,0.32275611562879414,black
43.28657314629259,18.498534338325232,1.7941759128922886e-05,242584.9527845576,521285407.01236963,261910790.31377435,88630921.02475107,279397119.46160764,88018268.51995368,151227474.36052898,219307.3150134671,0.004453442966717867,4.812816280028069,0.32253241979906055,black
43.687374749499,18.772230119908198,1.822367523187442e-05,240462.73959509996,521124927.60603046,261743156.57516474,89027337.51837847,279207280.58454424,88424708.10497071,151156740.54914287,414043.8216317898,0.0044749811847341545,4.809559010048382,0.32231124851261916,black
44.08817635270541,19.050202204520144,1.8509943990560608e-05,238477.36815137067,521003345.6917946,261593143.3673084,89416276.21673007,279028746.0705132,88823280.80214304,151095204.76531217,764955.2853214062,0.0044968613279535155,4.8064575896205834,0.32210105389283045,black
44.48897795591183,19.33250290126866,1.8800614279755537e-05,236619.04987392848,520916692.7704859,261462779.82856503,89798030.8274764,278866178.15904766,89214293.11501406,151043248.2626231,1359967.6541885526,0.004519533444333615,4.8036024595714695,0.321907867921289,black
44.88977955911824,19.619180021870207,1.909572998791385e-05,234878.45437224224,520860528.9135075,261352832.50411355,90172880.88730454,278722506.5940467,89598040.15615241,151000779.1153578,2281205.626567945,0.004543443343400053,4.801052994746511,0.32173562727130905,black
45.29058116232465,19.910278533629352,1.9395331947322236e-05,233246.77904165516,520830230.3310317,261263071.29491863,90541088.64306855,278599217.78654426,89974803.30003522,150967347.0225218,3552218.828177942,0.00456877450317181,4.798842411651925,0.32158650710148146,black
45.69138276553107,20.205842007264234,1.9699459612462837e-05,231715.78454702243,520821210.982602,261192511.83700213,90902892.64579894,278496633.78724116,90344846.34197146,150942244.59877607,5103476.90310986,0.00459524786990704,4.7969825732768285,0.3214612471430912,black
46.09218436873748,20.505913850319562,2.000815247861413e-05,230277.80681045214,520829087.8306368,261139629.6688566,91258501.10183455,278414171.6770685,90708409.93787353,150924594.2903961,6797831.800670946,0.004622211134778336,4.795468512875214,0.32135945813966726,black
46.49298597194389,20.810538327618808,2.0321451244892998e-05,228925.75851865276,520849802.37901366,261102544.75233552,91608089.58540678,278350577.2044226,91065706.65250006,150913421.64314303,8491740.27578367,0.004648939193930004,4.794282552753759,0.32127990034951925,black
46.8937875751503,21.11976137727531,2.0639398733329727e-05,227653.12517150314,520879706.3712603,261079177.14570144,91951804.09982724,278304129.8333133,91416919.21309336,150907715.9917784,10078563.697993893,0.004674872986953527,4.793397952939304,0.3212207298406013,black
47.294589178356716,21.433631231107444,2.096204057562459e-05,226453.95357014326,520915614.15443534,261067374.56159484,92289767.00389262,278272817.7510449,91762202.46090093,150906478.9212444,11498388.93442305,0.004699688686810954,4.792782052773242,0.321179710241675,black
47.69539078156313,21.75219887164179,2.1289425706230133e-05,225322.83067315904,520954826.4991565,261065016.01588032,92622083.11433576,278254486.65751094,92101687.66281122,150908762.1340259,12728718.632045921,0.004723258167844976,4.79239896508903,0.3211543941203631,black
48.09619238476954,22.07551831827614,2.1621606656362598e-05,224254.85435764748,520995128.4396345,261070087.7183058,92948844.59432961,278246955.7543386,92435487.34301473,150913693.50879803,13771889.609003723,0.004745586101858702,4.792211699842353,0.32114226575618593,black
48.496993987975955,22.403646783872315,2.1958639697667517e-05,223245.59851271907,521034768.6376278,261080737.19260496,93270134.67169821,278248107.5715622,92763699.75316626,150920494.06332764,14644418.735253116,0.0047667546108504785,4.79218383110193,0.32114085302572265,black
48.897795591182366,22.736644743660875,2.230058488085781e-05,222291.07076972284,521072423.4450653,261095315.1425,93586030.78167501,278255965.0988189,93086413.06168702,150928489.41278794,15368257.69490702,0.004786876975238973,4.792280950922863,0.32114782478667964,black
49.298597194388776,23.07457588554115,2.264750594548595e-05,221387.6743788773,521107154.92530733,261112391.46719024,93896606.28437424,278268732.1857184,93403707.98933491,150937111.82480466,15966965.088228542,0.0048060767527699135,4.792471459933029,0.3211610435749712,black
49.699398797595194,23.41750700943971,2.2999470162857267e-05,220532.15954312764,521138354.35890424,261130768.10646924,94201932.42229633,278284834.8391457,93715660.76696843,150945900.0064942,16461811.006486723,0.0048244666327652026,4.792727393043582,0.3211786204850262,black
50.100200400801604,23.765507859846405,2.3356548114076602e-05,219721.58601974873,521165691.93479365,261149471.10185418,94502079.13691045,278302928.808981,94022344.52466595,150954492.26871118,16871343.804208074,0.004842145925218778,4.793024622116961,0.3211989281987128,black
50.501002004008015,24.11865092370801,2.3718813432252175e-05,218953.28881621867,521189068.0378612,261167734.43090802,94797115.57909036,278321894.200922,94323830.17394249,150962617.01083046,17211941.80122846,0.004859202845742453,4.793342820161158,0.32122059798030367,black
50.90180360721443,24.477011213669403,2.4086342526233867e-05,218224.84124447464,521208562.67003185,261184982.80705827,95087110.84917681,278340829.2672241,94620187.54382505,150970082.71341047,17497450.779818885,0.0048757127639961805,4.793665413005978,0.3212425158001269,black
51.30260521042084,24.840666070990224,2.4459214330632283e-05,217534.02276066423,521224390.2401603,261200815.0135942,95372134.51640703,278359042.9075664,94911486.22830537,150976768.54474053,17739401.268598355,0.004891739174927608,4.793979500519082,0.3212638164769831,black
51.703406813627254,25.20969487416922,2.483750994890707e-05,216878.78297020067,521236848.44570607,261214968.2209917,95652256.89706261,278376020.76731235,95197796.13997738,150982607.97497743,17946871.007490665,0.00490733277872532,4.79427530355417,0.32128384583151326,black
52.10420841683367,25.584179075972187,2.5221312696040205e-05,216257.24396344964,521246321.71116585,261227325.69724905,95927549.0609665,278391435.5315217,95479187.53222375,150987591.694059,18127068.609501697,0.004922535021519528,4.794546347328629,0.32130217306969766,black
52.50501002004008,25.96420175727423,2.5610707558407444e-05,215667.6513698575,521253211.62790495,261237857.78726587,96198082.91560818,278405084.9792135,95755731.41860643,150991741.72381753,18285536.646513175,0.00493737806821679,4.7947884201313835,0.3213185198568815,black
52.90581162324649,26.3498475910779,2.600578115196306e-05,215108.3686112352,521257931.6929119,261246615.9439103,96463931.08678132,278416885.00184554,96027499.49749203,150995108.93638906,18426722.453867156,0.00495188883325091,4.794999452468736,0.321332752122699,black
53.30661322645291,26.741202804948028,2.6406621676342347e-05,214577.8741474543,521260903.0012315,261253728.25912416,96725166.93251798,278426864.54148185,96294564.1791153,150997771.1735688,18553828.73701098,0.004966087687722927,4.795179430242367,0.321344874165574,black
53.70741482965932,27.138354660460525,2.6813318288861575e-05,214074.70662909187,521262484.8346299,261259328.77858135,96981864.22143237,278435085.9052987,96556998.61575097,150999803.35439664,18669884.47258126,0.004979994160430004,4.795329029025435,0.3213549359040498,black
54.10821643286573,27.541391875958432,2.722596161955605e-05,213597.50669479935,521263033.7898332,261263606.57667017,97234097.13960293,278441695.7748434,96814876.40491521,151001299.1100469,18776876.601939347,0.0049936223594816385,4.79545046925505,0.3213630911505333,black
54.50901803607215,27.950404179859966,2.764464323497576e-05,213144.96918958306,521262843.9053572,261266743.627947,97481939.99283524,278446854.7195562,97068271.59325033,151002344.6018966,18876625.123047795,0.005006985538601547,4.795546306202148,0.3213695154563603,black
54.90981963927856,28.36548260448133,2.8069455993969033e-05,212715.87043663053,521262189.118747,261268947.61577743,97725467.12647869,278450770.1322322,97317258.39117453,151003033.2187846,18970259.772931457,0.0050200933751080425,4.795619976508033,0.32137444341380134,black
55.31062124248497,28.786719160084996,2.8500493664561447e-05,212309.02877772352,521261283.81205386,261270394.40384096,97964752.32808334,278453624.65208834,97561910.77266276,151003442.62108934,19058845.696581602,0.005032955196454408,4.795674541731606,0.321378083634501,black
55.71142284569139,29.214206885036752,2.8937850975442528e-05,211923.31275748814,521260288.89393204,261271245.62847114,98199869.11119017,278455600.4224792,97802302.72823621,151003641.2775747,19143350.48549385,0.005045579789108821,4.795713123649778,0.3213806481104592,black
56.1122244488978,29.648040041425855,2.938162385828367e-05,211557.65331583007,521259346.85642505,261271658.55453318,98430890.20956026,278456880.18001735,98038507.59146751,151003694.67410925,19224359.43132033,0.005057973863244002,4.795738878588179,0.32138235092937706,black
56.51302605210421,30.08831374946762,2.9831909008634663e-05,211211.0051828209,521258527.90277576,261271738.084874,98657887.52650574,278457595.8134854,98270598.24611047,151003644.4790551,19302745.890609786,0.005070145676626922,4.795754127582198,0.32138334907874716,black
56.91382765531062,30.53512458519978,3.0288804600023257e-05,210882.403293821,521257917.5779701,261271614.51426834,98880932.18995938,278457911.5671183,98498646.73868312,151003542.329646,19378705.2492837,0.0050821000262234505,4.795761762678948,0.3213838381545058,black
57.31462925851704,30.98857006713013,3.0752409673104935e-05,210570.90356546664,521257542.1467973,261271362.7710903,99100094.12175271,278457931.1548032,98722724.23295842,151003416.05394965,19452762.05200215,0.005093843224348152,4.795763646801784,0.3213839437792698,black
57.71543086172345,31.448749209674645,3.122282479304594e-05,210275.62792350212,521257436.2006624,261271073.730406,99315442.36603607,278457779.1095595,98942900.98240437,151003299.62949786,19524990.205463845,0.00510537895887819,4.795762012190988,0.32138381653034975,black
58.11623246492986,31.915762204429882,3.170015167144592e-05,209995.73395462008,521257608.6730811,261270806.7074661,99527044.62417924,278457542.23043305,99159246.03952883,151003214.1215677,19595526.278158423,0.0051167114922529705,4.795758434838021,0.32138356251595257,black
58.517034068136276,32.389710654070804,3.218449343917051e-05,209730.4198611429,521258052.0181582,261270610.56669077,99734967.5914076,278457297.9500891,99371827.52914962,151003175.6821461,19664459.893794592,0.005127845321982634,4.795754340902974,0.32138327755711943,black
58.91783567134269,32.87069755507581,3.2675954625426615e-05,209478.92524306304,521258754.4460632,261270520.99264735,99939276.6235187,278457105.368444,99580712.26396298,151003195.58311108,19731822.08077107,0.005138783864980539,4.795750826894239,0.32138303525116624,black
59.3186372745491,33.3588272889266,3.317464113760855e-05,209240.52028950115,521259682.7851024,261270555.1341564,100140035.99923721,278457003.9206359,99785966.08085386,151003276.9999133,19797741.7904777,0.005149530253563004,4.79574865768136,0.32138288661996356,black
59.719438877755515,33.85420580929313,3.36806605083435e-05,209014.52198773657,521260820.3387014,261270725.2770177,100337308.35604438,278457019.11559033,99987653.08841722,151003422.7691566,19862207.09055948,0.005160088280914683,4.7957483221514465,0.3213828643255057,black
60.120240480961925,34.35694053676231,3.419412170910262e-05,208800.27211596505,521262131.9315115,261271036.277913,100531155.55877897,278457172.5129774,100185836.69780731,151003631.68751562,19925320.445840616,0.005170461639916572,4.795750261045821,0.3213829975600962,black
60.521042084168336,34.86714038040003,3.471513522563023e-05,208597.15033989903,521263581.113942,261271480.57729304,100721638.06631173,278457467.32575643,100380578.9150527,151003898.18065163,19987176.23781554,0.005180654089229009,4.795754581410112,0.32138329305358176,black
60.92184368737475,35.38491575348622,3.524381308022849e-05,208404.57500481224,521265132.2053108,261272038.20258826,100908814.87912661,278457887.61432534,100571940.27863812,151004212.46832585,20047848.329839513,0.005190669410767236,4.795761039203434,0.32138373392925035,black
61.322645290581164,35.91037914078277,3.57802694003136e-05,208221.9799437543,521266763.9489863,261272714.02150953,101092744.50216314,278458449.4160073,100759980.70509417,151004574.4736111,20107354.152741775,0.005200510118812228,4.795769956026231,0.3213843415426891,black
61.723446893787575,36.44364408279483,3.6324619366130865e-05,208048.84845967256,521268436.3132501,261273476.45172703,101273483.63668332,278459120.8841574,100944758.42627892,151004970.07742724,20165779.13734949,0.005210179806759888,4.795780802717331,0.3213850797842969,black
62.12424849699399,36.98482605432111,3.687698013526626e-05,207884.6857087622,521270120.90337574,261274305.52161464,101451088.1105638,278459883.17449,101126330.7061308,151005390.090889,20223170.25966223,0.005219681597123487,4.795793272583114,0.32138592765659907,black
62.5250501002004,37.53404268564462,3.743747108565625e-05,207729.01213898318,521271808.5847821,261275199.7392258,101625612.95190845,278460737.8485488,101304753.86820452,151005833.2311452,20279526.74703757,0.005229018406558772,4.795807406786468,0.32138688780452346,black
62.92585170340681,38.091412645768465,3.800621261314843e-05,207581.39755366277,521273470.9143299,261276128.9117116,101797111.63361908,278461650.5557933,101480082.79124193,151006286.79372513,20334888.837387215,0.005238193173552428,4.795822615234094,0.3213879201675659,black
63.32665330661323,38.65705695747456,3.858332753719299e-05,207441.4167877803,521275097.6006845,261277083.63101673,101965637.01942515,278462611.2911582,101652371.6067468,151006746.6841434,20389277.535340715,0.005247208771908714,4.7958387291472695,0.32138901325462105,black
63.72745490981964,39.2310984035978,3.9168940469770286e-05,207308.67118653885,521276682.363411,261278055.04732814,102131240.91709787,278463609.30098367,101821673.34795946,151007209.3242764,20442706.38741058,0.005256067986545125,4.795855560818326,0.3213901543522607,black
64.12825651302606,39.81366122911282,3.976317750083882e-05,207182.8002454081,521278217.46739197,261279025.96390793,102293973.84269999,278464621.73300004,101988039.75250566,151007668.15002933,20495178.320731822,0.005264773464146598,4.795872703275427,0.3213913159801424,black
64.52905811623246,40.40487440285181,4.0366169495437894e-05,207063.32817903731,521279674.12165684,261280007.71040347,102453888.33275743,278465677.36521876,102151524.63925216,151008124.7132383,20546828.589870755,0.005273328523742284,4.795890720649013,0.32139253571281984,black
64.92985971943888,41.00486463775007,4.0978045078682635e-05,206949.99941411687,521281066.32640254,261280977.95236024,102611031.65498397,278466736.9228762,102312176.34687002,151008572.4359031,20597589.015988566,0.005281735347624594,4.7959088774416285,0.32139376424701455,black
65.3306613226453,41.61376192312911,4.159893619083744e-05,206842.5117596696,521282397.4795018,261281927.8575524,102765451.6115448,278467785.81753254,102470043.76983772,151009008.53105932,20647457.918018233,0.005289996424744152,4.795926903160722,0.32139498342402717,black
65.7314629258517,42.23169808571791,4.222897664240935e-05,206740.58581099886,521283674.2644588,261282849.8277477,102917195.02959426,278468810.02509654,102625174.78844199,151009430.9020907,20696429.902006447,0.005298114175274428,4.795944533327462,0.32139617553142646,black
66.13226452905812,42.85880674738237,4.286830207170335e-05,206643.96698845815,521284907.0583736,261283737.1383232,103066307.71693464,278469795.37723255,102777616.22265832,151009838.05164516,20744493.798646726,0.005306090939583172,4.795961495993685,0.3213973224012738,black
66.53306613226454,43.49522332512518,4.351704994482227e-05,206552.4255374511,521286109.931942,261284583.9382651,103212834.46201628,278470727.5613606,102927413.83215104,151010229.08163488,20791632.66327939,0.0053139289782324125,4.795977511741896,0.32139840541012343,black
66.93386773547094,44.14109006872733,4.41753645577627e-05,206465.5287921289,521287238.83826905,261285402.80156645,103356824.03050008,278471643.2474812,103074617.6395384,151010604.7493273,20837994.611148454,0.0053216314546878606,4.795993308681529,0.3213994729712467,black
67.33466933867736,44.796547958761,4.484338899159548e-05,206383.00744135483,521288291.0231678,261286196.49949408,103498321.12933713,278472547.8614264,103219273.36903983,151010965.7688446,20883618.0648065,0.0053292008548374336,4.796008990040847,0.32140053198757823,black
67.73547094188378,45.46173656430156,4.552126497118159e-05,206304.76196110496,521289306.77101314,261286957.50485006,103637366.26564091,278473414.14078456,103361422.2961204,151011312.7813345,20928426.92888111,0.0053366389592346825,4.796024005498419,0.32140154594540166,black
68.13627254509018,46.136799731864386,4.620913851396798e-05,206230.60543509977,521290299.60224795,261287687.81251562,103774001.38923448,278474239.87169737,103501107.25897866,151011647.5475988,20972423.511901606,0.005343947952858538,4.796038297403972,0.3214025111323586,black
68.5370741482966,46.82188321018204,4.690715757152423e-05,206160.37093134175,521291285.41705066,261288390.66405404,103908267.53679597,278475023.782815,103638370.14865334,151011972.45015195,21015607.97832222,0.005351129961770708,4.796051822212686,0.32140342481519996,black
68.93787575150301,47.51713465020405,4.7615472029542404e-05,206093.9115021156,521292282.4953357,261289070.5477108,104040204.83185855,278475765.5452962,103773251.90902348,151012290.49322078,21057978.34852203,0.005358187053115671,4.796064550485189,0.32140428523978537,black
69.33867735470942,48.222706452284285,4.833423652518125e-05,206030.99420631106,521293281.1871123,261289728.6638571,104169854.72602232,278476470.90683734,103905794.96725786,151012601.29879725,21099567.846162923,0.005365121546344358,4.796076600220221,0.3214051002164864,black
69.73947895791584,48.938760171474236,4.9063614806184994e-05,205971.13613609984,521294197.01607436,261290355.9089245,104297263.46665604,278477159.63526744,104036046.9943136,151012894.91155487,21140502.683664285,0.005371936494753123,4.796088443152791,0.32140590040389977,black
70.14028056112225,49.665444478191404,4.9803757922559285e-05,205914.42476241422,521295105.2986051,261290967.97622055,104422464.74826187,278477825.77737355,104164042.09146173,151013182.7923582,21180712.96607419,0.00537863327638263,4.796099872660922,0.3214066728514884,black
70.54108216432866,50.402916500955236,5.055482534560098e-05,205860.72351807207,521296013.9403591,261291571.3645424,104545496.51277344,278478476.14397883,104289819.00912534,151013467.80436313,21220212.649756595,0.0053852139269746704,4.796111003237604,0.32140742535642686,black
70.94188376753507,51.15133543590675,5.1316978644400274e-05,205809.9096635086,521296931.4659195,261292173.5559389,104666395.91918038,278479118.7866712,104413415.69176227,151013753.19983277,21259015.71665693,0.00539168044143403,4.796121971227103,0.32140816719375903,black
71.34268537074149,51.91086254680842,5.20903814858406e-05,205761.87428677623,521297867.0187975,261292783.0157106,104785199.34352827,278479762.9978034,104534869.27786508,151014042.62013754,21297136.174302097,0.005398034773828488,4.796132934824959,0.321408909116398,black
71.7434869739479,52.68166116504421,5.287519963459867e-05,205716.52230354474,521298830.3614325,261293409.19240972,104901942.37891863,278480419.31049275,104654216.09996109,151014340.09575504,21334588.055800464,0.005404278837388819,4.796144074077988,0.32140966335512605,black
72.14428857715431,53.46391072775056,5.3671614970138386e-05,205673.41643028837,521299749.50570285,261294001.4401399,105016667.10382743,278481039.538396,104771499.61794014,151014622.38333035,21371387.151086684,0.005410414930251921,4.796154602520994,0.3214103760929905,black
72.54509018036072,54.25777499424389,5.447979375099448e-05,205632.58326054012,521300657.20474887,261294587.30388224,105129405.62598796,278481652.530973,104886752.45729746,151014901.5970231,21407547.087230027,0.005416444771540642,4.7961650049188345,0.32141108034925536,black
72.94589178356713,55.06342419855388,5.5299908733951044e-05,205593.95144538555,521301560.97179145,261295176.1373066,105240191.55198519,278482269.55470246,105000008.92812978,151015181.55567396,21443082.060383398,0.0054223701731974374,4.79617547760363,0.3214117894222539,black
73.34669338677355,55.88103225228362,5.613213638111322e-05,205557.42263287352,521302459.49249977,261295771.2726867,105349058.53902133,278482896.2403368,105111303.44439605,151015463.2947285,21478006.490827613,0.0054281929551537695,4.796186125409113,0.3214125103440681,black
73.74749498997996,56.710775328236984,5.697665544566727e-05,205522.90738922637,521303350.9356344,261296376.18331498,105456039.56158133,278483538.6325693,105220669.72348681,151015747.85728034,21512334.848298028,0.005433914902374895,4.79619706139122,0.3214132506935024,black
74.14829659318637,57.55283186041874,5.783364697188064e-05,205490.32519883986,521304232.9530472,261296994.4835025,105561166.91143282,278484203.19003475,105328140.78622426,151016036.29407153,21546081.65198452,0.005439537764859866,4.796208406828097,0.3214140185960839,black
74.54909819639279,58.407391370012014,5.8703303289487746e-05,205459.496630994,521305102.6840833,261297608.87992766,105664474.69021738,278484864.90830916,105433751.56016132,151016322.41270193,21579244.904156778,0.005445063299883562,4.796219708804248,0.3214147835456935,black
74.9498997995992,59.274643878839846,5.958581722515e-05,205430.2726831754,521305956.75030106,261298206.41896486,105765995.81964992,278485505.55557054,105537535.75698972,151016601.4747703,21611825.961114712,0.005450493221328433,4.796230638803721,0.32141552339803536,black
75.35070140280561,60.15477083290102,6.0481372852803766e-05,205402.64567474058,521306791.2509453,261298800.13270935,105865759.4781862,278486146.4542876,105639523.19535775,151016877.65244603,21643846.569726996,0.005455829156243605,4.796241591655257,0.3214162646609113,black
75.75150300601203,61.04796236255228,6.139016308318385e-05,205376.53836690765,521307601.77155584,261299387.8759951,105963795.97556266,278486786.1421954,105739744.89191163,151017149.84874144,21675316.47003996,0.005461072727453889,4.796252546553247,0.3214170058765571,black
76.15230460921843,61.954411088611664,6.231238335174111e-05,205351.87963802883,521308383.380878,261299967.09792227,106060135.00354506,278487422.7429448,105838231.23435149,151017416.78597307,21706245.021232165,0.005466225523915155,4.796263475785654,0.3214177451162475,black
76.55310621242485,62.87431212235857,6.324823161864263e-05,205328.60448359017,521309130.6308628,261300534.84185743,106154805.63592856,278488053.96610194,105935011.98143156,151017677.00576177,21736641.20161439,0.00547128910071433,4.7962743447340195,0.3214184799802965,black
76.95390781563127,63.8078682349266,6.419791363774327e-05,205306.62696338198,521309847.9456065,261301091.60810417,106247837.43642494,278488678.87566566,106030117.34326729,151017931.03100827,21766513.929206286,0.00547626503548842,4.796285130747422,0.32141920899798176,black
77.35470941883767,64.75531181592086,6.516166533819496e-05,205285.72528612468,521310593.7516274,261301657.76180768,106339265.1647609,278489305.4023988,106123582.57027921,151018190.54956308,21795873.423486117,0.005481155168081973,4.796295903315527,0.3214199375741647,black
77.75551102204409,65.71682421729096,6.613967061462913e-05,205265.96390476453,521311318.3830859,261302213.26513258,106429111.49072327,278489922.7503081,106215431.09755811,151018444.6817183,21824726.203552045,0.005485960720262001,4.796306529585203,0.3214206561467806,black
78.15631262525051,66.69261318865057,6.713214025412397e-05,205247.28827653243,521312019.7037016,261302755.5384354,106517403.58984095,278490527.8882836,106305690.72741085,151018692.3656896,21853079.890224513,0.0054906831408510015,4.7963169570844215,0.32142136115712044,black
78.55711422845691,67.68288914416908,6.813928774592185e-05,205229.64906471007,521312695.41027784,261303281.72642577,106604168.05698365,278491117.430691,106394388.66958079,151018932.43180788,21880941.734252553,0.005495323846702609,4.796327127070373,0.3214220486226609,black
78.95791583166333,68.68786516257174,6.916132928142938e-05,205213.0021386297,521313343.03270143,261303788.69816646,106689430.90636173,278491687.6373713,106481551.54124781,151019163.60251892,21908318.616313774,0.00549988422270159,4.796336974529456,0.3214227141370643,black
79.35871743486975,69.70775698713942,7.019848375421722e-05,205197.30857367432,521313959.9339429,261304273.04707322,106773217.57152629,278492234.4136411,106567205.36702836,151019384.49238378,21935217.047014367,0.005504365621763845,4.796346428177285,0.32142335287017854,black
79.75951903807615,70.74278302570873,7.12509727600202e-05,205182.53465127756,521314543.3100565,261304731.09091493,106855552.90536913,278492753.3102924,106651375.5789753,151019593.6080785,21961643.16688909,0.0055087693648364095,4.796355410458688,0.3214239595680373,black
80.16032064128257,71.7931643506721,7.231902059673739e-05,205168.65185892372,521315090.1901801,261305158.8718136,106936461.18012278,278493239.52359265,106734087.01657814,151019789.34839427,21987602.746401295,0.005513096740897451,4.796363837547702,0.32142452855285986,black
80.56112224448898,72.85912480516976,7.340285437224916e-05,205155.63643958108,521315597.5412611,261305552.25722486,107015966.11015958,278493688.0072756,106815363.9494083,151019970.04736638,22013101.24013413,0.005517349008387851,4.79637162125896,0.3214250538529332,black
80.96192384769539,73.9409670802329,7.450278124578615e-05,205143.14660104047,521316137.2947406,261305979.2834628,107094107.18549766,278494173.7039074,106895246.30056232,151020164.8723264,22038182.609946106,0.005521528420808429,4.796380038379017,0.32142562225153953,black
81.3627254509018,75.0388738368048,7.56189865064755e-05,205131.3663430064,521316660.21464425,261306391.03800422,107170896.97336973,278494641.8070954,106973747.23595285,151020353.05138722,22062827.834951892,0.005525635545642612,4.796388151012374,0.3214261700419833,black
81.76352705410822,76.15308181997092,7.675171035208061e-05,205120.26670107586,521317167.6076758,261306787.22875974,107246358.49996102,278495091.3832964,107050890.29415065,151020534.58838266,22087043.76427851,0.005529671611593259,4.796395940506614,0.3214266959843572,black
82.16432865731463,77.28383076873142,7.790119601692818e-05,205109.82251944655,521317660.93843395,261307167.6011882,107320514.2815097,278495521.4917862,107126698.49139883,151020709.5130279,22110837.045057703,0.005533637819834456,4.7964033878667465,0.32142719881777404,black
82.56513026052104,78.43136341600128,7.906768977190846e-05,205100.01245091695,521318141.8294123,261307531.93829662,107393386.32430694,278495931.18465984,107201194.32161275,151020877.8809193,22134214.122425966,0.005537535344011517,4.7964104737552065,0.3214276772603668,black
82.96593186372746,79.59592548861,8.025144092447492e-05,205090.81895688636,521318612.0609994,261307880.0606402,107464996.12469687,278496319.50683165,107274399.75638007,151021039.77353466,22157181.23952452,0.005541365330240983,4.796417178491857,0.32142813000928855,black
83.36673346693387,80.77776570730185,8.14527018186444e-05,205082.22830735485,521319073.57147855,261308211.82632223,107535364.66907656,278496685.49603516,107346336.24496073,151021195.2982329,22179744.437499337,0.005545128897110625,4.796423482053986,0.3214285557407126,black
83.76753507014028,81.97713578673587,8.267172783499725e-05,205074.2305809232,521319528.45702803,261308527.13099435,107604512.43389612,278497028.18282294,107417024.71428695,151021344.58825442,22201909.555501115,0.0055488271356794365,4.796429364076309,0.32142895310983227,black
84.1683366733467,83.19429043548566,8.390877739067703e-05,205066.8196647931,521319978.971721,261308825.90785623,107672459.38565858,278497346.59056693,107486485.56896329,151021487.8027208,22223682.230685294,0.005552461109477643,4.7964348038509685,0.3214293207508611,black
84.5691382765531,84.42957281485278,8.516419858426966e-05,205059.70113363123,521320416.1793335,261309127.97131038,107739241.04080924,278497674.4281938,107554755.12549827,151021631.0195019,22245088.145022567,0.005556032792653351,4.796440429486718,0.3214297007963435,black
84.96993987975952,85.68320972876325,8.643822154318159e-05,205052.9923454144,521320847.1503566,261309425.45977283,107804869.97669673,278497996.9457731,107621846.22611853,151021772.1124045,22266124.501908474,0.005559542821615635,4.796445962137728,0.3214300745790231,black
85.37074148296594,86.95545942278999,8.773110827393522e-05,205046.7172247438,521321275.335563,261309717.15481058,107869363.6067767,278498310.93479365,107687776.66138908,151021910.9427483,22286795.04254957,0.0055629921175372795,4.796451338709245,0.32143043789747544,black
85.77154308617234,88.24659571376375,8.904313657151787e-05,205040.8605120907,521321702.67345816,261310004.79601526,107932741.19816111,278498618.2854433,107752566.11824413,151022048.26501292,22307106.28596782,0.005566381712133395,4.796456591303504,0.32143079293422094,black
86.17234468937876,89.55689585610722,9.037458771731519e-05,205035.40923991977,521322131.2015256,261310290.26354915,107995021.59139314,278498921.0608438,107816233.8466119,151022184.89015332,22327064.65430542,0.005569712614460905,4.796461755050414,0.3214311420767399,black
86.57314629258518,90.88664054183471,9.172574647911085e-05,205030.3527326893,521322563.0562275,261310575.57814515,108056223.20044716,278499221.4970505,107878798.6594146,151022321.68559986,22346676.472824816,0.005572985810918541,4.7964668681075535,0.3214314879174721,black
86.97394789579158,92.23611390055234,9.309690111108667e-05,205025.68260685093,521323000.4730043,261310862.9011067,108116364.01272875,278499522.0030525,107940278.93256846,151022459.57525814,22365947.969908692,0.005576202265246843,4.7964719716601705,0.32143183325381725,black
87.374749498998,93.60560349945817,9.448834335382281e-05,205021.39277084993,521323445.7862748,261311154.53430787,108175461.58907472,278499825.16077244,108000692.60498367,151022599.53950912,22384885.277059972,0.005579362918528163,4.796477109921185,0.3214321810881343,black
87.77555110220442,94.9954003433419,9.590036843429748e-05,205017.47942512506,521323901.4294364,261311452.92019346,108233533.06375307,278500133.7250669,108060057.17856447,151022742.61520916,22403494.428901825,0.005582468689186663,4.796482330131188,0.32143253462774213,black
88.17635270541082,96.40587678897026,9.733335382918501e-05,205013.77586734502,521324339.6682997,261311739.10997236,108290606.03482458,278500429.99092746,108118401.03937797,151022880.0420944,22421780.73790563,0.00558552104461592,4.796487345026306,0.32143287419670497,black
88.57715430861724,97.83732339982805,9.878759434205498e-05,205010.2983944191,521324765.9763766,261312017.84915778,108346695.7607689,278500718.9965846,108175739.75221097,151023013.89526594,22439750.103650708,0.005588520804245478,4.79649223959816,0.3214332055803412,black
88.97795591182366,99.29002212270395,0.00010026337607725027,205007.09115285656,521325190.60875726,261312297.35506156,108401815.38862762,278501009.1453433,108232086.69332398,151023147.8307692,22457408.42557369,0.005591468676409056,4.796497154086299,0.32143353834095223,black
89.37875751503006,100.76428573972368,0.00010176101632176809,205004.14249222042,521325613.276602,261312578.41414094,108455981.46835059,278501301.7581435,108287458.78293729,151023282.09621555,22474761.28636134,0.00559436554778881,4.796502113068444,0.32143387412707963,black
89.77955911823648,102.26043097458145,0.00010328083635847161,205001.44198553145,521326033.5942754,261312861.81414878,108509210.19376144,278501598.1953987,108341872.57749432,151023416.93195513,22491814.167776205,0.005597212286106186,4.796507141966714,0.32143421464288247,black
90.1803607214429,103.77877849253977,0.00010482316146608968,204998.9804292685,521326451.07934594,261313148.3441335,108561517.40255755,278501899.85699636,108395344.26966164,151023552.57107714,22508572.45065658,0.005600009740121919,4.796512267047628,0.3214345616481369,black
90.5811623246493,105.31965290042947,0.000106388320919217,204996.74984336816,521326865.1525861,261313438.79443917,108612918.57631002,278502208.1822975,108447889.68832895,151023689.23940971,22525041.414916556,0.005602758739636034,4.796517515422105,0.3214349169582365,black
90.98196392785572,106.88338274665,0.00010797664798831418,204994.74347122505,521327275.1379724,261313733.95670542,108663428.84046374,278502524.65013725,108499524.29860917,151023827.15551987,22541226.23954597,0.005605460095487848,4.796522915045457,0.321435282444192,black
91.38276553106213,108.47030052116895,0.0001095884799397076,204992.9557796916,521327680.26268554,261314034.62386754,108713062.9643373,278502850.7788242,108550263.20183828,151023966.5307136,22557132.002610452,0.00560811459955597,4.7965284947174,0.3214356600326314,black
91.78356713426854,110.0808110720091,0.00011122422759877944,204991.32386955776,521328079.1154634,261314329.38161078,108761841.4960876,278503169.8543344,108600127.44254737,151024103.32068956,22572762.374932926,0.00561072333757634,4.79653395096533,0.321436029290231,black
92.18436873747495,111.71528008702296,0.00011288426196262695,204989.82297591437,521328470.5294804,261314614.50818405,108809780.76277572,278503476.7131827,108649133.72815801,151024236.15030324,22588121.74938035,0.005613287179251786,4.7965391910214175,0.32143638396088053,black
92.58517034068136,113.37401551466957,0.0001145688953094395,204988.48237875928,521328853.7294368,261314897.28976026,108856891.2043522,278503782.7043258,108697292.71625733,151024367.46725062,22603215.59560835,0.00561580669330296,4.796544423283992,0.3214367380528689,black
92.98597194388778,115.05737472072082,0.00011627849015121889,204987.2936376886,521329227.4832101,261315176.8989115,108903186.98249005,278504087.07110983,108744618.89283577,151024496.88813382,22618048.4140517,0.005618282637416783,4.796549635576476,0.32143709073070087,black
93.3867735470942,116.76571958985764,0.00011801341358285,204986.24904134165,521329590.4573108,261315452.40648216,108948681.95450659,278504388.94216585,108791126.43332899,151024623.98644382,22632624.593197424,0.005620715752959219,4.796554813755647,0.3214374410253423,black
93.7875751503006,118.49941652567018,0.00011977403728210092,204985.3416074008,521329941.216883,261315722.78158894,108993389.67336357,278504687.33140993,108836829.20261805,151024748.29256037,22646948.409584776,0.005623106764975278,4.796559941711639,0.3214377878342194,black
94.18837675350701,120.258836450658,0.00012156073750962322,204984.5650825916,521330278.2257039,261315986.89162087,109037323.38766712,278504981.138043,108881740.75502925,151024869.29375187,22661024.027805272,0.00562545638218901,4.796565001367932,0.32143812992121956,black
94.58917835671343,122.04435480622968,0.0001233738951089515,204983.9139426827,521330599.8461839,261316243.50223935,109080496.04166777,278505269.14655083,108925874.33433418,151024986.43417558,22674855.50050265,0.005627765297003511,4.796569972681364,0.3214384659166907,black
94.98997995991984,123.85635155270299,0.0001252138955065036,204983.38339248585,521330904.3393669,261316491.27737796,109122920.27526045,278505550.0267044,108969242.87374975,151025099.1148775,22688446.76837291,0.005630034185500919,4.796574833642123,0.32143879431744143,black
95.39078156312625,125.69531691141293,0.0001270812360665692,204982.94186185635,521331208.13608533,261316739.15598097,109164614.88050465,278505830.8715648,109011865.49671946,151025211.73081246,22701804.560443524,0.005632264051633543,4.796579692641863,0.3214391226199742,black
95.79158316633267,127.56174188722954,0.00012897641494397154,204982.55948128024,521331526.9203705,261316995.6087034,109205598.11702561,278506118.3578706,109053760.78648992,151025328.4558898,22714935.391340915,0.00563445587087407,4.796584651429647,0.3214394578646176,black
96.19238476953907,129.45589556438162,0.0001308997049829922,204982.26600823598,521331837.1484472,261317246.78339133,109245874.11389297,278506400.76408535,109094933.09477086,151025442.63447055,22727839.452992503,0.005636609865312288,4.796589526330553,0.3214397873999626,black
96.59318637274549,131.37818582195007,0.00013285151993484517,204982.0570034663,521332138.3766837,261317491.90299836,109285454.89459185,278506677.0958898,109135394.71769309,151025553.96403262,22740520.50827909,0.005638726677785936,4.796594299789822,0.3214401100388385,black
96.99398797595191,133.32902552328014,0.0001348322786060809,204981.92863571594,521332430.1404905,261317730.13441685,109324352.20666595,278506946.2818239,109175157.6694417,151025662.12110972,22752982.220897418,0.005640806936326534,4.7965989528685755,0.3214404245007293,black
97.39478957915831,135.30883251598166,0.0001368424048585863,204981.87768173183,521332711.9543198,261317960.58847794,109362577.52171755,278507207.1732871,109214233.68225601,151025766.76129162,22765228.15536017,0.005642851254159376,4.796603465243824,0.3214407294117739,black
97.79559118236473,137.31802963192914,0.00013888232760958524,204981.901526263,521332983.3116657,261318182.3199516,109400142.0354075,278507458.5445384,109252634.20642968,151025867.5192239,22777261.77699598,0.005644860229703534,4.796607815208461,0.32144102330476576,black
98.19639278557115,139.35704468726144,0.00014095248083163792,204981.99816206054,521333243.68506444,261318394.32754657,109437056.66745523,278507699.092696,109290370.41031054,151025964.00860816,22789086.451949406,0.00564683444657186,4.796611979671266,0.3214413046191533,black
98.59719438877755,141.4263104823819,0.00014305330355264114,204982.16618987767,521333492.52609396,261318595.55391037,109473332.06163874,278507927.4377377,109327453.18030077,151026055.82220194,22800705.447180964,0.0056487744735709815,4.796615934156904,0.32144157170103965,black
98.99799599198397,143.5262648019586,0.00014518523985582854,204982.40481846963,521333729.26537424,261318784.8856294,109508978.58579464,278508142.1225007,109363893.1208568,151026142.5318186,22812121.930467103,0.005650680864701304,4.796619652805925,0.3214418228031826,black
99.39879759519039,145.65735041492405,0.00014734873887977014,204982.7138645939,521333953.31256706,261318961.15322876,109544006.33181809,278508341.61268157,109399700.55448931,151026223.6883276,22823338.970400214,0.00565255415915701,4.796623108374762,0.3214420560849949,black
99.79959919839679,147.82001507447512,0.00014954425481837256,204983.09375300998,521334164.05637616,261319123.1311724,109578425.11566281,278508524.2968363,109434885.52176325,151026298.82165423,22834359.53638863,0.00565439488132606,4.796626272235738,0.3214422696125438,black
100.20040080160321,150.01471151807357,0.0001517722469208793,204983.54551647947,521334360.8645472,261319269.53786302,109612244.47734118,278508688.48638034,109469457.78129786,151026367.4407797,22845186.49865662,0.0056562035407901915,4.7966291143770565,0.32144246135855153,black
100.60120240480963,152.24219432621635,0.0001540334805777586,204984.0069473965,521334562.92548305,261319424.67516145,109645488.99242547,278508863.4976799,109503442.32645966,151026439.446247,22855830.911162272,0.00565798146134189,4.796632145796755,0.32144266593546555,black
101.00200400801603,154.5029649235939,0.00015632846441896128,204984.47196691087,521334772.15291554,261319590.49345955,109678169.6460939,278509051.54184467,109536850.37578787,151026515.6632318,22866296.526086267,0.005659729231077484,4.796635404458174,0.321442885920339,black
101.40280561122245,156.7973197509767,0.00015865749917175055,204984.9802641211,521334976.4056458,261319750.75225818,109710286.31775956,278509232.76848304,109569681.89092025,151026589.531201,22876581.137918092,0.005661446836923446,4.796638543305345,0.32144309781558195,black
101.80360721442887,159.12575067551018,0.00016102108377263522,204985.53117584818,521335176.2503947,261319905.60337114,109741848.43359405,278509407.1899795,109601946.50588423,151026661.14855283,22886687.755656138,0.005663134782834543,4.796641561857076,0.321443301595416,black
102.20440881763527,161.48875544875773,0.0001634197231264317,204986.12445331027,521335372.2930901,261320055.2202968,109772865.19025606,278509574.8358267,109633653.61981216,151026730.62431502,22896619.314230695,0.005664793560473116,4.796644459892733,0.3214434972521018,black
102.60521042084169,163.88683770670087,0.00016585392810626438,204986.76026212267,521335565.1788668,261320199.79821807,109803345.55489136,278509735.7526259,109664812.39694136,151026798.0781445,22906378.674503986,0.005666423649209079,4.796647237452257,0.32144368479593916,black
103.0060120240481,166.3205069697387,0.00016832421555356515,204987.43918229788,521335755.5920662,261320339.55400234,109833298.26513273,278509890.0040866,109695431.76661405,151026863.64032763,22915968.62327013,0.005668025516119922,4.796649894836146,0.3214438642552666,black
103.40681362725451,168.79027864268824,0.0001708311082780735,204988.16220824554,521335944.256237,261320474.72620156,109862731.8291,278510037.67102706,109725520.4232774,151026927.45178023,22925391.873255167,0.005669599615990705,4.796652432605469,0.32144403567646207,black
103.80761523046093,171.29667401478468,0.00017337513505783688,204988.93074877246,521336131.9341343,261320605.57505214,109891654.52540007,278510178.8513738,109755086.82648352,151026989.6640474,22934651.06311705,0.005671146391314063,4.796654851581857,0.32144419912394223,black
104.20841683366734,173.84022025968082,0.00017595683063921025,204989.74662708255,521336319.42772037,261320732.38247508,109920074.40312691,278510313.66016173,109784139.20088945,151027050.43930358,22943748.757445637,0.005672666272290205,4.796657152847508,0.321444354680163,black
104.60921843687375,176.4214504354473,0.00017857673573685618,204990.61208077703,521336507.5781644,261320855.4520758,109947999.28186148,278510442.2295343,109812685.53625718,151027109.9503527,22952687.446762703,0.005674159676826914,4.796659337745185,0.3214445024456192,black
105.01002004008016,179.040903484573,0.00018123539703374526,204991.5297618541,521336697.2658422,261320975.10914436,109975436.75167188,278510564.70874345,109840733.58745362,151027168.380628,22961469.547521938,0.005675627010539546,4.796661407878215,0.32144464253884464,black
105.41082164328658,181.69912423396434,0.00018393336718115544,204992.50273670926,521336889.4103367,261321091.70065522,110002394.17311317,278510681.2641494,109868290.87445062,151027225.92419207,22970097.40210894,0.005677068666751028,4.796663365110494,0.32144477509641234,black
105.81162324649299,184.39720952255428,0.0001866717581584539,204993.43827777423,521337070.3939923,261321207.24481592,110028900.41049099,278510800.3839512,109895386.96717815,151027282.17544267,22978581.290037464,0.005678486198000241,4.7966653824408905,0.3214449115811882,black
106.2124248496994,187.13553858511762,0.00018945095484383865,204994.37152496574,521337245.94866705,261321321.5962609,110054955.30721742,278510919.5716731,109922021.67856592,151027337.54790097,22986920.803832546,0.005679879592564988,4.7966674067610775,0.321445048493343,black
106.61322645290582,189.91453770454714,0.00019227138979263165,204995.3307810101,521337420.7467441,261321434.7556419,110080560.11530969,278511036.973907,109948196.26634216,151027392.41971728,22995116.06578525,0.005681248914731656,4.796669398102746,0.32144518320343224,black
107.01402805611222,192.7348021026,0.00019513366674218078,204996.3160386067,521337595.14780104,261321547.23779213,110105722.3460582,278511153.23385274,109973918.40681137,151027446.997459,23003169.515979268,0.005682594566265297,4.796671367775222,0.32144531647629637,black
107.41482965931864,195.59693413513628,0.0001980383966643759,204997.32748470188,521337769.51726735,261321659.583004,110130449.33097196,278511269.030822,109999195.59237663,151027501.49692634,23011083.53876194,0.0056839169393192585,4.796673327739406,0.32144544912069123,black
107.81563126252506,198.50154329211853,0.00020098619776564813,204998.36550048893,521337944.2264249,261321772.35702887,110154748.22177836,278511385.0802383,110024035.13153963,151027556.1431524,23018860.462744255,0.005685216416435186,4.796675290607768,0.3214455819892879,black
108.21643286573146,201.44924619761184,0.00020397769548697025,204999.43066140803,521338119.65240735,261321886.15107745,110178625.99042343,278511502.133637,110048444.14890064,151027611.1704031,23026502.56080087,0.005686493370543015,4.7966772696443485,0.3214457159786728,black
108.61723446893788,204.44066660978444,0.00020701352250385695,205000.52373714626,521338296.17820066,261322001.5818194,110202089.42907168,278511620.9786656,110072429.58515854,151027666.82217726,23034012.05007008,0.005687748164960981,4.796679278764763,0.3214458520293476,black
109.0180360721443,207.47643542090685,0.00021009431872636423,205001.64569163765,521338474.19264287,261322119.29138356,110225145.15010612,278511742.43908304,110095998.19711074,151027723.35120654,23041391.091953848,0.005688981153395614,4.796681332536196,0.3214459911257294,black
109.4188376753507,210.5571906573523,0.00021322073129908964,205002.7976830631,521338654.0904241,261322239.94735792,110247799.58612832,278511867.3747605,110119156.55765332,151027781.01945546,23048641.79211778,0.005690192679941737,4.796683446177402,0.32144613429615065,black
109.81963927855712,213.68357747959698,0.00021639341460117278,205003.98106385052,521338836.27208656,261322364.24278954,110270058.98995836,278511996.68168086,110141911.05578089,151027840.0981214,23055766.20049114,0.005691383079082472,4.796685635558709,0.3214462826128589,black
110.22044088176354,216.85624818221947,0.0002196130302462945,205005.19738067462,521339021.14402455,261322492.89618468,110291929.4346348,278512131.29193896,110164267.89658667,151027900.8676346,23062766.31126685,0.005692552675689233,4.796687917202015,0.32144643719201726,black
110.62124248496994,220.07586219390103,0.00022288024708267716,205006.4483744571,521339209.1184845,261322626.6515086,110313416.81341481,278512272.17374134,110186233.10126248,151027963.6176581,23069644.062901482,0.005693701785021731,4.796690308280791,0.321446599193704,black
111.02204408817636,223.3439234876155,0.00022619659050078758,205007.66337709897,521339381.98268425,261322744.26435494,110334548.52171642,278512394.34584457,110207834.80953868,151028019.5712081,23076407.046704456,0.005694831873513196,4.79669237607913,0.3214467392788683,black
111.42284569138278,226.66059355135255,0.000229562224331822,205008.88892640735,521339551.5563073,261322859.99454975,110355316.83129364,278512514.74296385,110229065.03333162,151028074.5877506,23083053.597953666,0.005695942527196008,4.796694414650756,0.32144687737732586,black
111.82364729458918,230.02651733674097,0.00023297780273851082,205010.13045677682,521339719.06740814,261322975.605632,110375726.16708285,278512635.5550091,110249928.28656699,151028129.37350908,23089585.243308585,0.005697033982760199,4.796696462427562,0.3214470160895367,black
112.2244488977956,233.44241584879737,0.0002364440570165827,205011.38762156304,521339884.2165622,261323091.07485032,110395782.55867384,278512756.86937696,110270430.73477118,151028183.89699015,23096003.92351215,0.005698106562817311,4.796698521413259,0.3214471555461681,black
112.62525050100201,236.90901875197204,0.00023996172724330983,205012.66013612275,521340046.67626137,261323206.36481452,110415491.89536831,278512878.76224375,110290578.40019283,151028238.1194018,23102311.533969052,0.005699160582481535,4.79670059344248,0.3214472958661687,black
113.02605210420842,240.4270643701492,0.00024353156227750866,205013.94777781365,521340206.09091353,261323321.42349574,110434859.92617978,278513001.29856527,110310377.16180266,151028291.9946533,23108509.924745772,0.005700196349369715,4.796702680180768,0.3214474371567691,black
113.42685370741484,243.9972996866474,0.00024715431975954,205015.25038599456,521340362.07684284,261323436.1842262,110453892.25983374,278513124.5320767,110329832.7552937,151028345.4693552,23114600.900570553,0.00570121416360134,4.796704783124592,0.321447579513481,black
113.82765531062124,247.62048034421872,0.00025083076611130814,205016.56786202537,521340514.22228974,261323550.56569955,110472594.36476749,278513248.505293,110348950.77308103,151028398.48281917,23120586.220833402,0.0057022143177985546,4.796706903601331,0.32144772302009805,black
114.22845691382766,251.29737064504963,0.00025456167653626206,205017.90016926697,521340662.0874108,261323664.47197047,110490971.56913027,278513373.2495085,110367736.664302,151028450.96705833,23126467.599586118,0.005703197097086148,4.796709042769284,0.3214478677486953,black
114.62925851703407,255.02874355076028,0.00025834783501939437,205019.24733308132,521340805.20427877,261323777.79245496,110509029.06078318,278513498.7847971,110386195.73481612,151028502.84678695,23132246.705542255,0.005704162779091563,4.796711201617667,0.3214480137596295,black
115.03006012024048,258.81538068240474,0.00026219003432724177,205020.60944083144,521340943.07688266,261323890.40193027,110526771.8872992,278513625.12001204,110404333.14720507,151028554.0394206,23137925.162077144,0.005705111633944892,4.7967133809666125,0.32144816110153873,black
115.4308617234469,262.65807232047143,0.0002660890760078854,205021.98664188138,521341075.18112767,261324002.16053483,110544204.95596321,278513752.25278646,110422153.92077272,151028604.45507613,23143504.547227886,0.005706043924278874,4.796715581467171,0.3214483098113429,black
115.83166332665331,266.55730232476634,0.00027004545047673914,205023.38432861952,521341197.1612727,261324113.57578957,110561328.186136,278513882.6697796,110439657.98961987,151028653.9187509,23148984.943680767,0.005706959647272693,4.796717854209638,0.3214484632709548,black
116.23246492985972,270.51577160054444,0.0002740618991987848,205024.77164181648,521341331.29253566,261324220.50049186,110578175.33380894,278514001.322283,110456879.7823586,151028702.79358634,23154376.551873695,0.005707860600614639,4.7967198954031405,0.32144860132349085,black
116.63326653306613,274.53299372628044,0.00027813792740013794,205026.170337477,521341461.2409635,261324325.48795193,110594730.8431351,278514118.511393,110473803.45635836,151028750.64605787,23159674.818836812,0.00570874595794054,4.796721914428654,0.32144873784884237,black
117.03406813627255,278.6098405405253,0.00028227441939525453,205027.58004143447,521341586.9365359,261324428.2411679,110610999.78213525,278514233.817535,110490434.19374122,151028797.36867613,23164881.357183717,0.005709615990307427,4.796723903724533,0.3214488723371891,black
117.43486973947896,282.74719283715626,0.0002864722685805666,205029.0004366578,521341708.2847205,261324528.44787744,110626987.08309446,278514346.80756587,110506777.03799243,151028842.84672606,23169997.735551506,0.005710470961517226,4.796725855512516,0.3214490042638399,black
117.83567134268537,286.94594050729546,0.00029073237757857803,205030.43126091786,521341825.1681864,261324625.7802595,110642697.5447456,278514457.0336479,110522836.8961863,151028886.95830208,23175025.479253847,0.005711311128232951,4.796727761774945,0.3214491330877209,black
118.23647294589179,291.2069826812261,0.00029505565838195845,205031.87230445378,521341937.4485173,261324719.8946362,110658135.83445272,278514564.0321227,110538618.5412122,151028929.57434294,23179966.070934128,0.005712136740094888,4.796729614231956,0.3214492582498639,black
118.6372745490982,295.53122787031094,0.00029944303249763895,205033.3234076393,521342044.96792454,261324810.43117464,110673306.49039464,278514667.3223848,110554126.61400038,151028970.55866694,23184820.951218553,0.005712948039836784,4.796731404318696,0.32144937917189415,black
119.03807615230461,299.9195941089103,0.0003038954310909074,205034.78445864937,521342147.55096024,261324897.01358867,110688213.92374828,278514766.40575564,110569365.62574802,151029009.76800698,23189591.51936924,0.0057137452634020355,4.796733123162521,0.3214494952545183,black
119.43887775551103,304.373009096299,0.0003084137951295026,205036.25539112615,521342245.0062309,261324979.24884078,110702862.4208722,278514860.76435757,110584339.9601451,151029047.05204552,23194279.133937363,0.0057145286400598775,4.796734761560202,0.32144960587601296,black
119.83967935871743,308.8924103385841,0.00031299907552770996,205037.73618184577,521342337.12811005,261325056.7268438,110717256.14549004,278514949.85998744,110599053.87560034,151029082.2534497,23198885.113416236,0.00571529839252157,4.7967363099551354,0.32144971039071224,black
120.24048096192385,313.47874529062364,0.0003176522332904568,205039.2268483844,521342423.6984518,261325129.02016288,110731399.14087395,278515033.13299054,110613511.50746712,151029115.20790634,23203410.736894436,0.005716054737056584,4.79673775841454,0.3214498081274962,black
120.64128256513027,318.1329714979427,0.00032237423965740655,205040.72744678482,521342504.48830414,261325195.68371707,110745295.33202815,278515110.0011345,110627716.87026943,151029145.74415705,23207857.244708918,0.005716797883608797,4.796739096606669,0.3214498983882787,black
121.04208416833667,322.856349552403,0.00032716637308349643,205042.23847201618,521342582.2501541,261325259.73428366,110758951.3446571,278515183.9563109,110641676.71910208,151029175.12191615,23212226.853985995,0.00571752818601176,4.796740384791005,0.32144998526078966,black
121.44288577154309,327.6506281336441,0.00033203040682271666,205043.76110998754,521342664.6080368,261325329.84754798,110772378.28602977,278515265.1510144,110655402.35730454,151029206.9398682,23216523.40015333,0.005718246236886133,4.7967417986371785,0.3214500806570865,black
121.8436873747495,332.5160955462382,0.0003369666336974021,205045.2945547208,521342744.1579764,261325397.20056218,110785573.00214058,278515343.12716246,110668890.61157273,151029237.56693944,23220745.58375938,0.0057189518688826975,4.796743156627845,0.32145017227407885,black
122.24448897795591,337.453799624796,0.00034197611650074505,205046.8390595151,521342821.140336,261325461.85114026,110798539.43338212,278515417.87979245,110682145.50902033,151029267.04263932,23224894.664791025,0.005719645292670084,4.796744458371378,0.3214502600882282,black
122.64529058116233,342.4648024759601,0.00034705993250062087,205048.39490924357,521342895.82869583,261325523.87921795,110811281.4461938,278515489.42431957,110695171.00096138,151029295.41675568,23228971.879782204,0.005720326714951927,4.796745703805178,0.32145034409855144,black
123.04609218436875,347.55018072734566,0.00035221917369217595,205049.96241816727,521342968.53265965,261325583.38782638,110823802.83627479,278515557.79690826,110707970.96618122,151029322.7499154,23232978.44283795,0.005720996338637919,4.796746893198838,0.3214504243268688,black
123.44689378757515,352.711025776483,0.00035745494705041796,205051.54192774862,521343039.6006609,261325640.50406584,110836107.3317971,278515623.05484426,110720549.21420747,151029349.11414495,23236915.54665846,0.0057216543630148565,4.796748027157301,0.32145050081805115,black
123.84769539078157,357.9484440397594,0.00036276837478280583,205053.13380446492,521343109.42276883,261325695.38007936,110848198.5966185,278515685.27690566,110732909.48858099,151029374.59343114,23240784.363563146,0.005722300983917694,4.796749106624021,0.321450573640268,black
124.24849699398798,363.26355720136036,0.00036816059458183806,205054.7384376221,521343178.43349487,261325748.1940264,110860080.23349565,278515744.56373507,110745055.4701268,151029399.28428146,23244586.046514682,0.005722936393900588,4.796750132884124,0.3214506428852352,black
124.64929859719439,368.6575024622116,0.0003736327598776427,205056.35623716825,521343247.1145988,261325799.1510567,110871755.78729694,278515801.0382108,110756990.78022513,151029423.29628494,23248321.730143078,0.005723560782407953,4.7967511075675695,0.3214507086684627,black
125.0501002004008,374.1314327889215,0.0003791860400905674,205057.98763150725,521343315.997895,261325848.48428383,110883228.74821557,278515854.84581864,110768718.98408233,151029446.75267258,23251992.53176972,0.005724174335945504,4.796752032652308,0.3214507711295019,black
125.45090180360722,379.6865171627218,0.0003848216208837679,205059.6330653123,521343385.6680588,261325896.4557588,110894502.55498265,278515906.1550235,110780243.59400186,151029469.79087803,23255599.552431423,0.005724777238251314,4.796752910467445,0.32145083043219386,black
125.85170340681363,385.32394082841006,0.0003905407044157977,205061.29299733954,521343456.76543254,261325943.35744405,110905580.59807998,278515955.15764105,110791568.0726552,151029492.56309816,23259143.87790451,0.005725369670466856,4.7967537436963985,0.32145088676491673,black
126.25250501002004,391.0449055432917,0.00039634450959319845,205062.96789824168,521343529.98883194,261325989.5121868,110916466.22295327,278516002.0692091,110802695.83635293,151029515.2368537,23262626.57972883,0.005725951811308058,4.796754535380061,0.32145094034083344,black
126.65330661322646,396.85062982612095,0.00040223427232308803,205064.6582483816,521343606.09835213,261326035.27469292,110927162.73322505,278516047.1293595,110813630.25831558,151029537.9955498,23266048.716231845,0.005726523837236351,4.796755288919963,0.32145099139813965,black
127.05410821643287,402.7424551713734,0.00040821135313830653,205066.36404660152,521343682.727337,261326080.18518588,110937673.31954673,278516090.5769182,110824374.61163308,151029560.49101207,23269411.32079794,0.005727085919584182,4.796756011761999,0.321451040407721,black
127.45490981963928,408.72218407987043,0.00041427757971744663,205068.08324912822,521343744.2138734,261326120.269427,110948000.8257743,278516132.56972,110834931.88028304,151029580.0971299,23272715.362234652,0.005727638215017918,4.796756727132016,0.3214510887345536,black
127.8557114228457,414.7906373464168,0.0004204337850135354,205069.81842684918,521343805.0541747,261326159.57782558,110958148.76477554,278516173.5291087,110845305.58368158,151029599.37303025,23275961.91948183,0.005728180907180877,4.7967574239195265,0.32145113581359025,black
128.25651302605212,420.949130727442,0.0004266813035322434,205071.56994925323,521343865.4473381,261326198.38074586,110968120.28557019,278516213.7882014,110855498.9396317,151029618.42799222,23279152.004923433,0.005728714164430805,4.796758107962413,0.321451182039857,black
128.6573146292585,427.1989999755448,0.0004330214900592035,205073.33817542312,521343925.60784787,261326236.96936664,110977918.51002328,278516253.70559216,110865515.13806853,151029637.3796906,23282286.622611757,0.005729238153669004,4.7967587855441165,0.32145122783854624,black
129.05811623246493,433.54160114995767,0.0004394557199749407,205075.12345156533,521343985.7665295,261326275.65616322,110987546.53601506,278516293.66570956,110875357.34429537,151029656.35443816,23285366.769284107,0.005729753040509612,4.796759463398936,0.32145127366538456,black
129.45891783567134,439.9783109270069,0.00044598538956979627,205076.9261085395,521344046.1715033,261326314.775389,110997007.44061077,278516334.0791734,110885028.70221959,151029675.48742825,23288393.435379427,0.005730258989448887,4.79676014871732,0.3214513200070013,black
129.85971943887776,446.51052691057686,0.0004526119163588571,205078.74645938835,521344107.089138,261326354.68355727,111006304.28323051,278516375.3831517,110894532.33758861,151029694.92297715,23291367.606054958,0.005730756164034488,4.796760849151171,0.32145136738129615,black
130.26052104208418,453.1396679425727,0.0004593367393968828,205080.58479686722,521344168.80500466,261326395.759923,111015440.10881907,278516418.0417175,110903871.36122581,151029714.81476647,23294290.26220289,0.005731244727034756,4.796761572819134,0.3214514163378079,black
130.6613226452906,459.8671744133828,0.000466161319593233,205082.44139097375,521344231.6248302,261326438.4069647,111024417.9510157,278516462.546206,110913048.87226655,151029735.32608554,23297162.38146701,0.005731724840607996,4.796762328311905,0.3214514674580821,black
131.06212424849699,466.69450857234096,0.00047308714002679405,205084.31648647753,521344295.8754512,261326483.05086592,111033240.835324,278516509.4155714,110922067.96139403,151029756.63007405,23299984.939259358,0.005732196666471757,4.796763124697519,0.3214515213560394,black
131.4629258517034,473.6231548381911,0.00048011570626090873,205086.21030044986,521344361.90576774,261326530.14199722,111041911.7822818,278516559.19674367,110930931.7140753,151029778.90996423,23302758.909776866,0.005732660366072116,4.7967639715266515,0.3214515786783435,black
131.86372745490982,480.65462010954735,0.0004872485466583003,205088.1230197933,521344430.08769685,261326580.1553979,111050433.81063084,278516612.46498585,110939643.21379723,151029802.35932347,23305485.267018013,0.005733116100752956,4.796764878837914,0.3214516401047696,black
132.26452905811624,487.7904340753583,0.0004944872126960022,205090.05479877148,521344500.81712633,261326633.5912577,111058809.94048674,278516669.82425076,110948205.54530238,151029827.1822966,23308164.98579948,0.005733564031925251,4.796765857163155,0.32145170634857223,black
132.66533066132266,495.03214952536945,0.000501833279280285,205092.00575653857,521344574.5148687,261326690.9753986,111067043.19650877,278516731.9075379,110956621.79782504,151029853.59384844,23310799.042772796,0.005734004321236344,4.796766917532754,0.32145177815685344,black
133.06613226452907,502.3813417129946,0.0005092883440739168,205093.9764738035,521344650.53598076,261326751.63675392,111075135.68338336,278516797.9528583,110964894.12710151,151029881.31145042,23313388.10302339,0.005734437081434947,4.796768046864031,0.32145185464135406,black
133.46693386773546,509.8395968414684,0.0005168540154867107,205095.97421869857,521344713.54900396,261326798.4468773,111083077.01306193,278516848.02962357,110973012.0137268,151029903.2094203,23315928.59769553,0.005734861761307588,4.79676890079008,0.321451912445367,black
133.86773547094188,517.4085492569552,0.0005245319514329276,205097.9935167389,521344776.0260627,261326845.4227814,111090880.41582873,278516898.47994876,110980988.90127246,151029925.11344182,23318424.9629374,0.005735279064895465,4.796769761816562,0.32145197072826853,black
134.2685370741483,525.0898466793559,0.00053232382308297,205100.0346262141,521344837.83173645,261326892.45208302,111098548.40069138,278516949.1882695,110988827.35552076,151029946.97416443,23320878.001235064,0.005735689126427953,4.796770628014316,0.3214520293584454,black
134.66933867735472,532.8851614400335,0.0005402313265677042,205102.09777989116,521344898.8123173,261326939.39668557,111106083.45627582,278517000.0072468,110996529.92155588,151029968.7319172,23323288.508173168,0.005736092079050141,4.796771496897219,0.32145208816659004,black
135.07014028056113,540.7961907909834,0.000548256183292041,205104.1831832243,521344958.79527634,261326986.09159425,111113488.05273217,278517050.7561831,111004099.12571731,151029990.31625837,23325657.273023102,0.005736488054924937,4.79677236539394,0.32145214694379365,black
135.47094188376755,548.824657214005,0.0005564001402485181,205106.29101256467,521345017.5887297,261327032.34373137,111120764.64364028,278517101.21943814,111011537.47755319,151030011.64552465,23327985.07933124,0.00573687718533515,4.796773229819689,0.32145220543963904,black
135.87174348697394,556.972308729873,0.0005646649703308793,205108.4214133704,521345074.98090476,261327077.9307514,111127915.66791548,278517151.14484495,111018847.4717737,151030032.62638068,23330272.705507103,0.005737259600785594,4.79677408584797,0.3214522633602937,black
136.27254509018036,565.240919207511,0.0005730524726476605,205110.5744984162,521345130.73960626,261327122.59985626,111134943.55171424,278517200.2421257,111026031.59020436,151030053.1533685,23332520.925411586,0.0057376354311051815,4.796774928482336,0.321452320366603,black
136.67334669338678,573.6322886731589,0.0005815644728357656,205112.75034600327,521345184.61168253,261327166.06661043,111141850.71033993,278517248.1813076,111033092.30373946,151030073.108457,23334730.508945137,0.00573800480554902,4.796775752028141,0.3214523760721829,black
137.0741482965932,582.1482436195475,0.0005902028233740522,205114.9489981693,521345236.32249165,261327208.01375625,111148639.5501484,278517294.59113914,111040032.07429536,151030092.36059123,23336902.222635962,0.005738367852900505,4.796776550064288,0.32145243004151336,black
137.4749498997996,590.790637315069,0.000598969403896911,205117.170458898,521345285.5753675,261327248.090029,111155312.47045372,278517339.0575058,111046853.35676387,151030110.76524198,23339036.830228236,0.0057387247015734145,4.796777315414984,0.321452481788031,black
137.87575150300603,599.5613501129484,0.0006078661215078487,205119.41469232918,521345332.0510861,261327285.90897217,111161871.86543393,278517381.12184584,111053558.60096563,151030128.1639551,23341135.093270276,0.005739075479714009,4.796778040121499,0.32145253077222236,black
138.27655310621242,608.4622897604143,0.0006168949110930675,205121.68162096848,521345375.40733176,261327321.0477527,111168320.12603663,278517420.2795666,111060150.25360343,151030144.38390103,23343197.77170277,0.005739420315303122,4.796778715413903,0.32145257639971686,black
138.67735470941884,617.4953917078732,0.0006260577356350502,205123.97112389712,521345415.278163,261327353.04597607,111174659.6418847,278517455.9784603,111066630.76021558,151030159.23742417,23345225.624446955,0.00573975933625826,4.796779331682835,0.3214526180193798,black
139.07815631262525,626.6626194180769,0.0006353565865261377,205126.28303498199,521345451.27347904,261327381.40450147,111180892.803182,278517487.61711985,111073002.56712931,151030172.52159226,23347219.409992814,0.005740092670535692,4.796779878451244,0.3214526549214055,black
139.47895791583167,635.9660225334304,0.0006447935463930825,205128.6374860725,521345496.5210492,261327420.6714986,111187008.51286627,278517532.05940145,111079254.24070132,151030190.29773563,23349175.797574002,0.005740419720788534,4.796780646803157,0.3214527068522016,black
139.8797595190381,645.4075811094563,0.0006543706207836256,205131.02002341492,521345541.1341205,261327459.74254474,111193018.57791354,278517576.3822785,111085397.91870236,151030207.95035627,23351098.399188038,0.0057407411213965896,4.796781413459919,0.32145275866723494,black
140.2805611222445,654.989345572035,0.0006640898893583669,205133.43071111385,521345584.897608,261327498.27444357,111198925.15198521,278517620.1514956,111091435.80455256,151030225.34424266,23352987.899857994,0.00574105698761573,4.796782170770959,0.3214528098490473,black
140.6813627254509,664.7133969066241,0.0006739534628580277,205135.87002173287,521345627.8768844,261327536.22225443,111204730.09139007,278517663.27401763,111097369.79581702,151030242.4693524,23354844.89389918,0.00574136741871694,4.796782916955982,0.32145286027860737,black
141.0821643286573,674.5818458226045,0.0006839634821801416,205138.33843194204,521345670.1492822,261327573.53957897,111210435.22390915,278517705.64985937,111103201.76085386,151030259.31610072,23356669.96642384,0.005741672512442645,4.796783650092061,0.32145290982744185,black
141.48296593186373,684.5968330674441,0.0006941221186980311,205140.83642248486,521345711.80472964,261327610.1786796,111216042.34953643,278517747.172014,111108933.53956862,151030275.87545225,23358463.693576127,0.005741972365046146,4.7967843681115125,0.3214529583575003,black
141.88376753507015,694.7605297408696,0.0007044315745797908,205143.36447814523,521345752.94638616,261327646.09059742,111221553.24121936,278517787.7263819,111114566.94416851,151030292.13901287,23360226.642767124,0.005742267071331061,4.796785068799773,0.32145300572102037,black
142.28456913827657,705.0751376090343,0.0007148940831072665,205145.92308771447,521345793.6912784,261327681.22527084,111226969.64559945,278517827.19169945,111120103.7599168,151030308.0991215,23361959.372909844,0.005742556724690769,4.79678574979327,0.32145305176039257,black
142.68537074148298,715.5428894186865,0.0007255119089950367,205148.51274395833,521345834.17093617,261327715.53165364,111232293.283753,278517865.43946797,111125545.74588713,151030323.74894208,23363662.43465422,0.005742841417147845,4.796786408577301,0.32145309630802554,black
143.08617234468937,726.1660492113376,0.0007362873487093918,205151.133943584,521345874.53202796,261327748.95783326,111237525.85193148,278517902.3338822,111130894.6357178,151030339.08255512,23365336.370622117,0.005743121239393501,4.796787042483907,0.32145313918621105,black
143.4869739478958,736.9469126374336,0.0007472227307873179,205153.78718720702,521345914.93699706,261327781.45114902,111242669.02230234,278517937.73175937,111136152.13836615,151030354.09504977,23366981.71564234,0.005743396280827025,4.796787648689749,0.3214531802069888,black
143.8877755511022,747.887807270519,0.0007583204161554723,205156.47297931844,521345955.56469715,261327812.95831046,111247724.44368951,278517971.4824678,111141319.93886286,151030368.7826155,23368598.99698562,0.0057436666295952255,4.79678822421398,0.321453219172012,black
144.28857715430863,758.9910929214087,0.0007695827984491673,205159.19182825164,521345996.6110282,261327843.42551556,111252693.74231394,278518003.4278556,111146399.69906633,151030383.14263403,23370188.734599628,0.005743932372631864,4.796788765916125,0.3214532558724115,black
144.68937875751504,770.2591619523556,0.0007810123043313505,205161.94424614945,521346038.28957236,261327872.798569,111257578.52253434,278518033.40217984,111151393.0584169,151030397.17377105,23371751.441343974,0.005744193595697099,4.796789270493951,0.3214532900886619,black
145.09018036072143,781.6944395912184,0.0007926113938115831,205164.73074893115,521346080.8322297,261327901.02300036,111262380.36758766,278518061.23203486,111156301.6346913,151030410.87606817,23373287.623225205,0.005744450383416929,4.796789734481347,0.32145332159044576,black
145.49098196392785,793.3000126526807,0.0008043831897401068,205167.55446308295,521346117.08616626,261327929.50233132,111267097.43610536,278518091.8677013,111161123.5680358,151030424.15806502,23374796.65148396,0.005744702638439482,4.79679025762351,0.32145335699732075,black
145.89178356713427,805.0780116909892,0.000816329857987688,205170.41441299926,521346151.57910234,261327957.34342983,111271733.22880372,278518122.1695599,111165862.42285042,151030437.07628983,23376279.667834535,0.005744950547252375,4.796790776676049,0.321453392111875,black
146.2925851703407,817.0309182367251,0.0008284539162845129,205173.3109424622,521346185.12221044,261327984.38919717,111276289.50932644,278518151.58003426,111170519.99946587,151030449.6419987,23377737.238446865,0.005745194204032441,4.796791280400697,0.32145342618826894,black
146.6933867735471,829.1613208535582,0.0008407579899832234,205176.24470135447,521346217.68851304,261328010.65191412,111280767.62818342,278518180.1289727,111175097.67850108,151030461.85740417,23379169.7926847,0.005745433680993173,4.796791769381132,0.32145345926535446,black
147.09418837675352,841.4718445479197,0.0008532447413867431,205179.21635149297,521346249.2488918,261328036.14883307,111285168.90759718,278518207.8545879,111179596.81164676,151030473.72625688,23380577.750631906,0.005745669048833599,4.796792244356584,0.3214534913924213,black
147.4949899799599,853.965151143839,0.0008659168701280002,205182.22656684744,521346279.7720086,261328060.90243715,111289494.64191481,278518234.80388105,111184018.72208588,151030485.2539285,23381961.523218557,0.00574590037676025,4.796792706229685,0.32145352262972454,black
147.89579158316633,866.643939657784,0.0008787771135496541,205185.27603375923,521346309.22422695,261328084.94069922,111293746.09801988,278518261.0330663,111188364.70491435,151030496.44749454,23383321.512347013,0.005746127732509145,4.796793156074328,0.32145355304901185,black
148.29659318637275,879.5109466734934,0.0008918282470838128,205188.3654511599,521346337.56953263,261328108.29734093,111297924.51574446,278518286.6079947,111192636.02756165,151030507.3158172,23384658.111018024,0.005746351182367762,4.796793595143516,0.32145358273405095,black
148.69739478957916,892.5689467168166,0.0009050730846317603,205191.49553078978,521346364.76945484,261328131.01209167,111302031.10828096,278518311.6045785,111196833.93021137,151030517.86962822,23385971.703456797,0.005746570791197015,4.796794024877226,0.3214536117811571,black
149.09819639278558,905.820752630551,0.0009185144789436785,205194.66699741688,521346390.7829873,261328153.13094777,111306067.06259413,278518336.1092154,111200959.62622187,151030528.1216118,23387262.665239092,0.005746786622453236,4.796794446910258,0.32145364029972034,black
149.498997995992,919.2692159492782,0.0009321553219983707,205197.88058905536,521346415.5665093,261328174.7064313,111310033.53983304,278518360.2192125,111205014.30254683,151030538.0864873,23388531.36341732,0.005746998738210145,4.796794863080095,0.32145366841273293,black
149.8997995991984,932.9172272742007,0.0009459985453829835,205201.13705718433,521346439.0737066,261328195.7978494,111313931.67574292,278518384.0432106,111208999.12015592,151030547.78109226,23389778.1566466,0.0057472071991808305,4.796795275434755,0.32145369625731685,black
150.3006012024048,946.7677166479829,0.0009600471206727345,205204.4371669664,521346461.2554928,261328216.47155294,111317762.5810772,278518407.7016088,111212915.21445534,151030557.22446507,23391003.395310886,0.005747412064739726,4.796795686240649,0.3214537239852511,black
150.70140280561122,960.8236539295821,0.000974304059810629,205207.78169746647,521346482.0599298,261328236.80119595,111321527.34200941,278518431.32698774,111216763.69570848,151030566.43792805,23392207.42164901,0.005747613392944586,4.796796097990435,0.3214537517634992,black
151.10220440881764,975.08804916909,0.0009887724154871876,205211.1714418703,521346501.43214947,261328256.86799434,111325227.0205451,278518455.0645347,111220545.64945649,151030575.44517002,23393390.569880806,0.005747811240558463,4.796796513410874,0.3214537797747364,black
151.50300601202406,989.5650050752138,0.0010034563530099212,205214.60709522586,521346521.94052404,261328275.07748577,111328863.77360299,278518475.4824924,111224263.27903344,151030583.90378892,23394553.710157167,0.005748005723665366,4.796796866455073,0.32145380360847037,black
151.90380761523048,1004.2571670240958,0.0010183585532967253,205218.08952731715,521346542.4103246,261328292.2407405,111332438.14167349,278518494.2750013,111227917.13744831,151030591.99874938,23395696.93040849,0.00574819687080777,4.796797189610315,0.3214538254351802,black
152.30460921843687,1019.1674788591453,0.001033482001044825,205221.61959521347,521346562.3055609,261328308.7656885,111335950.91573907,278518512.2726221,111231508.03339949,151030599.82755286,23396820.443845417,0.005748384724109638,4.796797498752816,0.3214538463160116,black
152.70541082164328,1034.2991691620712,0.0010488299707466693,205225.1981449959,521346581.69369614,261328324.67994627,111339403.12268993,278518529.49088514,111235037.01638503,151030607.40526095,23397924.58179473,0.005748569338486106,4.796797794080766,0.32145386626509553,black
153.1062124248497,1049.655512365449,0.001064405783396177,205228.826037555,521346600.64831805,261328340.01393017,111342795.77133314,278518545.9471307,111238505.11739317,151030614.74839014,23399009.670151375,0.005748750767885515,4.796798075817407,0.32145388529832664,black
153.50701402805612,1065.2398292423527,0.0010802128069853727,205232.50414879734,521346619.2493464,261328354.80093163,111346129.8529266,278518561.66054165,111241913.34944752,151030621.87495434,23400076.029563867,0.005748929065318001,4.796798344211363,0.3214539034333877,black
153.90781563126254,1081.0554873959813,0.0010962544570010154,205236.23336985183,521346637.5832404,261328369.07719254,111349406.34171307,278518576.652176,111245262.70815237,151030628.8045076,23401123.975619745,0.005749104282884079,4.796798599536964,0.32145392068977413,black
154.30861723446895,1097.1059017492885,0.00111253419692123,205240.01460727613,521346655.74320656,261328382.88198054,111352626.19545418,278518590.9449992,111248554.1722378,151030635.55818677,23402153.819030963,0.00574927647180323,4.79679884209457,0.3214539370888184,black
154.70941883767534,1113.3945350346082,0.0011290555387121356,205243.848783263,521346673.82940614,261328396.25766447,111355790.35596439,278518604.5639168,111251788.7041049,151030642.15875405,23403165.865819335,0.005749445682442496,4.796799072210899,0.3214539526537146,black
155.11022044088176,1129.9248982832883,0.001145822043324482,205247.73683584682,521346691.9491627,261328409.2497896,111358899.74964502,278518617.5358068,111254967.2503711,151030648.63063964,23404160.41750194,0.00574961196434506,4.796799290239349,0.32145396740954285,black
155.51102204408818,1146.7005513153115,0.0011628373211902718,205251.67971910982,521346710.2171699,261328421.90715313,111361955.28801824,278518629.88955224,111258090.74241523,151030654.99998456,23405137.771276552,0.00574977536625884,4.796799496560329,0.3214539813832938,black
155.9118236472946,1163.7251032289278,0.0011801050327193978,205255.67840338865,521346728.75569856,261328434.28187943,111364957.86826102,278518641.6560737,111261160.09692287,151030661.294683,23406098.22020707,0.005749935936165069,4.79679969158158,0.3214539946038931,black
156.31262525050101,1181.0022128902826,0.0011976288887962704,205259.73387548066,521346747.69480497,261328446.42949536,111367908.37373923,278518652.8683618,111264176.2164315,151030667.5444252,23407042.053408917,0.005750093721306896,4.796799875738499,0.32145400710222594,black
156.71342685370743,1198.5355894230433,0.0012154126512764491,205263.8471388503,521346767.1725379,261328458.40900576,111370807.67454152,278518663.5615095,111267139.98987567,151030673.78073993,23407969.55623449,0.0057502487682179575,4.796800049494469,0.3214540189111614,black
157.11422845691382,1216.328992698028,0.001233460133483272,205268.01921383565,521346787.3351464,261328470.28296867,111373656.62801342,278518673.7727449,111270052.29313236,151030680.03703725,23408881.010458555,0.005750401122750981,4.796800213341184,0.321454030065577,black
157.51503006012024,1234.3876171582476,0.0012517766055264805,205272.24823784377,521346804.7401,261328482.01692137,111376456.38893136,278518684.8115003,111272914.31361222,151030686.02524063,23409776.547625106,0.0057505508460354545,4.796800395685329,0.32145404243287506,black
157.91583166332666,1252.7149444381382,0.0012703655980343348,205276.53606472202,521346820.5419319,261328493.70848998,111379207.70543042,278518696.3693928,111275726.81341659,151030691.8717713,23410656.483373594,0.005750697978258525,4.7968005893916725,0.3214540555476031,black
158.31663326653307,1271.3144242337435,0.001289230609131215,205280.88474223096,521346836.1228313,261328505.4652029,111381911.29566765,278518708.06301004,111278490.52351153,151030697.72473407,23411521.13925497,0.0057508425580431516,4.796800785657818,0.3214540688350333,black
158.7174348697395,1290.1900861444808,0.001308375725782181,205285.29523061824,521346851.5031073,261328517.360085,111384567.9851987,278518719.99522346,111281206.28748243,151030703.6110318,23412370.778023157,0.005750984629516404,4.796800986338644,0.32145408242015633,black
159.1182364729459,1309.3460168161969,0.0013278050928141806,205289.76849996342,521346866.70229304,261328529.46981105,111387178.59036809,278518732.27473766,111283874.93948513,151030709.55876154,23413205.65937278,0.005751124236311723,4.796801193396598,0.3214540964351894,black
159.5190380761523,1328.7863605346297,0.0013475229135181273,205294.30553016692,521346881.7390829,261328541.87477335,111389743.91886644,278518745.01621825,111286497.30481564,151030715.59723264,23414026.040113557,0.0057512614215987,4.796801408904121,0.3214541110197387,black
159.91983967935872,1348.5153198188766,0.0013675334502509819,205298.90731093858,521346896.63127005,261328554.65914962,111392264.77028765,278518758.3404196,111289074.20047952,151030721.75698534,23414832.174344715,0.005751396228112865,4.79680163504606,0.32145412632096076,black
160.32064128256513,1368.5371560148499,0.0013878410250378241,205303.5748417865,521346911.3956844,261328567.91097075,111394741.9366862,278518772.3743128,111291606.43576157,151030728.06980896,23415624.313629378,0.005751528698185468,4.796801874122087,0.3214541424937248,black
160.72144288577155,1388.8561898887433,0.001408450020173935,205308.3091320056,521346926.04812986,261328581.72218868,111397176.20313439,278518787.25121343,111294094.81279522,151030734.56876045,23416402.70716897,0.0057516588737732645,4.796802128549125,0.3214541597007741,black
161.12224448897797,1409.4768022204953,0.001429364878826874,205313.11120066658,521346940.60332197,261328596.18874404,111399568.34827955,278518803.1109091,111296540.12713222,151030741.2881826,23417167.601977624,0.005751786796488293,4.796802400863754,0.3214541781128885,black
161.5230460921844,1430.4034343972505,0.0014505901056385577,205317.98207660436,521346955.0748254,261328611.41063413,111401919.14490128,278518820.0997878,111298943.16831204,151030748.2637224,23417919.243056566,0.005751912507627668,4.7968026937246435,0.3214541979090457,black
161.92384769539078,1451.6405890068224,0.0014721302673273353,205322.92279840703,521346969.4749918,261328627.49198055,111404229.36046873,278518838.37096524,111301304.7204315,151030755.53234953,23418657.873568527,0.005752036048203356,4.796803009914959,0.32145421927658346,black
162.3246492985972,1473.1928304311607,0.0014939899932900733,205327.93441440444,521346983.81489706,261328644.5410971,111406499.75769779,278518858.08441305,111303625.56271428,151030763.13237458,23419383.73501214,0.005752157458971963,4.796803352344789,0.3214542424113614,black
162.7254509018036,1495.0647854398067,0.0015161739762042242,205333.01798265698,521346998.10427904,261328662.67055762,111408731.09510835,278518879.40708625,111305906.47008045,151030771.10346758,23420097.06739634,0.005752276780464517,4.796803724053559,0.3214542675179228,black
163.12625250501003,1517.2611437833605,0.0015386869726299116,205338.1745709443,521347012.3514751,261328681.99726355,111410924.12758154,278518902.5130514,111308148.21371602,151030779.4866762,23420798.109414764,0.005752394053016251,4.796804128212453,0.3214542948096566,black
163.52705410821645,1539.786658786944,0.0015615338036120054,205343.40525675396,521347026.5633598,261328702.64251208,111413079.606917,278518927.5836141,111310351.56164248,151030788.32444417,23421487.098620147,0.005752509316796387,4.79680456812683,0.3214543245089592,black
163.92785571142286,1562.6461479436623,0.0015847193552822006,205348.71112727025,521347040.74528223,261328724.7320636,111415198.28239001,278518954.8074472,111312517.27928635,151030797.6606297,23422164.271598734,0.00575262261183792,4.796805047238644,0.3214543568473964,black
164.32865731462925,1585.8460219524154,0.0016082501275052924,205354.09387540683,521347054.07514155,261328744.21716562,111417279.15206455,278518978.3668919,111314644.36468355,151030806.03561467,23422829.454046126,0.00575273388620284,4.796805460292866,0.3214543847344622,black
164.72945891783567,1609.3917492972062,0.0016321316659467838,205359.55481083176,521347066.2736057,261328759.8085432,111419322.36571868,278518996.41630244,111316732.97816508,151030812.9832872,23423482.74138236,0.005752843148434755,4.796805773921961,0.32145440592209706,black
165.1302605210421,1633.2871154554446,0.0016563678117827252,205365.09457083995,521347078.0046401,261328775.0035483,111421330.07388803,278519013.99923205,111318785.29923217,151030819.76102915,23424124.697848167,0.0057529505121483755,4.79680607944015,0.3214544265610104,black
165.5310621242485,1657.5372960770671,0.0016809638142884394,205370.71431855115,521347089.21523976,261328789.685221,111423302.91196966,278519030.95914733,111320801.97826552,151030826.3244612,23424755.532270595,0.005753056011386738,4.796806374056096,0.3214544464627437,black
165.93186372745492,1682.1475399375283,0.0017059249969034983,205376.4152290613,521347099.8473256,261328803.7250253,111425241.50876702,278519047.1239516,111322783.65897974,151030832.62481213,23425375.451774966,0.005753159679845535,4.796806654700609,0.321454465420084,black
166.3326653306613,1707.1231696936177,0.0017312567579982397,205382.19848949477,521347109.8375941,261328816.9824732,111427146.4868613,278519062.3054743,111324730.97880544,151030838.6087776,23425984.661915693,0.0057532615508931444,4.796806918017498,0.3214544832064474,black
166.73346693386773,1732.46958263929,0.0017569645716402926,205388.0652990562,521347119.11736745,261328829.30474836,111429018.46298291,278519076.29895985,111326644.56927119,151030844.21837854,23426583.366807133,0.005753361657590653,4.796807160354425,0.32145449957526206,black
167.13426853707415,1758.1922514614753,0.0017830539883610858,205394.01686908264,521347127.612443,261328840.52633005,111430858.0483829,278519088.88255674,111328525.05638559,151030849.39081964,23427171.76925441,0.005753460032711884,4.796807377753772,0.3214545142593512,black
167.53507014028057,1784.2967249959074,0.0018095306359223724,205400.05442309557,521347135.2429435,261328850.4686171,111432665.8492043,278519099.8168063,111330373.06101926,151030854.0583479,23427750.070884254,0.005753556708763417,4.796807565943489,0.32145452697031607,black
167.93587174348698,1810.7886289829435,0.001836400220082748,205406.17919685287,521347141.9231669,261328858.93955174,111434442.46685372,278519108.8441321,111332189.19928683,151030858.14811113,23428318.47227586,0.005753651718004621,4.796807720327957,0.3214545373979195,black
168.3366733466934,1837.6736668233852,0.0018636685253641677,205412.39243840097,521347147.5614357,261328865.73324335,111436188.49837263,278519115.6883287,111333974.082929,151030861.5820164,23428877.173091695,0.0057537450924676735,4.796807835978845,0.3214545452094686,black
168.7374749498998,1864.9576203342986,0.0018913414158184642,205418.69540812678,521347152.0599475,261328870.62959257,111437904.5368088,278519120.0540505,111335728.3196945,151030864.27658865,23429426.372208357,0.005753836863977588,4.796807907625966,0.32145455004919793,black
169.1382765531062,1892.6463505048418,0.001919424835793873,205425.08937880976,521347155.3146244,261328873.39391503,111439591.17158782,278519121.62630117,111337452.51372217,151030866.14282906,23429966.267847396,0.00575392706417224,4.7968079296481365,0.3214545515376528,black
169.53907815631263,1920.745798252077,0.00194792481070154,205431.575635674,521347157.2149631,261328873.7765652,111441248.98888443,278519120.06992227,111339147.2659229,151030867.0860737,23430497.057706177,0.005754015724522391,4.796807896064031,0.32145454927107203,black
169.93987975951904,1949.2619851767977,0.001976847447782047,205438.15547644018,521347157.6438844,261328871.51256037,111442878.57199399,278519115.0290825,111340813.1743617,151030867.00585186,23431018.939088687,0.005754102876351716,4.796807800523045,0.32145454282077146,black
170.34068136272546,1978.2010143193484,0.0020061989368719293,205444.83021137767,521347156.4775834,261328866.32120454,111444480.5017039,278519106.1267666,111342450.8346397,151030865.7957448,23431532.109036393,0.005754188550856825,4.796807636296144,0.3214545317325268,black
170.74148296593188,2007.5690709154462,0.0020359855511701934,205451.6011633565,521347153.58537924,261328857.90571213,111446055.35666503,278519092.9642644,111344060.84027612,151030863.34324402,23432036.764459074,0.005754272779127291,4.79680739626673,0.3214545155259566,black
171.14228456913827,2037.373695569103,0.002066214941541526,205458.47164888753,521347151.9984515,261328851.51348516,111447602.71487524,278519082.3031892,111345642.7189856,151030861.69860566,23432532.542953037,0.0057543555358108385,4.796807200061581,0.32145450228634803,black
171.5430861723447,2067.6234304555646,0.002096895776845058,205465.44642618156,521347157.0266954,261328856.38628778,111449121.43238613,278519086.06359,111347195.22956783,151030864.47032884,23433018.678781718,0.005754436754836371,4.796807258614733,0.32145450626979694,black
171.9438877755511,2098.3223586348918,0.0021280321926095843,205472.5231924459,521347162.65714145,261328861.89255074,111450613.93108027,278519090.4947359,111348720.92961787,151030867.5152954,23433496.403676525,0.005754516571319059,4.7968073284503125,0.3214545110222892,black
172.34468937875752,2129.477132051272,0.00215963093568181,205479.70352444093,521347169.05477977,261328868.23710042,111452080.68243301,278519095.8419316,111350220.29912202,151030870.9174532,23433965.85802304,0.005754595010346598,4.796807413836492,0.3214545168330075,black
172.74549098196394,2161.0944968519384,0.002191698848468652,205486.98902459876,521347176.3974665,261328875.64275327,111453522.15118065,278519102.37268025,111351693.81101337,151030874.76797974,23434427.17911234,0.005754672096635337,4.796807519430363,0.3214545240174591,black
173.14629258517036,2193.181294367202,0.002224242869931685,205494.38132142427,521347184.8763319,261328884.35091934,111454938.7955158,278519110.37743855,111353141.93136624,151030879.16552263,23434880.501173288,0.005754747854540364,4.796807650291198,0.3214545329183732,black
173.54709418837675,2225.7444620904753,0.0022572700365815854,205501.8820698962,521347194.6961889,261328894.62220618,111456331.0672828,278519120.1703708,111354565.11959074,151030884.21644038,23435325.95540479,0.005754822308065611,4.796807811893709,0.3214545439065983,black
173.94789579158316,2258.7910346583067,0.0022907874834725856,205509.49295186825,521347206.07594115,261328906.73702234,111457699.41217315,278519132.0901039,111355963.8286273,151030890.0350431,23435763.670008104,0.005754895480873944,4.796808010141311,0.3214545573819989,black
174.34869739478958,2292.3281448303983,0.002324802445196907,205517.21567647016,521347219.248991,261328920.99618116,111459044.26992097,278519146.5004817,111357338.50514115,151030896.74383304,23436193.770219114,0.00575496739629726,4.796808251379379,0.32145457377435294,black
174.749498997996,2326.3630244696387,0.0023593222568792163,205525.05198050893,521347234.46364826,261328937.7215045,111460366.07449834,278519163.79131985,111358689.58971682,151030904.47374558,23436616.378340613,0.00575503807734658,4.79680854240851,0.3214545935442489,black
175.15030060120242,2360.9030055221324,0.0023943543551710675,205533.0036288697,521347251.983538,261328957.25642636,111461665.25431077,278519184.37916017,111360017.51705272,151030913.3643897,23437031.61377459,0.0057551075467221465,4.796808890497782,0.32145461718398266,black
175.55110220440883,2395.955520997223,0.0024299062792453494,205541.07241491697,521347272.08800876,261328979.96659654,111462942.23239261,278519208.7080254,111361322.71615557,151030923.56428862,23437439.593054518,0.00575517582682352,4.796809303398017,0.3214546452184551,black
175.95190380761522,2431.528105947521,0.002465985671790728,205549.26016089576,521347295.0725411,261329006.2404845,111464197.42660245,278519237.2501737,111362605.61053498,151030935.23112074,23437840.42987762,0.00575524293975967,4.796809789355037,0.3214546782060688,black
176.35270541082164,2467.6283984489405,0.002502600280006104,205557.5687183326,521347321.2491556,261329036.48998284,111465431.24981853,278519270.50685334,111363866.61839794,151030948.53196013,23438234.23513718,0.0057553089073590765,4.796810357122929,0.3214547167396255,black
176.75350701402806,2504.2641405807117,0.0025397579565950433,205565.99996843658,521347350.94682086,261329071.15101114,111466644.11013424,278519309.00905734,111365106.15284331,151030963.64351726,23438621.1169548,0.005755373751179818,4.796811015977303,0.32145476144722285,black
177.15430861723448,2541.4431794054185,0.0025774666607602326,205574.5558225006,521347384.51186234,261329110.68411964,111467836.41105339,278519353.3182779,111366324.62205635,151030980.75237978,23439001.180712707,0.005755437492519674,4.796811775728549,0.32145481299315204,black
177.5551102204409,2579.173467949024,0.002615734459197924,205583.23822230235,521347422.3083699,261329155.57509282,111469008.55168578,278519404.02726114,111367522.42950326,151031000.05525306,23439374.529086016,0.005755500152426213,4.796812646735103,0.3214548720787944,black
177.9559118236473,2617.4636389950833,0.00265457010344271,205592.04811016357,521347461.5387651,261329202.8596201,111470160.75845413,278519457.74290466,111368699.83882822,151031020.30667713,23439741.38216017,0.005755561744864257,4.796813570622543,0.3214549347420547,black
178.3567134268537,2656.3262253432713,0.0026939862700139797,205600.97963871676,521347478.3731521,261329226.58877406,111471292.13836637,278519484.5062151,111369856.21366143,151031030.65592346,23440102.752354782,0.005755622238269576,4.7968140308560665,0.321454965935513,black
178.75751503006012,2695.7658847375947,0.0027339877126616725,205610.04135332274,521347493.32167006,261329249.28868434,111472404.14303574,278519510.3931346,111370992.79929107,151031040.50857234,23440457.97571696,0.005755681696231641,4.796814477319794,0.32145499618115686,black
179.15831663326654,2735.7911603891725,0.00277458309549844,205619.2350401507,521347505.95460343,261329270.6022509,111473497.10990751,278519535.0310219,111372109.94527975,151031049.70728016,23440807.177231587,0.005755740137028278,4.7968149037611125,0.32145502505294443,black
179.55911823647295,2776.410716320175,0.0028157812051116723,205628.56249996714,521347515.80682105,261329290.14026326,111474571.37008399,278519558.0124885,111373207.99509397,151031058.08079988,23441150.481423274,0.005755797578618753,4.796815303338386,0.3214550520847639,black
179.95991983967937,2817.6333386163324,0.002857590951832109,205638.02554804686,521347522.3766718,261329307.48035055,111475627.24843977,278519578.8942416,111374287.28623433,151031065.44353083,23441488.01244577,0.005755854038650611,4.796815668601252,0.3214550767690942,black
180.3607214428858,2859.4679366794458,0.002900021371002449,205647.62601408391,521347525.12488014,261329322.16593185,111476665.06373702,278519597.1959276,111375348.15036559,151031071.5950685,23441819.894171353,0.005755909534466518,4.796815991470924,0.3214550985556657,black
180.76152304609218,2901.9235444798965,0.0029430816242459637,205657.36574210253,521347523.47344196,261329333.7051664,111477685.12874073,278519612.39897543,111376390.91344689,151031076.31975424,23442146.25028026,0.005755964083111103,4.796816263220481,0.32145511685012096,black
181.1623246492986,2945.009321809171,0.0029867810007351194,205667.24659036813,521347516.8045197,261329341.5699037,111478687.750334,278519623.94543993,111377415.89586186,151031079.3862249,23442467.20435008,0.005756017701337791,4.796816474455172,0.32145513101267537,black
181.56312625250501,2988.734555532355,0.0030311289184601726,205677.27043129827,521347504.45933837,261329345.19463384,111479673.22963329,278519631.23684496,111378423.41254881,151031080.54696274,23442782.87994516,0.005756070405615653,4.796816615092711,0.32145514035677764,black
181.96392785571143,3033.1086608406554,0.0030761349254977955,205687.43915137363,521347485.7370808,261329343.9754377,111480641.86210375,278519633.63302696,111379413.77313086,151031079.53784505,23443093.400706023,0.00575612221213624,4.796816674343574,0.3214551441477707,black
182.36472945891785,3078.1411825039113,0.003121808701279684,205697.75465104898,521347459.8937837,261329337.26893705,111481593.93767434,278519630.4509783,111380387.2820461,151031076.07769385,23443398.890438765,0.005756173136820423,4.796816640691294,0.32145514160155236,black
182.76553106212427,3123.841796123105,0.0031681600578611717,205708.21884466405,521347426.1412325,261329324.39124495,111482529.74085332,278519620.9636903,111381344.23867771,151031069.8678258,23443699.47320448,0.005756223195325237,4.796816501872767,0.3214551318832358,black
183.16633266533066,3170.220309382871,0.0032151989411898394,205718.8336603547,521347383.64585775,261329304.6169157,111483449.5508433,278519604.3989969,111382284.93748422,151031060.5916017,23443995.27340864,0.00575627240305072,4.796816244858537,0.32145511410581046,black
183.56713426853707,3217.2866633040226,0.00326293543237414,205729.60103996366,521347331.52763015,261329277.17789537,111484353.64165662,278519579.9384179,111383209.6681295,151031047.91397643,23444286.41589053,0.005756320775146752,4.796815855833104,0.32145508732880246,black
183.9679358717435,3265.05093349604,0.0033113797489519935,205740.52293895168,521347268.85895634,261329241.26247174,111485242.28223066,278519546.7160023,111384118.71561305,151031031.48104858,23444573.026012644,0.005756368326519897,4.7968153201752175,0.3214550505569356,black
184.3687374749499,3313.523331409601,0.0033605422461594095,205751.6013263084,521347194.6635746,261329196.01422462,111486115.73654298,278519503.8171714,111385012.36040011,151031010.91961023,23444855.229750086,0.0057564150718402395,4.796814622438171,0.3214550027387917,black
184.76953907815633,3362.714205589084,0.0034104334181991,205762.8381844633,521347107.91545004,261329140.53097612,111486974.26372671,278519450.27756244,111385890.87855178,151030985.8366966,23445133.153779987,0.005756461025548231,4.796813746330105,0.32145494276547154,black
185.17034068136272,3412.640983546214,0.003461071039946492,205774.2613835446,521347071.2932524,261329121.5918457,111487817.74265967,278519432.33233494,111386753.451247,151030977.38624623,23445404.19932094,0.005756506149285852,4.796813455273488,0.3214549227861234,black
185.57114228456913,3463.309675499877,0.003512461138173475,205785.85572332965,521347041.2636689,261329106.45559245,111488646.67289765,278519417.48737365,111387601.07150257,151030970.7899481,23445670.307976082,0.005756550492023361,4.7968132120566995,0.3214549061113323,black
185.97194388777555,3514.7307635265347,0.0035646143381178595,205797.62216258066,521347014.02432317,261329092.1148099,111489461.3151663,278519402.6799981,111388434.0477729,151030964.7064431,23445931.72111574,0.005756594069714237,4.796812965651879,0.32145488926036125,black
186.37274549098197,3566.9153893928637,0.0036175419415460687,205809.56360268444,521346990.4731257,261329079.07138684,111490261.89780354,278519388.31674975,111389252.6032984,151030959.3811493,23446188.47786386,0.005756636894188932,4.796812722317728,0.3214548726656604,black
186.7735470941884,3619.874852578445,0.003671255410304254,205821.68301154356,521346971.58457017,261329067.87493068,111491048.64410244,278519374.8463398,111390056.95531024,151030955.08208805,23446440.61285423,0.005756678976973708,4.7968124889839014,0.32145485680578806,black
187.1743486973948,3673.6206119130447,0.003725766367982748,205833.98342492152,521346958.4121634,261329059.12436366,111491821.77240558,278519362.7611122,111390847.3151,151030952.10062948,23446688.15616874,0.005756720329294568,4.796812273274582,0.3214548422070267,black
187.5751503006012,3728.1642872138873,0.0037810866015805192,205846.4679477883,521346952.09085524,261329053.4695188,111492581.49619952,278519352.5985061,111391623.88808937,151030950.7522377,23446931.13327564,0.005756760962081178,4.796812083532048,0.3214548294449995,black
187.9759519038076,3783.5176609229497,0.0038372280631696416,205859.13975566564,521346953.839469,261329051.61273623,111493328.02420928,278519344.94251883,111392386.87389988,151030951.37721634,23447169.564967837,0.005756800885970794,4.796811928840246,0.3214548191462867,black
188.37675350701403,3839.6926797442156,0.003894202871559727,205872.00209597236,521346964.96313083,261329054.31045908,111494061.56049274,278519340.42516845,111393136.46642253,151030954.34145358,23447403.46730116,0.005756840111312189,4.796811819048358,0.321454811990042,black
188.77755511022045,3896.7014562809686,0.0039520233139623984,205885.05828936977,521346986.8557002,261329062.37482965,111494782.3045352,278519339.7279567,111393872.85388753,151030960.03716785,23447632.85153262,0.005756878648169573,4.796811764794374,0.321454808709609,black
189.17835671342687,3954.556270673067,0.004010701847655739,205898.31173110704,521347021.0021996,261329076.67528558,111495490.45134364,278519343.58333164,111394596.218934,151030968.8836529,23447857.724058703,0.005756916506326527,4.796811777528662,0.32145481009413757,black
189.57915831663328,4013.2695722342205,0.0040702511016487515,205911.7658923665,521347068.98124474,261329098.14015594,111496186.19154139,278519352.7761503,111395306.73867963,151030981.32802337,23448078.086353637,0.005756953695289922,4.796811869537536,0.3214548169902,black
189.97995991983967,4072.853981089265,0.004130683878345807,205925.42432160905,521347132.4674744,261329127.75825724,111496869.71146241,278519368.14514154,111396004.5847904,151030997.84595993,23448293.934907652,0.00575699022429385,4.796812053966831,0.32145483030340793,black
190.3807615230461,4133.322289811457,0.004192013155211118,205939.29064591954,521347213.23398054,261329166.58048967,111497541.19324581,278519390.5843689,111396689.92355023,151031018.94245481,23448505.261165276,0.005757026102303543,4.796812344845467,0.32145485100002813,black
190.7815631262525,4194.687465059727,0.0042542520864331706,205953.368572352,521347313.1547381,261329215.72143304,111498200.81493035,278519421.0446931,111397362.91593075,151031045.15255702,23448712.051463585,0.005757061338019307,4.796812757109025,0.3214548801085993,black
191.18236472945893,4256.962649215973,0.004317414004589196,205967.66188927513,521347434.20703524,261329276.36094314,111498848.75054875,278519460.53523505,111398023.71766092,151031077.0421177,23448914.28697049,0.005757095939880439,4.796813306623315,0.32145491872154835,black
191.58316633266534,4320.161162022335,0.004381512422309621,205982.17446771768,521347578.47390324,261329349.74574754,111499485.17022231,278519510.12483835,111398672.47929673,151031115.20853564,23449111.943623006,0.00575712991606916,4.796814010207944,0.32145496799680673,black
191.98396793587176,4384.302470052049,0.004446566925835273,205996.87484250942,521347656.7163695,261329393.67145506,111500111.53332199,278519540.9536231,111399311.78055848,151031137.91904968,23449309.034804087,0.00575716337722654,4.796814456683287,0.32145499913504816,black
192.38476953907815,4449.398221111078,0.004512589387179605,206011.7791117726,521347702.36088055,261329424.338253,111500727.56224394,278519564.42342454,111399940.9331926,151031153.4490104,23449504.14957568,0.005757196296067222,4.796814810879374,0.32145502365095435,black
192.78557114228457,4515.460562623932,0.0045795921767108685,206026.9015768152,521347744.0850105,261329455.70378438,111501333.04451644,278519590.40544075,111400559.37342662,151031168.91840276,23449696.086560953,0.005757228650522376,4.796815215839419,0.32145505153297954,black
193.18637274549098,4582.503795774712,0.004647589796292173,206042.24493555838,521347780.5027116,261329487.4340928,111501928.19094692,278519618.9374361,111401167.33609194,151031184.10038808,23449884.973324113,0.005757260452184764,4.7968156740589984,0.321455082931163,black
193.5871743486974,4650.542423196536,0.004716596951862136,206057.81188092643,521347810.1021967,261329519.1541084,111502513.21234916,278519650.04429775,111401765.05768201,151031198.74381313,23450070.942662455,0.005757291712683391,4.7968161879622535,0.32145511798912496,black
193.98797595190382,4719.591151037236,0.004786628555522297,206073.60509964943,521347831.2418057,261329550.44611987,111503088.31973058,278519683.7373458,111402352.77659681,151031212.57235008,23450254.13283485,0.005757322443694806,4.796816759894664,0.3214551568435278,black
194.38877755511024,4789.664891025055,0.004857699727624551,206089.6272710658,521347842.14587194,261329580.84824622,111503653.72447954,278519720.0136429,111402930.73338729,151031225.28363645,23450434.687790252,0.005757352656954401,4.796817392115823,0.321455199623537,black
194.78957915831663,4860.778762534344,0.004929825798858563,206105.88106592503,521347840.9005886,261329609.8529087,111504209.63855256,278519758.85530394,111403499.17099974,151031236.54841518,23450612.757396176,0.00575738236426771,4.7968180867922126,0.321455246450282,black
195.19038076152304,4932.948094651281,0.0050030223123392155,206122.36914519008,521347825.44987476,261329636.90530285,111504756.27466168,278519800.22880626,111404058.33502036,151031246.0096745,23450788.497667205,0.005757411577521706,4.796818845989975,0.3214552974363174,black
195.59118236472946,5006.188428239539,0.005077305025694004,206139.0941588401,521347793.5912422,261329661.4018702,111505293.84646162,278519844.084299,111404608.47391962,151031253.28178802,23450962.07099348,0.005757440308696106,4.796819671667692,0.32145535268508363,black
195.99198396793588,5080.515518006004,0.005152689913150483,206156.05874467304,521347742.97166145,261329682.68877032,111505822.56873724,278519890.3549134,111405149.83929673,151031257.9496546,23451133.646369208,0.005757468569874663,4.796820565669158,0.3214554122903683,black
196.3927855711423,5155.945334566474,0.0052291931676236875,206173.26552710816,521347671.0834284,261329700.06035265,111506342.65759061,278519938.95607215,111405682.68612409,151031259.5678385,23451303.39962113,0.005757496373256471,4.796821529716151,0.32145547633576693,black
196.79358717434872,5232.494066511357,0.005306831202803556,206190.7171159887,521347575.2600303,261329712.75762844,111506854.33062842,278519989.7847995,111406207.27299172,151031257.6597091,23451471.513637047,0.005757523731167261,4.796822565401216,0.32145554489414413,black
197.1943887775551,5310.17812247136,0.0053856206552423515,206208.41610538444,521347452.6720127,261329719.9667426,111507357.80714925,278520042.71903116,111406723.86235173,151031251.71658117,23451638.17859429,0.005757550656070701,4.796823674180428,0.3214556180270943,black
197.59519038076152,5389.014133183217,0.005465578386442112,206226.36507239437,521347300.3228451,261329720.8174457,111507853.30833076,278520097.61692363,111407232.72076273,151031241.19685465,23451803.592188228,0.005757577160579696,4.796824857366177,0.321455695784403,black
197.99599198396794,5469.018953555351,0.005546721484942039,206244.56657594917,521347115.04478794,261329714.38156578,111508341.05741711,278520154.3161647,111407734.1191343,151031225.52515474,23451967.95986076,0.005757603257467686,4.796826116119939,0.32145577820350746,black
198.39679358717436,5550.209664733597,0.0056290672684059465,206263.0231556139,521346893.49475855,261329699.67148024,111508821.27990608,278520212.63328266,111408228.33297147,151031204.0914718,23452131.495028812,0.005757628959679946,4.796827451445046,0.32145586530895814,black
198.79759519038078,5632.610013293841,0.005712640005931278,206281.7773780065,521346729.9284466,261329689.04440576,111509291.66383563,278520254.26264817,111408711.49238975,151031188.7934539,23452288.940869033,0.005757654135191195,4.796828405553849,0.3214559275308387,black
199.1983967935872,5716.238947089065,0.005797458949651736,206300.8405002477,521346642.02736384,261329684.3215773,111509751.88420355,278520275.01720065,111409182.9750113,151031181.69288835,23452439.329097733,0.005757678765573852,4.7968288787935185,0.3214559583958521,black
199.59919839679358,5801.109661572887,0.005883537339050522,206320.1865227577,521346556.3772415,261329674.7963125,111510203.98026246,278520287.51517284,111409646.02240793,151031173.15251684,23452586.793602582,0.005757702967560796,4.796829197732534,0.32145597891877964,black
200.0,5887.240543199913,0.005970893825564989,206339.82025792464,521346474.65986353,261329660.01866475,111510648.03857842,278520290.4138846,111410100.68610416,151031163.15506425,23452731.258832563,0.005757726746335558,4.796829335616801,0.3214559873223577,green
200.13377926421404,5916.299061793994,0.006000397242719059,194853.0739506664,497412101.8457439,260537918.29146937,111494791.7176206,278451086.20600164,111408864.43503533,149741691.69592783,23452622.144021094,0.00575770240928731,4.796106218399033,0.32143497831162526,green
200.26755852842808,5945.64635389623,0.006030343315832095,184192.22364082842,474973981.64686245,258326164.2963073,111448361.86482516,278033562.4683672,111400479.06911497,146858496.23460427,23451683.316847537,0.005757435490177444,4.791494908655725,0.3212314073893761,green
200.40133779264215,5975.388114223154,0.006060927026382411,174295.13292003245,453940607.38307524,254931410.89189315,111373486.22574687,277034227.5662853,111379623.31931324,143298795.88661548,23449186.637725767,0.005756611673806967,4.779726389656627,0.3205734780265473,green
200.5351170568562,6005.609715046188,0.006092284448505823,165107.25798921255,434232245.8484373,250561518.44488183,111272131.90972044,275329922.72423977,111342822.27153353,139466691.10327202,23444538.176007804,0.005755023839036235,4.758412765887205,0.3192488765392306,green
200.66889632107024,6036.394547775377,0.006124534809634444,156579.24420552314,415776990.02440774,245401973.48599762,111146161.55483313,272869008.5143221,111287824.66499741,135554998.55957627,23437244.697843373,0.005752583629352395,4.725992057235965,0.3171292504407026,green
200.80267558528428,6067.827619595802,0.0061577911877558926,148666.07081640774,398508884.2735747,239616630.50612,110997340.08538543,269653214.51807755,111213339.64315781,131644783.93156877,23426905.534157027,0.005749189417233476,4.681712397623255,0.3141561064701509,green
200.93645484949832,6099.99944096668,0.006192170637105215,141325.04397744188,382364350.6175803,233352864.28140098,110827389.87779342,265723012.09342834,111118795.01105124,127776325.13943519,23413195.97779349,0.005744705851745117,4.625533607936486,0.3103377806361841,green
201.0702341137124,6132.992746494889,0.006227778914714052,134519.87178485154,367287977.2513523,226727903.47871712,110637800.13322584,261136337.14574876,111004142.3388202,123967103.89102317,23395887.345058348,0.005739115318096252,4.5579171853978,0.30571411230272705,green
201.20401337792643,6166.886028528546,0.006264716426801612,128217.81296567239,353228154.19339925,219839113.10939986,110429930.7306607,255961143.90642884,110869675.39406948,120227666.31151412,23374818.785095215,0.005732301561130477,4.479652353240225,0.3003469933737676,green
201.33779264214047,6201.774231151426,0.006303104608982919,122379.86600319945,340122612.6404157,212798407.61261442,110205407.52576584,250285039.58323115,110715895.25478669,116567596.71185972,23349820.319724947,0.005724461664385836,4.391837415620376,0.29432203185612443,green
201.4715719063545,6237.734583116813,0.006343042604348984,116975.24633552688,327919787.5146505,205681654.9697367,109965524.733838,244192535.2714503,110543595.6742291,112988422.09171115,23320822.546770096,0.005716704291242376,4.295737197680043,0.2877348236401301,green
201.60535117056855,6274.839227851489,0.006384624856479248,111975.22652442116,316569856.64637125,198551733.30204946,109711501.83898196,237765388.47572294,110353688.61449906,109498925.99781816,23287801.005540546,0.005707146874219591,4.1927024772272565,0.2806798723005763,green
201.7391304347826,6313.156228519641,0.006427940995305282,107351.95073307268,306023364.1390013,191464485.63162854,109444515.46077621,231081906.82560155,110147134.69503452,106104777.06260079,23250757.453835912,0.00569684614627776,4.084048970868078,0.27325041678162654,green
201.87290969899666,6352.746057738858,0.0064730716851728945,103080.01404920842,296233877.74632454,184464613.12455842,109165645.75810261,224212943.19814792,109924915.48636322,102811294.10500261,23209725.804234676,0.00568571733946808,3.971016186670253,0.26553278427633376,green
202.0066889632107,6393.664135175164,0.006520091804150637,99135.36632554249,287156296.60542005,177589047.56587863,108875919.9952786,217223891.58021566,109688040.7706952,99623267.10142422,23164766.705818858,0.005673950285518715,3.8547838025258025,0.2576082185078162,green
202.14046822742475,6435.967017755993,0.006569078036200032,95493.21651446637,278743832.7201585,170874342.07189354,108576399.24458703,210181783.9351667,109437575.08887964,96545473.25721875,23115950.82222904,0.0056613037365275155,3.73657031195374,0.24956037245160098,green
202.2742474916388,6479.695798118079,0.006620087903746137,92133.57918831047,270956890.9312404,164340825.85746494,108267946.06313726,203135857.45096624,109174495.19578914,93580961.39956966,23063384.613304846,0.005647632160463571,3.6173242123246188,0.2414530618039201,green
202.40802675585283,6524.889232791632,0.006673176133858637,89036.82653541713,263756237.03680667,158006792.13317218,107951408.57300976,196131797.14574993,108899766.90008163,90732254.51551646,23007182.898757797,0.005633814185988384,3.497929683748249,0.2333457206925838,green
202.5418060200669,6571.581488396249,0.006728391770739458,86184.5420982563,257104397.86380875,151886020.20698527,107627591.55308147,189209535.3717291,108614332.75404984,88000984.26419744,22947473.42585682,0.005619269516783894,3.3791743975044195,0.22529095989085374,green
202.67558528428094,6619.801491919772,0.006785777163317164,83559.8268845345,250966393.5155029,145988073.0543635,107297236.72536367,182402464.99059358,108319086.07457148,85387957.61693932,22884392.05903706,0.005604198182046677,3.26173100169103,0.21733344950731992,green
202.80936454849498,6669.57107967631,0.0068453651179139555,81148.40813109498,245312108.8223571,140318009.22215402,106960978.20449296,175735275.61662215,108014808.7812653,82893071.2767887,22818072.897180468,0.005588668237660526,3.14611021023549,0.2095068676075306,green
202.94314381270902,6720.913239685902,0.006907190541942637,78934.55844210756,240108133.51785907,134880202.8825391,106619517.95549609,169233721.08555406,107702373.27712576,80515891.19636856,22748671.546424445,0.00557276237760136,3.032850760058731,0.20184663990274934,green
203.07692307692307,6773.848258905148,0.006971284759853271,76903.36106515084,235322518.74379247,129677350.57436158,106273523.66701752,162920446.709589,107382618.11470123,78255509.95134956,22676344.843455866,0.005556306842031734,2.922433052868278,0.19438425857835806,green
203.21070234113714,6828.385584333033,0.007037664318217603,75043.78201041864,230930711.03372124,124706425.41182956,105923497.32865939,156805327.77621356,107056199.62405841,76109750.79185435,22601242.070102897,0.00553937398926321,2.8150938380057005,0.18713483619486063,green
203.34448160535118,6884.535284327373,0.007106346631304373,73344.22591653571,226907005.6100429,119964782.85492635,105569967.06720695,150898886.01596117,106723801.0703749,74076476.70655343,22523517.86161778,0.005522301705039576,2.711081871597232,0.18011430016568344,green
203.47826086956522,6942.304909916815,0.007177345558460503,71793.96774284236,223227370.78844073,115448499.78782159,105213426.7837222,145208813.0995429,106386066.76479581,72153078.1168278,22443326.100366693,0.0055049563297697125,2.6105896188631084,0.17333485460050477,green
203.61204013377926,7001.699463167605,0.007250671355212043,70383.11139698415,219869383.73850557,111152538.4490003,104854335.6137832,139739976.9876705,106043600.82221687,70336605.3976474,22360819.445180055,0.005487313634991048,2.513753825311415,0.16680501655367144,green
203.7458193979933,7062.720869099543,0.007326329820470467,69102.84312430615,216812770.3717572,107070700.5255283,104493107.23655103,134493867.55689287,105696952.35230877,68623777.22370054,22276147.329069152,0.005469423930069401,2.4206437255566686,0.16052884511031656,green
203.87959866220737,7125.370777666171,0.007404326324942677,67944.46941292581,214037506.3369822,103196721.39062832,104130150.35940085,129471682.5035504,105346664.01151055,67011293.61824492,22189458.48368297,0.005451323393640361,2.3313224591174686,0.15451000010244875,green
204.0133779264214,7189.647538324021,0.0074846613029077805,66900.49132126063,211526024.03772593,99523470.7618845,103765821.00875351,124671315.32265393,104993212.44126123,65495580.30554472,22100895.448935118,0.005433042629240783,2.2457852603198574,0.14874768537375388,green
204.14715719063545,7255.550619436606,0.007567336843166242,65963.0223061238,209259964.58768946,96044135.7190679,103400492.1630228,120091787.21576056,104637095.40512665,64073161.85946364,22010602.52994591,0.005414612493603297,2.164050354761727,0.1432426167841907,green
204.2809364548495,7323.075054510162,0.007652348218815837,65125.9802102904,207224724.71227917,92750910.4302896,103034456.820662,115727655.792712,104278709.29493225,62740247.313958175,21918712.649443716,0.0053960516534771056,2.0860427236491406,0.1379894187657216,green
204.41471571906354,7392.217850158093,0.007739693643552581,64382.567987334274,205404241.09222072,89636541.23815703,102668039.08989665,111575491.75026019,103918489.43513772,61493223.37195659,21825362.166957907,0.0053773847394988075,2.011728660121244,0.13298542754768375,green
204.54849498327758,7462.9732695669745,0.007829366966795098,63727.24619325732,203785112.92901534,86693338.98485681,102301506.40237007,107629149.12860574,103556798.5035812,60328341.350316234,21730677.777842317,0.0053586291100290425,1.9410165011657534,0.12822421431543612,green
204.68227424749165,7535.335952778749,0.007921362486513067,63154.45682417026,202353951.3590726,83913883.07524061,101935125.25818971,103882902.77101752,103193997.34954968,59241945.99928765,21634784.374597818,0.005339804244855486,1.8738222772462556,0.12369987053105752,green
204.8160535117057,7609.299501427413,0.00801567272509618,62659.24208081855,201098678.0438994,81290753.77547531,101569133.84822804,100330037.9434881,102830409.99696042,58230389.23345012,21537800.72092055,0.00532092749813667,1.8100398610804302,0.11940506520161895,green
204.94983277591973,7684.8576930824565,0.008112290304071857,62236.78388828178,200007536.3794015,78816668.68010695,101203764.19090818,96963922.54388358,102466352.14842361,57290092.27058885,21439843.181315992,0.005302015657620859,1.7495640365772,0.11533253884453494,green
205.08361204013377,7762.0041378166125,0.008211207119293998,61882.86565023259,199070141.13789177,76484726.27326237,100839219.5158664,93777666.31858997,102102101.22114514,56417647.62367979,21341019.23085072,0.005283084501881311,1.692281271362512,0.11147453470137894,green
205.2173913043478,7840.730993794974,0.008312412786605442,61593.87162574938,198277402.93961346,74287866.36701238,100475674.34031244,90763062.94245802,101737897.76271759,55609589.67188504,21241431.208421763,0.005264146112598074,1.6380497617841339,0.10782146173295917,green
205.35117056856188,7921.032460005652,0.008415899751021964,61365.69963643941,197619342.22270134,72219832.63618858,100113320.6276499,87913969.3985766,101374003.6407467,54862766.36519523,21141179.983745597,0.005245215188656237,1.586769103536543,0.1043664513476244,green
205.48494983277592,8002.900723924044,0.008521657121762439,61195.33628576015,197088297.3993384,70274138.57061172,99752301.6765229,85222181.63503936,101010617.8298061,54173959.5614555,21040357.20713544,0.005226302035988129,1.5382939877264583,0.1010997353084771,green
205.61872909698997,8086.330272357577,0.008629677362004953,61079.09490385288,196675306.70876017,68445002.09626114,99392786.04583846,82681727.51593025,100647971.51828526,53540222.36446544,20939055.16185284,0.00520741985729209,1.4925246803106855,0.09801452703711507,green
205.752508361204,8171.31429973542,0.008739950667030469,61014.08730831927,196373144.30562598,66726665.59624818,99034905.72626829,80285389.90032981,100286248.04098567,52958634.93331584,20837358.073715437,0.005188578707729416,1.4493335101044533,0.09510224841243833,green
205.88628762541805,8257.847500133179,0.008852469345487241,60997.213928164594,196174199.58307028,65113724.87164121,98678799.40517323,78027028.3489553,99925639.6095642,52426449.76572873,20735348.51426063,0.005169788711169666,1.4086146765660381,0.09235575435944172,green
206.02006688963212,8345.924228003265,0.008967224935296662,61025.719078288086,196071674.47565082,63601051.93787666,98324587.92187676,75900336.49953915,99566314.61348222,51941023.6808245,20633103.58062258,0.005151059140223588,1.3702569719505548,0.08976757439109727,green
206.15384615384616,8435.539675639178,0.009084210108613724,61096.93308923533,196058985.39166027,62183639.660997145,97972385.83453113,73899220.89774679,99208433.88355735,51499803.776526004,20530697.181923404,0.0051323988662709905,1.3341533222979993,0.08733050688222038,green
206.2876254180602,8526.68912229103,0.009203417398874213,61208.37445936638,196130040.1317956,60856859.28498126,97622296.90763672,72017880.89638674,98852143.48012088,51100384.44823857,20428198.616332456,0.005113815844282145,1.3002007905973199,0.08503765015879258,green
206.42140468227424,8619.36820816859,0.009324839675575713,61357.72358549489,196279155.299228,59616338.46229809,97274415.2526729,70250722.69769798,98497576.76640525,50740478.09016542,20325673.084102016,0.00509531734112811,1.2682995000404291,0.08288231870028931,green
206.55518394648828,8713.573158746096,0.00944847072498781,61542.638280441206,196500661.82362065,58457764.3094182,96928831.26595746,68592277.83414377,98144863.31171896,50417837.878714554,20223183.652968675,0.005076910375531872,1.2383523326498904,0.08085799858886425,green
206.68896321070235,8809.300417883567,0.009574304307368844,61761.049541749766,196789538.19176826,57377201.97422314,96585622.10000506,67037336.09441398,97794114.5933847,50130382.11820888,20120788.10015454,0.005058601007751002,1.210265443479311,0.07895842125950037,green
206.8227424749164,8906.546801969005,0.009702334563506883,62011.028429987535,197141126.63753128,56370955.51538651,96244855.93885382,65580889.06924244,97445430.39555319,49876139.10511596,20018540.323160205,0.005040394651764314,1.1839480760951842,0.07717753382098536,green
206.95652173913044,9005.309806197858,0.009832556829671065,62290.45743867155,197550440.85751948,55435353.50927221,95906604.70906703,64218261.7330095,97098916.47405446,49653156.496774554,19916493.893660247,0.005022297261955768,1.1593168755212795,0.07550975552369932,green
207.09030100334448,9105.587123276755,0.009964966356919538,62597.547399536335,198013254.86051226,54567085.48251805,95570924.07330675,62944903.82270227,96754656.7597767,49459643.58834115,19814696.46711365,0.005004313464027184,1.1362890752397743,0.07394957234482848,green
207.22408026755852,9207.376845384679,0.010099558848681996,62930.61897117561,198525642.84637338,53763062.29424915,95237861.93114333,61756483.492222525,96412725.14681114,49293912.08519747,19713192.14742396,0.004986447353506706,1.1147854734112495,0.07249171501881263,green
207.35785953177256,9310.67771564587,0.010236331178940957,63287.79052019795,199083290.89522904,53020153.57931801,94907472.65904704,60648992.2636154,96073204.8831434,49154275.268530145,19612025.731932193,0.004968703528240474,1.094734309659008,0.07113138851663767,green
207.49163879598663,9415.488749193544,0.010375280307498272,63667.45051801886,199682540.14091876,52335587.98422098,94579795.46317,59618587.48395975,95736159.10720842,49039201.34328324,19511236.247366916,0.00495108553058356,1.0760654144106019,0.06986392584653645,green
207.62541806020067,9521.809379956952,0.010516403702345717,64068.07276071797,200319977.52329636,51706794.16404875,94254862.92812398,58661652.830915004,95401642.47167614,48947252.82562437,19410859.511933688,0.00493359645255096,1.0587124828847647,0.06868492250867368,green
207.7591973244147,9629.639384009819,0.010659699587909242,64487.98394317655,200991899.14731774,51131094.10141663,93932712.56613399,57774687.877106525,95069716.7602165,48876970.71938916,19310932.257521868,0.0049162396979756185,1.04261249943743,0.06759017492598399,green
207.89297658862876,9738.979014959104,0.01080516661360884,64925.69909641826,201695086.83668348,50606155.820161454,93613370.07383126,56954485.15164965,94740428.25498098,48827045.42442689,19211486.09527613,0.004899017882469084,1.0277068940128906,0.0665757911661912,green
208.0267558528428,9849.828941837148,0.0109528039604484,65379.79960100265,202426524.65165758,50129823.49419687,93296855.46037745,56198056.5595683,94413816.01629776,48796252.63340322,19112549.754414007,0.004881933233514323,1.0139409523171072,0.06563813931156035,green
208.16053511705687,9962.189865690165,0.011102611259905562,65848.74111332468,203182893.10372216,49699652.06641327,92983194.70990197,55502186.45940875,94089927.53972179,48783269.99480043,19014154.38320103,0.004864988438352491,1.0012567365695229,0.06477335325514272,green
208.2943143812709,10076.063205578095,0.011254588769227367,66331.17432252069,203961423.312802,49313716.091798216,92672399.9833488,54864230.99815416,93768792.18987529,48786996.46892284,18916324.41225841,0.004848185193159766,0.9896058920459011,0.06397822409349181,green
208.42809364548495,10191.450760082624,0.011408737274674563,66825.79446692795,204759492.81297746,48970218.72942499,92364479.02420731,54281723.798006006,93450433.81678353,48806397.69672439,18819081.944602832,0.0048315248964098155,0.9789432802393784,0.06324975785220358,green
208.561872909699,10308.354674529244,0.011565058082152238,67331.32676198256,205574586.41225424,48667453.87911781,92059436.06931809,53752337.77298896,93134871.97758019,48840491.02606983,18722447.180756804,0.004815008716015687,0.9692263623264097,0.06258513265818556,green
208.69565217391303,10426.776634411472,0.011723552317068228,67846.3597652313,206403805.86568353,48403255.87289806,91757284.29419963,53273234.242022395,92822138.41446093,48888115.16204615,18626444.67806547,0.0047986385078743555,0.9604040464615051,0.06198093719374231,green
208.8294314381271,10546.719412343042,0.011884222218840716,68369.68471734802,207244858.92883474,48176094.165212266,91458020.91840883,52842340.983605884,92512244.05356577,48948386.169764,18531090.91353869,0.004782414978689479,0.9524384912648468,0.06143466135993705,green
208.96321070234114,10668.186114212773,0.012047070510071851,68900.13017789066,208095577.3822288,47984539.87952674,91161639.3369457,52457729.42709503,92205195.08675103,49020475.25966985,18436400.34460145,0.004766338581246093,0.9452944807665232,0.06094396986155093,green
209.09698996655518,10791.180082965831,0.012212100316030781,69436.5409186638,208953855.51330116,47827197.7198008,90868130.66867256,52117535.15910742,91900995.02422251,49103580.42467388,18342386.182671387,0.00475040962868101,0.9389380682536091,0.060506609489463445,green
209.23076923076923,10915.704190325152,0.012379314656749497,69977.6559104799,209817223.53039026,47702168.01658619,90577496.13233338,51819326.03743128,91599660.6867458,49196709.17469719,18249066.6065804,0.004734629148064528,0.9333256221859638,0.06011966584948348,green
209.36454849498327,11041.762310975828,0.012548717528027243,70522.3716676525,210683742.83487397,47608156.058937855,90289721.56288669,51561404.220709495,91301189.16851848,49299128.3566509,18156451.976313863,0.004718997107284902,0.928426352169932,0.05978109327162883,green
209.4983277591973,11169.358625041832,0.01272031338994379,71069.61764423636,211551582.41529527,47543947.20427721,90004789.46932639,51342190.10165899,91005573.46897739,49410151.3181623,18064550.88294222,0.004703513254013534,0.9242116505960442,0.05948899092011357,green
209.63210702341138,11298.497505565609,0.012894107084349368,71618.33613367505,212418950.51373076,47508322.20617385,89722680.9797793,51160122.926767595,90712805.01443055,49529103.57406738,17973371.124560688,0.004688177251041936,0.9206533732941172,0.05924148601962934,green
209.76588628762542,11429.183109173231,0.013070103668142142,72167.44154858543,213283829.60410124,47499649.43722272,89443385.83661786,51013152.95531842,90422886.03507613,49655162.96959909,17882924.709198963,0.00467298933596713,0.9177149284555268,0.05903613117092286,green
209.89966555183946,11561.420305596308,0.01324830885677373,72715.92865052457,214144570.2126879,47516762.35079225,89166881.11942571,50899823.49952694,90135803.017526,49787705.64519977,17793217.20075096,0.0046579489045756916,0.9153702198549527,0.05887118640620527,green
210.0334448160535,11695.214251450989,0.013428728820885121,73262.82292254161,214999618.6289303,47558557.131572224,88893141.00132401,50818774.768147476,89851538.8778294,49926147.39854853,17704252.604269613,0.004643055160415834,0.9135949606655877,0.05874503131817922,green
210.16722408026754,11830.570305722884,0.013611370145981745,73807.1707285866,215847462.91339517,47623912.913989015,88622138.68354644,50768645.4839773,89570075.37525305,50069912.22835133,17616034.33466851,0.004628307243600587,0.912364951081776,0.058656048491524664,green
210.30100334448161,11967.493950235408,0.013796240013121122,74348.06237518534,216686511.39627245,47711434.44083833,88353853.8010035,50747708.60182496,89291401.75939631,50218330.402744204,17528568.839886326,0.00461370469639487,0.911649529926671,0.05860218193659349,green
210.43478260869566,12105.991043304653,0.013983345959374885,74884.60834161346,217515371.30817202,47819992.09526319,88088257.40535541,50754614.663063526,89015497.01119313,50370852.15322582,17441858.221676473,0.0045992465087011675,0.9114248704068401,0.0585818342568962,green
210.5685618729097,12246.067749612477,0.014172695944052858,75415.94585144197,218332771.74822006,47948572.60034722,87825316.11667971,50788186.28347272,88742334.75266874,50526988.59558008,17355902.275706865,0.00458493138195014,0.9116703042899972,0.05859361861291863,green
210.70234113712374,12387.730459457305,0.014364298424958219,75941.2464394887,219137474.9839663,48096107.10385225,87564996.90400119,50847181.5117097,88471888.90038788,50686243.70196295,17270700.840677995,0.004570758032963356,0.9123640892979814,0.05863607311536138,green
210.83612040133778,12530.985993266782,0.014558162789747843,76459.76086891293,219928254.64059132,48261381.076362096,87307271.41435407,50930126.20857239,88204138.36434105,50848072.167486735,17186255.73088466,0.004556725444014356,0.9134802301449265,0.05870744896280712,green
210.96989966555185,12675.841331325308,0.01475429856172968,76970.73677118657,220704012.98392838,48443341.99970094,87052104.3523255,51035810.840888515,87939054.01250605,51012012.05305556,17102565.353206996,0.004542832166391027,0.9149976682171199,0.058806326092660906,green
211.1036789297659,12822.303728449844,0.01495271574886155,77473.45482473639,221463726.41344777,48640958.69998835,86799458.7269739,51163064.92994472,87676604.56781465,51177624.377848305,17019627.142830532,0.0045290766355195215,0.9168961148770518,0.05893133396009887,green
211.23745819397993,12970.380747022458,0.01515342495028959,77967.23979284886,222206427.3900025,48853175.771893635,86549297.52136423,51310684.701375455,87416758.48976603,51344473.655639976,16937438.340700556,0.004515457271547194,0.9191547175066219,0.059081062109440446,green
211.37123745819397,13120.080444066441,0.015356437599880457,78451.46689858373,222931231.8544807,49078967.92455546,86301582.99876517,51477500.426309444,87159483.04618135,51512146.890378,16855995.54768771,0.004501972428023062,0.9217532213193427,0.05925413965623699,green
211.50501672240802,13271.411519636196,0.015561766190367298,78925.57181215564,223637349.86868188,49317356.14307507,86056277.02942652,51662388.58875671,86904744.5773258,51680257.49072902,16775294.78991421,0.004488620404814487,0.9246721369682709,0.05944924765290218,green
211.63879598662209,13424.38242380825,0.015769422979629466,79388.99596766612,224323999.6437276,49567264.10982754,85813340.56803636,51864131.3275122,86652508.57913303,51848402.834401675,16695331.818314673,0.0044753994600623985,0.9278905125341131,0.05966496261868857,green
211.77257525083613,13579.0021844724,0.015979421205083666,79841.23874115784,224990481.21022415,49827638.57931548,85572734.53458863,52081528.24056367,86402740.08534358,52016198.42125034,16616102.021149334,0.004462307823725231,0.9313876640185221,0.05989987905249962,green
211.90635451505017,13735.280182266635,0.0161917747635095,80281.84424652152,225636152.41304252,50097408.25540119,85334419.83658653,52313353.78375143,86155403.86675546,52183265.16621616,16537600.573328895,0.004449343710150823,0.9351424838612852,0.06015256125254126,green
212.0401337792642,13893.226668055546,0.016406498589642177,80710.37757336066,226260565.14458326,50375857.62218324,85098350.73607439,52558841.7263558,85910456.29886845,52349360.294231206,16459818.732385626,0.004436504878248279,0.9391419967899401,0.06042212363364514,green
212.17391304347825,14052.851786982195,0.01662360797779097,81126.47374253781,226863196.31115502,50661892.70694482,84864488.19796056,52816729.68646595,85667861.67253271,52514118.98388434,16382751.233368615,0.004423789513156884,0.9433644679909823,0.06070708538300199,green
212.30769230769232,14214.16621491527,0.01684311904463218,81529.80815123311,227443616.35044405,50954503.181483395,84632791.66530785,53085858.29290158,85427582.11442451,52677216.27069801,16306391.700656919,0.004411195681145413,0.9477899861620066,0.061006088246431084,green
212.44147157190636,14377.181085458224,0.017065048689896608,81920.10156184234,228001465.23082352,51252698.08636415,84403220.32654528,53365086.32680031,85189579.11893745,52838344.040325485,16230733.332210528,0.004398721412275977,0.952398957887499,0.06131779455560864,green
212.5752508361204,14541.90806435061,0.017289414570871346,82297.09627680143,228536476.34038138,51555618.497154824,84175730.93245327,53653444.632876195,84953810.9900463,52997248.94800524,16155767.749684293,0.004386364562816411,0.9571748491975477,0.06164107273847119,green
212.70903010033445,14708.35933123751,0.017516235130011912,82660.56519549227,229048464.8899629,51862492.844468646,83950278.79078363,53950073.97542933,84720233.9990854,53153716.67878376,16081485.505634157,0.004374122877406048,0.9621030728434828,0.06197492215397163,green
212.8428093645485,14876.547393556033,0.017745529666891226,83010.3680528812,229537256.53020766,52172345.83503723,83726823.67192252,54253826.77301452,84488809.31470764,53307471.870583005,16007879.170188664,0.004361994361716351,0.967163885891116,0.06231799270442058,green
212.97658862876256,15046.485315707976,0.017977318300474082,83346.39094633666,230002763.85916093,52484316.88139494,83505323.56627612,54563700.28484763,84259495.6543997,53458286.6591725,15934940.036986392,0.004349976887051135,0.9723401037842049,0.06266910683250196,green
213.1103678929766,15218.186670634968,0.018211622009104384,83668.56353968455,230444962.11578354,52797567.88249705,83285736.62816629,54878710.035425104,84032251.56401353,53605948.529931284,15862659.131885536,0.004338068312884224,0.9776148405168186,0.06302710675441404,green
213.24414715719064,15391.66572075457,0.018448462823341005,83976.79538609253,230863851.65838113,53111371.299108185,83068019.61132534,55198029.493777655,83807033.86586875,53750283.25053919,15791026.519943027,0.004326266404801116,0.9829740450665214,0.06339102636205267,green
213.37792642140468,15566.937074408012,0.01868786347787472,84271.1119317908,231259535.76289245,53424926.141555294,82852131.45651734,55520693.93650096,83583801.23229301,53891105.78111578,15720032.86956239,0.004314569023362223,0.9884011073022331,0.06375972600708536,green
213.51170568561872,15744.015966101766,0.018929847706780474,84551.55303182206,231632161.26690778,53737497.56159569,82638030.75154044,55845822.64350267,83362511.66328502,54028256.84350458,15649668.332105462,0.004302973990748828,0.9938808959657857,0.06413216609990609,green
213.64548494983276,15922.91820271097,0.0191744401942671,84818.1986392885,231981932.6590415,54048383.156068414,82425676.47253542,56172563.52944214,83143123.22848633,54161593.62055807,15579922.859058399,0.004291479129954616,0.9993987458301008,0.06450733862674903,green
213.77926421404683,16103.660182909796,0.019421666639436543,85071.13698402802,232309062.3418588,54356887.432469174,82215028.48445144,56500071.861667916,82925594.86564791,54290976.51616502,15510786.576898595,0.00428008230864224,1.0049401200219301,0.06488424425526922,green
213.91304347826087,16286.258906567455,0.019671553735992883,85310.49408342308,232613815.73119184,54662348.9572893,82006047.21141773,56827532.57885664,82709885.77862884,54416281.699439704,15442249.481513567,0.00426878140571527,1.0104909592012752,0.06526191622935826,green
214.04682274247492,16470.731984833128,0.01992412915779057,85536.45904242719,232896549.8444252,54964163.88739799,81798693.36410561,57154179.616228126,82495954.93154463,54537411.87868901,15374301.179336272,0.004257574283196128,1.0160379835843816,0.06563944105162617,green
214.18060200668896,16657.097661486034,0.02017942163986481,85749.2404985936,233157645.41996792,55261750.35670838,81592928.59900232,57479266.28209247,82283762.11516188,54654278.128588885,15306931.392390743,0.004246458844868241,1.0215682238617207,0.06601592663758296,green
214.314381270903,16845.374702549212,0.020437460773841294,85949.06446320066,233397509.83701193,55554552.76120391,81388715.17024396,57802073.62592223,82073267.5534057,54766802.474442825,15240129.804513097,0.004235433015345201,1.0270691802316225,0.06639051280462163,green
214.44816053511707,17035.581701786046,0.020698275832763388,86136.08376698458,233616475.87835538,55841990.903988436,81186014.63587518,58121896.98480242,81864431.06315234,54874899.3809305,15173885.932392035,0.004224494699233513,1.0325287795618243,0.06676236583968044,green
214.5819397993311,17227.73925485275,0.02096189943946324,86310.65092125587,233815103.32035643,56123619.60780351,80984792.12343961,58438090.22830629,81657214.97468427,54978531.42975824,15108189.640658036,0.00421364192461319,1.037935547393878,0.06713069831551077,green
214.71571906354515,17421.868071023153,0.0212283643757809,86473.07633077762,233993910.0619701,56398990.275465146,80785012.7227616,58750028.29413557,81451581.72650851,55077659.9351979,15043030.74490735,0.004202872725497877,1.0432784756992965,0.067494753151303,green
214.8494983277592,17617.989531973963,0.021497704523490157,86623.69651225208,234153446.87894592,56667691.98616547,80586642.62102501,59057118.94246847,81247494.66814727,55172258.84526696,14978399.164121283,0.004192185181524328,1.0485470739039202,0.06785380921122632,green
214.98327759197323,17816.125704266386,0.021769954882825245,86762.8731043847,234294295.46407366,56929352.51058338,80389649.17913926,59358803.52228361,81044918.146752,55262314.51445669,14914284.950433591,0.004181577422540594,1.0537313789978502,0.06820718209465236,green
215.11705685618728,18016.299351827744,0.022045151591007558,86890.99187794833,234417066.46742907,57183639.32599518,80194001.00810541,59654557.73768385,80843817.59371772,55347825.47646007,14850678.318897858,0.00417104763319422,1.0588219656453792,0.06855422492637862,green
215.25083612040135,18218.533217833487,0.02232333066694066,87008.40004469124,234522346.7411802,57430224.92431599,79999665.65811704,59943906.0501403,80644157.40491724,55428798.104674235,14787569.000064366,0.004160593943316254,1.0638104303804916,0.06889435754430966,green
215.3846153846154,18422.84904677349,0.022604526302905475,87115.32162408992,234610628.52052727,57668739.42199874,79806606.45870225,60226440.92994018,80445898.03630283,55505240.810313754,14724945.351734618,0.0041502142776919946,1.0686900443965959,0.06922710578583761,green
215.51839464882943,18629.272729105756,0.022888779831248818,87212.2898795328,234682664.28174108,57899022.40312759,79614799.36467955,60501727.83558614,80249011.58946347,55577192.70189112,14662799.14572304,0.004139907162888166,1.0734524333936033,0.06955190279720225,green
215.65217391304347,18837.829320631758,0.02317613103721544,87299.7246467553,234739117.63326097,58120879.90319872,79424216.7173374,60769399.17151895,80053466.81926881,55644695.253932856,14601120.96952968,0.0041296709513402845,1.0780908277110193,0.06986828389927117,green
215.7859531772575,19048.544545211516,0.023466620775760682,87378.05719824228,234780664.96544915,58334158.25738149,79234832.19020149,61029127.24070455,79859233.72092564,55707800.467580296,14539901.637400387,0.004119504058887724,1.0825991054264064,0.0701758294543228,green
215.91973244147158,19261.444801519312,0.023760290980093732,87447.72876972143,234807993.09273708,58538744.835782,79046620.84669094,61280625.117826745,79666283.59930001,55766570.61108882,14479132.214786828,0.00410940496846685,1.08697180618087,0.07047416587882928,green
216.05351170568562,19476.557169799366,0.024057184670220985,87509.1890866568,234821796.89577213,58734568.77870665,78859559.19777474,61523647.52247992,79474589.13823934,55821077.96032717,14418804.042806532,0.0040993722338041536,1.0912041450045407,0.07076296665623956,green
216.18729096989966,19693.908049338213,0.024357343681376542,87562.82719086435,234822731.6376177,58921472.98371777,78673619.67831202,61757939.77745067,79284119.13491505,55871388.84926084,14358907.258874025,0.004089404206782484,1.0952916306703189,0.0710419165419814,green
216.3210702341137,19913.52352025796,0.024660809263769477,87608.98752071308,234811422.35833487,59099248.22365167,78488772.15187198,61983252.14277928,79094839.95243624,55917567.47867067,14299431.211084342,0.004079499112782197,1.0992301820600945,0.07131072212002862,green
216.45484949832775,20135.43367274298,0.024967629288849658,87648.18214851429,234788604.5993454,59268040.30646836,78305001.58715193,62199504.57081586,78906732.43031366,55959725.18594901,14240369.229869554,0.004069655926666449,1.1030173903915947,0.0715692290082691,green
216.58862876254182,20359.667600187022,0.02527784990925523,87680.84142500957,234754956.08536065,59427879.40103879,78122287.67973594,62406597.49380785,78719772.41984092,55997962.73686019,14181713.14621364,0.004059873364707813,1.1066510850305022,0.07181728810019486,green
216.72240802675586,20586.254997417735,0.02559151821744915,87707.39119100526,234711147.04725054,59578830.41183471,77940611.39671454,62604473.035932556,78533937.054072,56032388.30198274,14123455.063958952,0.004050150209446294,1.1101298069585632,0.07205479935804904,green
216.8561872909699,20815.226160394777,0.02590868224251029,87728.25095492363,234657837.63056877,59720993.05059148,77759955.00557344,62793115.61890735,78349204.78964548,56063117.11633838,14065587.37651512,0.004040485311958199,1.1134528205607115,0.07228171263589234,green
216.98996655518394,21046.611985907828,0.0262293909469244,87743.83207035414,234595675.30407786,59854501.90797096,77580302.10308251,62972552.56759978,78165555.44860896,56090271.139021024,14008102.78356799,0.004030877594125018,1.1166201254121912,0.07249802850266941,green
217.12374581939798,21280.442355129315,0.026553691736450873,87754.56506306984,234525342.59664276,59979301.591572724,77401630.55798696,63142623.58155411,77982963.14360441,56113941.855695024,13950992.528657299,0.004021325681772084,1.1196287949312889,0.07270353885330663,green
217.25752508361205,21516.747904996926,0.026881633183181625,87760.8658537457,234447499.33374542,60095393.379042044,77223920.30807498,63303234.71921318,77801404.12124228,56134230.34251446,13894248.36624184,0.0040118283115930615,1.1224770148062226,0.07289811298675389,green
217.3913043478261,21755.561888347143,0.027213267885170086,87763.10037992685,234362722.11020523,60203094.2234642,77047161.54638575,63454625.07492483,77620864.99628767,56151289.35406073,13837864.626466036,0.004002384758345307,1.125168323133101,0.07308199797363031,green
217.52508361204013,21996.916915972786,0.027548647450365286,87761.64152973058,234271603.1448596,60302583.42955622,76871340.46655339,63596901.49096075,77441328.4485797,56165248.69059231,13781834.645700052,0.0039929940930683635,1.1277042183197872,0.07325529497383187,green
217.65886287625418,22240.846098813934,0.02788782425147083,87756.84671292294,234174712.11072713,60394061.73646431,76696444.30110338,63730202.55749924,77262778.29578303,56176240.91288662,13726152.040960403,0.003983655446300078,1.1300867675021296,0.07341814400984296,green
217.79264214046822,22487.383041558198,0.028230851413352635,87749.05614845343,234072593.73342547,60477750.54073398,76522461.3236045,63854698.34614801,77085199.50836046,56184400.86280408,13670810.719906041,0.003974368008952721,1.1323186044720537,0.07357072380800221,green
217.9264214046823,22736.561836240875,0.028577782800446535,87738.59115198934,233965765.38958973,60553891.1192803,76349380.85082084,63970590.14346689,76908578.22454563,56189865.183852196,13615804.89083449,0.003965131033189112,1.134402927605656,0.07371325163976834,green
218.06020066889633,22988.415578159904,0.028928670761347922,87725.93110473508,233854936.22964585,60622530.830878176,76177187.09989291,64077790.657095574,76732894.77418701,56192743.12892227,13561127.324940281,0.003955943466457905,1.1363377552821492,0.07384559068007429,green
218.19397993311037,23242.978737037804,0.029283569724862207,87711.42424687652,233740648.3486204,60683865.085809246,76005869.0776071,64176437.86152854,76558134.94228621,56193162.27913436,13506772.178380908,0.003946804542608201,1.1381251633775016,0.0739678813445986,green
218.3277591973244,23500.287034949808,0.029642536011846413,87695.29995215357,233623291.7253208,60738219.89366892,75835420.10152383,64266869.719270855,76384289.43671018,56191265.816782646,13452734.86546133,0.003937713754049643,1.1397708336731844,0.0740805104077607,green
218.46153846153845,23760.37595291912,0.030005625565653463,87677.8468236051,233503324.74224114,60785836.72135088,75665831.61840299,64349302.37173748,76211346.86794302,56187183.15198302,13399010.30986962,0.003928670483474074,1.1412782730576654,0.07418371588572326,green
218.59531772575252,24023.2813562713,0.030372894898410923,87659.33458957355,233381177.07577196,60826962.78899532,75497095.83351256,64423966.48018049,76039296.75297259,56181041.71881947,13345593.701882562,0.003919674161566954,1.1426512665468733,0.0742777546757018,green
218.72909698996656,24289.039483898796,0.030744401071848,87640.01291550315,233257247.9445867,60861849.66793884,75329205.69475098,64491106.021695495,75868129.50975077,56172966.41166265,13292480.503233807,0.003910724266807148,1.1438938583633556,0.07436290124565761,green
218.8628762541806,24557.686937525563,0.031120201678122707,87620.11021573801,233131904.35802805,60890751.878664404,75162154.87676926,64550977.085228264,75697836.45165356,56163079.0214885,13239666.451981982,0.0039018203252667106,1.1450103330154404,0.07443944632399055,green
218.99665551839465,24829.26158910326,0.031500356595954467,87600.09405671265,233005832.47983208,60913920.01051194,74995933.7729688,64603701.007162124,75528404.03037739,56151526.451608166,13187145.739018813,0.0038929616009136365,1.146002129995967,0.07450749245814119,green
219.1304347826087,25103.800774405685,0.03188492449933122,87580.15835164611,232879345.2580473,60931610.03389864,74830537.28736974,64649548.04811176,75359825.07923451,56138423.86758142,13134914.588820405,0.0038841477007219858,1.146873822049126,0.07456734998547662,green
219.26421404682273,25381.34211823154,0.032273964454712235,87560.46034542179,232752702.17699766,60944076.910455175,74665961.1839936,64688803.5683928,75192093.57094355,56123880.336542316,13082969.599634701,0.0038753782926815826,1.1476303043791742,0.07461935077669188,green
219.3979933110368,25661.923819918207,0.0326675364746847,87541.20383282941,232626221.44370624,60951571.423338346,74502200.7828657,64721719.82447742,75025202.75626,56108007.54963281,13031307.158401407,0.00386665300573387,1.1482757863152853,0.07466378138216502,green
219.53177257525084,25945.584423915476,0.033065701075928655,87522.57566161845,232500194.1273469,60954340.080048904,74339251.89502618,64748549.460018136,74859146.52840786,56090912.40332135,12979923.881119244,0.0038579715032911375,1.1488145027752745,0.07470093010567047,green
219.66555183946488,26232.362811228177,0.03346851926425557,87504.74516484709,232374883.24529582,60952623.69738588,74177110.79718187,64769543.95631657,74693919.40389587,56072696.503992386,12928816.613376796,0.0038493334823021114,1.1492506880706483,0.0747310852122014,green
219.79933110367892,26522.298190858695,0.03387605251964674,87487.8635932312,232250522.84918323,60946655.98640095,74015774.20635849,64784952.08279225,74529516.50333367,56053455.67253591,12877982.430883395,0.003840738672317548,1.1495885497116525,0.07475453313579215,green
219.93311036789297,26815.43109745257,0.0342883645288878,87472.35699777881,232127762.55037668,60936851.92718944,73855237.2868348,64795168.596233524,74365929.07334323,56033389.64361007,12827416.379735317,0.0038321865843124843,1.149834510087383,0.07477171326048165,green
220.06688963210703,27111.801098163756,0.03470551720270188,87458.2593851725,232006655.2386973,60923375.437253565,73695498.09248531,64800391.55238275,74203154.5912896,56012551.37394129,12777116.608862875,0.0038236770779277035,1.149992031075241,0.07478286062983633,green
220.20066889632108,27411.44839490362,0.03512757345847291,87445.68192770438,231887369.26186848,60906441.78649463,73536554.39135958,64800861.28610863,74041189.60794231,55991022.95494647,12727080.752157323,0.0038152099599267175,1.150065218433255,0.07478825480899196,green
220.33444816053512,27714.41361307294,0.035554596853211856,87434.75327685906,231770097.77292734,60886277.94693114,73378404.03675257,64796828.59261624,73880030.62658677,55968892.91740161,12677306.38435673,0.0038067850336756083,1.150058338716922,0.07478818654910609,green
220.46822742474916,28020.737687739365,0.03598665138576834,87425.5882960194,231655011.216112,60863101.32256859,73221045.14771183,64788537.45946469,73719674.55031389,55946244.20788739,12627791.258037075,0.003798402124388121,1.1499755558278664,0.07478293961509905,green
220.6020066889632,28330.46185643048,0.036423801484214674,87418.2878866568,231542257.01073974,60837118.58907174,73064476.08104862,64776223.71868561,73560118.65685214,55923153.841271535,12578533.30110959,0.0037900610778554005,1.149820907862616,0.0747727892036141,green
220.73578595317724,28643.62765192674,0.03686611199322968,87412.9388145214,231431959.23508567,60808524.533436954,72908695.40334915,64760113.698901646,73401360.57339936,55899692.553191215,12529530.614318116,0.0037817617591757295,1.1495982839613788,0.07475800036097739,green
220.8695652173913,28960.2772509403,0.03731364873997324,87409.6681777482,231324310.1195399,60777579.66674377,72753702.11041825,64740499.929270394,73243397.91946447,55875958.47194225,12480781.000660358,0.0037735040291856084,1.149312705200886,0.07473891448608654,green
221.00334448160535,29280.453896342387,0.037766479219513704,87408.70916746889,231219680.51341912,60744704.11645001,72599495.89785852,64717832.76725103,73086227.88109872,55852117.820948035,12432281.398074768,0.003765287716282512,1.1489718749859321,0.07471605403726467,green
221.1371237458194,29604.199422095095,0.03822466857071561,87410.02198399128,231117982.9247169,60709930.220424436,72446075.41728023,64692184.74098059,72929849.48788756,55828168.66637681,12384031.122774268,0.003757112769782894,1.1485771131085027,0.07468951013230495,green
221.27090301003344,29931.556713537157,0.03868828357452089,87413.67251642937,231019307.75305963,60673447.53070474,72293439.96385758,64663783.431362726,72774261.28596637,55804176.43926879,12336028.62139183,0.003748979104046744,1.1481323740361178,0.07465955169315157,green
221.40468227424748,30262.56894800182,0.039157391418675885,87419.7166815616,230923728.93191358,60635435.16389864,72141588.92538378,64632847.272836685,72619462.01452366,55780201.686979495,12288272.457770722,0.003740886644336209,1.1476414676242683,0.07462643769371555,green
221.53846153846155,30597.27958948334,0.03963205968816057,87428.20053768104,230831304.09578952,60596061.055553906,71990521.75558484,64599584.611132026,72465450.57888529,55756299.904755905,12240761.307997707,0.0037328353254279445,1.1471080428302791,0.07459041604155417,green
221.6722408026756,30935.73238330359,0.04011235635561805,87439.16039844601,230742074.7474473,60555481.21452836,71840237.94743328,64564192.761023365,72312226.02359861,55732521.36731266,12193493.955436215,0.003724825090225458,1.146535571427173,0.07455172245955072,green
221.80602006688963,31277.971350778575,0.04059834977178388,87452.62294673023,230656066.42510048,60513838.97735992,71690737.00646207,64526857.06408509,72159787.50551663,55708910.960408255,12146469.285759535,0.0037168558883714604,1.1459273317175336,0.07451057936759405,green
221.93979933110367,31624.04246895585,0.04109011166227433,87468.6902370692,230573436.46795425,60471448.78213112,71542020.0320999,64487920.599801,72008134.87573442,55685568.32616076,12099685.668667568,0.003708927697138623,1.145289043408196,0.07446738027680369,green
222.0735785953177,31973.99073891786,0.04158771189704951,87487.39238849033,230494217.8580857,60428474.97871064,71394086.89842868,64447586.87969779,71857267.59531541,55662542.95130808,12053142.018030506,0.0037010404813523235,1.144624247209392,0.07442236650250789,green
222.20735785953178,32327.860667203622,0.04209121934926945,87508.71221955988,230418362.02338398,60384984.38402589,71246936.69199558,64405968.20058413,71707184.88425076,55639851.42120754,12006837.609757422,0.0036931941984384075,1.143935054371571,0.07437567963368173,green
222.34113712374582,32685.69777088028,0.04260070458045861,87532.66145171534,230345871.30380687,60341110.92958914,71100569.12646936,64363237.66661421,71557886.24028511,55617531.31334067,11960771.527086256,0.003685388817004683,1.1432245067544409,0.0743275266978993,green
222.47491638795987,33047.54787458468,0.04311623858629251,87559.24567894812,230276738.01237273,60296978.524168275,70954983.85022761,64319557.595972374,71409371.15993392,55595616.05879577,11914942.909532081,0.0036776243062299303,1.1424954629512216,0.07427810224018751,green
222.6086956521739,33413.4571084475,0.04363789279283911,87588.46464576488,230210944.88770965,60252700.664879486,70810180.42277935,64275078.908543706,71261639.11274469,55574134.89044575,11869350.9467346,0.0036699006345193193,1.1417505871278677,0.07422758756334823,green
222.74247491638795,33783.471906017585,0.0441657390528003,87620.3125251489,230148465.54660496,60208380.048279844,70666158.2911874,64229940.513584614,71114689.51555818,55553112.79112589,11823994.872305626,0.0036622177681598263,1.1409923378622944,0.0741761499682803,green
222.87625418060202,34157.63911360171,0.04469984984453378,87654.77942522157,230089267.03508818,60164113.9621854,70522916.88765246,64184275.211572416,70968521.81078552,55532572.29103798,11778873.964643545,0.003654575675176386,1.1402230707895438,0.0741239497777882,green
223.01003344481606,34536.01016170538,0.04524030586424597,87691.89769305114,230033388.88990855,60120210.43682751,70380460.14451878,64138453.096357934,70823139.33699815,55512602.686050974,11733987.801755883,0.003646974518801418,1.1394492904952374,0.07407143113835359,green
223.1438127090301,34918.63038416459,0.045787176586443795,87731.62442610433,229980742.45412278,60076633.79406563,70238784.8578064,64092456.58205824,70678539.33363801,55493182.74415333,11689335.58734885,0.003639414157658644,1.1386707314618272,0.07401857524107391,green
223.27759197324414,35305.548063710135,0.04634053672720929,87773.94152824947,229931281.74356067,60033473.689131334,70097890.5026911,64046408.78233869,70534721.36201192,55474330.82223417,11644916.710434835,0.0036318945667501205,1.1378895886540765,0.07396553162922799,green
223.41137123745818,35696.811865937474,0.04690046157395112,87818.82771224,229884955.60683608,59990811.692691736,69957776.42169769,64000422.99044476,70391684.88588567,55456062.258915685,11600730.57885269,0.003624415716429729,1.1371078873973606,0.07391243832099766,green
223.54515050167225,36092.47084243429,0.047467026991116185,87866.25883505888,229841708.27590218,59948721.171915,69818441.80678096,63954602.371099435,70249429.25060304,55438389.40909398,11556776.613440596,0.0036169775713014813,1.1363274775318846,0.07385942141329621,green
223.6789297658863,36492.5744339081,0.04804030942590148,87916.208233263,229801479.91660735,59907267.17153579,69679885.6814067,63909039.65240058,70107953.66220476,55421321.67847989,11513054.242208913,0.0036095800891178206,1.1355500275669,0.07380659468559664,green
223.81270903010034,36897.1724733138,0.04862038591396571,87968.64705832764,229764207.17925045,59866506.294920765,69542106.88263275,63863816.81771831,69967257.16654763,55404865.55813977,11469562.894513061,0.003602223219677928,1.1347770188349224,0.07375405920376002,green
223.94648829431438,37306.316016385594,0.04920733548278236,88023.53781647407,229729812.40313458,59826540.033969074,69405106.14074862,63819083.88953153,69827340.7478908,55389037.57396497,11426302.359163806,0.0035949070129480784,1.1340110781691857,0.07370199433693465,green
224.08026755852842,37720.05683674563,0.04980123829921202,88080.8388764011,229698211.13346723,59787481.83306704,69268884.77347405,63775010.05957591,69688206.00668079,55373856.39156095,11383272.555145761,0.0035876315508985707,1.1332551502164596,0.07365060123456943,green
224.2140468227425,38138.4453875784,0.050402172226816346,88140.52157119654,229669340.66588712,59749325.09593428,69133439.49273722,63731588.23733498,69549849.90931171,55359310.985807024,11340472.627848057,0.0035803966769186444,1.132509189055174,0.07359987688692865,green
224.34782608695653,38561.53345291703,0.05101021730480711,88202.54878420889,229643124.28343728,59712114.13299796,68998769.10012214,63688887.880590126,69412271.55073154,55345402.010426335,11297902.108041504,0.003573202344286738,1.1317744363762026,0.07354990630211852,green
224.48160535117057,38989.37327135451,0.05162545426825858,88266.88250708692,229619483.86635253,59675887.23373455,68864872.23953472,63646970.623519026,69275469.88085993,55332128.10574281,11255560.519236265,0.0035660484989808424,1.1310519929718967,0.07350076495045664,green
224.6153846153846,39422.017541816065,0.052247964558286814,88333.48415340166,229598340.40634665,59640676.71858847,68731747.38598889,63605890.2214163,69139443.69048244,55319485.97450551,11213447.373018079,0.0035589350789259435,1.1303428171689909,0.07345251866050904,green
224.74916387959865,39859.51942933166,0.052877830332229155,88402.31487226853,229579614.52089953,59606508.99089071,68599392.83439249,63565692.49541413,69004191.59714441,55307470.45771293,11171562.164384468,0.003551862013241462,1.1296477232615094,0.0734052235151271,green
224.8829431438127,40301.93257080841,0.05351513447382352,88473.33586196933,229563226.96754462,59573404.588777505,68467806.68833333,63526415.27720287,68869712.03104514,55296074.610437475,11129904.367080968,0.003544829221488692,1.1289673799436726,0.07335892574748454,green
225.01672240802677,40749.31219271573,0.05415996249793017,88546.47205930058,229549038.8352557,59541439.259044886,68336990.58056404,63488200.35083685,68736007.24084422,55285309.68020448,11088474.262821143,0.0035378368217835214,1.1283046658778675,0.07331382024491835,green
225.1505016722408,41201.71275554246,0.05481239853736303,88621.69023039796,229536980.16356573,59510614.41972743,68206941.73695935,63451055.55465124,68603074.7426617,55275162.91672173,11047271.165744005,0.0035308846864867587,1.1276596623935935,0.07326991361722852,green
225.28428093645485,41659.1893381522,0.055472527701979885,88698.95387647877,229526975.66670218,59480932.868854225,68077657.59197493,63414993.58334794,68470912.28998071,55265622.32349169,11006294.451624535,0.00352397270040905,1.127032574367541,0.07322722073945567,green
225.4180602006689,42121.79775558004,0.056140436279735216,88778.21985759845,229518939.17039186,59452404.9842774,67949136.15339898,63380043.216330536,68339518.2645445,55256678.738801904,10965543.637223016,0.0035171007811013234,1.1264239661359163,0.07318578062752393,green
225.55183946488293,42589.59435374669,0.05681621138724607,88859.44565813043,229512785.5763742,59425037.192676626,67821375.28280361,63346228.0036333,68208890.89920838,55248322.133734405,10925018.217337105,0.0035102688384563425,1.1258343125063923,0.0731456262280458,green
225.68561872909697,43062.63601690272,0.05749994098281996,88942.58964532032,229508431.28598785,59398832.11322967,67694372.68994193,63313566.37903936,68079028.2698781,55240541.717915304,10884717.661391867,0.003503476774270199,1.1252640007351746,0.07310678455283999,green
225.81939799331104,43540.980175072924,0.058191713879482986,89027.61132784013,229505794.62375683,59373788.701282926,67568125.92714484,63282071.773198895,67949928.28744815,55233326.04526441,10844641.41002981,0.0034967244818037936,1.1247133325040701,0.07306927681344935,green
225.95317725752508,44024.68497630455,0.058891619969781775,89114.46042017385,229504777.90907094,59349908.686797716,67442633.05097602,63251764.66697292,67821589.45140876,55226660.70869069,10804789.06357351,0.0034900118854511424,1.1241826711379117,0.07303312719150679,green
226.08695652173913,44513.80979284331,0.059599750879684533,89203.0432252467,229505212.34301782,59327215.767345384,67317894.63589288,63222708.83820291,67694013.14675489,55220521.14948147,10765160.959262727,0.003483339061672566,1.1236728831097051,0.07299838910715835,green
226.22073578595317,45008.41326724463,0.06031619746128515,89293.35611485383,229507076.8381244,59305680.837610036,67193905.82760182,63194869.374125265,67567194.57130088,55214901.45702319,10725755.884367509,0.0034767057612447457,1.1231836115112523,0.07296504257829635,green
226.3545150501672,45508.55520358848,0.06104105222648683,89385.35783470447,229510288.6728323,59285294.08468686,67070663.964462064,63168249.26570846,67441131.43377472,55209786.915305644,10686573.265953258,0.003470111867257985,1.122714938181509,0.07293309306603211,green
226.48829431438128,46014.29600265827,0.06177440862466584,89479.00863362443,229514767.6402712,59266043.273763604,66948166.25489495,63142848.05951344,67315821.30093704,55205162.480819665,10647612.501212088,0.0034635572554107437,1.1222668813508136,0.07290254162208165,green
226.62207357859532,46525.69667007199,0.06251636105658219,89574.27047544635,229520436.3953433,59247913.918031536,66826409.77456241,63118662.0205858,67191261.59269446,55201012.87825606,10608872.954852715,0.0034570417937383117,1.1218393982234047,0.07287338505928304,green
226.75585284280936,47042.818824413676,0.06326700488829055,89671.10725089998,229527220.80180833,59230889.44859629,66705391.46354548,63095684.29534788,67067449.57721305,55197322.69620447,10570353.95649031,0.0034505653423414872,1.121432387559935,0.07284561612211357,green
226.8896321070234,47565.72470536457,0.06402643646505095,89769.48498950235,229535050.27936807,59214951.38438886,66585108.123522714,63073905.07449099,66944382.366031714,55194076.48285228,10532054.798036389,0.0034441277531152546,1.1210456922599896,0.07281922365720704,green
227.02341137123744,48094.47718183455,0.06479475312523968,89869.37207144812,229543858.15075108,59200079.50207641,66465556.41494872,63053311.75586751,66822056.90917565,55191258.84168353,10493974.731088677,0.0034377288694774563,1.1206791019446005,0.07279419278387098,green
227.1571906354515,48629.140480749724,0.06557205451825168,89970.71377163424,229553538.1262648,59186251.435855806,66346733.94687786,63033892.404010974,66700471.33143306,55188851.68090165,10456113.391935105,0.0034313685970264536,1.1203326380725136,0.07277053076498327,green
227.29096989966555,49169.780485617375,0.0663584431439363,90073.42212708092,229563926.9737336,59173442.617600046,66228639.71449242,63015637.2416103,66579625.46797401,55186833.16204364,10418470.971277485,0.003425046931855061,1.120006670387322,0.07274827753508212,green
227.4247491638796,49716.46095278091,0.06715401750529809,90177.51120537103,229575035.65697104,59161629.44655495,66111268.34711191,62998521.466542445,66459513.80266812,55185192.771923706,10381045.961645178,0.0034187635870723794,1.1197004328927986,0.07272737064325625,green
227.55852842809364,50269.24765821716,0.06795887961111619,90282.94990826528,229586797.78422982,59150786.18511603,65994616.380336456,62982524.34700622,66340133.16537974,55183915.07242064,10343837.610534908,0.0034125183998713043,1.1194136490016786,0.07270779301866123,green
227.69230769230768,50828.207083852445,0.06877313259809673,90389.70926313306,229599150.40716085,59140886.17443867,65878680.249114834,62967623.33779839,66221480.26714366,55182985.016765624,10306845.133478452,0.00340631120116054,1.1191460158998163,0.07268952600185984,green
227.82608695652175,51393.406427491056,0.06959688074803548,90497.76257083648,229612034.25852072,59131902.00292738,65763456.28764758,62953794.251426466,66103551.69862286,55182388.038143545,10270067.712498834,0.003400141815470143,1.1188972078332364,0.07267254957942665,green
227.9598662207358,51964.9136127435,0.07043022950498026,90607.08555361426,229625393.9898793,59123805.674725026,65648940.72929014,62941011.42922138,65986343.92856632,55182110.138294324,10233504.494566513,0.003394010060857072,1.1186668793951875,0.07265684261855258,green
228.09364548494983,52542.79729895492,0.07127328549239347,90717.65650296578,229639178.40932733,59116568.7782021,65535129.706456006,62929247.91245026,65869853.30226682,55182137.976114266,10197154.59005556,0.003387915748810734,1.1184546688131924,0.07264238310164961,green
228.22742474916387,53127.12689113341,0.0721261565303145,90829.45642753501,229653340.71918407,59110162.65444595,65422019.25051984,62918475.61342916,65754076.04001872,55182458.95625737,10161017.07119986,0.003381858684158534,1.118260201236101,0.07262914836095523,green
228.36120401337791,53717.972749901804,0.07298895167977812,90942.43205640624,229667776.1804933,59104551.572895825,65309606.66512231,62908668.67715173,65639009.95470218,55183033.35496263,10125091.558461493,0.003375838758717927,1.1180823281403056,0.07261703357010786,green
228.49498327759198,54315.40604917915,0.07386178123923126,91056.52425939559,229682369.9780012,59099698.22240622,65197889.48071577,62899801.2239576,65524653.14173696,55183815.69237346,10089377.771500658,0.003369855879847309,1.1179197120406659,0.07260591419702743,green
228.62876254180603,54919.498323110885,0.07474475669860603,91171.75417432147,229697142.2974373,59095580.0662479,65086862.27542458,62891840.135488376,65410999.99824078,55184819.547180146,10053874.166778658,0.003363909753354479,1.117772597949145,0.0725958354508872,green
228.76254180602007,55530.32211968711,0.07563799084419322,91288.10382082262,229712047.19794333,59092167.00706876,64976521.09465776,62884755.49311962,65298046.75376475,55186027.658921085,10018579.827959608,0.0033580001850854703,1.1176403584361456,0.0725867494615312,green
228.8963210702341,56147.950789278926,0.07654159774563736,91405.55736103942,229727042.10777694,59089429.2952938,64866861.93088795,62878517.21771029,65185789.56596799,55187422.96666089,9983493.813646916,0.003352126977068518,1.11752234240487,0.07257860598983151,green
229.03010033444815,56772.45849491738,0.07745569277314698,91524.1011823951,229742087.95234835,59087337.68535814,64757880.7259617,62873095.24630741,65074224.52208851,55188988.648581736,9948615.156869883,0.003346289927583912,1.1174178770395289,0.0725713525190231,green
229.16387959866222,57403.9202225723,0.07838039261470478,91643.72398037692,229757149.28225663,59085863.59193995,64649573.37340974,62868459.70885083,64963347.64041411,55190708.16157481,9913942.864570335,0.0033404888312338556,1.1173262697535515,0.0725649343460386,green
229.29765886287626,58042.41179143136,0.07931581529327798,91764.4168413174,229772194.40132627,59084979.24619344,64541935.72075722,62864581.10487789,64853154.87175318,55192565.28083164,9879475.917089213,0.003334723479012319,1.1172468101377944,0.07255929467284307,green
229.4314381270903,58688.00986417888,0.08026208018402847,91886.17332517552,229787195.49464357,59084657.85198183,64434963.57183408,62861430.48022815,64743642.10090569,55194544.13943551,9845213.267653199,0.0033289936583748955,1.11717877190875,0.07255437469776883,green
229.56521739130434,59340.79463209316,0.08121931333225788,92008.95567145667,229802066.72426713,59084847.49722107,64328653.59239547,62858954.197073795,64634806.470151454,55196665.46057683,9811154.392505972,0.003323299217217438,1.1171237427699099,0.07255040102848867,green
229.69899665551839,60000.846029166496,0.08218763994770262,92132.74296075344,229816752.39485627,59085508.55741591,64223002.03043503,62857110.16831507,64526644.50448585,55198935.231805414,9777298.508908257,0.0033176399732452186,1.117082322536282,0.07254747800039099,green
229.83277591973246,60668.242007837725,0.08316718098436289,92257.55316574538,229831267.3079752,59086630.870986365,64118004.13272312,62855884.50981876,64419151.25579842,55201321.27469437,9743644.21754645,0.0033120156725996853,1.1170526154945497,0.07254540144768538,green
229.9665551839465,61343.06333782967,0.084158062647284,92383.38258636958,229845585.83756417,59088186.910928585,64013655.76425657,62855246.23315449,64312322.67106844,55203818.077806346,9710190.487803638,0.0033064261043401835,1.1170343998675512,0.07254417316856707,green
230.10033444816054,62025.39175628059,0.08516041272347948,92510.22949157131,229859685.19708648,59090150.19251862,63909952.78238029,62855165.09085068,64206154.67446572,55206421.666865736,9676936.274311673,0.003300871056069758,1.1170275108629617,0.07254380120460226,green
230.23411371237458,62715.309981595594,0.08617436060622097,92638.0941568381,229873545.48471275,59092495.39449193,63806891.04030411,62855611.71916533,64100643.17058735,55209129.69269012,9643880.51717325,0.0032953503140903673,1.117031845730737,0.0725443003158189,green
230.36789297658862,63412.90172729827,0.08720003731932854,92766.978901734,229887149.72850484,59095198.48022279,63704466.390619464,62856557.78085674,63995784.04769418,55211941.519121625,9611022.142183961,0.0032898636635580974,1.1170473688205595,0.07254569245579766,green
230.50167224080266,64118.251715882034,0.08823757554146054,92896.88812743376,229900483.9316,59098236.81890376,63602674.68881621,62857976.107954256,63891573.18094746,55214858.31095841,9578360.061054384,0.003284410888638377,1.1170741166392821,0.07254800724676252,green
230.63545150501673,64831.44569266182,0.08928710963040391,93027.828354257,229913537.11739495,59101589.306725144,63501511.796799384,62859840.84452899,63788006.43564549,55217883.121886045,9545893.171632139,0.003278991772661191,1.117112202908374,0.07255128245467182,green
230.76923076923077,65552.56673395075,0.09034876805215333,93159.78782665392,229926276.2750149,59105228.90100084,63400973.408149965,62862122.801398225,63685079.48987674,55220900.7181519,9513620.412332702,0.003273606124044907,1.117155195139246,0.0725546151784816,green
230.90301003344482,66281.69367373055,0.0914226701159067,93292.72745154753,229938635.18335086,59109118.496817455,63301054.98497724,62864786.865682065,63582787.78341141,55223630.43309115,9481540.79561983,0.003268253784403526,1.1171875898833814,0.07255582378341613,green
231.03678929765886,67018.92003531696,0.09250896424315952,93426.6800584342,229950635.70925778,59113235.38760338,63201752.81457066,62867806.763643235,63481127.77936576,55226302.12145679,9449653.27783034,0.0032629344524922215,1.1172231379359836,0.07255728163610448,green
231.1705685618729,67764.33610457015,0.09360779198541784,93561.65630185716,229962272.26324174,59117553.744618066,63103062.930604585,62871153.908371724,63380095.598975904,55228981.34582031,9417956.816154921,0.003257647901294831,1.1172658014834578,0.0725596753062456,green
231.30434782608694,68518.03435505203,0.09471929907752649,93697.67213586335,229973544.8423027,59122053.142591305,63004981.38525355,62874802.0190097,63279687.32095819,55231747.99416783,9386450.31002415,0.0032523939498373014,1.1173195406963765,0.07256336142594104,green
231.438127090301,69280.10596085477,0.09584362823930474,93834.72985650692,229984435.6320351,59126712.354633465,62907504.094805494,62878724.839714445,63179898.82794316,55234566.13748945,9355132.656494772,0.0032471724045005333,1.1173818049433797,0.0725678208713738,green
231.57190635451505,70050.64367687172,0.09698092498064892,93972.83643563327,229994932.9250491,59131511.735164575,62810626.99646762,62882897.167617545,63080726.016244374,55237419.70210929,9324002.738162033,0.003241983067115828,1.1174512068117808,0.07257273630426957,green
231.7056856187291,70829.74038865924,0.09813133452597834,94111.99626749055,230005022.84023324,59136430.97164467,62714345.95842764,62887294.33672463,62982164.69882032,55240254.699810736,9293059.441479549,0.0032368257118358832,1.1175247045964354,0.07257778203310408,green
231.83946488294313,71617.492075318,0.09929500754128817,94252.22707532367,230014710.29497722,59141450.44863506,62618656.993548214,62891892.881184526,62884210.89035852,55243120.24590725,9262301.667736925,0.003231700122916645,1.1176052983764677,0.07258350406033151,green
231.97324414715717,72413.99162146311,0.10047208886321463,94393.52643685177,230023972.16183737,59146551.35219523,62523555.869143784,62896669.03562323,62786860.23619413,55245887.18626924,9231728.276921209,0.003226606077510585,1.1176855126261622,0.07258890994025119,green
232.10702341137124,73219.33695998574,0.10166273218914032,94535.91151142603,230032812.3949108,59151716.17082385,62429038.56920435,62901601.06743087,62690108.67641394,55248573.89502714,9201338.15192772,0.003221543363316756,1.1177664384330352,0.0725942193428834,green
232.2408026755853,74033.62715018402,0.10286709317478615,94679.4032757416,230041240.18171987,59156927.817990445,62335101.1193051,62906667.75747495,62593952.20476193,55251225.96440795,9171130.178695748,0.003216511771048253,1.117850724471663,0.07259986228741058,green
232.37458193979933,74856.9566413573,0.10408531946106317,94824.00708340906,230049243.291166,59162167.46790388,62241739.37482741,62911845.7851355,62498386.59538157,55253777.59226984,9141103.230706664,0.003211511079082722,1.1179346447450131,0.07260540790577079,green
232.50836120401337,75689.43166366087,0.10531757826485721,94969.74933774017,230056837.87655377,59167423.49280881,62148949.542219914,62917119.11790228,62403407.98557661,55256289.302728586,9111256.190164512,0.003206541089129704,1.1180212786655201,0.07261119458345079,green
232.6421404682274,76531.1488099213,0.10656402092049726,95116.64196373055,230064020.69849202,59172677.97670422,62056727.552920856,62922465.482695185,62309012.24432896,55258741.2760785,9081587.935494738,0.0032016015850017837,1.1181095160774617,0.07261713921722454,green
232.77591973244148,77382.20983872999,0.1078248071492695,95264.70183772716,230070794.88359785,59177916.615844086,61965069.475877345,62927866.20767599,62215195.36156126,55261132.79116799,9052097.346701778,0.0031966923577065546,1.118199162569952,0.07262322738541332,green
232.90969899665552,78242.72262043337,0.10910010649243576,95413.9494072172,230077167.8105635,59183129.576960914,61873971.53466669,62933307.09029321,62121953.45165497,55263466.21200005,9022783.305294855,0.003191813204812035,1.1182900245163188,0.07262939791824452,green
233.04347826086956,79112.78634387015,0.11039007455734776,95564.40038006505,230083141.29579392,59188300.64799988,61783429.734393865,62938767.549176954,62029282.4549156,55265742.36155974,8993644.690698631,0.0031869639148517084,1.1183820648410387,0.07263567469116194,green
233.1772575250836,79992.53305718658,0.11169491955897795,95716.08467485593,230088732.6153286,59193435.048989676,61693440.88178105,62944250.1684668,61937178.98137001,55267943.29659432,8964680.434757363,0.0031821443091432774,1.1184741143369703,0.07264194149626195,green
233.31103678929765,80882.06093187105,0.11301479548893259,95869.01792774379,230093943.65937966,59198516.172124416,61604000.959612876,62949733.74618087,61845638.94951722,55270072.85065762,8935889.41087473,0.0031773541753445877,1.1185662242735765,0.07264820858927028,green
233.44481605351172,81781.46694425891,0.11434985442584208,96023.21527100488,230098775.7753541,59203526.63952216,61515105.92160584,62955196.24117375,61754658.25345944,55272135.62557931,8907270.490392663,0.003172593299925983,1.1186584889781808,0.07265449068749201,green
233.57859531772576,82690.85582036557,0.11570026085256355,96178.69510418797,230103233.83034608,59208454.06667229,61426751.90996173,62960621.0536523,61664232.94549393,55274131.241490975,8878822.558022046,0.003167861477057888,1.1187507235798697,0.07266077357820433,green
233.7123745819398,83610.33228620634,0.11706617925195392,96335.47582684178,230107322.6914499,59213286.0690642,61338935.06688236,62965991.58382337,61574359.07791795,55276059.318524174,8850544.498473769,0.0031631585009107292,1.1188427432077306,0.07266704304868439,green
233.84615384615384,84540.00106779653,0.11844777410687016,96493.57583851505,230111047.22575977,59218010.26218727,61251651.5345695,62971291.23189381,61485032.703028776,55277919.476810485,8822435.196458718,0.0031584841656549334,1.1189343629908506,0.0726732848862094,green
233.97993311036788,85480.01959988153,0.11984529421906695,96653.03437510808,230114434.66527236,59222645.11942185,61164898.763634466,62976538.05515399,61396251.02848392,55279701.53285997,8794493.673202174,0.003153838323036191,1.1190249381547863,0.072679456453824,green
234.11371237458195,86430.50473278483,0.12125892346682775,96813.87462904443,230117495.021561,59227185.35433336,61078673.197245464,62981723.42579483,61308010.372341976,55281402.85172947,8766718.844816694,0.003149220780468659,1.1191141780394684,0.07268553700053072,green
234.247491638796,87391.54174722945,0.12268879522610165,96976.10731293095,230120224.91086546,59231607.1983254,60992970.494906195,62986817.95834014,61220306.36066499,55283026.67030025,8739109.545650315,0.003144631310882111,1.119202067441486,0.07269152279986793,green
234.38127090301003,88363.24122322662,0.12413508334446526,97139.75314046652,230122631.6841958,59235901.6940609,60907786.94413449,62991808.9021205,61133135.17406815,55284571.51988313,8711664.675575634,0.0031400697148414613,1.1192883704116061,0.07269739648222892,green
234.51505016722408,89345.71374078751,0.12559796166949516,97304.83282535007,230124722.69256198,59240059.88420279,60823118.83244819,62996683.50646648,61046492.99316663,55286035.931788936,8684383.134465257,0.003135535792911624,1.1193728510005962,0.07270314067800702,green
234.64882943143812,90339.06987992329,0.1270776040487679,97471.36708128043,230126505.286974,59244072.81141404,60738962.44736513,63001429.02070865,60960375.9985756,55287418.43732846,8657263.822191784,0.003131029345657514,1.119455273259224,0.07270873801759555,green
234.7826086956522,91343.47339047414,0.12857426945906697,97639.39392632058,230128003.60722154,59247958.0701338,60655315.40484266,63006063.50760465,60874781.605358794,55288725.29648429,8630305.826229837,0.0031265502365216747,1.1195358786840177,0.07271421361588364,green
234.91638795986623,92359.07649927356,0.13008819842790795,97808.94762831822,230129238.15461692,59251727.500479735,60572175.03293771,63010598.352002285,60789706.9610493,55289961.094275296,8603508.193396786,0.0031220983153197614,1.1196148052990897,0.07271958338048755,green
235.05016722408027,93385.95393314076,0.13161950739900027,97980.03723238692,230130204.95925087,59255354.24086437,60489536.723381944,63015000.02528836,60705147.41385562,55291119.15045604,8576869.697062448,0.003117673340217385,1.11969149520656,0.07272480129388473,green
235.1839464882943,94424.22400925653,0.13316838260775643,98152.68597032283,230130913.81520382,59258833.19771326,60407396.95700512,63019260.26070317,60621099.324027464,55292199.12099857,8550389.264398908,0.00311327512092929,1.11976578193417,0.07272985616872935,green
235.31772575250835,95474.00504480187,0.13473501028958904,98326.91707392209,230131374.51655617,59262159.27745199,60325752.214637,63023370.79148702,60537559.05181455,55293200.66187491,8524065.822578242,0.0031089034671702206,1.1198374990096625,0.0727347368176756,green
235.45150501672242,96535.41535695754,0.13631957667991057,98502.75377498087,230131596.8573884,59265327.38650612,60244598.97710732,63027323.35088023,60454522.95746659,55294123.4290571,8497898.298772534,0.003104558188654921,1.1199064799607794,0.07273943205337766,green
235.58528428093646,97608.680312077,0.13792243914356794,98680.24124636338,230131605.95623857,59268374.750449136,60163936.34038203,63031160.85679438,60371989.93973468,55294984.84457799,8471886.0910668,0.003100239225572605,1.119973650687741,0.07274400539003725,green
235.7190635451505,98693.82618204394,0.13954363677182235,98859.38385402982,230131398.4305859,59271259.88795646,60083758.53668887,63034831.03177672,60289954.1761603,55295769.288417205,8446027.721722744,0.0030959462754506827,1.120037905451344,0.07274838140883463,green
235.85284280936455,99791.03695954673,0.14118346078933744,99040.21829079378,230130993.47618577,59274003.66858303,60004063.65126415,63038357.01126505,60208413.58438365,55296487.31616452,8420322.406821225,0.0030916792280510095,1.1200997479584185,0.07275259475240962,green
235.9866220735786,100900.43356963409,0.1428421016004785,99222.76832296659,230130401.260444,59276602.02970814,59924848.22864602,63041731.77543001,60127364.58649592,55297139.016598105,8394769.085006425,0.00308743789626687,1.120159038348431,0.07275663605325078,green
236.12040133779266,102022.13834258624,0.14451975185602223,99407.05800487935,230129632.1519299,59279051.464233406,59846108.84770143,63044948.97634199,60046803.63791112,55297724.71171073,8369366.701104185,0.003083222094704285,1.1202156511003916,0.07276049692445183,green
236.25418060200667,103156.27501391487,0.14621660645315654,99593.11167888294,230128696.7203767,59281349.02058269,59767842.121626176,63048002.93797112,59966727.22736609,55298244.95670972,8344114.206122009,0.0030790316396820086,1.1202694750328528,0.07276416995971159,green
236.38795986622074,104303.01283608236,0.14793293292475876,99780.95615228827,230127602.19546562,59283501.89235695,59690045.6294408,63050901.463428296,59887132.83196786,55298702.76472976,8319010.78013169,0.0030748663988021292,1.1203206384010407,0.07276766294695272,green
236.52173913043478,105462.62691495767,0.14966916771856237,99970.62367500702,230126347.6231156,59285540.535161264,59612719.190100215,63053683.35283915,59808020.22351714,55299106.64981749,8294056.137130448,0.0030707263587532356,1.1203698167869907,0.07277101830985344,green
236.65551839464882,106635.1233220301,0.15142531798695094,100162.13343861123,230124953.96085232,59287437.16797934,59535856.94608369,63056309.55974569,59729383.35194427,55299451.71999123,8269248.630850914,0.0030666112040298047,1.1204163200894255,0.07277419231200967,green
236.78929765886286,107820.64068788395,0.15320160241155714,100355.51139521568,230123431.83855072,59289193.077474646,59459455.84374207,63058779.78834011,59651219.04006873,55299739.93104525,8244587.28388658,0.0030625207682233634,1.120460141809995,0.07277718445784376,green
236.9230769230769,109019.31953165002,0.15499824269165277,100550.7838088069,230121792.04844978,59290810.210903,59383512.873961076,63061094.55503822,59573524.15449692,55299973.4963637,8220071.127454631,0.0030584548871812993,1.1205012922561925,0.07277999538811625,green
237.05685618729098,110231.30226100513,0.15681546354414838,100747.97725524302,230120045.5451525,59292291.17611257,59308025.07216126,63063255.188479505,59496295.60562217,55300154.88692063,8195699.201395958,0.0030544133990068603,1.120539798541355,0.07278262687992584,green
237.19063545150502,111456.73317217245,0.15865349270359352,100947.11862225388,230118203.4456258,59293639.24154387,59232989.51829803,63065263.82952711,59419530.347624704,55300286.831279956,8171470.554175144,0.0030503961440591543,1.1205757045846634,0.0727850818467094,green
237.32441471571906,112695.75844992141,0.1605125609221767,101148.23510944094,230116277.02920082,59294858.33622976,59158403.33686168,63067123.43126781,59343225.37847167,55300372.31559549,8147384.242880474,0.0030464029649531496,1.1206090711111423,0.07278736433824189,green
237.4581939799331,113948.52616756766,0.1623929019697253,101351.35422827736,230114277.73757252,59295953.04979546,59084263.696877316,63068837.75901206,59267377.73991714,55300414.58361094,8123439.3332239315,0.003042433706559676,1.1206399756516598,0.07278947954063651,green
237.59197324414714,115215.18628697326,0.16429475263370594,101556.50380210794,230112217.1748,59296928.63245853,59010567.81190492,63070411.39029395,59191984.51750208,55300417.13665987,8099634.899541193,0.0030384882160054217,1.120668512542928,0.07279143377634457,green
237.7257525083612,116495.89065854636,0.16621835271922386,101763.71196614915,230110107.1073063,59297790.99502889,58937312.940039344,63071849.71487123,59117042.84055439,55300383.73366576,8075970.02479164,0.003034566342672936,1.1206947929275028,0.07279323450415555,green
237.85953177257525,117790.79302124146,0.16816394504902343,101973.00716748915,230107959.46387857,59298546.70890879,58864496.38391025,63073158.9347253,59042549.882188864,55300318.39114196,8052443.800558349,0.003030667938200628,1.1207189447537833,0.07279489031919709,green
237.9933110367893,119100.09402001929,0.17013184665044626,102184.38753945178,230105737.37381616,59299166.113741614,58792115.23469658,63074307.79290855,58968502.88759075,55300201.59972987,8029055.600036596,0.003026792860726509,1.1207401307725553,0.0727963445198134,green
238.12709030100334,120423.95826491358,0.17212231759936944,102397.87732678888,230103445.3750785,59299651.2885068,58720166.84375874,63075298.08496649,58894899.12190567,55300034.14325327,8005804.5750752,0.003022940967069449,1.1207583577968505,0.0727975975050776,green
238.26086956521738,121762.52060486632,0.17413557094113985,102613.52261755368,230101122.5907413,59300030.91003584,58648648.78696332,63076159.3252978,58821735.87418139,55299833.78414807,7982689.694221436,0.0030191121133206077,1.1207743398455299,0.07279869751637302,green
238.39464882943145,123115.94584862223,0.1761718671283503,102831.35071463467,230098777.7754082,59300311.31101958,58577558.52508844,63076897.9760212,58749010.49488916,55299603.71193535,7959710.104872008,0.003015306160473248,1.120788195401536,0.07279965250613461,green
238.5284280936455,124484.40087334358,0.17823146991566666,103051.3891104244,230096419.65041533,59300499.33733441,58506893.56242422,63077521.15856316,58676720.37840016,55299347.27869707,7936864.964138073,0.003011522971793449,1.1208000558299696,0.07280047129769572,green
238.66220735785953,125868.0546246106,0.18031464635982797,103273.66548681958,230094056.90383115,59300602.34804229,58436651.44677284,63078036.65365786,58604862.96298548,55299067.999076046,7914153.438845229,0.003007762412820106,1.1208100653780895,0.07280116358528824,green
238.79598662207357,127267.07811642092,0.18242166681964603,103498.207715221,230091698.19045657,59300628.21539073,58366829.769448526,63078452.90134723,58533435.73081613,55298769.55027597,7891574.705533532,0.003004024351364931,1.1208183811753134,0.07280173993404253,green
238.9297658862876,128681.64443118997,0.18455280495600576,103725.04385653355,230089352.13182497,59300585.324812785,58297426.16527753,63078779.000980906,58462436.20796307,55298455.772061385,7869127.9504574835,0.0030003086575124526,1.1208251732332166,0.07280221177998744,green
239.06354515050168,130111.92871975077,0.186708337731865,103954.20216116626,230087027.3162021,59300482.574927084,58228438.31259816,63079024.71121628,58391861.96439717,55298130.666757725,7846812.369586033,0.002996615203620016,1.1208306244455333,0.07280259143005033,green
239.19732441471572,131558.10820135422,0.18888854541225492,104185.71106903226,230084732.29858613,59300329.37753779,58159863.93326075,63079200.45001847,58321710.61398921,55297798.39925129,7824627.168602578,0.0029929438643177824,1.1208349305881555,0.072802892062057,green
239.33110367892976,133020.3621636687,0.19109371156427932,104419.59920954876,230082475.60070768,59300135.65763464,58091700.79262767,63079317.294660315,58251979.81450992,55297463.29698923,7802571.56290497,0.0029892945165087303,1.1208383003191338,0.07280312772473181,green
239.4648829431438,134498.87196278037,0.19332412305711524,104655.89540163713,230080265.71102977,59299911.85339291,58023946.69957335,63079386.98172239,58182667.267629944,55297129.849979594,7780644.777605504,0.002985667039368654,1.1208409551786769,0.07280331333769753,green
239.59866220735785,135993.7902120607,0.19558001922759724,104894.55367192026,230078017.21565995,59299530.82073528,57956594.581075676,63079263.17825323,58113766.34735636,55296740.47721267,7758845.70808098,0.0029820610942914057,1.120839863579201,0.07280324630913615,green
239.73244147157192,137505.32121736268,0.19786172458797166,105135.64900137442,230075795.85193712,59299088.34373204,57889645.34043231,63079055.8574961,58045277.51238723,55296337.99294251,7737173.806136919,0.002978476699361377,1.1208372670142333,0.07280307664227163,green
239.86622073578596,139033.65297279262,0.20016953662764478,105379.21183061312,230073611.32698855,59298598.33977687,57823096.98623513,63078780.963429265,57977198.65749511,55295928.248980545,7715628.330796815,0.0029749137436636598,1.1208334715442005,0.07280282493677831,green
240.0,140578.97366999046,0.20250375305137727,105625.26823678076,230071467.61484513,59298066.85415008,57756947.27151209,63078445.46115811,57909527.455906585,55295513.480811276,7694208.530186857,0.0029713721051942065,1.120828597796158,0.07280249940282559,red
240.14070351758795,142222.90110935617,0.2049877426976231,107037.16732248863,230069342.18463638,59297631.15947205,57687807.13947528,63078191.6016011,57838795.56065497,55295182.53003452,7671815.245194974,0.002967670264111107,1.120825546941544,0.07280228911566676,red
240.28140703517587,143886.0397778285,0.20750160168609016,108441.29667636534,230067253.22620738,59297192.92705327,57619104.535855405,63077887.308308266,57768509.830110796,55294955.98643357,7649559.427174278,0.002963991810975376,1.1208210769218234,0.072801967769579,red
240.42211055276383,145568.6405342283,0.21004572608850458,109837.51201040523,230065203.5300585,59296753.487942725,57550836.500187516,63077544.96334354,57698667.581700064,55294772.97875542,7627440.158876151,0.0029603368209342104,1.1208156325580974,0.07280156342698528,red
240.56281407035175,147270.92297044065,0.21262046284100786,111225.70240012484,230063195.1174391,59296313.9802522,57483000.43755828,63077173.01078799,57629266.38735123,55294594.43504597,7605456.636693028,0.002956707129608544,1.1208096068550695,0.0728011023427146,red
240.7035175879397,148993.08109021763,0.21522611843958253,112605.77569103245,230061230.18782791,59295875.36750569,57415594.07961347,63076778.24667558,57560304.10039725,55294384.66056785,7583608.156746415,0.002953101239283302,1.1208035060581916,0.07280067250278235,red
240.84422110552765,150735.36893778,0.21786309506252813,113977.6269301321,230059309.40001392,59295438.93704227,57348614.53906153,63076367.00790913,57491777.88528811,55294159.72569237,7561893.816173639,0.002949506519770472,1.1207973616210452,0.07280032700510448,red
240.98492462311557,152498.02874866995,0.22053177656005704,115341.16700355275,230057430.94142163,59295005.960839406,57282059.05975626,63075943.5930933,57423685.039723195,55293959.83670035,7540312.769754477,0.0029459441925442664,1.1207905937869511,0.07279987420039681,red
241.12562814070353,154281.30694982022,0.2232325527938029,116696.32152420304,230055595.58769438,59294577.515671164,57215924.94744981,63075511.90885011,57356022.86012985,55293773.280276835,7518864.175348904,0.002942402952593553,1.1207835117345306,0.07279939166221681,red
241.26633165829145,156085.54176161907,0.22596595909239922,118043.00968700438,230053803.10929975,59294154.96220522,57150208.57576169,63075075.982525095,57288787.70277768,55293596.450299025,7497546.907496078,0.0029388831105343215,1.1207762523851608,0.07279889342939974,red
241.4070351758794,157910.84360622783,0.22873217025145695,119381.20770629168,230052053.33840722,59293738.72643811,57084908.774481796,63074636.97946921,57221978.38678933,55293428.98427204,7476360.60256532,0.0029353840545565816,1.1207688433070444,0.07279838083175746,red
241.54773869346732,159757.52329817624,0.23153167835108912,120710.86800580582,230050345.64555207,59293329.88180856,57020022.35103037,63074197.727135554,57155591.65013406,55293269.84416348,7455304.260673512,0.0029318868990178366,1.1207613461871442,0.07279785061649238,red
241.68844221105527,161625.7775629343,0.23436479484556505,122031.9605152946,230048679.6364019,59292929.107240774,56955547.28401494,63073760.015642434,57089625.42844998,55293118.32022857,7434377.249019896,0.0029283801790483573,1.120753801466149,0.07279730125596848,red
241.82914572864323,163515.80999124306,0.2372318419690024,123344.46781255919,230047055.61425972,59292536.971038625,56891481.303296566,63073325.628410555,57024077.66950135,55292963.52930145,7413578.932381701,0.0029249850813880154,1.120746525081508,0.07279684096484615,red
241.96984924623115,165427.9959853571,0.24013341437388286,124648.3671509748,230045471.5678657,59292154.5481554,56827820.836810306,63072896.53342921,56958944.54853569,55292816.111827604,7392908.152701208,0.00292160806137447,1.1207392903249016,0.07279637048329328,red
242.1105527638191,167362.5712856254,0.2430698854775454,125943.65681599753,230043926.5682822,59291782.384597,56764563.63225018,63072473.76679113,56894223.73629954,55292677.7297439,7372364.203422069,0.0029182320006723717,1.1207320871976179,0.0727958861195912,red
242.25125628140702,169319.78079414926,0.2460416432113071,127230.34249880193,230042419.8049443,59291420.97917419,56701707.33620888,63072058.373660125,56829912.857300214,55292547.451529354,7351946.362593523,0.0029148676077906297,1.1207249648038644,0.07279540124087003,red
242.39195979899498,171301.32299377982,0.2490513791665345,128508.58044764424,230040944.84225562,59291072.46344758,56639236.67964865,63071655.05065798,56765996.37422547,55292423.502059944,7331649.910112604,0.0029115295420099347,1.1207180543330866,0.07279493468837771,red
242.53266331658293,173306.2125343122,0.2520975318539091,129778.2798540986,230039505.41488433,59290735.60267585,56577160.519221276,63071261.076671414,56702483.29951307,55292306.90457003,7311477.583878318,0.0029082093767810718,1.1207112799713468,0.07279447563559033,red
242.67336683417085,175334.36445825247,0.2551799666406671,131039.43286773957,230038101.8449828,59290410.29063566,56515479.61836613,63070876.21753989,56639374.41005362,55292197.7464427,7291429.619902819,0.0029049063955084147,1.1207046352194627,0.07279402316232515,red
242.8140703517588,177385.77876560064,0.2582986835268085,132292.03948856713,230036734.13255104,59290096.527327016,56454193.97708321,63070500.47326341,56576669.705847114,55292096.02767795,7271506.018186108,0.0029016205981919636,1.1206981200774342,0.07279357726858221,red
242.95477386934672,179460.79264512268,0.26145421701023,133536.15638736315,230035400.9905918,59289794.57953345,56393300.697296694,63070134.509992845,56514366.23340667,55292001.53541551,7251705.8847964415,0.0028983529580643703,1.1206917505204743,0.07279313965122379,red
243.09547738693468,181562.12203517728,0.26465087228578593,134772.2400275861,230034092.05278918,59289506.596103795,56332776.436012626,63069783.693342045,56452440.20342156,55291912.55513968,7232022.019424217,0.002895111314176514,1.120685655223375,0.07279272397788611,red
243.23618090452263,183687.8318673774,0.26788558196189294,135999.9651853569,230032814.7049994,59289231.04601307,56272637.82479021,63069444.20038561,56390908.56544553,55291830.30841909,7212459.552190096,0.0028918900813134384,1.1206797425071333,0.07279232051056803,red
243.37688442211055,185837.92214172307,0.2711583460385509,137219.33186067556,230031568.9472224,59288967.929261304,56212884.86362947,63069116.031123534,56329771.319478564,55291754.79525375,7193018.4830940785,0.002888689259475144,1.1206740123717487,0.07279192924926958,red
243.5175879396985,188012.39285821424,0.2744691645157598,138430.3400535421,230030354.77945825,59288717.24584848,56153517.55253039,63068799.185555816,56269028.46552066,55291686.01564365,7173698.812136164,0.0028855088486616307,1.1206684648172214,0.07279155019399074,red
243.65829145728642,190208.01898199326,0.2778129230989239,139632.20325373526,230029184.11352196,59288478.21123023,56094561.896141775,63068490.16996468,56208706.53162605,55291625.50535478,7154508.546706296,0.0028823494707227184,1.120663024593824,0.07279117754632856,red
243.79899497487438,192437.77815537216,0.28121020187132023,140828.08640327162,230028009.01589286,59288253.98243791,56035913.250934064,63068203.043181054,56148698.768065125,55291567.08441622,7135415.46481398,0.002879208623315055,1.1206579945088404,0.07279083463924,red
243.9396984924623,194692.27773084096,0.2846461058725777,142015.69885612812,230026864.1787479,59288042.27455088,55977647.35329787,63067927.630040586,56089082.43560359,55291515.22561949,7116442.887320703,0.002876088117524852,1.120653155403658,0.07279050458535564,red
244.08040201005025,196971.794290961,0.2881210737102654,143195.10806429238,230025748.58051664,59287843.15485253,55919761.9730457,63067664.230168395,56029855.25916613,55291469.79725559,7097590.127503835,0.0028729879000215807,1.1206485137317772,0.07279018788195293,red
244.2211055276382,199276.60441829357,0.29163554399195213,144366.3814797521,230024661.19962865,59287656.69062628,55862254.87999007,63067413.14318957,55971014.96367743,55291430.66761553,7078856.498640745,0.0028699079174747118,1.1206440759466978,0.07278988502630933,red
244.36180904522612,201607.9956595991,0.29519155970945005,145529.94774172956,230023597.7633905,59287482.45999728,55805116.607712366,63067174.58978817,55912551.8886437,55291397.19860804,7060239.098271363,0.0028668475529613226,1.1206398479280137,0.07278959633379421,red
244.50251256281408,203967.01292297954,0.29879077879084626,146686.14880192024,230022554.77940175,59287320.15849218,55748339.42654133,63066948.80959463,55854458.146124564,55291368.87367722,7041735.555728498,0.0028638063248247075,1.1206358356930612,0.07278932216343621,red
244.643216080402,206353.18688604078,0.30243245610430675,147834.78562280769,230021533.62482044,59287170.214302845,55691926.44529225,63066736.16047802,55796736.910120204,55291345.93473071,7023346.819094725,0.0028607845955614837,1.1206320461187764,0.07278906314672738,red
244.78391959798995,208766.9202728024,0.3061172304419057,148975.9707229453,230020532.87242243,59287032.633678734,55635874.53088837,63066536.93221367,55739384.98405139,55291328.186876476,7005071.925182281,0.0028577822415197735,1.1206284855870514,0.07278881975824787,red
244.9246231155779,211208.61580728396,0.30984574059571723,150109.81662088635,230019551.09498352,59286907.42286929,55580180.550252914,63066351.41457697,55682399.171338916,55291315.43522249,6986909.910803403,0.0028547991390476986,1.1206251604797774,0.07278859247257785,red
245.06532663316582,213678.67621350498,0.3136186253578156,151236.4358351843,230018586.86527953,59286794.588123955,55524841.3703091,63066179.89734327,55625776.27540357,55291307.4848767,6968859.812770328,0.00285183516449338,1.1206220771788467,0.07278838176429749,red
245.20603015075378,216177.50421548498,0.3174365235202749,152355.9408843924,230017638.75608632,59286694.135692194,55469853.85798016,63066022.67028792,55569513.09966612,55291304.140947066,6950920.667895293,0.0028488901942049396,1.120619242066151,0.07278818810798696,red
245.3467336683417,218705.34418129327,0.3212998272954484,153468.6995219456,230016708.1067255,59286603.77749966,55415219.53263989,63065876.20578172,55513611.18280304,55291305.152470954,6933092.959365152,0.002845963791445744,1.1206165866586566,0.07278800638514761,red
245.48743718592965,221262.63198632078,0.3252092270961792,154574.77083369487,230015792.9108044,59286524.00010603,55360934.28723412,63065741.59276291,55458066.33692271,55291310.33629454,6915375.421197696,0.0028430558981073243,1.1206141330110164,0.07278783824125491,red
245.6281407035176,223849.79692623587,0.3291654030898717,155674.22451055347,230014891.27688077,59286455.19474132,55306994.20801896,63065619.76155577,55402874.57088434,55291319.50693426,6897766.847507882,0.0028401664430724766,1.1206119000672299,0.0727876850893907,red
245.76884422110552,226467.23009501927,0.33316897595919703,156767.19181613348,230014001.9809122,59286397.19915438,55253396.5036047,63065510.721576355,55348033.03587718,55291332.465380125,6880266.38133315,0.0028372952796956305,1.1206098887109301,0.07278754699336606,red
245.90954773869348,229115.3225866516,0.3372205663868262,157853.80401404708,230013123.79885626,59286349.85109403,55200138.382601656,63065414.48224073,55293538.88309052,55291349.01262212,6862873.165710942,0.002834442261331216,1.12060809982575,0.07278742401699215,red
246.0502512562814,231794.46549511357,0.3413207950554302,158934.1923679064,230012255.50667048,59286312.988309115,55147217.05362012,63065331.052964956,55239389.2637136,55291368.94965025,6845586.343678696,0.002831607241333664,1.1206065342953226,0.07278731622408005,red
246.19095477386935,234505.03717365296,0.34547026284545423,160008.49928900742,230011396.16021612,59286286.33512788,55094630.10568521,63065260.23577562,55185581.71638506,55291392.08494902,6828405.1753488295,0.00282879010404896,1.1206051891740854,0.07278722342552145,red
246.33165829145727,237247.18084403573,0.3496692051853113,161077.07292025269,230010549.98100445,59286267.52269032,55042382.1484151,63065198.00530643,55132120.930159904,55291418.3653144,6811331.0814639535,0.002825991305775322,1.1206039908482892,0.07278714076455448,red
246.47236180904522,240021.43618120963,0.3539184736889622,162139.91452224148,230009712.48078832,59286257.71144323,54990465.95406603,63065146.789525546,55078999.537837215,55291447.50433655,6794361.839746572,0.0028232103384471996,1.1206029848572099,0.07278707125450798,red
246.61306532663318,242828.1798596692,0.35821866662765733,163197.1679751187,230008882.75230986,59286256.61077026,54938879.1617876,63065106.36313338,55026215.12910699,55291479.31148745,6777496.725735213,0.00282044709049411,1.1206021677507396,0.07278701467294826,red
246.7537688442211,245667.78855390893,0.3625703822726473,164248.97715902937,230008059.88831118,59286263.93005505,54887619.4107294,63065076.500830315,54973765.29365924,55291513.59623908,6760735.014968406,0.002817701450345571,1.1206015360787704,0.07278697079744165,red
246.89447236180905,248540.63893842325,0.36697421889518256,165295.48595411837,230007242.98153436,59286279.37868123,54836684.34004106,63065056.97731678,54921647.62118398,55291550.16806343,6744075.982984681,0.0028149733064310994,1.1206010863911944,0.07278693940555442,red
247.03517587939697,251447.10768770665,0.3714307747665134,166336.83824053063,230006431.12472153,59286302.66603245,54786071.58887216,63065047.567293175,54869859.7013712,55291588.83643248,6727518.905322565,0.002812262547180214,1.1206008152379034,0.0727869202748529,red
247.17587939698493,254387.62356490342,0.3759407336602922,167373.24150068458,230005624.90403616,59286333.20361662,54735780.24414284,63065047.35001775,54818400.5959803,55291629.58004885,6711063.501148604,0.002809568949292647,1.1206007051713291,0.07278691209324813,red
247.31658291457288,257362.65475048177,0.38050484405286306,168404.9513470887,230004826.03576645,59286370.177528605,54685810.48835241,63065054.87848308,54767270.480737634,55291672.50567802,6694709.825338355,0.002806892204918251,1.1206007281515296,0.0727869127240705,red
247.4572864321608,260372.50906669392,0.3851235911959972,169432.02758861423,230004031.63860816,59286413.69089251,54636158.04694667,63065070.846644565,54716464.999510504,55291717.19909813,6678456.56703036,0.0028042323501741157,1.120600899230634,0.07278692338522325,red
247.59798994974875,263417.5724634775,0.38979758858638613,170454.62543108404,230003241.0712374,59286463.40004917,54586820.8168802,63065094.905365005,54665982.0041208,55291763.499916114,6662303.080760135,0.002801589253593998,1.1206012124660016,0.07278694366023745,red
247.73869346733667,266498.23089077015,0.3945274497207213,171472.90008032095,230002453.69233033,59286518.961339384,54537796.69510758,63065126.70550719,54615819.3463904,55291811.24773891,6646248.7210631985,0.0027989627837116567,1.120601661914992,0.07278697313264414,red
247.87939698492463,269614.8702985094,0.3993137880956942,172487.00674214785,230001668.86056313,59286580.03110397,54489083.5785834,63065165.89793391,54565974.87814121,55291860.28217347,6630292.842475066,0.0027963528090608485,1.1206022416349657,0.07278701138597432,red
248.02010050251255,272767.876636633,0.4041572172079962,173497.10062238754,230000885.93461186,59286646.26568373,54440679.36426222,63065212.133507945,54516446.45119511,55291910.442826726,6614434.799531254,0.002793759198175332,1.1206029456832813,0.07278705800375905,red
248.1608040201005,275958.4115937031,0.4090595968687852,174503.54155504386,230000109.51369667,59286718.10524279,54392585.131851725,63065265.093285725,54467235.14507408,55291962.48204474,6598674.911675022,0.002791182522859749,1.120603767791995,0.07278711287689585,red
248.30150753768845,279186.7812225527,0.41402141221074656,175506.46367028516,229999338.4167445,59286795.12539217,54344798.45049921,63065324.42502025,54418338.47916342,55292016.145427,6583012.434061334,0.0027886225792145593,1.1206047020519716,0.07278717555725858,red
248.44221105527637,282453.00355509325,0.41904268562740427,176505.92512269304,229998569.51694155,59286876.610720254,54297315.70764021,63065389.76525404,54369752.774448484,55292070.8396857,6567446.263588375,0.0027860789022255603,1.1206057426748555,0.07278724548260021,red
248.58291457286433,285757.48903157905,0.42412406996199625,177502.08757826753,229997802.3384095,59286962.2423134,54250134.900709845,63065460.76580312,54321475.98465067,55292126.433243245,6551975.78525411,0.0027835513826289966,1.1206068837077368,0.07278732224615544,red
248.72361809045225,289100.64809226437,0.4292662180577606,178495.11270300864,229997036.40527025,59287051.70125798,54203254.02714324,63065537.07848351,54273506.0634914,55292182.79452204,6536600.384056502,0.002781039911161113,1.1206081191977046,0.07278740544115896,red
248.8643216080402,292482.89117740345,0.43446978275793546,179485.16216291641,229996271.2416455,59287144.66864035,54156671.08437549,63065618.355111204,54225840.96469208,55292239.7919445,6521319.444993514,0.0027785443785581544,1.1206094431918492,0.07278749466084547,red
249.00502512562815,295904.62872725056,0.43973541690575874,180472.3976239908,229995506.37165707,59287240.82554688,54110384.06984173,63065704.24750224,54178478.641974136,55292297.29393302,6506132.3530631075,0.0027760646755563656,1.12061084973726,0.07278758949844967,red
249.14572864321607,299366.27118206,0.4450637733444685,181456.9807522319,229994741.31942675,59287339.85306394,54064390.98097706,63065794.40747261,54131417.049058974,55292355.16891002,6491038.493263248,0.002773600692891991,1.120612332881027,0.07278768954720624,red
249.28643216080403,302868.22898208606,0.45045550491730296,182439.07321363967,229993975.60907635,59287441.43227789,54018689.8152166,63065888.48683834,54084654.139668,55292413.2852979,6476037.250591897,0.002771152321301275,1.1206138866702393,0.07278779440034988,red
249.42713567839195,306410.9125675829,0.4559112644675,183418.8366742141,229993208.7647276,59287545.244275086,53973278.56999546,63065986.13741545,54038187.86752265,55292471.511519074,6461128.0100470185,0.0027687194515204627,1.120615505151987,0.07278790365111529,red
249.5678391959799,309994.7323788049,0.4614317048382979,184396.43279995528,229992440.31050232,59287650.970141895,53928155.24274877,63066087.01101993,53992016.18634432,55292529.71599594,6446310.156626575,0.0027663019742857993,1.12061718237336,0.07278801689273715,red
249.70854271356785,313620.0988560063,0.4670174788729344,185372.02325686315,229991669.77052233,59287758.29096469,53883317.83091162,63066190.75946782,53946137.04985443,55292587.7671509,6431583.07532853,0.0027638997803335285,1.1206189123814474,0.07278813371845017,red
249.84924623115577,317289.71526679606,0.472672918997762,186346.0296595474,229990906.68773705,59287870.4556392,53838769.838820204,63066299.7627954,53900553.98734518,55292647.949025445,6416947.799811437,0.0027615131054861816,1.1206207327547102,0.07278825672492122,red
249.98994974874373,321002.61397808447,0.4783964664915951,187318.45743535834,229990144.56458536,59287985.00086746,53794505.9540601,63066412.03305824,53855261.601415426,55292708.67816631,6402402.724167768,0.002759141633070487,1.1206226113762874,0.07278838370021208,red
250.13065326633165,324758.9818177312,0.48418841533925655,188289.44289830828,229989381.94808358,59288101.259778395,53750523.63699531,63066526.95599741,53810257.30201833,55292769.587408006,6387947.072606694,0.002756785220167486,1.1206245380477877,0.07278851394464196,red
250.2713567839196,328559.27991363127,0.49004949972869905,189259.15346109317,229988618.58384022,59288218.99233209,53706821.00680225,63066644.24374181,53765539.166134685,55292830.598575145,6373580.266573195,0.002754443765142262,1.1206265077786512,0.07278864711784255,red
250.41206030150755,332403.9693936794,0.49598045384787487,190227.756536409,229987854.21746376,59288337.95848864,53663396.18265737,63066763.608420365,53721105.27074533,55292891.63349233,6359301.72751225,0.0027521171663598986,1.1206285155783178,0.07278878287944558,red
250.55276381909547,336293.51138577063,0.5019820118847368,191195.41953695175,229987088.59456265,59288457.91820814,53620247.2837371,63066884.76216196,53676953.69283107,55292952.61398418,6345110.8768688375,0.0027498053221854785,1.1206305564562267,0.07278892088908273,red
250.69346733668343,340228.3670177999,0.5080549080272374,192162.3098754174,229986321.46074536,59288578.63145067,53577372.42921786,63067007.41709553,53633082.509372726,55293013.4618753,6331007.136087937,0.002747508130984085,1.120632625421818,0.07278906080638574,red
250.83417085427135,344208.99741766194,0.5141998764633291,193128.5949645019,229985552.56162044,59288699.85817633,53534769.738276094,63067131.28534995,53589489.797351114,55293074.0989903,6316989.926614528,0.002745225491120801,1.1206347174845313,0.0727892022909863,red
250.9748743718593,348235.86371325183,0.5204176513809646,194094.4422169013,229984781.64279628,59288821.35834521,53492437.33008823,63067256.07905415,53546173.63374704,55293134.44715379,6303058.669893589,0.0027429573009607106,1.1206368276538061,0.07278934500251613,red
251.11557788944722,352309.4270324643,0.5267089669680962,195060.0190453115,229984008.4498814,59288942.8919174,53450373.323830694,63067381.51033702,53503132.09554133,55293194.42819038,6289212.787370101,0.0027407034588688966,1.1206389509390826,0.07278948860060692,red
251.25628140703517,356430.1485031944,0.5330745574126767,196025.4928624285,229983232.72848424,59289064.21885299,53408575.83867992,63067507.29132748,53460363.2597148,55293253.963924676,6275451.7004890395,0.002738463863210442,1.1206410823498003,0.0727896327448904,red
251.39698492462313,360598.8858211231,0.5395157935255277,196991.0360253113,229982455.28964382,59289185.76466129,53367043.764388226,63067633.787668236,53417865.9848317,55293313.31056855,6261775.060500638,0.002736238463098995,1.1206432278111427,0.07278977783935546,red
251.53768844221105,364818.913048335,0.5460379251872454,197956.85101800578,229981683.43627912,59289312.01017543,53325780.68598004,63067765.34699172,53375643.891799666,55293374.76182198,6248183.918904228,0.00273402751686931,1.1206454597600923,0.07278992882350734,red
251.678391959799,369088.34751934157,0.5526379240197833,198923.07603105326,229980910.61709538,59289438.78182906,53284780.16837721,63067897.819032006,53333690.43828811,55293436.263215266,6234676.338950693,0.0027318306229524953,1.1206477086919022,0.07279008095768083,red
251.81909547738692,373407.71757182485,0.559316632105101,199889.87931511382,229980136.75826883,59289565.9523787,53244040.461352386,63068031.026674666,53292003.83373957,55293497.793244556,6221251.781032104,0.0027296476883144345,1.1206499714659977,0.07279023402766033,red
251.95979899497488,377777.5515434672,0.5660748915251587,200857.42912084764,229979361.78597572,59289693.394580826,53203559.81467817,63068164.79280527,53250582.28759661,55293559.33040596,6207909.705540532,0.002727478619921011,1.1206522449418046,0.07279038781923024,red
252.10050251256283,382198.3777719506,0.5729135443619158,201825.8936989148,229978585.62639228,59289820.981191956,53163336.47812719,63068298.94030939,53209424.009301774,55293620.8531956,6194649.572868048,0.0027253233247381083,1.1206545259787484,0.07279054211817491,red
252.24120603015075,386670.7245949573,0.5798334326973325,202795.44129997538,229977808.20569476,59289948.58496858,53123368.70147205,63068433.29207259,53168527.20829762,55293682.3401096,6181470.843406723,0.0027231817097316097,1.1206568114362547,0.07279069671027875,red
252.3819095477387,391195.1203501696,0.5868353986133684,203766.24017468956,229977029.45005938,59290076.0786672,53083654.73448539,63068567.67098044,53127890.094026685,55293743.7696441,6168372.977548628,0.0027210536818673987,1.1206590981737494,0.07279085138132615,red
252.52261306532662,395772.09337526944,0.5939202841919835,204738.45857371745,229976249.2856624,59290203.33504432,53044192.82693981,63068701.899918504,53087510.875931524,55293805.1202952,6155355.435685835,0.0027189391481113583,1.1206613830506582,0.0727910059171015,red
252.66331658291458,400402.1720079392,0.6010889315151376,205712.26474771913,229975467.63868004,59290330.226856425,53004981.22860794,63068835.80177237,53047387.7634547,55293866.37055903,6142417.678210413,0.0027168380154293727,1.1206636629264066,0.07279116010338917,red
252.8040201005025,405085.8845858608,0.6083421826647906,206687.8269473547,229974684.43528855,59290456.62686002,52966018.18926239,63068969.19942759,53007518.96603875,55293927.49893171,6129559.165514436,0.002714750190787325,1.1206659346604202,0.07279131372597353,red
252.94472361809045,409823.7594467167,0.6156808797229021,207665.31342328433,229973899.6016642,59290582.40781161,52927301.958675794,63069101.91576973,52967902.693126224,55293988.48390938,6116779.357989973,0.002712675581151098,1.1206681951121247,0.072791466570639,red
253.0854271356784,414622.4278665129,0.6231156666482552,208644.599654747,229973120.188833,59290715.73933207,52888840.71680133,63069243.060052074,52928547.260606915,55294052.55135778,6104080.684405231,0.0027106145849658714,1.120670599881367,0.07279162919725853,red
253.22613065326632,419473.2389322382,0.6306326428071132,209626.29424131796,229972335.4066934,59290844.01510732,52850617.777718015,63069378.487806655,52889435.677112244,55294114.79549954,6091458.140504721,0.002708566369977922,1.120672907070757,0.07279178518662559,red
253.36683417085428,424381.1936424853,0.6382398337837077,210610.35087024193,229971550.40301087,59290973.188417524,52812638.66873073,63069514.8276201,52850573.558797576,55294177.57473083,6078913.362114575,0.0027065312033436053,1.1206752298758258,0.07279194222053176,red
253.5075376884422,429346.83288154163,0.6459381018109936,211596.93719029066,229970765.11860916,59291103.149076134,52774901.66002685,63069651.92146917,52811959.13588259,55294240.874223806,6066445.815729343,0.0027045089930392025,1.1206775654823424,0.0727921001069111,red
253.64824120603015,434370.70423787483,0.653728319889452,212586.2205286216,229969979.50213876,59291233.796010844,52737405.03270223,63069789.62153186,52773590.64968909,55294304.68271793,6054054.9711043835,0.002702499647580893,1.120679911250455,0.07279225866553325,red
253.7889447236181,439453.36200413265,0.6616113717870898,213578.3678907779,229969193.51007694,59291365.03726358,52700147.07876119,63069927.7901874,52735466.35264098,55294368.99251994,6041740.301255868,0.002700503076024755,1.1206822647146903,0.0727924177280033,red
253.92964824120602,444595.36717714265,0.6695881520394401,214573.54596068838,229968407.1067277,59291496.78999052,52663126.10111654,63070066.300016254,52697584.508264236,55294433.79950388,6029501.282460777,0.002698519187966765,1.1206846235839547,0.07279257713776187,red
254.07035175879398,449797.28745791287,0.6776595659495619,215571.92110066756,229967620.26422182,59291628.9804621,52626340.41358953,63070205.0338001,52659943.39118697,55294499.10311106,6017337.394256904,0.0026965478935427967,1.1206869857415331,0.07279273675008513,red
254.2110552763819,455059.697251631,0.6858265295880404,216573.65935141558,229966832.96251684,59291761.544062965,52589788.3409099,63070343.88452186,52622541.28713936,55294564.906350106,6005248.119442851,0.0026945891034286236,1.1206893492450898,0.07279289643208475,red
254.35175879396985,460383.1776676652,0.6940899697929866,217578.92643201834,229966045.18939716,59291894.42529204,52553468.218715854,63070482.75536568,52585376.49295373,55294631.21579692,5993232.944078034,0.002692642728839916,1.1206917123266678,0.07279305606270792,red
254.4924623115578,465768.31651956355,0.702450824170038,218587.88773994741,229965256.94047377,59292027.57776248,52517378.39355407,63070621.55971694,52548447.316564485,55294698.04159469,5981291.357482676,0.0026907086815322425,1.120694073392689,0.07279321553273732,red
254.63316582914572,471215.7083250541,0.7109100410923577,219600.70835106002,229964468.21918458,59292160.96420168,52481517.222879685,63070760.22116225,52511752.077008106,55294765.397453904,5969422.852237816,0.0026887868738010717,1.1206964310239547,0.0727933747447912,red
254.77386934673368,476727.9967418583,0.7194718620242597,220617.40482301376,229963679.06472397,59292296.12790574,52445885.76108913,63070900.6896428,52475291.84898845,55294833.71241944,5957627.730466158,0.002686877359869175,1.1206988193224212,0.07279353602190305,red
254.9145728643216,482305.75217588746,0.7281371965766605,221638.14431085417,229962889.4956702,59292433.02096245,52410482.33811124,63071042.87211031,52439064.9233277,55294902.99977206,5945905.476458733,0.002684980050514486,1.1207012365683158,0.07279369924611578,red
255.05527638190955,487948.5891104737,0.7369054181258717,222663.16349500514,229962099.52526474,59292570.86392675,52375304.02882085,63071185.73547821,52403068.30840061,55294973.0822886,5934255.197756649,0.0026830947904170985,1.1207036645568473,0.0727938631761126,red
255.1959798994975,493657.24127183034,0.7457776987358408,223692.6180098609,229961309.18978944,59292709.74245751,52340349.3821148,63071329.35508354,52367300.51868084,55295044.01060756,5922676.444352447,0.002681221501812382,1.120706104511406,0.07279402789439383,red
255.33668341708542,499432.45414593373,0.7547552293626826,224726.66280137454,229960518.53342202,59292849.755217575,52305616.96444705,63071473.82145506,52331760.0865377,55295115.839953944,5911168.771495246,0.002679360107825576,1.1207085579172533,0.07279419350125721,red
255.47738693467338,505274.98497852386,0.763839219854681,225765.4521270582,229959727.60823616,59292991.01387383,52271105.3598287,63071619.24031332,52296445.56223614,55295188.63013929,5899731.73969074,0.002677510532471789,1.1207110265215234,0.0727943601147979,red
255.6180904522613,511185.60277510347,0.7730308989522874,226809.13955598275,229958936.4742014,59293133.64309719,52236813.16982798,63071765.732570596,52261355.51393676,55295262.445561655,5888364.914701194,0.0026756727006560016,1.1207135123332221,0.07279452787090841,red
255.75879396984925,517165.08830093907,0.7823315142881218,227857.8779687781,229958145.1991832,59293277.78056257,52202739.01357025,63071913.43433095,52226488.527695805,55295337.35520563,5877067.867545452,0.002673846538173064,1.120716017623227,0.07279469692327872,red
255.89949748743717,523214.23408105987,0.7917423323869719,228911.819557633,229957353.85894293,59293423.57694892,52168881.52773798,63072062.496890165,52191843.20746518,55295413.43264234,5865840.174498932,0.002672031971707697,1.1207185449242871,0.07279486744339621,red
256.0402010050251,529333.8444002587,0.8012646386657942,229971.11582629502,229956562.5371378,59293571.195939206,52135239.36657081,63072213.08673583,52157418.17509241,55295490.756029405,5854681.417093626,0.002670228928834492,1.1207210970310242,0.07279503962054559,red
256.18090452261305,535524.7353030917,0.810899737433713,231035.9175900708,229955771.32532102,59293720.81422043,52101811.201865464,63072365.38554725,52123212.07032067,55295569.40811099,5843591.182118103,0.0026684373380179115,1.1207236769999316,0.07279521366180909,red
256.321608040201,541787.7345938778,0.8206489518920207,232106.37497582575,229954980.3229416,59293872.62148358,52068595.722975835,63072519.59019551,52089223.55078881,55295649.47621779,5832569.061617505,0.002666657128612287,1.1207262881493743,0.07279538979206626,red
256.46231155778895,548123.6818366995,0.8305136241341777,233182.63742198423,229954189.63734454,59294026.82042371,52035591.636812925,63072675.91274344,52055451.292031296,55295731.05226703,5821614.652893549,0.0026648882308618212,1.120728934059589,0.07279556825399408,red
256.6030150753769,554533.5194584641,0.8404952625935218,234264.85154097003,229953398.5676879,59294183.03166255,52002797.44757292,63072833.97540809,52021893.76748007,55295813.95298185,5810727.496678232,0.002663130567680837,1.1207316084418137,0.07279574862244773,red
256.7437185929648,561018.4425473544,0.8505957844877885,235353.15760447152,229952604.26307887,59294339.315278135,51970211.09454957,63072991.81571287,51988548.88672712,55295897.259855285,5799906.975474422,0.0026613840411382483,1.120734278480353,0.07279592867711422,red
256.88442211055275,567579.0374806046,0.8608161217127216,236447.7097538972,229951809.43857124,59294497.79721333,51937832.03478813,63073151.60706951,51955416.07558981,55295981.96445336,5789152.898118583,0.0026596486101746544,1.1207369806191607,0.07279611088498797,red
257.0251256281407,574216.2063309217,0.8711577169675151,237548.65431094303,229951014.0945203,59294658.63113335,51905659.00802531,63073313.51957069,51922494.043828875,55296068.12953182,5778464.8724404415,0.002657924207198002,1.1207397177657095,0.07279629544351539,red
257.16582914572865,580930.8636396853,0.8816220329908807,238656.13689223072,229950218.23282692,59294821.97907689,51873690.76984089,63073477.733792834,51889781.51738877,55296155.820255846,5767842.511045208,0.0026562107654421463,1.1207424930105114,0.07279648256260522,red
257.3065326633166,587723.936416948,0.8922105525610488,239770.3024093076,229949421.85693768,59294988.01145615,51841926.09165779,63073644.44079605,51857277.2383977,55296245.10420005,5757285.43131357,0.0026545082189668523,1.1207453096271176,0.07279667246462855,red
257.4472361809045,594596.3641414361,0.9029247784957687,240891.29506864672,229948624.97184473,59295156.907056786,51810363.76074201,63073813.84212417,51824979.96516764,55296336.0513485,5746793.255401691,0.0026528165026577944,1.1207481710721188,0.07279686538441875,red
257.58793969849245,601549.0987605483,0.9137662336523079,242019.2583716468,229947827.58408585,59295328.85303796,51779002.58020267,63073986.149804756,51792888.47219431,55296428.73409468,5736365.610241222,0.0026511355522265555,1.1207510809851455,0.07279706156927156,red
257.7286432160804,608583.1046903565,0.9247364609274524,243154.33511463224,229947029.70174453,59295504.044932306,51747841.368991986,63074161.58634906,51761001.55015716,55296523.22724154,5726002.127539286,0.002649465304210629,1.1207540431888674,0.072797261278945,red
257.86934673366835,615699.3588156059,0.9358370232575066,244296.6673888531,229946231.3344498,59295682.68664593,51716878.96190528,63074340.38475207,51729318.00591942,55296619.60800144,5715702.443778491,0.002647805695973417,1.120757061688994,0.07279746478565945,red
258.0100502512563,622898.8504897146,0.947069503618294,245446.39658048522,229945432.49337634,59295864.99045846,51686114.20958099,63074522.788492486,51697836.66252806,55296717.955996215,5705466.20021692,0.00264615666570423,1.1207601406742735,0.0727976723740976,red
258.1507537688442,630182.5815347739,0.9584355050251558,246603.66337063,229944633.19124448,59296051.177022964,51655545.97850065,63074709.05153271,51666556.35921379,55296818.35325712,5695293.042888138,0.0026445181524182883,1.1207632845164945,0.07279788434140448,red
258.29145728643215,637551.5662415478,0.969936650532952,247768.6077353146,229943833.4423202,59296241.47536602,51625173.15098889,63074899.43831887,51635475.951391086,55296920.88422483,5685182.622601191,0.002642890095956722,1.1207664977704845,0.07279810099718742,red
258.4321608040201,645006.831369474,0.9815745832360617,248941.3689454919,229943033.26241505,59296436.12288767,51594994.62521347,63075094.22378082,51604594.31065817,55297025.635749504,5675134.594940601,0.0026412724369865703,1.1207697851741105,0.0727983226635161,red
258.57286432160805,652548.877147618,0.9933501075328066,250122.23567996878,229942229.65401047,59296631.416745976,51565006.517201245,63075289.203735165,51573907.48490277,55297131.209091604,5665147.801730738,0.0026396649783483866,1.1207730746333198,0.07279854444105291,red
258.713567839196,660178.9921439996,1.0052652839808656,251311.27983016544,229941423.9609418,59296829.346366405,51535208.98642232,63075486.64710009,51543415.62612484,55297238.34984373,5655222.267824881,0.0026380677232939083,1.12077640509744,0.07279876897689484,red
258.8542713567839,667898.338451898,1.0173219718121975,252508.6112786052,229940616.75141397,59297030.89167208,51505601.48692434,63075687.67594717,51513118.17043889,55297347.42243085,5645357.811849306,0.0026364806401589064,1.1207797958458892,0.07279899758141205,red
258.99497487437185,675707.970126484,1.0295218583063614,253714.3727642548,229939807.92112637,59297236.15814736,51476182.86303841,63075892.41906948,51483013.935213454,55297458.461007774,5635554.074201558,0.0026349036671058338,1.1207832491224938,0.07279923040727387,red
259.1356783919598,683608.9526841537,1.0418666491773647,254928.7066015838,229938997.36168882,59297445.25226971,51446951.96970903,63076101.007352285,51453101.74869275,55297571.49935752,5625810.69852473,0.0026333367428638954,1.1207867672101715,0.07279946760982936,red
259.27638190954775,691602.3631025288,1.0543580685736649,256151.75468056466,229938184.96062168,59297658.28150969,51417907.672494054,63076313.57377301,51423380.449996665,55297686.57089132,5616127.331707465,0.002631779806729051,1.1207903524309293,0.07279970934710718,red
259.4170854271357,699689.2898204579,1.0669978590781688,257383.6584666728,229937370.6013558,59297875.35433095,51389048.847564705,63076530.253401265,51393848.88912079,55297803.70864861,5606503.623883952,0.0026302327985640124,1.1207940071458653,0.07279995577981567,red
259.5577889447236,707870.8327380148,1.0797877817082326,258624.55900088637,229936554.1632325,59298096.58019025,51360374.38170559,63076751.18339883,51364505.92693637,55297922.94529703,5596939.228433931,0.0026286956587982433,1.1207977337551671,0.07280020707134284,red
259.69849246231155,716148.1032164989,1.0927296159156612,259874.59689968653,229935735.52150372,59298322.06953744,51331883.17231469,63076976.50301966,51335350.43519038,55298044.31313245,5587433.801982688,0.002627168328427963,1.120801534698113,0.07280046338775634,red
259.8391959798995,724522.2240784364,1.1058251595867103,261133.9123550573,229934914.54733172,59298551.933815464,51303574.12740334,63077206.3536099,51306381.29650543,55298167.844078936,5577987.00440106,0.0026256507490161414,1.1208054124530713,0.0728007248978035,red
259.97989949748745,732994.3296075788,1.119076229042084,262402.6451344857,229934091.1077894,59298786.28546037,51275446.16559627,63077440.878607854,51277597.40437984,55298293.569688745,5568598.498805429,0.002624142862692503,1.1208093695375008,0.07280099177291129,red
260.1206030150754,741565.5655489035,1.1324846590369357,263680.9345809613,229933265.06586015,59299025.237901285,51247498.21613157,63077680.223544,51248997.6631876,55298421.52114238,5559267.951557729,0.002622644612153524,1.12081340850795,0.07280126418718635,red
260.2613065326633,750237.0891086139,1.1460523027608682,264968.9196129769,229932436.28043783,59299268.905560456,51219729.21886069,63077924.53604102,51220580.9881784,55298551.72924852,5549995.032265441,0.0026211559406624347,1.1208175319600584,0.072801542317415,red
260.40201005025125,759010.1145554152,1.1597811088674426,266266.81904967944,229931604.51561832,59299516.42177244,51192137.27265293,63078172.718943946,51192345.43621179,55298683.954597235,5540779.16128538,0.002619676747164683,1.120821720693897,0.07280182485510607,red
260.5427135678392,767885.8710296684,1.173673050205553,267574.8572930795,229930769.52462417,59299766.847417,51164720.42330175,63078423.583939075,51164289.01001229,55298817.93722544,5531619.743336215,0.002618206927815642,1.1208259539156566,0.07280211038316668,red
260.68341708542715,776865.4913510948,1.1877299359938138,268893.0684664706,229929931.2709843,59300021.56558488,51137478.74002081,63078678.89187046,51136411.77775185,55298954.05460057,5522516.783174954,0.0026167464854252383,1.1208302624783877,0.07280240100407627,red
260.8241206030151,785950.182640112,1.2019537000334892,270221.5969583127,229929089.58914003,59300280.60703302,51110411.129121445,63078938.687462844,51108712.62061241,55299092.311963886,5513469.940859333,0.002615295361518363,1.120834647185636,0.07280269677255934,red
260.964824120603,795141.1636633102,1.2163462948727053,271560.58705834806,229928244.30907536,59300543.99952834,51083516.504074484,63079203.01247617,51081190.427126095,55299232.71309045,5504478.878668565,0.00261385349800462,1.1208391087914822,0.0728029977399852,red
261.10552763819095,804439.6648334534,1.2309096918064506,272910.1829576015,229927395.25631684,59300811.7678478,51056793.78551027,63079471.90570553,51053844.09317514,55299375.260289066,5495543.261103354,0.0026124208371783256,1.1208436480005397,0.07280330395436808,red
261.2462311557789,813846.92820948,1.2456458808765778,274270.52874838025,229926542.2519337,59301083.93377836,51030241.90121864,63079745.402981184,51026672.52199196,55299519.95440235,5486662.754885886,0.002610997321718508,1.1208482654679575,0.07280361546036704,red
261.38693467336685,823364.2074965016,1.2605568708718002,275641.768424274,229925685.1125377,59301360.51611699,51003859.78614895,63080023.537168585,50999674.6241591,55299666.79480666,5477837.028959828,0.002609582894688907,1.1208529617994176,0.072803932299286,red
261.5276381909548,832992.7680458038,1.2756446893276951,277024.04588015494,229924823.6502833,59301641.53067068,50977646.38241005,63080306.33816833,50972849.31760926,55299815.77941215,5469065.754490336,0.0026081774995379754,1.1208577375511366,0.07280425450907375,red
261.6683417085427,842733.8868548454,1.2909113825267016,278417.50491217757,229923957.67286748,59301926.99025643,50951600.63927029,63080593.832916215,50946195.527625285,55299966.90466274,5460348.604864048,0.0026067810800988775,1.1208625932298653,0.07280458212432396,red
261.80904522613065,852588.85256726,1.3063590154981222,279822.2892177791,229923086.9835299,59302216.90470125,50925721.51315755,63080886.045383185,50919712.18684019,55300120.165536135,5451685.255689086,0.00260539358058949,1.1208675292928878,0.07280491517627515,red
261.9497487437186,862558.9654728542,1.3219896720181215,281238.542395679,229922211.3810528,59302511.28084216,50900007.96765917,63081182.99657536,50893398.23523711,55300275.555543795,5443075.384795058,0.0026040149456124004,1.1208725461480233,0.07280525369281067,red
262.09045226130655,872645.5375076082,1.3378054546097264,282666.40794587927,229921330.65976104,59302810.1225262,50874458.97352204,63081484.70453404,50867252.62014935,55300433.06673097,5434518.6722330535,0.002602645120154911,1.1208776441536243,0.07280559769845879,red
262.23115577889445,882849.8922536767,1.3538084845428278,284106.0292696643,229920444.6095221,59303113.43061041,50849073.50865253,63081791.184335686,50841274.29626036,55300592.68967669,5426014.80027565,0.002601284049589034,1.1208828236185782,0.0728059472143926,red
262.3718592964824,893174.5631775456,1.3700028377950986,285557.72588653554,229919555.11235282,59303421.37956346,50823849.93554882,63082102.25832978,50815461.57719336,55300754.78466045,5417563.253577078,0.002599931645258147,1.1208880802559797,0.07280630194013987,red
262.51256281407035,903620.0519700024,1.386389307589731,287021.516704782,229918660.47035304,59303733.83969553,50798787.68556775,63082418.06951288,50789813.88969183,55300919.0775244,5409163.859810977,0.002598587877577326,1.12089341748256,0.07280666211467114,red
262.6532663316583,914187.7326304566,1.4029700964457734,288497.54710589035,229917760.48710188,59304050.805175036,50773885.75005195,63082738.62161563,50764330.20211357,55301085.55924359,5400816.305332863,0.0025972526926281722,1.1208988354000784,0.07280702774498243,red
262.79396984924625,924879.015613438,1.4197474657122804,289985.96602111653,229916855.00513023,59304372.270836845,50749143.11461358,63083063.91147493,50739009.47674147,55301254.22701165,5392520.274582146,0.0025959260361644856,1.1209043339667,0.07280739882812462,red
262.93467336683415,935695.3248028526,1.4367236983662404,291486.92254524294,229915943.86563185,59304698.22878866,50724558.77109777,63083393.93268041,50713850.68224366,55301425.07710839,5384275.453922324,0.0025946078542735665,1.1209099130843578,0.07280777535731976,red
263.0753768844221,946638.0975119811,1.4539010990125742,293000.5659365779,229915026.90846312,59305028.66841101,50700131.71758272,63083728.675574504,50688852.79367342,55301598.10489972,5376081.531640979,0.0025932980933762117,1.1209155725987532,0.07280815732196108,red
263.21608040201005,957708.7844834811,1.4712819938841384,294527.045616956,229914103.97214326,59305363.57635726,50675860.95837959,63084068.1272524,50664014.79246925,55301773.304837726,5367938.197949778,0.002591996700226719,1.1209213122993558,0.07280854470761301,red
263.356783919598,968908.8498893846,1.4888687308417206,296066.5111717378,229913174.8938542,59305702.93655358,50651745.50403257,63084412.27156206,50639335.66645483,55301950.670460604,5359845.144984476,0.002590703621912883,1.1209271319194036,0.07280893749601115,red
263.49748743718595,980239.7713310991,1.5066636793740422,297619.1123498101,229912239.5094407,59306046.730199,50627784.37131885,63084761.08910421,50614814.40983905,55302130.19439272,5351802.066804909,0.002589418805855998,1.120933031135903,0.0728093356650623,red
263.63819095477385,991703.0398394088,1.5246692305977603,299184.9990635857,229911297.65341014,59306394.93576536,50603976.58324862,63085114.55723236,50590450.02321597,55302311.868344545,5343808.659395003,0.002588142199810856,1.1209390095696283,0.07280973918884447,red
263.7788944723618,1003300.1598744724,1.5428877972574626,300764.32138900354,229910349.15893278,59306747.52899734,50580321.1690651,63085472.65005276,50566241.51356488,55302495.68311272,5335864.620662765,0.0025868737518657484,1.1209450667851226,0.0728101480376068,red
263.91959798994975,1015032.6493258245,1.5613218137256717,302357.2295655288,229909393.85784155,59307104.48291242,50556817.1642445,63085835.33842446,50542187.89425022,55302681.62858002,5327969.65044029,0.0025856134104424652,1.1209512022906971,0.07281056217776966,red
264.0603015075377,1026902.0395123747,1.5799737360028432,303963.8739961525,229908431.58063218,59307465.76780094,50533463.61049605,63086202.58995927,50518288.18502166,55302869.69371534,5320123.450483759,0.002584361124296295,1.1209574155384314,0.07281098157192459,red
264.20100502512565,1038911.3052675156,1.598848349748161,305584.52851041243,229907463.59013414,59307832.47127018,50510259.593108594,63086575.513887465,50494541.44098773,55303060.39397104,5312325.719754068,0.0025831168439971477,1.1209637251717175,0.07281140748482953,red
264.34170854271355,1051062.0957500986,1.617948301053538,307219.3516802744,229906489.805378,59308204.62941268,50487204.168633364,63086954.144162096,50470946.69651176,55303253.75004103,5304576.163555326,0.0025818805190615376,1.120970131754689,0.07281183995450508,red
264.4824120603015,1063355.0651536689,1.6372746301790477,308868.4153248826,229905509.1331338,59308581.485818066,50464296.37352037,63087337.7042108,50447502.97191209,55303449.409822136,5296874.492443488,0.002580652098295094,1.1209766222232436,0.07281227809424771,red
264.62311557788945,1075791.8539563806,1.6568299691149453,310531.8752800109,229904521.45412907,59308963.04329002,50441535.27585871,63087726.19304079,50424209.3136024,55303647.379074045,5289220.415688113,0.0025794315318445195,1.1209831965507258,0.07281272190196474,red
264.7638190954774,1088374.1181169467,1.6766169747898454,312209.8877217565,229903526.64981037,59309349.30351152,50418919.95002409,63088119.6080541,50401064.774423145,55303847.66339904,5281613.644476079,0.0025782187701921407,1.1209898546818549,0.07281317137360785,red
264.9045226130653,1101103.5290746384,1.6966383290707256,313902.6091665398,229902524.60234338,59309740.26704488,50396449.47667877,63088517.94504767,50378068.41364149,55304050.26824198,5274053.891911579,0.002577013764155907,1.120996596532726,0.07281362650317312,red
265.04522613065325,1113981.773749287,1.7168967387629264,315610.1964711047,229901515.19461277,59310135.93333173,50374122.94277158,63088921.19821327,50355219.29695138,55304255.19889032,5266540.873016122,0.0025758164648893903,1.1210034219908087,0.072814087282701,red
265.1859296482412,1127010.554541282,1.737394935610148,317332.80683251837,229900498.3102224,59310536.30069299,50351939.441537924,63089329.36013755,50332516.49647352,55304462.46047411,5259074.304728532,0.002574626823881786,1.1210103309149482,0.07281455370227638,red
265.32663316582915,1140191.5893315712,1.758135676294453,319070.59778817114,229899473.8334951,59310941.36632893,50329898.0724998,63089742.42180201,50309959.090755336,55304672.05796599,5251653.9059049515,0.002573444792957913,1.1210173231353648,0.07281502575002845,red
265.4673366834171,1153526.611481662,1.7791217424362664,320823.7272157769,229898441.64947292,59311351.12631913,50307997.94146575,63090160.372583,50287546.164771035,55304883.99618118,5244279.39731884,0.002572270324278212,1.1210243984536545,0.07281550341213087,red
265.608040201005,1167017.3698336207,1.8003559405943752,322592.35333337274,229897401.64391685,59311765.575622484,50286238.160530925,63090583.20025176,50265276.80992154,55305098.27977751,5236950.50166097,0.002571103370338748,1.121031556642788,0.07281598667280163,red
265.74874371859295,1180665.6287100723,1.821841102265927,324376.6346993191,229896353.70330703,59312184.70807719,50264617.84807702,63091010.89097435,50243150.12403456,55305314.91325538,5229666.943539433,0.0025699438839712073,1.121038797447111,0.07281647551430316,red
265.8894472361809,1194473.1679141999,1.8435800838864316,326176.73021229956,229895297.71484268,59312608.516400784,50243136.12877233,63091443.42931172,50221165.211364545,55305533.90095779,5222428.449479637,0.0025687918183429008,1.121046120582345,0.07281696991694221,red
266.03015075376885,1208441.782729747,1.8655757668297615,327992.7991113214,229894233.56644207,59313036.99219011,50221792.1335717,63091880.79821968,50199321.182592675,55305755.24707034,5215234.747924305,0.002567647126956762,1.1210535257355867,0.07281746985906999,red
266.1708542713568,1222573.283921015,1.8878310574081498,329825.0009757148,229893161.1467426,59313470.125921324,50200584.99971656,63092322.979048885,50177617.15482691,55305978.95562121,5208085.569233475,0.0025665097636513473,1.1210610125653075,0.07281797531708203,red
266.3115577889447,1236869.4977328633,1.9103488868721914,331673.4957251336,229892080.3451007,59313907.906949915,50179513.870734915,63092769.95154484,50156052.25160194,55306205.03048116,5200980.645684505,0.002565379682600836,1.1210685807013547,0.07281848626541831,red
266.45226130653265,1251332.2658907124,1.9331322114108445,333538.4436195547,229890991.0515919,59314350.32351068,50158577.89644135,63093221.693847954,50134625.602879226,55306433.47536357,5193919.711472067,0.0025642568383150302,1.1210762297449501,0.07281900267656315,red
266.5929648241206,1265967.418873342,1.9561904275864093,335420.3380572947,229889893.45632684,59314799.30884117,50137776.07354777,63093680.55297412,50113336.17670579,55306664.915795065,5186902.431099512,0.002563141176791251,1.1210840005163458,0.07281952732897463,red
266.73366834170855,1280774.0618081698,1.9795220728321639,337319.10817053367,229888787.24233246,59315253.49337433,50117107.67546353,63094144.85270947,50092183.23315361,55306898.921944275,5179928.5924747065,0.0025620326593736404,1.1210918638287102,0.07282005823537971,red
266.8743718592965,1295753.8981121667,2.003129879845824,339234.899765702,229887672.28792384,59315712.77149162,50096571.87827423,63094614.45615584,50071165.92929196,55307135.46813181,5172997.938873949,0.002560931241990291,1.1210998172794486,0.07282059523183211,red
267.0150753768844,1310908.923445473,2.0270170531375236,341167.8821709592,229886548.49298432,59316177.17201314,50076167.85324965,63095089.389928296,50050283.41689086,55307374.571844906,5166110.210502873,0.002559836880288594,1.1211078613104914,0.07282113834801936,red
267.15577889447235,1326241.1523082547,2.0511868275801124,343118.225336174,229885415.7583695,59316646.724283814,50055894.77781135,63095569.68104106,50029534.85400477,55307616.25093926,5159265.149423884,0.002558749530244083,1.12111599637002,0.0728216876140475,red
267.2964824120603,1341752.6180407044,2.0756424684091592,345086.0998329248,229884273.985907,59317121.45817336,50035751.8355327,63096055.35690749,50008919.404972546,55307860.52363907,5152462.499556158,0.0025576691481604317,1.121124222912466,0.07282224306044115,red
267.43718592964825,1357445.372823042,2.1003872712229517,347071.67685449944,229883123.07839665,59317601.40407626,50015738.21613891,63096546.445340075,49988436.240417466,55308107.408537,5145702.006675638,0.002556595690669458,1.1211325413985125,0.07282280471814341,red
267.5778894472362,1373321.487675514,2.1254245619824936,349075.1282158955,229881962.93961048,59318086.59291184,49995853.115506954,63097042.974550456,49968084.53724723,55308356.924594186,5138983.418415042,0.002555529114731119,1.1211409522950928,0.07282337261851596,red
267.7185929648241,1389383.052458393,2.150757697011508,351096.62635381985,229880793.47429264,59318577.056124195,49976095.73566564,63097544.97314941,49947863.47865396,55308609.09114026,5132306.484263854,0.0025544693776335162,1.1211494560753914,0.07282394679333899,red
267.85929648241205,1405632.1758719778,2.1763900629964352,353136.3443266891,229879614.5881594,59319072.82568221,49956465.2847956,63098052.470146865,49927772.254114166,55308863.927873306,5125670.9555683285,0.002553416436992891,1.1211580532188434,0.07282452727481124,red
268.0,1422070.9854565954,2.202325076986435,355194.4558146292,229878426.18789926,59319573.93407959,49936960.97722922,63098565.49495186,49907810.0593888,55309121.454859905,5119076.585531493,0.0025523702507536275,1.121166744211135,0.07282511409555002,black
268.1010101010101,1433986.7983474752,2.2211171027787344,369497.98499583185,238199302.16161132,59427919.07153372,49927143.82006104,63106273.21859704,49893836.26074284,55660292.351004034,5114382.686688992,0.0025516293791017905,1.1212999017173302,0.07282744014283205,black
268.2020202020202,1445993.5052652191,2.240009246397751,384007.6741483079,246706122.279095,59750834.39842302,49925694.47295839,63152292.135743596,49881385.10078851,56532290.42245237,5109791.295671991,0.0025509348457454194,1.1220546981327792,0.07284619959321854,black
268.3030303030303,1458084.3559712593,2.2589594163020705,398711.6176356739,255395914.7256519,60287165.64818702,49932759.74915458,63270130.760895915,49871750.68216697,57720770.511974,5105385.429549189,0.002550350723903646,1.1238933214758429,0.07291050143810077,black
268.4040404040404,1470253.9085348689,2.277940748690406,413595.0786134009,264264579.93220437,61037062.69104566,49948478.249968655,63486456.68062373,49865980.29735341,59119097.3940878,5101244.611088291,0.002549942881469102,1.127150083067237,0.07305351320799873,black
268.5050505050505,1482496.8992285526,2.2969324085892637,428640.2338214972,273306758.6320326,62001806.305152155,49972983.89604067,63823557.14625295,49864957.5653926,60662750.962366715,5097447.216970846,0.00254975692830396,1.1321396187023898,0.07330404930091772,black
268.6060606060606,1494807.9681295997,2.315917056711465,443826.22721141373,282515816.6050716,63183545.724280804,50006404.632144056,64300419.315596946,49869437.00979101,62313843.93802522,5094070.28851539,0.0025498261008559757,1.1391490608582175,0.0736879706961998,black
268.7070707070707,1507180.7559514805,2.3348778925274614,459125.6310649899,291882526.023314,64585612.98860297,50048871.975910984,64934483.94042502,49880106.51679465,64052508.205238536,5091197.25832679,0.0025501840663148083,1.1484616005265305,0.07423018271285155,black
268.80808080808083,1519611.0889389897,2.353804724129338,474519.8426198152,301400448.07126385,66210354.52652954,50100462.986865565,65735468.03004036,49897345.05963893,65870370.60089498,5088879.082542847,0.002550854150624949,1.16024490197089,0.07494433558102495,black
268.90909090909093,1532089.681433066,2.3726766469216076,489966.125854942,311054205.9135886,68063060.4820497,50161318.33922822,66720519.91309374,49921802.4694522,67756727.86135334,5087217.1430293005,0.0025518894410084224,1.1748145728432966,0.07585331134207847,black
269.010101010101,1544611.0770096586,2.3914824108374004,505438.5103037565,320834043.06754756,70146709.41896042,50231500.1874751,67897267.53536098,49953752.723879844,69709462.93496895,5086263.56342957,0.002553307156559451,1.1923124029679886,0.07696748118855659,black
269.1111111111111,1557165.5665195857,2.410202511734744,520890.29339179123,330721930.9440527,72466098.54963309,50311098.90535602,69277698.55673876,49993612.620009735,71724856.14996503,5086104.8706893185,0.0025551330442285304,1.21296282951559,0.0783030911132547,black
269.2121212121212,1569748.010330499,2.428827325327006,536296.2309355014,340707481.8428993,75022963.5868365,50400138.07631211,70866326.41702344,50041522.61446481,73801775.23082924,5086780.014456224,0.0025573980214172167,1.2368526974170748,0.07986615502590316,black
269.3131313131313,1582347.7274489424,2.4473363219142064,551604.2447360051,350769760.7708351,77821559.96725425,50498685.286026604,72673894.05414201,50097834.084822275,75937288.70493914,5088375.083936151,0.0025601501808417463,1.2641865481881864,0.081671077314835,black
269.4141414141414,1594955.0451221901,2.4657113678239666,566766.9576927968,360889310.3276781,80865082.43456781,50606787.16838375,74709138.91725318,50162823.761720255,78130009.48523939,5090964.516555509,0.0025632392449279062,1.2951312542719566,0.08372894670695716,black
269.5151515151515,1607560.569031246,2.48393631831544,581738.0717382593,371045288.2754486,84153712.5838534,50724426.05309991,76976393.49362114,50236588.74831501,80378906.696563,5094605.002150778,0.0025665352628502776,1.32977526654675,0.08604529994552358,black
269.6161616161616,1620155.287832334,2.5019953202219782,596473.8451574804,381217908.17761755,87687410.11953951,50851587.6241175,79480382.81692128,50319257.11294557,82680402.44608842,5099352.9941103365,0.002570645524837536,1.3682160778366341,0.08862761556287194,black
269.7171717171717,1632727.9689729996,2.5198692922246657,610920.156555619,391381693.21520406,91464461.06948665,50988230.88906121,82225635.64967902,50410949.057530686,85031575.51114252,5105275.079744062,0.0025750539188192337,1.4105507487742919,0.0914821888050511,black
269.8181818181818,1645268.3271867088,2.5375411960878624,625028.4209079199,401512665.7156431,95481486.81638557,51134292.235992625,85214910.36167113,50511739.86984953,87429117.89411934,5112428.698165639,0.0025799548997697767,1.4568479434420676,0.09461369887273506,black
269.9191919191919,1657765.9825175216,2.5549942176327995,638750.6814133249,411586113.71367717,99733456.63151644,51289686.20470725,88449760.22584648,50621678.63856831,89869397.49604389,5120869.242037676,0.0025853261512403746,1.5071582886537924,0.09802549069808138,black
270.020202020202,1670210.6987355978,2.572212211983175,652041.2730376943,421577113.1123932,104213399.54794791,51454302.79772798,91930203.90256502,50740784.88975673,92348430.55339842,5130648.835864593,0.0025911715134871974,1.561509311130897,0.1017192756604656,black
270.1212121212121,1682592.4013751384,2.5891797721638756,664857.4156140678,431460571.91322535,108912130.51400116,51628004.30319149,95654422.2150659,50869046.85820309,94861834.64859308,5141816.365919113,0.002597496634072931,1.61990197336655,0.10569487547913663,black
270.22222222222223,1694898.8863227025,2.6058780553118512,677146.4745737646,441206305.08229786,113819391.7577519,51810634.630459756,99620903.87138097,51006461.55131906,97404469.9385114,5154431.928692216,0.0026043090140165023,1.682346929681282,0.10995275583787162,black
270.32323232323233,1707120.1313551476,2.6222926773482333,688870.9046923716,450788457.6977124,118921432.37584592,52001993.01192064,103824096.47152492,51152955.52622853,99971008.49887235,5168540.18595796,0.0026116833878068488,1.7487864622539169,0.11448866503416882,black
270.42424242424244,1719246.2679741655,2.6384095736561815,699994.2508085306,460181474.4833681,124204229.39936166,52201875.18556351,108258141.95995787,51308450.03260945,102556103.83323891,5184184.688482246,0.002619699486183092,1.8191577207818512,0.11929799689059085,black
270.52525252525254,1731267.2262558648,2.6542145126130863,710480.7846646697,469359305.6095616,129652641.33734776,52410062.69285278,112916362.41263904,51472853.07204133,105153831.25937226,5201409.742419375,0.002627715801695355,1.8933809038011113,0.1243742973956313,black
270.62626262626264,1743173.5884512372,2.669695275115804,720304.080038857,478296901.48336023,135247208.20892897,52626272.604847305,117787435.81489372,51646010.05668447,107757818.80484165,5220253.80354238,0.0026358182480561952,1.971316009386183,0.1297076067599367,black
270.72727272727275,1754956.7752952338,2.684840919367095,729441.337240218,486971441.9251449,140969520.64990368,52850230.11413491,122860167.17566888,51827769.26879483,110362180.86478823,5240752.024650158,0.0026452036518070715,2.0528191943183898,0.13528792557304042,black
270.82828282828285,1766608.0594635485,2.6996408227602884,737873.2282358609,495359609.89028376,146798394.36292562,53081618.82474275,128120807.92701033,52017938.38572021,112960095.96570837,5262939.3480480015,0.0026546559592814105,2.137699705360469,0.1411012228731756,black
270.92929292929296,1778119.9116103428,2.714086382099485,745587.0300324553,503441201.31632537,152713048.4329547,53320118.69607864,133554859.33324619,52216312.648787536,115545111.86298811,5286845.312153961,0.002664598878598812,2.2257520479243533,0.14713283995705756,black
271.030303030303,1789485.437615522,2.7281703931074532,752575.8047166901,511197703.5742231,158691564.93832314,53565382.53763834,139145896.64515498,52422655.994936064,118110604.5342914,5312496.367199702,0.00267495810934955,2.316736655681458,0.15336571327720117,black
271.1313131313131,1800699.2410220539,2.7418880915539625,758840.1212525684,518614677.9284605,164713144.93796033,53817066.517690256,144877025.69549003,52636719.653249614,120650500.91221495,5339912.6302686995,0.002685665391316997,2.410399580493861,0.15978185918211188,black
271.2323232323232,1811754.7174615366,2.7552332875502086,764378.2382336977,525674422.10359585,170753808.72263148,54074779.462593906,150729216.38994098,52858225.588970095,123157724.29799871,5369118.935001723,0.002696659434863582,2.5064572390291606,0.16636116495177505,black
271.3333333333333,1822646.3533571404,2.7682015166310427,769193.3486446226,532362233.9275985,176790670.92833808,54338134.56677078,156683356.17541987,53086889.32990401,125625531.3024977,5400135.499460484,0.00270815820796651,2.604620579607114,0.17308323301570766,black
271.4343434343434,1833371.4228110188,2.780792933467134,773302.3551201127,538671129.4557714,182802996.85932395,54606740.49702121,162719113.44667187,53322392.527109995,128048160.31742103,5432970.462169502,0.0027205524913689948,2.7045666516570583,0.17992546115951993,black
271.5353535353535,1843926.94864875,2.7930074279110504,776721.3394886665,544593509.4636283,188769549.1363975,54880196.38308485,168815766.592399,53564406.09979763,130419867.41945204,5467632.924995112,0.0027326418669451212,2.8059636912881762,0.1868645578479301,black
271.6363636363636,1854310.8473774188,2.8048464045512445,779470.4649199855,550124294.7026365,194669805.7408338,55158092.0263573,174952315.89186463,53812586.55740716,132735043.47307889,5504128.14728118,0.0027451998715181105,2.908472279353635,0.19387687975003193,black
271.73737373737373,1864521.9163688726,2.81631272953338,781573.4061126835,555260892.7488941,200484231.11967003,55440016.078515254,181107664.97210592,54066577.01101352,134988494.8220362,5542457.3810259,0.002758096237063457,3.011745883018898,0.20093831731540407,black
271.83838383838383,1874559.7833506782,2.8274106452045866,783056.874669405,560003025.9769915,206194295.565408,55725554.520352006,187260723.0560146,54326007.87836377,137175402.39224187,5582617.957333225,0.002771293854395963,3.11543315313365,0.20802450296719063,black
271.93939393939394,1884424.8408304325,2.8381453228783093,783948.2968027388,564352513.349257,211783683.76986617,56014319.33861978,193391930.82868943,54590523.368893474,139291619.48148224,5624603.805041964,0.0027847622628059602,3.219203883589382,0.21511259873158944,black
272.04040404040404,1894118.5942873368,2.848523285627098,784275.6675608857,568314176.6167504,217239431.59779233,56305960.421921775,199484163.4178581,54859786.828653015,141334042.59495187,5668403.451222316,0.0027984176068453063,3.3227616060819147,0.2221821995062095,black
272.14141414141415,1903642.9582024114,2.8585525449112135,784072.9412164184,571894100.991083,222546110.8763462,56600056.81266117,205516877.43410563,55133392.06471268,143298998.14368984,5714002.557816136,0.0028121544702713924,3.4257499844108494,0.22920878869961214,black
272.24242424242425,1912999.5593969761,2.868240922240944,783374.8918362504,575097625.074749,227686822.41865054,56896164.12463713,211468183.43278253,55410915.72688024,145182383.0551296,5761388.08587377,0.002825890749902,3.5277920232985114,0.23616639379846024,black
272.34343434343435,1922191.1024557159,2.8775973493992093,782215.1100950566,577932840.2734492,232648833.40895072,57193890.84332191,217319402.9920059,55691969.15979267,146981281.0011164,5810541.287757413,0.0028401651288358244,3.628563557290337,0.2430328114290709,black
272.44444444444446,1931222.1486041793,2.8866329220904037,780626.2982118274,580412492.2294283,237425698.65846536,57492917.35920772,223056806.7608618,55976202.765170075,148694717.87408346,5861433.119714926,0.002855960163956049,3.7278083967589573,0.2497907149344213,black
272.54545454545456,1940096.9174885473,2.8953586444833097,778642.6260306413,582548381.1983433,242008760.94265753,57792890.735754006,228665023.33454245,56263234.91427044,150321157.70424265,5914035.462959194,0.0028712198253376345,3.8252365353444477,0.2564202201678655,black
272.64646464646466,1948820.1647627829,2.9037861443253314,776297.5583791543,584353560.0245239,246391276.00696787,58093476.10195513,234130197.95367494,56552696.52620637,151859598.60071355,5968316.4000882,0.0028854864601595745,3.920591202109889,0.26290404938457995,black
272.74747474747477,1957396.9587084074,2.911927425190673,773624.0348589488,585841739.6593673,250567618.45044503,58394347.52329503,239439505.26803717,56844224.789155066,153309399.8291545,6024241.5035887435,0.0028999250818582153,4.013630724649762,0.269225981135749,black
272.8484848484849,1965832.7091884536,2.919794879716535,770654.2315650664,587027315.1035589,254533492.00388896,58695195.278053485,244581394.39447743,57137465.13813827,154670331.13096386,6081773.352132286,0.002914962341438171,4.104132034322772,0.2753709617534654,black
272.949494949495,1974133.166026156,2.927401273695503,767419.367869104,587925301.2994933,258285999.0161496,58995726.94382526,249545691.96287832,57432072.58040745,155942590.34528887,6140871.322006828,0.0029304736610292178,4.191893484899509,0.2813254025522546,black
273.050505050505,1982304.3274254438,2.9347596055755094,763949.6017069605,588551096.2588519,261823437.3342564,59295666.50606363,254323511.94626984,57727712.70788979,157126736.25664064,6201492.1081515,0.002945955942498197,4.276734926553279,0.2870772688687222,black
273.1515151515151,1990352.4131497352,2.941883046045674,760273.7884408034,588920356.5228701,265145331.79492846,59594754.81735272,258907373.3526719,58024063.92611276,158223692.99461806,6263589.647725549,0.0029612428414809797,4.358499967539832,0.2926162226857399,black
273.25252525252523,1998283.757496142,2.9487848286529945,756419.8710812769,589048816.0452102,268251957.74193045,59892744.14661953,263290709.69205838,58320813.805321775,159234607.86511213,6327116.188191195,0.0029763559045189753,4.43704762832852,0.2979329706948772,black
273.35353535353534,2006104.9822657919,2.9554783778109397,752413.8121511869,588952477.1827617,271145326.45372695,60189412.30569028,267469007.72964877,58617669.657318585,160161144.94989073,6392020.072417925,0.002991597355103883,4.51227155880341,0.3030206197478944,black
273.45454545454544,2013822.6584483108,2.961976910022915,748280.3467333295,588646958.5718329,273827906.7966195,60484549.8124598,271438568.67395145,58914350.89232768,161005090.01064718,6458248.643403511,0.0030069163135552656,4.584080252842775,0.3078732410041031,black
273.55555555555554,2021443.5463897313,2.9682937268568685,744042.5680810994,588147985.3074626,276303479.97139055,60777968.127344824,275197305.34198755,59210593.55064715,161768616.46766102,6525746.305802068,0.0030222952581449854,4.652409680392131,0.3124868100128519,black
273.65656565656565,2028974.262548729,2.974441783973474,739722.3247846585,587470665.3695756,278576043.0821171,61069489.95796794,278743791.8842531,59506146.5519547,162453942.44275993,6594457.030330925,0.0030376385579848936,4.717208779273103,0.31685814226442105,black
273.75757575757575,2036421.4347020409,2.980433887720353,735340.0287272475,586629807.125705,280650322.948562,61358954.21466782,282077705.53488547,59800774.14077686,163063491.66880453,6664323.16194886,0.0030529284354432126,4.778446342233047,0.3209854391119326,black
273.85858585858585,2043791.630214551,2.9862825548148617,730914.3522857073,585639693.8711202,282531734.48641074,61646218.44438091,285199912.58805543,60094259.21590259,163599871.90529993,6735285.58897665,0.0030681454044737843,4.836112987740642,0.3248683735667148,black
273.95959595959596,2051091.3154762397,2.991999974325813,726462.4414484432,584514024.2980797,284226169.63777596,61931156.20661404,288112226.31568664,60386401.73619485,164065811.107018,6807284.22771826,0.0030833397440490386,4.890217209206506,0.3285078353639622,black
274.06060606060606,2058327.0717365989,2.9975985503054217,722001.7563645039,583266848.3707767,285739666.29183686,62213638.16550776,290816459.32518625,60676996.6402117,164464094.29599553,6880258.55066094,0.0030984481339151556,4.9407665388529285,0.331904653062737,black
274.16161616161617,2065504.915467488,3.0030891781969675,717544.2221647984,581909669.5412338,287079492.1011982,62493592.87970377,293317466.2688468,60965903.92554533,164797770.14476976,6954146.108556524,0.0031134884635802143,4.98782753446122,0.3350635866815481,black
274.26262626262627,2072631.359117812,3.008484096605965,713106.785303587,580456258.9902631,288251756.06280005,62770896.29769385,295617307.4643809,61252924.83792421,165069633.86811176,7028886.299044177,0.0031284368301872155,5.031412732400516,0.3379857994080095,black
274.3636363636364,2079712.4026344279,3.013794190908493,708701.5319108391,578918130.873343,289263607.9172537,63045475.43508232,297720692.5130213,61537918.156078465,165282701.6072754,7104417.114106455,0.003143287638302968,5.0715861742899735,0.3406758884472933,black
274.4646464646465,2086753.8139464883,3.019029738264384,704338.3895319975,577305788.5276504,290122648.656956,63317280.007109314,299633500.0946138,61820768.3007897,165440084.30816188,7180675.973315946,0.0031580404160976073,5.10843466997168,0.34313996968409805,black
274.5656565656566,2093761.6360912186,3.024201786878641,700030.3121589607,575631055.3466183,290835723.7865324,63586227.89699587,301359864.04756594,62101324.58049272,165544719.07006466,7257601.611744292,0.003172684685907477,5.142011522652299,0.3453819188019714,black
274.6666666666667,2100741.3460069792,3.0293199775453696,695785.7043141956,573903475.1267726,291410441.1332511,63852284.832548186,302906220.78772473,62379491.64576974,165599680.10368696,7335132.349897301,0.0031872148364540213,5.172415607446407,0.3474086437881698,black
274.7676767676768,2107698.506509576,3.0343941588703207,691613.60735993,572132923.6051891,291854318.0510226,64115409.844517946,304278698.3451119,62655166.289015256,165608027.82917684,7413206.498339021,0.003201625017762317,5.1997396288664754,0.3492266427449949,black
274.8686868686869,2114638.053825653,3.039432887548861,687520.5448189824,570327454.770128,292174541.91743755,64375587.95617918,305483980.7475318,62928280.4377716,165572639.9052123,7491765.607561353,0.003215910884733084,5.224090262607957,0.3508433035184393,black
274.969696969697,2121564.9749185885,3.044444795585559,683512.966072219,568495191.7353884,292378456.1381798,64632805.07315813,306528928.2528555,63198766.074043125,165496445.7994425,7570750.552042193,0.00323006800133022,5.245577108469021,0.3522662162922598,black
275.07070707070704,2128484.7168632126,3.0494394831315246,679599.3542360658,566645647.4656037,292473560.44522995,64887026.02836167,307419845.73132575,63466527.451818824,165382484.57477456,7650100.10219648,0.003244090805913277,5.264296810575978,0.3535021354610945,black
275.17171717171715,2135402.1481972323,3.0544252532144944,675784.8781429919,564786373.8867248,292467510.1402758,65138250.28547567,308164338.8956718,63731511.58562313,165233758.27640006,7729754.547562859,0.0032579752363530454,5.280373346889625,0.35455961352299187,black
275.27272727272725,2142321.6322464654,3.0594096008599125,672074.9556828262,562924148.7398813,292366656.9273792,65386473.9522244,308768622.5751359,63993669.824289255,165052821.39535758,7809660.748418234,0.003271719285393617,5.293907928425999,0.35544562208547587,black
275.37373737373736,2149247.292760084,3.06439948963996,668473.6913023988,561064958.5038649,292177391.2851866,65631706.85696415,309239401.2764963,64252970.59044168,164842205.49302444,7889766.327443956,0.00328532164799957,5.305012161276943,0.3561678151849582,black
275.47474747474746,2156183.321701279,3.0694016721099895,664982.0655416006,559213978.6074668,291907697.8691195,65873992.33527527,309586048.1838353,64509414.14169211,164604911.21209547,7970012.939628867,0.003298780154041674,5.313846471332448,0.3567371517873731,black
275.57575757575756,2163133.52458912,3.0744222164704764,661600.6093905258,557375602.6591548,291564857.9229687,66113378.00186627,309817386.41252404,64763010.76589163,164343681.4943225,8050346.213744782,0.0033120940834814585,5.320563344558257,0.35716402191742613,black
275.67676767676767,2170101.649037951,3.0794674598325367,658333.3684909269,555555300.5312849,291154450.0124876,66349871.79168039,309939158.30693567,65013731.795306146,164060743.6706625,8130718.857160817,0.003325262470054814,5.325258086440577,0.3574549591237922,black
275.77777777777777,2177091.284198625,3.0845435671064894,655185.2490725134,553758590.5059968,290681305.6637484,66583471.31519568,309955986.6151079,65261540.41815594,163758079.7290565,8211087.191776219,0.0033382846261816724,5.328005945041618,0.35761513387851884,black
275.8787878787879,2184105.520579012,3.0896550387692017,652153.0395402357,551987562.1550665,290152742.1851603,66814263.16425554,309878008.9321916,65506495.91074782,163438340.601326,8291399.435452849,0.003351161918679143,5.328987694313252,0.35765678847966664,black
275.979797979798,2191147.345700212,3.094806446451122,649235.8530930284,550244920.5113169,289574802.6345027,67042307.41137166,309713161.30717546,65748632.40709161,163103782.77370936,8371609.33165515,0.0033638957034637968,5.3283435705659175,0.3575894265786577,black
276.0808080808081,2198219.749345062,3.100002636793198,646435.364828433,548534350.1076742,288952478.28125834,67267634.63909304,309467238.8816375,65987953.38263661,162756342.2384469,8451676.02770513,0.0033764858866312127,5.326173100166046,0.3574198250164649,black
276.1818181818182,2205325.708436932,3.1052486824420042,643755.583382853,546860408.2463,288289770.1447536,67490248.48917572,309144048.7836606,66224434.49106187,162397651.1559945,8531563.805705998,0.003388931063163789,5.322538082375974,0.3571522325953356,black
276.2828282828283,2212467.5340288975,3.1105477657693212,641192.9891923674,545223915.8150506,287592346.5251365,67710235.74874562,308752012.86739403,66458146.07135732,162029757.41444072,8611230.462452134,0.003401234507042021,5.317591403604344,0.35679695405625916,black
276.3838383838384,2219647.53221096,3.1159033207432256,638746.5154828904,543626622.2065848,286864853.3367738,67927654.93294233,308297485.13127565,66689129.15935197,161654396.36897126,8690639.070032584,0.0034133981086990864,5.311446665496924,0.3563616623015877,black
276.4848484848485,2226867.992347733,3.121318839366115,636415.9677708397,542070641.6889621,286111552.3942007,68142553.3844013,307785977.30361545,66917412.773300216,161273175.76566195,8769755.640169932,0.003425422998637454,5.304201096123653,0.3558529431924715,black
276.5858585858586,2234131.293720119,3.1267981251436514,634202.8028369206,540558921.2494253,285336237.376457,68354958.2554164,307221736.51443446,67143002.8453106,160887560.15982687,8848549.761510516,0.003437308874881837,5.295926718535484,0.35527571772378447,black
276.6868686868687,2241439.1281586243,3.13234344541772,632104.4503807934,539091830.2375848,284542846.4067741,68564942.24365062,306610823.86523277,67365962.9059229,160498984.49878836,8926989.95408452,0.0034490589055246957,5.286734727749839,0.35463745409182357,black
276.7878787878788,2248793.2176182433,3.1379572369186355,630119.5546117899,537670308.4118257,283734896.58996034,68772562.91254185,305958272.64995545,67586339.60545182,160108749.2754194,9005047.957530348,0.003460675203264063,5.276716065374114,0.3539442796012721,black
276.8888888888889,2256195.251012652,3.143641910093995,628246.9773050719,536295440.01989114,282915822.34436065,68977874.1766588,305268861.8284117,67804175.24016885,159718119.9696526,9082697.470099434,0.0034721597081963807,5.265956461388063,0.3532019821008956,black
276.98989898989896,2263647.0618234426,3.1494002127187457,626486.4067359964,534969041.69394445,282089206.3743947,69180919.18057351,304547085.36488,68019496.99223088,159328417.06324515,9159914.074308772,0.003483513690429451,5.254534337075437,0.3524158949886692,black
277.09090909090907,2271149.7709921733,3.1552334751830493,624835.4190801601,533690825.38224006,281257665.04157585,69381764.66405138,303797300.19409484,68232368.85571252,158940581.64585954,9236675.595727513,0.0034947401503765065,5.242530925072011,0.35159145215488447,black
277.19191919191917,2278704.5656631016,3.161143204771423,623292.1483377247,532460976.024839,280423861.0831783,69580469.73886386,303023591.7837616,68442844.45816095,158555570.09243017,9312961.776994163,0.003505841637920567,5.230021074591602,0.3507336837773843,black
277.2929292929293,2286312.47902589,3.16713063494626,621854.5315227567,531279422.8224273,279590217.3079255,69777094.71585305,302229812.14119464,68650980.39834969,158174242.48446414,9388754.369974727,0.0035168208689555086,5.217075850868069,0.3498473588646035,black
277.3939393939394,2293974.8348299484,3.173197604611514,620521.3913998127,530147075.39114517,278759661.6169506,69971688.01887204,301419956.62012565,68856815.0872418,157797656.31898612,9464034.585394539,0.003527679705349884,5.203766596579031,0.3489373007721917,black
277.4949494949495,2301692.545770297,3.1793451702973416,619290.7275102967,529063872.6361083,277934451.07494915,70164306.83960658,300597569.1750261,69060402.14506602,157426602.92316365,9538787.118297499,0.003538420764955273,5.19015852136138,0.34800788919675824,black
277.5959595959596,2309466.2132224515,3.18557380343892,618159.9591041271,528029060.1052508,277116339.0691974,70355014.20147945,299765826.90457517,69261805.65390176,157061673.3532568,9612999.575824542,0.003549047192742591,5.176311613065629,0.34706313096777125,black
277.6969696969697,2317296.4392165607,3.1918840074713284,617126.6850382956,527042057.5616289,276307098.18867236,70543869.77544235,298927804.5065189,69461085.30760193,156703464.52878484,9686660.68728511,0.0035595619449086493,5.1622834881907105,0.3461068814870379,black
277.7979797979798,2325183.74111513,3.198276150992576,616188.4847117773,526102212.8755973,275508362.72098345,70730932.12742932,298086383.5544214,69658300.29077539,156352517.844216,9759760.643200705,0.003569967965751684,5.148128288268933,0.3451427620354568,black
277.8989898989899,2333129.1554059763,3.204751685916386,615344.4967619356,525210372.22040135,274722461.8872702,70916237.68465991,297244537.54123414,69853478.28974414,156009656.33240718,9832285.776039533,0.0035802665689673493,5.133898202076148,0.34417431553169825,black
278.0,2341132.72338208,3.2113100923300357,614591.4596745264,524364942.0023238,273950330.07883173,71099853.4884094,296404616.9865191,70046693.21344344,155675139.05455044,9904231.90099944,0.0035904614973782754,5.119639647909925,0.3432046158875183,green
278.2005012531328,2357191.9786175224,3.2245712523995644,604102.4866664051,522817232.4169277,272463020.0056358,71459636.41603541,294754562.93272144,70424756.72352497,155036463.28737164,10045311.150415765,0.0036104154499778177,5.091477045453228,0.34129088746594965,green
278.4010025062657,2373482.7468383866,3.238157884085696,594599.1476897105,521442983.31732696,271041587.203856,71813327.20386136,293135040.59471565,70795690.47420385,154432961.26295716,10184061.580169698,0.0036300538005296728,5.0636396932280086,0.3394011153056507,green
278.6015037593985,2390005.7878692076,3.252067525281134,585998.223159241,520234049.8469934,269693654.214809,72161353.54553896,291561101.2358769,71159946.63251624,153867376.79213768,10320465.176301707,0.0036496744305215406,5.036419194956607,0.33755409572164286,green
278.8020050125313,2406761.243263372,3.2662980109098907,578245.2692212674,519184506.4893582,268423604.38314554,72504003.12178804,290041975.7566823,71517830.06210089,153343982.62054098,10454518.477009708,0.0036680253311356333,5.009981132276943,0.33576493042617644,green
279.0025062656642,2423747.734661939,3.280843220054249,571263.2898324974,518284090.5255013,267236003.83899286,72841690.72130801,288588980.1395403,71869802.3202171,152860476.63286373,10586236.770237232,0.003686620891497337,4.984561002926675,0.3340448468587073,green
279.203007518797,2440963.216298645,3.2956967323586435,564991.2915535464,517523333.45608866,266133077.79573348,73174754.54333094,287209479.9660601,72216244.0913958,152417102.70426872,10715649.294000603,0.0037048851232983258,4.960304008550768,0.33240442980469803,green
279.4035087719298,2458405.107188427,3.3108514889098486,559374.3279386051,516892781.79875517,265115810.06420523,73503501.05713351,285908902.9891783,72557507.86355458,152013751.50287956,10842795.093364133,0.0037228303035811996,4.937321613992609,0.33085132131355627,green
279.6040100250627,2476069.8727243613,3.326298730954923,554356.0795291371,516381686.48511857,264183986.48477447,73828245.49562134,284691331.5223577,72893963.90201353,151649613.03717557,10967729.14759797,0.0037405956872913126,4.9157031244433895,0.3293914247731647,green
279.8045112781955,2493953.9085723995,3.3420300388317314,549889.4428499589,515980303.90076125,263336499.2699339,74149251.22867031,283559030.7866087,73225926.54871045,151323561.14430737,11090508.335972227,0.003758085757126164,4.895503240882046,0.32802827453460875,green
280.0050125313283,2512053.9538527895,3.3580381205267025,545938.115249214,515680590.76972234,262571808.03253728,74466719.77121057,282512885.46414465,73553640.7064343,151034431.39650705,11211184.81909068,0.0037753384021923333,4.876748909975941,0.3267635759627093,green
280.2055137844612,2530365.5626236903,3.3743133556677245,542458.4572421992,515472333.27523226,261887313.1321963,74780890.76515552,281553003.1253603,73877402.10042739,150780508.9925174,11329830.409231799,0.003792377457420339,4.8594555985076315,0.32559823516086045,green
280.406015037594,2548885.688244949,3.3908495061410897,539426.7311298144,515349353.83180517,261280701.66591093,75091890.34229116,280678280.92218703,74197371.9433576,150560488.28989178,11446495.111925097,0.003809209183692745,4.843611100898949,0.3245313533702878,green
280.6065162907268,2567610.0940844035,3.4076374760593295,536802.5185789332,515302080.04341483,260749374.5087129,75399938.98411669,279888565.48056155,74513823.52844822,150372704.5273577,11561247.515963016,0.0038258548935166943,4.829225225046386,0.323563465551961,green
280.8070175438597,2586534.081785543,3.424668088298773,534556.4863081137,515321972.80517995,260288958.33394325,75705181.43358062,279180497.97408885,74826951.91437797,150214934.98429316,11674165.687432729,0.003842317838214696,4.8162472837040085,0.32269106093974886,green
281.0075187969925,2605652.7470657006,3.4419309784306646,532644.6443531051,515398327.65403455,259896173.61915046,76007854.8369139,278553322.0155167,75137053.88879916,150085184.07322526,11785329.43021393,0.003858619045875285,4.804677457682149,0.3219140139150114,green
281.2080200501253,2624962.1529269703,3.4594189984272155,531050.7382322707,515525167.3241948,259566232.15131846,76308017.62300546,278002010.13609344,75444225.80758856,149981288.4981457,11894806.15988243,0.0038747597618814006,4.7944310112343915,0.32122656210916717,green
281.40852130325817,2644457.56588877,3.477122471381762,529737.7578375752,515692897.8295288,259295404.17793053,76605862.4475807,277524648.9149235,75748715.01463535,149901177.51140788,12002673.706836216,0.003890754293574618,4.785485329027737,0.32062706466842744,green
281.609022556391,2664135.4771695635,3.4950351881515465,528692.6981922038,515896514.59946746,259078848.89495376,76901419.22510673,277115769.88391644,76050584.57054059,149842755.8832582,12108994.657703817,0.003906606458427434,4.777746440610771,0.3201091497530443,green
281.8095238095238,2683991.501444899,3.5131485201455193,527886.5483703964,516127872.689806,258912443.97374073,77194827.86265337,276772265.7894253,76350022.31810306,149803928.4023913,12213842.394947099,0.003922326156346911,4.771167856172594,0.3196695929425044,green
282.01002506265667,2704022.3058849224,3.531456376748971,527303.1768499251,516381772.9572853,258791734.03826037,77486135.30339906,276489365.465611,76647108.80371016,149782725.75940996,12317277.681278232,0.003937918232156172,4.765668797194506,0.3193029028442623,green
282.2105263157895,2724224.282537694,3.54995205637183,526923.9911334686,516652364.08445436,258712275.10163984,77775407.20405847,276262565.3566145,76941946.54436673,149777127.74379197,12419364.529184181,0.003953388530869844,4.761174201878591,0.31900396460334096,green
282.4110275689223,2744594.2287111967,3.568629659703754,526732.7541758071,516934555.93948376,258669762.60060868,78062691.73601384,276087287.20708424,77234616.55994785,149785226.9630387,12520162.191751387,0.003968741663281463,4.7576067138394285,0.3187675174267813,green
282.61152882205516,2765129.4294982087,3.5874841160472264,526713.9348210286,517223878.0431552,258660266.151429,78348030.43656649,275959304.4807931,77525189.61485036,149805301.27881733,12619724.285373706,0.003983981389801113,4.754894741622637,0.3185886929015614,green
282.812030075188,2785827.3793720305,3.606511194311632,526859.798806176,517517171.84803605,258679286.51135615,78631411.12627861,275872981.85493255,77813676.94594681,149835533.20150235,12718101.685813917,0.003999108886174463,4.7529390571679295,0.3184607850441651,green
283.0125313283208,2806685.749484771,3.625706279387752,527152.6431828111,517810034.05743986,258723607.11294279,78912893.23588496,275825162.16652304,78100165.79340918,149874455.66213053,12815343.372505322,0.004014128869781499,4.751687633112687,0.3183802392520471,green
283.21303258145366,2827702.6846499727,3.6450662467688915,527585.8631028094,518100140.806861,258789269.21308947,79192456.3222136,275810728.3628896,78384654.16212751,149920511.3083764,12911492.585480418,0.0040290416245976676,4.751049775219969,0.31834093066417946,green
283.4135338345865,2848876.5201608073,3.6645880049634934,528149.239249053,518384801.29273707,258872955.86229074,79470108.4013049,275825695.82323563,78667169.41381128,149972336.84519014,13006590.476642203,0.004043848826889798,4.750956060962943,0.318338157969427,green
283.6140350877193,2870205.827094614,3.6842687416725535,528831.5428126144,518661379.0151886,258971746.95515886,79745867.10075504,275866668.7400059,78947747.66150169,150028711.432881,13100675.53846961,0.0040585525348836365,4.751347807325397,0.3183679416932294,green
283.81453634085216,2891689.547276643,3.704106512726182,529625.5506309804,518928216.01458395,259082645.73241368,80019720.1821372,275929754.98665226,79226390.35183768,150088469.05599585,13193781.790197033,0.004073153050063819,4.752156004850988,0.3184256199864654,green
284.01503759398497,2913326.7982411543,3.724099437921186,530522.5132802014,519183429.4084875,259203085.72311977,80291673.9343254,276011799.89454985,79503117.93398958,150150571.78147256,13285941.960895548,0.004087651727085322,4.753325398678874,0.3185074538182101,green
284.2155388471178,2935117.037094114,3.7442463375736343,531515.374329692,519425812.4397598,259330652.47285664,80561719.72316118,276109628.0897612,79777932.32535641,150214092.65462843,13377184.347359234,0.004102048846785257,4.754799553658169,0.3186096314440451,green
284.4160401002506,2957059.8406351046,3.764546123518019,532597.7111208003,519654129.4042049,259463052.34773892,80829852.79290706,276220240.6943322,80050839.22367963,150278140.0658284,13467537.06740522,0.0041163448827967785,4.75652521637783,0.31872855656054094,green
284.61654135338347,2979155.110386559,3.7849982713257386,533763.6786736797,519867583.9293783,259598278.5878595,81096064.14515793,276340914.32308906,80321837.47212873,150341959.52021262,13557024.19544501,0.004130539944708994,4.758453661776942,0.318860941625796,green
284.8170426065163,3001403.094057507,3.805602866626942,535007.9698466195,520065861.8404068,259734633.14812148,81360339.99493152,276469220.6532097,80590918.27695361,150404945.30838764,13645665.36123941,0.004144633740088363,4.76054101030961,0.3190038294101101,green
285.0175438596491,3023804.258363808,3.8263603306384244,536326.0514050962,520248877.16592664,259870597.28413564,81622664.99351129,276602910.46808654,80858069.8431512,150466571.3537462,13733478.127407476,0.004158625799514386,4.762746348638797,0.31915446530116404,green
285.21804511278197,3046359.023625908,3.8472709078834124,537713.4339525113,520416308.4631993,260004696.77872366,81883030.70533496,276739871.881421,81123288.30002572,150526303.39948592,13820481.59920066,0.004172516038628904,4.765031483613211,0.31931027651424587,green
285.4185463659148,3069067.8124859273,3.868334761911762,539165.7718581741,520567685.7800024,260135530.4521386,82141434.10080133,276878143.5863247,81386575.73059103,150583616.70236748,13906695.724216452,0.004186304657543392,4.7673610898898,0.31946888275698937,green
285.6190476190476,3091931.9241583906,3.88955369304335,540680.6565113574,520703951.22614306,260262281.79121268,82397850.50899081,277016152.6165869,81647904.80828048,150638313.55542672,13992128.725434508,0.004199990335656075,4.769705359087873,0.3196282876130525,green
285.81954887218046,3114952.624309987,3.9109293501476317,542255.7494920741,520825834.37347645,260384186.3286495,82652261.77466391,277152466.8303335,81907255.61115251,150690192.73766807,14076790.183788715,0.004213572110899405,4.772037241943207,0.31978667930618493,green
286.0200501253133,3138131.1897780714,3.9324633321890072,543888.6016987188,520933947.24969697,260500568.20931002,82904654.87959395,277285827.5999329,82164613.76205818,150739072.337174,14160690.035697918,0.00422704930163686,4.774332979136549,0.3199424665721445,green
286.2205513784461,3161468.090605373,3.954155631250421,545573.9758133835,521027379.8715168,260610399.6273468,83155047.2661794,277415002.64383787,82420003.32824208,150784516.80845886,14243849.011925343,0.0042404232478244494,4.776571072508707,0.32009419525205357,green
286.42105263157896,3184965.46911581,3.976009351391938,547311.9613301202,521107956.87970513,260713636.07692143,83403410.0870544,277539232.0614294,82673387.10977077,150826664.20256978,14326266.999654476,0.004253692033926941,4.778735403085017,0.32024080107988906,green
286.6215538847118,3208625.102085696,3.998026829694802,549101.303908513,521176738.53620034,260810118.76078007,83649731.29479036,277657861.6872523,82924748.6035898,150865546.17444357,14407949.049226029,0.0042668548267413235,4.780812668023421,0.32038140188826236,green
286.8220551378446,3232448.94755751,4.020210677107708,550941.195318599,521234959.6169922,260899869.108666,83893998.71293823,277770441.4736431,83174070.0099808,150901270.4463891,14488898.395709801,0.004279910711421901,4.782793068362169,0.32051535336616543,green
287.02255639097746,3256437.44999984,4.042560770898392,552826.1950575793,521281529.3951048,260981960.70869783,84136236.40123333,277875985.63643146,83421382.75295536,150933426.23240253,14569135.65412223,0.004292861434205708,4.784659926839221,0.3206415220967613,green
287.22305764411027,3280593.169824903,4.065080695349686,554757.1057601981,521318385.4529156,261056935.07799926,84376426.77913296,277974557.0605783,83666659.29030888,150962357.52815086,14648657.712669319,0.0043057055288376386,4.786411921439466,0.32075984235447996,green
287.4235588972431,3304918.1475227224,4.087773064330495,556733.0751455328,521346605.58109987,261125047.25672174,84614567.18206778,278066116.65669686,83909891.68444417,150988238.40912694,14727467.58572168,0.004318442582138846,4.788046938717693,0.3208701855117011,green
287.62406015037595,3329414.520306446,4.1106406155528195,558753.4437201138,521367317.3770167,261186676.24100956,84850656.63043927,278150792.54733056,84151073.22118923,151011289.3592104,14805567.429886514,0.004331072236102095,4.789565851218761,0.32097262453441433,green
287.82456140350877,3354083.4645045456,4.133684486682879,560815.3775646224,521380417.85059613,261241392.76695538,85084705.45504154,278227980.3154073,84390215.9208038,151031355.12443423,14882969.231758634,0.004343595170329742,4.790957766541541,0.3210664252161744,green
288.0250626566416,3378927.0078875325,4.156907174901097,562917.953595178,521386777.558884,261289548.5699564,85316718.3337682,278297869.1011992,84627320.02786101,151048626.27161276,14959676.44696754,0.004356011392346767,4.792225007724957,0.321151754881156,green
288.22556390977445,3403947.45265057,4.180311594623007,565060.8588779938,521387538.84297323,261331770.3885961,85546699.692468,278360955.71615547,84862383.72520699,151063409.45499864,15035689.846026862,0.00436832078193922,4.793375159871257,0.32122913835897043,green
288.42606516290726,3429146.934812534,4.203900357990522,567243.3974475528,521383579.97332585,261368573.59437445,85774657.82894903,278417673.6282579,85095410.55138014,151075951.99570054,15111011.978128318,0.00438052350680206,4.794414997079058,0.32129904257603,green
288.6265664160401,3454526.903122292,4.227675035212789,569463.883817199,521375113.1841679,261399769.46793327,86000600.24995938,278467656.91295254,85326407.71086602,151086207.02277216,15185651.55007412,0.0043926199734550505,4.795337578152004,0.32136100277163115,green
288.82706766917295,3480088.9275954105,4.251637355085573,571720.8538196404,521362418.4412871,261425320.40294662,86224536.37572838,278510741.15427995,85555383.72750275,151094184.87602538,15259616.20429435,0.004404610646644756,4.796139551881125,0.3214147966352471,green
289.02756892230576,3505835.503597185,4.275790398897779,574014.2687777432,521346573.1679958,261446190.39926672,86446480.22961053,278547958.83271325,85782346.11081228,151100302.57320076,15332905.336645396,0.004416495869741341,4.796838367004004,0.3214616119762851,green
289.2280701754386,3531768.6912703733,4.300136580246908,576343.4779520272,521328217.49091625,261462905.96105605,86666445.88699476,278579855.0499775,86007305.30475307,151104792.48379356,15405522.249264725,0.004428276168641438,4.797443151588696,0.3215020709342318,green
289.42857142857144,3557890.580766452,4.324678335816764,578707.9152571375,521307976.4492722,261476048.18029097,86884449.03149492,278607063.4466068,86230273.3374917,151107904.52589744,15477469.995048953,0.004439952147852232,4.7979646704767,0.3215369055761324,green
289.62907268170426,3584202.9420096036,4.349417652199567,581106.6917550756,521286234.8461168,261485775.5241937,87100500.71700008,278629672.38318515,86451259.50523436,151109723.89350203,15548754.210175352,0.004451524298519446,4.798404038342304,0.32156619573819634,green
289.8295739348371,3610707.071312233,4.3743558586695555,583538.4171892168,521263038.64531505,261491614.84186935,87314604.63578917,278646947.3619184,86670268.48197755,151110091.23088142,15619384.35459344,0.004462992914353954,4.798747776621399,0.32158903524153276,green
290.03007518796994,3637405.400076923,4.399495800580838,586003.0717419566,521239129.12353516,261494653.2942132,87526785.77064388,278660242.27916217,86887320.14450848,151109439.8464786,15689360.701704303,0.004474358973396488,4.799019656619713,0.3216070326335196,green
290.23057644110276,3664299.8845447903,4.424839663875874,588500.1324739663,521214907.7220401,261495344.31247804,87737061.71513458,278670085.3684326,87102429.728307,151107957.6925179,15758687.361214356,0.00448562325540351,4.799228806463186,0.32162080707410745,green
290.43107769423557,3691392.4845920107,4.450389621951933,591029.1304137526,521190743.8404225,261494159.98041752,87945451.20132323,278677045.6738996,87315613.7280427,151105836.54422668,15827368.406885209,0.004496786604286059,4.799385141116038,0.32163103025835144,green
290.63157894736844,3718685.0654705674,4.476147711349482,593589.506871671,521166931.48360634,261491455.79000607,88151971.8483313,278681546.09629554,87526888.09238221,151103222.25958017,15895408.64658493,0.004507849841902253,4.799496006560918,0.321638200054472,green
290.83208020050125,3746178.8044446977,4.5021150810647965,596179.7457554629,521143427.4637108,261486653.9343679,88356626.5664938,278682734.4229648,87736257.3228721,151099914.41008812,15962818.27243905,0.004518813247471387,4.7995459148250985,0.3216412735595688,green
291.03258145363407,3773875.920057393,4.528294180312496,598799.9023027112,521120614.37031287,261480623.47448996,88559443.18035425,278681773.5365467,87943746.24356206,151096241.66051036,16029599.308683164,0.004529678074741223,4.799555603119084,0.32164165084777774,green
291.23308270676694,3801778.210969266,4.554686909953569,601449.4664028997,521098655.8910448,261473669.19340116,88760440.94881633,278679061.3200326,88149373.156942,151092322.10795534,16095757.06268628,0.004540445270042213,4.799532131223003,0.3216398088621689,green
291.43358395989975,3829887.4608469913,4.581295134735543,604127.9546718843,521077675.4525624,261466088.88563344,88959639.84242561,278675001.02239305,88353157.28244467,151088268.2422667,16161296.951866806,0.004551115827515285,4.799482709524514,0.32163623416489834,green
291.63408521303256,3858205.438363306,4.608120683292489,606834.9104518926,521057756.2205447,261458173.35722172,89157060.54336968,278670001.25857836,88555118.75644565,151084186.94602346,16226224.503692564,0.0045616907891118386,4.799414699018803,0.3216314229372081,green
291.83458646616543,3886733.5729099903,4.635165086392696,609569.3477104557,521039104.1696,261449622.82091284,89352705.94946645,278663524.3108432,88755260.36533712,151079989.95388365,16290546.69766818,0.004572170356154358,4.799318000657444,0.32162469837704594,green
292.03508771929825,3915473.682330133,4.662430164336867,612330.9989864082,521021682.13821024,261440856.5632493,89546602.68105033,278656221.8350455,88953608.53832357,151075819.20063192,16354268.953782149,0.004582555883082596,4.799204575397715,0.3216168645762,green
292.23558897243106,3944427.4369993345,4.689917594384559,615119.3963737205,521005479.3190953,261432048.47557417,89738770.51434557,278648362.07735413,89150183.1593832,151071733.58508396,16417397.350283759,0.004592848409212978,4.799079340728341,0.321608252144072,green
292.43609022556393,3973596.472674072,4.717629001841158,617934.065038638,520990454.5126551,261423330.1421679,89929228.81787765,278640161.05506456,89345003.92396006,151067774.9281787,16479938.156686036,0.004603048967905872,4.798946298985075,0.32159912974047816,green
292.63659147869674,4002982.4029940064,4.745565970149269,620774.5446591625,520976529.84010094,261414813.3400865,90117997.265554,278631819.247638,89538091.04321282,151063975.2803792,16541897.782027815,0.004613158620817782,4.7988092162978235,0.3215897496687669,green
292.83709273182956,4032587.005138829,4.773730435279623,623640.3971975584,520963996.8782856,261406570.89771953,90305085.12998079,278623333.66627836,89729452.58786076,151060384.3919456,16603280.835497279,0.004623177755859453,4.798667660146736,0.3215800868254629,green
293.0375939849624,4062411.8746120287,4.802123952388107,626531.1924479088,520952761.47971517,261398672.28699479,90490511.19080928,278614847.29772323,89919108.02143793,151057018.63383794,16664093.732570097,0.004633107392594842,4.798524367256142,0.3215703241055818,green
293.23809523809524,4092458.5651302985,4.8307479929828885,629446.5138925714,520942649.7885159,261391169.20061406,90674295.66742471,278606507.50173706,90107078.66408756,151053881.69611856,16724343.233720878,0.004642948653264003,4.798382257957717,0.32156065570544673,green
293.43859649122805,4122728.656626643,4.859604089383433,632385.9615491227,520933557.00107217,261384088.54085162,90856456.29726104,278598397.17522776,90293383.05681726,151050974.6498702,16784035.734060884,0.004652702505636468,4.798242984811181,0.321551191504153,green
293.6390977443609,4153223.712368185,4.888693743625849,635349.1501750984,520925353.5588076,261377436.8407594,91037010.80878305,278590578.1595815,90478039.88476102,151048289.60223418,16843177.711286563,0.004662369925165767,4.798107847831999,0.3215420173598199,green
293.83959899749374,4183945.799246374,4.918019290105226,638335.8879775797,520918535.0986893,261371510.6054835,91215968.2141243,278583300.96976715,90661055.55229919,151045966.31741914,16901771.68837001,0.004671951301412127,4.797980779669692,0.3215334035418961,green
294.04010025062655,4214896.653276678,4.947582511972244,641345.8899785384,520913179.98906785,261366398.55174613,91393342.77493958,278576668.4070676,90842444.11148702,151044041.01020584,16959822.709052853,0.004681447390088902,4.797863557641086,0.3215254704238439,green
294.2406015037594,4246077.534072042,4.977384399849833,644378.7280292944,520908767.5368066,261361894.80456033,91569156.43787695,278570576.8972952,91022230.7373265,151042402.5386379,17017339.46709237,0.004690859479087718,4.79775496876805,0.3215181301840736,green
294.44110275689223,4277490.018713547,5.007426468072523,647434.1034896752,520905169.69657546,261357972.42308465,91743425.54868641,278565036.500241,91200432.769601,151041031.37992668,17074328.146042556,0.004700188482784694,4.797655364630628,0.3215114048367063,green
294.64160401002505,4309135.673076527,5.037710209744399,650511.7343349186,520902240.48892725,261354587.35410255,91916166.3527702,278560038.42115605,91377067.56182861,151039900.6909863,17130794.969673455,0.004709435317010706,4.797564775592273,0.3215052945622599,green
294.8421052631579,4341016.051830568,5.068237096739108,653611.3551556723,520899816.00029737,261351678.43202263,92087394.99518274,278555555.01075155,91552152.48126218,151038976.3084339,17186746.20197114,0.0047186008990513836,4.797482910799846,0.321499777707649,green
295.04260651629073,4373132.698439514,5.099008579699858,656732.7171579945,520897714.3830043,261349167.37887853,92257127.52063072,278551539.7651986,91725704.90888925,151038216.7485894,17242188.147137724,0.004727686147647113,4.797409158183619,0.32149481078618497,green
295.24310776942355,4405487.145161462,5.130026088039414,659875.5881633535,520895735.85524905,261346958.80432883,92425379.87347297,278547927.3261285,91897742.23943217,151037573.20747578,17297127.149591357,0.0047366919829930345,4.797342584457273,0.3214903284775759,green
295.4436090225564,4438081.120293463,5.161291346314946,663039.8034600442,520893854.1895532,261345052.24662954,92592165.86937676,278544727.271773,92068278.72335708,151037043.38355464,17351568.39410548,0.004745619153424914,4.797283398255721,0.3214863445008265,green
295.64411027568923,4470918.120666233,5.192808774761107,666225.6516445715,520893669.6548533,261344392.29730502,92757481.80500889,278542735.76878965,92237301.50522941,151037079.8643616,17405506.80171763,0.0047544669203768335,4.797244051873468,0.3214837169997836,green
295.84461152882204,4503998.445302053,5.2245779077901044,669432.6560354767,520893820.25224596,261344183.68912232,92921355.06458311,278541287.99304336,92404846.30074093,151037300.3366377,17458955.782787364,0.004763237211622505,4.797214179123909,0.32148173125902973,green
296.0451127819549,4537323.758734102,5.256600360246647,672660.6943702367,520894198.09723336,261344358.32528818,93083799.45777428,278540323.31591463,92570927.86093587,151037672.70868462,17511920.81727274,0.0047719308050729195,4.797192812158354,0.3214803208233876,green
296.2456140350877,4570895.726685794,5.2888777446684125,675909.664043327,520894688.82474566,261344837.6981688,93244828.57258762,278539767.8641968,92735560.76170355,151038160.7878196,17564407.353580285,0.004780548469727342,4.797178749426544,0.3214794034376125,green
296.44611528822054,4604716.01607077,5.321411671286039,679179.482106221,520895171.5891412,261345532.88928983,93404455.7753587,278539534.5200959,92898759.4037783,151038724.28037536,17616420.808565,0.004789090965673314,4.797170555676654,0.32147888104639205,green
296.6466165413534,4638786.294992909,5.354203748023137,682470.0852673915,520895519.0642062,261346344.56933627,93562694.21075352,278539522.92123073,93060538.01273954,151039318.7917002,17667966.567530345,0.004797559044086647,4.797166561955298,0.32147863979434654,green
296.8471177944862,4673108.232746321,5.387255580496281,685781.4298923095,520895597.4431552,261347162.9981527,93719556.80176845,278539619.4606328,93220910.63901171,151039895.82615787,17719049.984228265,0.004805953447231432,4.7971648656075185,0.32147855002602854,green
297.04761904761904,4707683.499815349,5.420568772015011,689113.4920034442,520895266.4386309,261347868.024743,93875056.24973021,278539697.2867464,93379891.1578643,151040402.78712764,17769676.38085917,0.0048142749084600315,4.797163330276792,0.3214784662859232,green
297.2481203007519,4742515.10188981,5.4541468238799595,692466.1677086204,520895370.6420005,261349158.86892003,94029201.28642666,278540483.29938656,93537483.25521323,151041147.78529918,17819845.48091539,0.004822523609966614,4.797174144784841,0.32147921897602055,green
297.4486215538847,4777604.812429941,5.487991478084291,695839.4648358057,520895831.5611901,261350957.130186,94182003.88722596,278541889.5362591,93693699.7008673,151042097.53154874,17869562.123686105,0.004830700226390369,4.7971958032280995,0.3214807058195906,green
297.64912280701753,4812953.902676612,5.522103757209648,699233.4484447403,520896190.1200414,261352860.86731,94333477.22013837,278543487.61724234,93848556.86848053,151043076.97017604,17918833.21775456,0.004838805628083163,4.797221072001337,0.32148243452376424,green
297.8496240601504,4848564.221932933,5.556485503281965,702648.1601941137,520896409.45814586,261354816.55306068,94483632.61080277,278545210.83515674,94002066.62608354,151044064.69958538,17967663.232731137,0.004846840441999953,4.7972487795355825,0.32148432582091113,green
298.0501253132832,4884437.6324256575,5.591138572734332,706083.6605238254,520896454.9540862,261356767.54776296,94632481.13022378,278546986.863953,94154240.57847148,151045038.42589092,18016056.557708398,0.00485480528141461,4.797277648613843,0.3214862933655199,green
298.25062656641603,4920576.009305193,5.626064836407001,709540.0286549848,520896294.2254363,261358654.09929776,94780033.59477182,278548737.7587121,94305090.06720404,151045974.96291667,18064017.501261104,0.004862700745919915,4.797306296371102,0.32148824373419843,green
298.4511278195489,4956981.240645591,5.66126617954738,713017.3625899112,520895897.12876105,261360413.3431022,94926300.56618303,278550379.9556452,94454626.17060545,151046850.23219642,18111550.291446216,0.004870527421427563,4.79733323429432,0.32149007642567334,green
298.6516290726817,4993655.227444552,5.696744501810034,716515.7791121338,520895235.75961673,261361979.30216947,95071292.35155934,278551824.2720938,94602859.70376447,151047639.26297376,18158659.07580288,0.004878285880168156,4.797356868222436,0.3214916838607904,green
298.8521303258145,5030600.051584557,5.732501927130539,720035.2371230709,520894359.9007315,261363428.30913165,95215021.02372065,278553167.04133004,94749802.62837422,151048372.37456223,18205347.772477515,0.004885976744907117,4.7973788949478715,0.321493180792878,green
299.05263157894734,5067818.354953338,5.768541277450983,723575.13887905,520893567.32301253,261365307.25177583,95357504.9815271,278555121.54044044,94895471.23501109,151049261.9907014,18251619.73418454,0.004893600833892307,4.797411968997224,0.32149542213091226,green
299.2531328320802,5105311.621192975,5.804863925699844,727136.1372660458,520892631.9468266,261367145.89775917,95498748.28157331,278557062.67161626,95039871.7204013,151050127.8911625,18297479.27120448,0.004901158503922017,4.7974449552254885,0.3214976560598584,green
299.453634085213,5143081.878274846,5.841471923224419,730718.3450130731,520891568.6390794,261368930.99753314,95638761.11793302,278558964.44209695,95183014.47857283,151050966.71659762,18342930.14228049,0.004908650301283647,4.797477359214263,0.32149984950927435,green
299.65413533834584,5181131.172328235,5.878367342319562,734321.8881249115,520890396.8568964,261370650.7209645,95777553.49300693,278560801.19667935,95324909.68425371,151051775.9662069,18387976.02099845,0.004916076760584705,4.797508686747073,0.321501969480064,green
299.8546365914787,5219461.567640327,5.915552276227689,737946.9058821052,520889140.6476225,261372294.65733543,95915135.21752274,278562547.6177174,95465567.292872,151052553.9977387,18432620.495786987,0.004923438404752799,4.7975384438093664,0.32150398304447736,green
300.0551378446115,5258075.146656211,5.953028839138774,741593.5508409636,520887828.64882237,261373853.81534356,96051515.91053517,278564178.7251221,95604997.04055583,151053300.0274893,18476867.06991744,0.004930735745035639,4.797566136588518,0.3215058573461105,green
300.25563909774434,5296974.009978876,5.990799166190349,745261.98883356,520886494.08828014,261375320.6231018,96186704.99942586,278565669.8763619,95743208.44413345,151054014.13030326,18520719.161503896,0.004937969281001041,4.797591271473832,0.3215075595999054,green
300.4561403508772,5336160.276369217,6.028865413467507,748952.3989677331,520885174.7839996,261376688.92813852,96320711.71990348,278566996.7664624,95880210.80113305,151054697.23957315,18564180.10350317,0.004945139500536923,4.797613355056532,0.3215090570921503,green
300.65664160401,5375636.033436812,6.0672295524245525,752664.0979744474,520883635.4514017,261378067.81489128,96453556.34995058,278568418.0759892,96016025.6285487,151055368.05669525,18607256.202924192,0.004952247529694029,4.797637421854058,0.3215106854976033,green
300.85714285714283,5415403.444359797,6.105893814817938,756397.4353816106,520881968.71348,261379435.2696594,96585245.89620756,278569863.7364023,96150659.74163643,151056026.4539577,18649950.119785294,0.004959293726232204,4.7976620706638915,0.32151235173124126,green
301.0576441102757,5455464.690413149,6.144860453097109,760152.772908563,520880271.4395768,261380770.83909944,96715787.18755294,278571264.36672574,96284119.75175546,151056673.18313605,18692264.432735793,0.004966278437036107,4.797685907330495,0.3215139632354787,green
301.2581453634085,5495821.957444691,6.184131684020702,763930.2443015949,520878568.5828218,261382086.84684932,96845189.95622817,278572628.79516226,96416415.47793752,151057314.51323462,18734202.478102688,0.004973202176347002,4.7977090608294075,0.32151552899818325,green
301.45864661654133,5536477.4490887625,6.223709743746542,767729.9899875198,520876887.59503716,261383397.89321312,96973463.82741351,278573968.31632006,96547556.6136007,151057957.69916457,18775767.53009706,0.004980065451620742,4.797731701971817,0.32151706085266,green
301.6591478696742,5577433.386766219,6.263596887831635,771552.1570736744,520875258.4267377,261384720.85516104,97100618.31922811,278575296.6912132,96677552.72654948,151058610.9817438,18816962.80081408,0.00498686876352777,4.797754043404557,0.32151857347765156,green
301.859649122807,5618692.009684427,6.303795391232171,775396.8993479181,520873713.527131,261386074.88632944,97226662.84272991,278576630.14726114,96806413.25897467,151059283.587697,18857791.44023301,0.004993612605953118,4.797776339610106,0.3215200843973377,green
302.0601503759398,5660255.574837274,6.344307548303525,779264.3772786338,520872287.844117,261387481.41702077,97351606.70191573,278577987.37828916,96934147.52745351,151059985.7296555,18898256.5362172,0.005000297465996407,4.797798886906592,0.32152161398133583,green
302.2606516290727,5702126.261499106,6.385135477416083,783154.4548728109,520870820.8644432,261388854.9788101,97475462.0937081,278579301.9930532,97060768.89879544,151060675.01611948,18938362.927461572,0.005006924051792803,4.79782067962768,0.32152309257330297,green
302.4611528822055,5744306.164953691,6.4262811081260836,787066.6797713917,520868943.61542875,261389996.03596053,97598244.30493791,278580416.76650715,97186295.06423308,151061252.93267283,18978117.322532862,0.005013493307472009,4.797839321885774,0.3215243543928905,green
302.6616541353383,5786797.771328957,6.467747152582038,791001.7904030747,520867062.87703663,261391133.78106076,97719956.7970807,278581518.9261539,97310727.27805062,151061831.27966624,19017519.286300294,0.005020005280483427,4.797857708745004,0.32152559927156205,green
302.8621553884712,5829603.393228842,6.509535950952835,794959.9246461245,520865191.38973427,261392280.99147508,97840608.93389763,278582622.78940964,97434075.03365715,151062415.49584642,19056571.953076426,0.0050264604678447585,4.797876085266357,0.32152684385325897,green
303.062656641604,5872725.360222172,6.55164986112568,798941.2244514247,520863342.68965024,261393451.78200755,97960209.99789734,278583744.38689846,97556347.73477264,151063011.54483622,19095278.41065454,0.0050328593617482145,4.797894726785699,0.3215281068283957,green
303.2631578947368,5916166.018842655,6.59409125870609,802945.8358424783,520861531.1085741,261394661.60490176,98078769.19033593,278584901.46245223,97677554.69542782,151063625.9151349,19133641.70030865,0.00503920244956052,4.797913938913771,0.3215294089338593,green
303.4636591478697,5959927.732588886,6.636862537017887,806973.9089154077,520859771.77395654,261395927.24984095,98196295.63121697,278586113.4731106,97797705.13996425,151064265.62011793,19171664.816793475,0.0050454902138229165,4.797934057536196,0.3215307729530096,green
303.6641604010025,6004012.881924343,6.6799661071032075,811025.5978389542,520858080.60890925,261397266.84394798,98312798.35929154,278587401.5891213,97916808.20303433,151064938.1980371,19209350.708344463,0.005051723132251154,4.797955448813471,0.32153222371567913,green
303.8646616541353,6048423.864277392,6.7234043977225,815101.0608544786,520856474.3322052,261398699.8517853,98428286.33205812,278588788.69393957,98034872.9296012,151065651.71202043,19246702.27667778,0.005057901677735498,4.797978509180973,0.3215337880981734,green
304.0651629072682,6093163.0940412795,6.76717985535452,819200.4602759607,520854970.4582783,261400247.07535505,98542768.4257627,278590299.3842287,98151908.27493894,151066414.7500722,19283722.376990307,0.005064026318340729,4.798003665348956,0.32153549502327056,green
304.265664160401,6138233.00257414,6.811294944196339,823323.9624900001,520853587.29722357,261401930.65409887,98656253.43539874,278591959.9698598,98267923.1046323,151067236.42507303,19320413.817959663,0.005070097517306138,4.798031374302552,0.32153737546022154,green
304.4661654135338,6183636.038198993,6.855752146163333,827471.7379558146,520852343.95479715,261403774.06489816,98768750.0747072,278593798.47391176,98382926.19457693,151068126.3747798,19356779.36174417,0.005076115733045531,4.798062123301773,0.32153946242475,green
304.6666666666667,6229374.421463067,6.900553420947983,831643.0835004597,520850786.43677264,261405317.43078294,98880270.12418947,278595296.4275088,98496932.61147995,151068889.57236642,19392827.25608169,0.005082081789432995,4.798087024568312,0.3215411524017164,green
304.8671679197995,6275450.767198011,6.945701578394701,835838.6531912463,520849192.1549914,261406849.4664041,98990820.42976628,278596782.2492363,98609947.49546744,151069647.85885075,19428557.173289943,0.005087995934643269,4.798111720879107,0.32154282842453463,green
305.0676691729323,6321867.588038275,6.991199183173583,840058.6778213636,520847608.5813338,261408424.23192444,99100409.2888457,278598319.15461415,98721979.00358596,151070423.69518337,19463971.432697646,0.00509385859231449,4.798137305921684,0.3215445646554015,green
305.2681704260652,6368627.387622232,7.037048760398561,844303.299153744,520846033.714677,261410045.7111293,99209045.25150993,278599913.9212944,98833035.880007,151071218.30163947,19499072.893933754,0.005099670220537516,4.79816390598619,0.3215463695656472,green
305.468671679198,6415732.685909917,7.083252851482817,848572.660717171,520844465.10407466,261411717.95138654,99316736.79486223,278601573.5993536,98943126.79598197,151072032.8840953,19533864.384647325,0.005105431273550896,4.7981916529187725,0.32154825199477727,green
305.6691729323308,6463186.019183028,7.129814014138774,852866.9078062794,520842899.84875774,261413445.06364655,99423492.32302687,278603305.5112934,99052260.34984222,151072868.634028,19568348.700507484,0.005111142201740871,4.7982206841215795,0.32155022115047216,green
305.8696741854637,6510989.940044924,7.1767348223781084,857186.1874815545,520841334.598134,261415231.2224423,99529320.16714916,278605117.25203985,99160445.066999,151073726.7285157,19602528.605203457,0.005116803451641375,4.798251142552759,0.32155228660858765,green
306.0701754385965,6559147.017420623,7.224017866511738,861530.6485693331,520839765.5517881,261417080.6658893,99634228.58539538,278607016.688944,99267689.39994355,151074608.33023754,19636406.830444545,0.00512241546593403,4.7982831767264615,0.32155445831315443,green
306.2706766917293,6607659.83655681,7.27166575314983,865900.4416618029,520838188.4594817,261418997.69568554,99738225.7629529,278609011.9617813,99374001.72824696,151075514.58747357,19669986.075960133,0.005127978683448155,4.798316940712834,0.32155674657637845,green
306.4711779448622,6656530.999021828,7.319681105201799,870295.7191170028,520836598.6211534,261420986.6771117,99841319.81203006,278611111.4827523,99479390.35856034,151076446.63410485,19703269.009499695,0.005133493539160756,4.798352594138025,0.32155916207864077,green
306.671679197995,6705763.122705681,7.368066561876304,874716.6350588225,520834990.88691884,261423052.03903082,99943518.77185625,278613323.9364821,99583863.52461468,151077405.58961338,19736258.266832795,0.005138960464196535,4.798390302184185,0.3215617158684974,green
306.8721804511278,6755359.076592029,7.416825021972539,879163.2345787837,520833358.64984095,261425102.40427184,100044829.94423743,278615513.4642574,99687428.93556802,151078359.5177502,19768957.51218405,0.00514437986946009,4.7984275910462415,0.32156424145193413,green
307.0726817042607,6805321.642614697,7.465959293466353,883635.6133193678,520831695.296649,261427088.6712032,100145260.85055938,278617608.2430234,99790094.42652379,151079291.01616043,19801369.910882395,0.00514975216921055,4.798463156883083,0.3215666510382611,green
307.2731829573935,6855653.297557788,7.515471867496055,888134.0204040147,520829995.1434399,261429093.07526875,100244819.84904735,278619735.01720595,99891868.37810998,151080227.91131938,19833497.1442318,0.005155077796267016,4.798499322561295,0.32156910081671203,green
307.4736842105263,6906356.747650725,7.565365472356595,892658.6061405007,520828251.14213496,261431110.88601556,100343514.62177153,278621889.34135425,99992758.68802854,151081168.0207127,19865341.824208573,0.0051603571647377685,4.798536015813573,0.32157158583910056,green
307.67418546365917,6957434.716651836,7.615642853893214,897209.5220327069,520826455.78965306,261433136.94359335,100441352.77440648,278624066.29777193,100092773.17873886,151082108.97752216,19896906.536262084,0.005165590684794611,4.798573156329868,0.321574100610564,green
307.874686716792,7008889.945848357,7.666306775501457,901786.9207806197,520824601.1279107,261435165.6587544,100538341.83623105,278626260.49651676,100191919.5974578,151083048.23062557,19928193.83931473,0.005170778762672871,4.7986106557573835,0.3215766390895638,green
308.0751879699248,7060725.194056425,7.717360018127166,906390.9562803316,520822678.7438217,261437191.0128536,100634489.26012845,278628466.075401,100290205.61615963,151083983.04459688,19959206.265761964,0.005175921800671403,4.798648417700572,0.3215791946878854,green
308.27568922305767,7112943.237621082,7.768805380266474,911021.7836240397,520820679.7692977,261439206.5578484,100729802.42258617,278630676.69999117,100387638.83157611,151084910.49970618,19989946.321472283,0.005181020197152589,4.79868633772114,0.321581760270638,green
308.4761904761905,7165546.870416274,7.8206456779658176,915679.5591000469,520818594.8812479,261441205.4162989,100824288.62369604,278632885.5636081,100484226.76519643,151085827.4919196,20020416.485787224,0.005186074346542332,4.798724303338045,0.32158432815625493,green
308.6766917293233,7218538.903844854,7.872883744821928,920364.4401927611,520816414.30157894,261443180.28136778,100917955.08715424,278635085.387327,100579976.86326721,151086730.73289946,20050619.211521376,0.005191084639330064,4.798762194027498,0.32158689011649344,green
308.8771929824561,7271922.166838575,7.925522431981835,925076.5855826963,520814127.7971952,261445123.41682032,101010808.9602612,278637268.41997725,100674896.49679254,151087616.75000408,20080556.924962364,0.005196051462068741,4.798799881222961,0.32158943737643475,green
309.077694235589,7325699.579952194,7.9785646937050165,929816.1649815927,520811741.18355507,261447034.83948475,101102857.3304496,278639432.3418581,100768992.88878645,151088486.0340714,20110232.029929616,0.0052009751932456365,4.79883731485506,0.3215919666413594,green
309.2781954887218,7379874.97078522,8.032014528993654,934583.467370087,520809457.9499264,261449012.3690208,101194107.40717705,278641645.23641956,100862272.31367113,151089388.6866834,20139646.9524418,0.0052058561578395245,4.798875475742279,0.3215945464238326,green
309.4786967418546,7434450.529930911,8.085874043781162,939378.5633047955,520807112.60303867,261450970.67980537,101284565.95443512,278643842.883786,100954742.59509096,151090282.0043318,20168804.00135795,0.005210694769098663,4.798913404207762,0.32159711010847514,green
309.6791979949875,7489429.203266555,8.140146213493862,944201.6224667747,520804703.52057886,261452905.48959917,101374239.82438777,278646019.37514716,101046410.757101,151091164.39869538,20197705.499423135,0.005215491395220316,4.79895099421006,0.32159965054284817,green
309.8796992481203,7544813.956704128,8.194834034001998,949052.8160657998,520802229.1833647,261454812.36348772,101463135.79336217,278648168.5291045,101137283.74605355,151092034.23742282,20226353.74299274,0.0052202464003256255,4.7989881345916645,0.3216021602316597,green
310.0802005012531,7600607.776190293,8.249940521619731,953932.3168403658,520799688.17534477,261456686.71388158,101551260.56184877,278650283.89167154,101227368.43059804,151092889.84413254,20254751.002032455,0.005224960144459616,4.799024709079011,0.3216046313367642,green
310.280701754386,7656813.6677064095,8.305468713105151,958840.299057686,520797079.1835984,261458523.8005162,101638620.75450133,278652358.7362736,101316671.60168116,151093729.49841294,20282899.520118278,0.00522963298359119,4.7990605962824775,0.32160705567716286,green
310.4812030075188,7713434.657268521,8.361421665660261,963776.938513693,520794400.9983359,261460318.73045203,101725222.92013685,278654386.0637478,101405199.97254679,151094551.43582216,20310801.514436506,0.005234265269613131,4.799095669696385,0.32160942472900367,green
310.6817042606516,7770473.790927368,8.417802456930989,968742.412533039,520791652.5128982,261462066.45807448,101811073.53173564,278656358.6023433,101492960.17873597,151095353.8478883,20338459.17578376,0.005238857350342103,4.799129797698995,0.3216117296255811,green
310.88220551378447,7827934.134768373,8.474614185007182,973736.899969094,520788832.7237571,261463761.78509387,101896178.98644127,278658268.807721,101579958.778087,151096134.88210922,20365874.66856696,0.005243409569518647,4.799162843552512,0.32161396115733637,green
311.0827067669173,7885818.774911656,8.531859968422614,978760.5812039481,520785940.7305152,261465399.3605455,101980545.60556057,278660108.8629538,101666202.25073537,151096892.64195272,20393050.130803328,0.005247922266807188,4.7991946654030855,0.3216161097718574,green
311.2832080200501,7944130.817512022,8.589542946154967,983813.63814841,520782975.7359059,261466973.68078962,102064179.63456368,278661870.67852616,101751696.99911374,151097625.18685645,20419987.674120404,0.005252395777796027,4.7992251162808035,0.3216181655738786,green
311.48370927318297,8002873.928190863,8.647666841524796,988896.2307777678,520780001.58203334,261468581.83790568,102147090.06961401,278663676.1794368,101836451.7270252,151098371.05049053,20446689.796975203,0.005256830554046652,4.799256341066315,0.32162027365165313,green
311.6842105263158,8062051.193436563,8.706234771952387,994008.5466586604,520777010.5312547,261470206.64471436,102229282.69150291,278665502.30321306,101920472.41804217,151099123.71730605,20473158.51245666,0.00526122690970106,4.79928792819526,0.32162240622361987,green
311.8847117794486,8121665.590519698,8.765249740186938,999150.7805086771,520773979.4856237,261471806.1419685,102310762.5279243,278667294.4968919,102003764.40798798,151099866.91920215,20499395.708253168,0.005265585126060293,4.799318910614403,0.3216244979478392,green
312.08521303258146,8181720.343263797,8.824715006214035,1004323.1187210222,520770912.5503848,261473381.36385494,102391535.7176519,278669052.6450862,102086333.95400369,151100601.35847798,20525403.41918245,0.005269905530760378,4.799349280696747,0.3216265483641733,green
312.2857142857143,8242218.697473452,8.884633852497833,1009525.7491329561,520767814.166772,261474933.5626206,102471608.3338214,278670776.82992065,102168187.24411167,151101327.83959985,20551183.655163493,0.005274188447794385,4.799379033987116,0.321628557230077,green
312.4862155388471,8303163.92093431,8.945009583981063,1014758.8610257946,520764689.1120085,261476464.20857242,102550986.38393039,278672467.3310313,102249330.39721565,151102047.26920137,20576738.40121657,0.005278434197512419,4.799408169202154,0.3216305245205979,green
312.68671679197996,8364559.303413075,9.005845528085022,1020022.6451249094,520761542.4993071,261477974.99007735,102629675.80983835,278674124.62556636,102329769.46310067,151102760.65608326,20602069.617463235,0.005282643096621629,4.7994366882303225,0.3216324504283765,green
312.8872180451128,8426408.156657523,9.067145034709583,1025317.293599728,520758379.77787,261479467.81356248,102707682.48776674,278675749.38818526,102409510.42243311,151103469.11121345,20627179.239126313,0.005286815458186203,4.799464596131907,0.321634335363646,green
313.0877192982456,8488713.81439647,9.128911476233188,1030643.0000637333,520755206.7328889,261480944.80351487,102785012.22829884,278677342.4910595,102488559.18676071,151104173.84772712,20652069.17652991,0.005290951591627367,4.799491901139011,0.3216361799542323,green
313.28822055137846,8551479.632339815,9.19114824751286,1035999.9595744645,520752029.4855446,261482408.30248162,102861670.77637994,278678905.003872,102566921.59851253,151104876.1809266,20676741.315099414,0.005295051802723391,4.799518614655559,0.32163798504555413,green
313.4887218045113,8614708.988178495,9.25385876588418,1041388.3686335161,520748854.4930078,261483860.87107,102937663.8113172,278680438.19381756,102644603.43099897,151105577.5282814,20701197.51536149,0.0052991163936095785,4.7995447512572955,0.32163975170062303,green
313.6892230576441,8678405.5682886,9.317046724649366,1046808.3550857564,520745639.34787095,261485299.4453342,103012999.32376397,278681954.0954264,102721613.04735622,151106273.43150213,20725440.480756056,0.005303145803195461,4.79957058568172,0.3216414978707568,green
313.88972431077696,8742573.45391326,9.380716169274592,1052259.9570473612,520742277.98868877,261486713.58051342,103087688.33023007,278683478.6878039,102797962.19981255,151106951.75960398,20749474.018496506,0.00530714064937353,4.799596730078061,0.3216432634067181,green
314.09022556390977,8807215.40090405,9.444869976431468,1057743.5435188452,520738895.9092356,261488120.50740495,103161730.61089352,278684988.4744298,102873650.07570508,151107628.57717443,20773297.83259458,0.00531110088649946,4.799622592037082,0.3216450100324494,green
314.2907268170426,8872334.898818891,9.50951167453873,1063259.310923892,520735496.80188763,261489523.17093804,103235131.78101172,278686486.3952342,102948682.3939187,151108305.21113363,20796913.756453265,0.005315026813862991,4.799648220283102,0.32164674107350866,green
314.49122807017545,8937935.460085694,9.574644815279624,1068807.4569128898,520732084.54246193,261490924.71598673,103307897.39757392,278687975.62043124,103023064.81246379,151108983.0720342,20820323.601267498,0.005318918727546276,4.799673667509075,0.32164846012473514,green
314.69172932330827,9004020.620002368,9.640272973601924,1074388.1803629324,520728663.1902166,261492328.4873699,103380032.95930123,278689459.5505188,103096802.92847624,151109663.65406105,20843529.15602419,0.0053227769204238756,4.799698990376575,0.321650171050249,green
314.8922305764411,9070593.936736826,9.706399747717926,1080001.681377819,520725236.9878507,261493738.02985108,103451543.90664664,278690941.81627876,103169902.27821745,151110348.53503147,20866532.187502228,0.005326601682162758,4.799724249515811,0.32165187798345146,green
315.09273182957395,9137658.991326973,9.773028759104449,1085648.1612880544,520721810.36150444,261495157.08813873,103522435.62179495,278692426.2787768,103242368.33707431,151111039.37639523,20889334.44027245,0.005330393299222302,4.799749509525617,0.3216535853270247,green
315.29323308270676,9205219.387680711,9.84016365250283,1091327.8226508482,520718387.92075884,261496589.606886,103592713.42866285,278693917.02936244,103314206.51955922,151111737.92323437,20911937.63669766,0.005334152054854299,4.799774838973455,0.321655297752932,green
315.4937343358396,9273278.752575945,9.907808095918938,1097040.8692501155,520714974.458636,261498039.73069084,103662382.59289889,278695418.3896691,103385422.17931008,151112446.0042634,20934343.47693264,0.005337878229102944,4.79980031039542,0.32165702020241754,green
315.69423558897245,9341840.735660572,9.97596578062315,1102787.506096477,520711574.95159906,261499511.80409598,103731448.32188344,278696934.91161424,103456020.60909031,151113165.53182915,20956553.63892413,0.005341572098804845,4.799826000296228,0.3216587578860066,green
315.89473684210526,9410909.009452488,10.044640421150378,1108567.939427258,520708194.559552,261501010.371589,103799915.76472875,278698471.37739885,103526007.04078883,151113898.50191092,20978569.778410833,0.005345233937589016,4.7998519891492295,0.32166051628350556,green
316.0952380952381,9480487.269339591,10.113835755300052,1114382.37670649,520704838.6258401,261502540.17760214,103867790.01227896,278700032.7995081,103595386.64542007,151114646.99412033,21000393.52892343,0.005348864015876887,4.7998783613964,0.3216623011440016,green
316.29573934837094,9550579.233579768,10.18355554413612,1120231.0266249094,520701512.6772493,261504106.16651252,103935076.09711,278701624.42071086,103664164.53312394,151115413.17170137,21022026.501784552,0.005352462600882289,4.799905205448345,0.321664118485863,green
316.49624060150376,9621188.643300913,10.253803571987062,1126114.0990999578,520698222.42400676,261505713.482642,104001778.99352969,278703251.71405995,103732345.75316587,151116199.28153044,21043470.286108807,0.005356029956611467,4.799932613684298,0.32166597459673923,green
316.69674185463657,9692319.262500912,10.32458364644587,1132031.8052757825,520694973.7597806,261507367.4702572,104067903.61757772,278704920.3828921,103799935.29393682,151117007.6541164,21064726.44880277,0.005359566343863076,4.79996068245212,0.32166787603356056,green
316.89724310776944,9763974.878047649,10.395899598370063,1137984.3575232353,520691772.76167977,261509073.6735696,104133454.8270256,278706636.36082774,103866938.0829532,151117840.70360035,21085796.53456497,0.005363072020228177,4.799989512068302,0.3216698296225383,green
317.09774436090225,9836160.636857454,10.467756558525666,1143971.897058222,520688476.2130536,261510735.48843405,104198442.7785494,278708309.6403054,103933365.35267688,151118653.69138914,21106684.813002966,0.005366547581556308,4.800017643392629,0.32167173541231336,green
317.29824561403507,9908880.898981573,10.54015890786509,1149994.6101544234,520685031.59735626,261512318.4881744,104262874.32649437,278709908.68115807,103999224.41984127,151119430.5667394,21127393.86798585,0.005369993413712937,4.800044567993521,0.32167355854356205,green
317.49874686716794,9982138.310819253,10.613109392696135,1156052.7783104002,520681580.6995162,261513921.36031502,104326749.30986455,278711527.0662332,104064514.27335593,151120216.70587897,21147922.69364094,0.005373409455912257,4.800071811744746,0.32167540344225326,green
317.69924812030075,10055936.810721522,10.686611994221208,1162146.615555847,520678123.6229215,261515545.85617495,104390072.59375109,278713167.3347883,104129239.88289255,151121012.7378428,21168272.869105916,0.005376795968237561,4.80009942068178,0.32167727320821304,green
317.89974937343356,10130280.362119073,10.760670719016861,1168276.3370275542,520674660.4073934,261517193.7578894,104452848.99382964,278714832.0974432,104193406.16776767,151121819.2972411,21188445.955849987,0.0053801532081288175,4.8001274422252,0.3216791710336555,green
318.10025062656644,10205172.953522261,10.835289599033809,1174442.1589694086,520671191.02918565,261518866.8784099,104515083.27636032,278716524.03618014,104257017.99694276,151122637.02425927,21208443.497673877,0.005383481430382673,4.800155925180678,0.3216811002031832,green
318.30075187969925,10280618.598521093,10.91047269159691,1180644.2987323925,520667715.4009851,261520567.06150416,104576780.15818772,278718245.9043438,104320080.18902417,151123466.56465802,21228267.02070984,0.005386780887152446,4.800184919738989,0.3216830640937867,green
318.50125313283206,10356621.335785234,10.98622407940517,1186882.9747745846,520664233.3719115,261522296.1817562,104637944.30674092,278720000.5266413,104382597.51226312,151124308.56977314,21247918.033421643,0.005390051827948131,4.800214477476003,0.32168506617484494,green
318.70175438596493,10433185.229064018,11.062547870531759,1193158.40666116,520660744.7275175,261524056.1445662,104698580.34003347,278721790.79914224,104444574.6845558,151125163.6965158,21267398.02660458,0.005393294499636398,4.800244651352693,0.3216871100081249,green
318.90225563909775,10510314.367186425,11.139448198423988,1199470.8150643897,520657249.18978846,261525848.8861507,104758692.82666342,278723619.68927854,104506016.37344322,151126032.6073723,21286708.47338548,0.005396509146440592,4.800275495715128,0.32168919924778194,green
319.10275689223056,10588012.864061099,11.216929221903317,1205820.42176364,520653746.4171428,261527676.3735423,104818286.28581326,278725490.2358447,104566927.19611132,151126915.9704042,21305850.829222668,0.005399696009940735,4.800307066294477,0.32169133764035956,green
319.30325814536343,10666284.858676344,11.29499512516537,1212207.4496453747,520650236.0044318,261529540.60459006,104877365.18724997,278727405.5489975,104627311.71939094,151127814.45924827,21324826.531906012,0.00540285532907352,4.800339420207008,0.3216935290247895,green
319.50375939849624,10745134.515100116,11.373650117779906,1218632.122703152,520646717.4829396,261531443.60795912,104935933.95132503,278729368.81025624,104687174.45975782,151128728.75311652,21343637.0015569,0.00540598734013232,4.80037261595409,0.3216957773323917,green
319.70426065162906,10824566.022480043,11.45289843469085,1225094.666037628,520643190.32038313,261533387.44313094,104993996.94897436,278731383.2725027,104746519.88333257,151129659.53679615,21362283.640628234,0.005409092276767179,4.800406713422186,0.32169808658687427,green
319.9047619047619,10904583.595043397,11.532744336216268,1231595.3058565534,520639653.9209124,261535374.20040315,105051558.5017184,278733452.2599809,104805352.40588069,151130607.50064966,21380767.833904445,0.0054121703699848206,4.800441773882863,0.3217004609043336,green
320.10526315789474,10985191.47209711,11.61319210804838,1238134.2694747755,520636107.62511015,261537406.00088972,105108622.88166204,278735579.1682975,104863676.39281264,151131573.34061468,21399090.948501486,0.005415221848148639,4.8004778599927835,0.3217029044932543,green
320.30576441102755,11066393.918027785,11.694246061253562,1244711.7853142382,520632550.7099921,261539484.99652076,105165194.31149465,278737767.4644216,104921496.15918371,151132557.75820413,21417254.33386683,0.005418246936978707,4.800515035793711,0.3217054216545091,green
320.5062656641604,11148197.987660637,11.775913288489805,1251328.1610566787,520628938.79020286,261541505.57184574,105221282.20461991,278739874.45006603,104978821.7703387,151133520.88490814,21435262.35311053,0.005421246171661752,4.800550750991145,0.3217078402770008,green
320.70676691729324,11230607.106352098,11.858197265321717,1257983.6022085638,520625285.03463495,261543504.60248166,105276888.9999546,278741950.75669104,105035655.57544996,151134476.4803021,21453115.34563142,0.005424219672273552,4.800585913471189,0.3217102216006087,green
320.90726817042605,11313624.666281225,11.941101434623592,1264678.3137370343,520621603.4670974,261545521.26581585,105332016.97660756,278744050.16784453,105091999.75113423,151135439.16433105,21470813.56929967,0.005427167549671427,4.800621487609706,0.32171263067596745,green
321.1077694235589,11397255.116178334,12.024630292705739,1271412.5308670774,520617891.78559303,261547554.5616084,105386670.3188268,278746171.99256337,105147858.5872783,151136408.42792422,21488358.39499547,0.005430090028485573,4.80065746351048,0.3217150668104393,green
321.30827067669173,11481502.93292274,12.108788364311803,1278186.4900175212,520614147.5761665,261549603.40078828,105440853.1672609,278748315.4489361,105203236.32985209,151137383.7225504,21505751.179295063,0.005432987331049278,4.800693829759154,0.32171752920786917,green
321.50877192982455,11566372.621542733,12.19358020261875,1285000.4288010318,520610368.3129041,261551666.60545334,105494569.61895908,278750479.6641028,105258137.18090865,151138364.46021795,21522993.264470745,0.005435859677398922,4.8007305734232295,0.3217200169685844,green
321.7092731829574,11651868.715215584,12.279010389236875,1291854.5860241146,520606551.357934,261553742.90887052,105547823.7273711,278752663.67425495,105312565.2985842,151139350.01347482,21540085.978490878,0.005438707285273978,4.8007676800520676,0.321722529089395,green
321.90977443609023,11737995.775267562,12.365083534209818,1298749.201687115,520602693.96142584,261555830.9554755,105600619.50234737,278754866.4246358,105366524.7970981,151140339.71540856,21557030.63501987,0.005441530370117011,4.8008051336768895,0.3217250644635938,green
322.11027568922304,11824758.391173907,12.451804276014537,1305684.516984217,520598793.26159126,261557929.3008731,105652960.91013886,278757086.76954013,105420019.74675283,151141332.85964623,21573828.53341819,0.0054443291450736765,4.800842916810774,0.3217276218809559,green
322.3107769423559,11912161.180558842,12.539177281561317,1312660.7743034442,520594846.2846834,261560036.41183686,105704851.87339717,278759323.4723143,105473054.17393406,151142328.70035458,21590480.958742354,0.0054471038209927235,4.800881010448659,0.32173020002773917,green
322.5112781954887,12000208.789195588,12.627207246193791,1319678.2172266596,520590849.9449974,261562150.6663094,105756296.27117449,278761575.20535606,105525632.06111054,151143326.4522398,21606989.181744948,0.005449854606425994,4.800919394067343,0.32173279748668415,green
322.71177944862154,12088905.891006334,12.715898893688902,1326737.0905295648,520586801.0448697,261564270.35340217,105807297.9389236,278763840.55011505,105577757.34683423,151144325.29054782,21623354.4588746,0.005452581707628421,4.800958045625481,0.3217354127370138,green
322.9122807017544,12178257.188062267,12.805256976256938,1333837.6401817019,520582696.274679,261566393.67339563,105857860.66849789,278766117.9970922,105629433.9257402,151145324.35106406,21639578.032276,0.0054552853285580296,4.8009969415635885,0.32173804415443386,green
323.1127819548872,12268267.410583548,12.895286274541515,1340980.1133464507,520578532.2128453,261568518.73773918,105907988.20815136,278768405.9458401,105680665.64854665,151146322.7301135,21655661.129789896,0.005457965670875936,4.80103605680404,0.32174069001113254,green
323.31328320802004,12358941.316939324,12.985991597619568,1348164.7583810315,520574305.3258305,261570643.56905103,105957684.26253857,278770702.704963,105731456.32205497,151147319.48456076,21671604.964953087,0.005460622933946351,4.801075364751071,0.3217433484757807,green
323.5137844611529,12450283.693647733,13.077377783001381,1355391.8248365035,520570011.9681383,261572766.10111848,106006952.49271472,278773006.49211663,105781809.70914966,151148313.63181,21687410.736998428,0.005463257314836575,4.801114837290772,0.3217460176135318,green
323.7142857142857,12542299.355375884,13.169449696630553,1362661.5634577647,520565648.3823139,261574884.17889762,106055796.51613559,278775315.43400824,105831729.52879834,151149304.14980504,21703079.630854834,0.005465869008317003,4.801154444791096,0.32174869538602197,green
323.91478696741854,12634998.576098796,13.26221793825614,1369974.7898663415,520561354.5431847,261577044.14325717,106104225.44308054,278777644.2158428,105881224.38794899,151150318.29406682,21718614.705042325,0.005468458462962641,4.801194272844946,0.32175138932286246,green
324.1152882205514,12728382.440340126,13.355683453073745,1377331.3642120434,520557026.18548083,261579209.78966218,106152238.94397819,278779979.1749353,105930294.47936445,151151335.2218272,21734015.799698006,0.005471025690403752,4.801234207394202,0.3217540904359794,green
324.3157894736842,12822455.587120613,13.449850919101806,1384731.513827023,520552652.3273012,261581376.36989582,106199840.24035177,278782317.3678208,105978943.1540777,151152352.4365712,21749283.96642935,0.005473570866255536,4.801274208661671,0.32175679591329753,green
324.51629072681703,12917223.067546925,13.544725446113592,1392175.5070848726,520548232.0433559,261583542.48144004,106247032.90150335,278784656.9370606,106027174.06784818,151153369.4040981,21764420.375998084,0.0054760941819404895,4.801314243604767,0.3217595035229169,green
324.7167919799499,13012689.965362338,13.640312177029903,1399663.6140187802,520543764.4152518,261585706.67309016,106293820.45771024,278786995.9480248,106074990.83659361,151154385.57414442,21779426.18642191,0.005478595826795814,4.801354277759224,0.32176221093741125,green
324.9172932330827,13108861.396946764,13.736616287919096,1407196.1063215316,520539248.5314928,261587867.44495493,106340206.40022491,278789332.38889194,106122397.03638996,151155400.3803841,21794302.54297451,0.005481075988073415,4.8013942752391,0.3217649157338286,green
325.11779448621553,13205742.511316743,13.833642987997079,1414773.2573455106,520534683.48747987,261590023.24845648,106386194.18127508,278791664.17064935,106169396.20347144,151156413.24042824,21809050.578185547,0.005483534850939898,4.801434198736771,0.32176761539369064,green
325.3182957393484,13303338.490125436,13.931397519627302,1422395.3421026985,520530068.3855107,261592172.48633033,106431787.21406372,278793989.12709284,106215991.83423056,151157423.55582535,21823671.41184067,0.005485972598476575,4.801474009522936,0.3217703073029931,green
325.5187969924812,13401654.54766263,14.029885158320766,1430062.637264673,520525402.3347799,261594313.51262534,106476988.87276897,278796305.01482695,106262187.38521804,151158430.7120612,21838166.1509815,0.0054883894116794585,4.801513667446615,0.32177298875220567,green
325.719298245614,13500695.930854747,14.129111212736028,1437775.4211626106,520520684.4513792,261596444.63270387,106521802.4925442,278798609.51326483,106307986.27314289,151159434.0785589,21852535.889905643,0.005490785469459265,4.801553130935149,0.3217756569362719,green
325.91979949874684,13600467.919264823,14.229081024679182,1445533.9737872842,520515913.85829705,261598564.1032416,106566231.36951803,278800900.22462815,106353391.87487237,151160433.00867876,21866781.710166674,0.005493160948641413,4.8015923569942,0.32177830895460935,green
326.1203007518797,13700975.825092532,14.329799969103883,1453338.5767890648,520511089.68541896,261600670.1322276,106610278.76079425,278803174.6739474,106398407.52743198,151161426.83971852,21880904.68057417,0.005495516023966025,4.801631301207752,0.32178094181110944,green
326.3208020050125,13802224.993174167,14.431273454111324,1461189.5134779208,520506211.0695274,261602760.87896436,106653947.88445191,278805430.3090615,106443036.52800553,151162414.89291316,21894905.857193667,0.005497850868087926,4.801669917738109,0.32178355241413753,green
326.52130325814534,13904220.800982645,14.533506920950252,1469087.0688234174,520501277.15430164,261604834.45406774,106697241.91954528,278807664.5006182,106487282.133935,151163396.47343493,21908786.283346694,0.005500165651576642,4.801708159325897,0.321786137576533,green
326.7218045112782,14006968.658627521,14.636505844016966,1477031.5294547183,520496287.09031796,261606888.91946703,106740164.0061038,278809874.54207367,106531147.56272072,151164370.87039343,21922546.98961075,0.005502460542916407,4.8017459772900635,0.3217886940156091,green
326.922305764411,14110474.008854963,14.740275730855304,1485023.1836605836,520491240.03504956,261608922.28840485,106782717.24513218,278812057.64969283,106574635.99202123,151165337.3568355,21936188.993819326,0.005504735708506153,4.801783321527877,0.32179121835315305,green
327.12280701754383,14214743.102489002,14.844822905061035,1493062.3354977593,520486147.2888914,261610948.81189585,106824905.74261017,278814230.8633404,106617751.53809944,151166301.76977745,21949713.55686283,0.005506991363107136,4.80182048842128,0.3217937306711077,green
327.3233082706767,14319785.78406326,14.950157318723582,1501149.3554727957,520481075.89162475,261613057.48487103,106866738.35987237,278816502.53645897,106660502.77071255,151167300.14777458,21963123.101607073,0.00550922795106683,4.801859370627277,0.3217963591310804,green
327.5238095238095,14425603.732617699,15.056280680047664,1509284.4665949529,520475964.58528113,261615165.06965506,106908212.88183928,278818770.549883,106702887.87543474,151168298.94781536,21976417.333791528,0.0055114453813044275,4.801898181240891,0.3217989827634514,green
327.72431077694233,14532202.637979947,15.163198746823843,1517467.96591162,520470814.37874883,261617271.83230737,106949332.41031094,278821034.8018447,106744910.01760052,151169298.36755693,21989597.258715905,0.00551364381945905,4.801936916756776,0.3218016013479012,green
327.9248120300752,14639588.226959737,15.270917314377536,1525700.1522088447,520465626.3558221,261619378.08146852,106990100.01391311,278823295.2249069,106786572.32818578,151170298.62546757,22002663.870369375,0.00551582342936722,4.801975574197535,0.3218042147005876,green
328.125313283208,14747766.263348922,15.379442215569027,1533981.326011334,520460401.6752011,261621484.16836014,107030518.72809722,278825551.78596306,106827877.90380779,151171299.9608267,22015618.151430573,0.005517984373062872,4.802014151113728,0.32180682267414623,green
328.32581453634083,14856742.547921494,15.488779320793475,1542311.7895824555,520455141.5704921,261623590.48678482,107070591.5551404,278827804.48623717,106868829.80672517,151172302.63372487,22028461.0732676,0.005520126810777346,4.802052645583866,0.3218094251576901,green
328.5263157894737,14966522.918433541,15.598934537980892,1550691.8469242353,520449847.35020727,261625697.47312632,107110321.46414548,278830053.3612841,106909431.06483793,151173306.92506373,22041193.595938016,0.005522250900939383,4.802091056214412,0.3218120220768101,green
328.7268170426065,15077113.249623286,15.709913812596158,1559121.8037773585,520444520.3977647,261627805.60634935,107149711.39104095,278832298.4809891,106949684.67168744,151174313.13655612,22053816.668188844,0.005524356800175137,4.802129382139785,0.32181461339357437,green
328.9273182957393,15188519.453211071,15.821723127639029,1567601.967621171,520439162.17148864,261629915.40799978,107188764.23858099,278834539.94956833,106989593.58645643,151175321.590726,22066331.22745657,0.005526444663308165,4.8021676230223544,0.3218171991065288,green
329.1278195488722,15300747.477899352,15.934368503644114,1576132.6476736767,520433774.2046091,261632027.44220445,107227482.87634549,278836777.9055684,107029160.73396903,151176332.6309084,22078738.199867137,0.005528514643359429,4.802205779052446,0.32181977925069694,green
329.328320802005,15413803.309372718,16.047855998680898,1584714.1548915403,520428358.10526234,261634142.31567132,107265870.14074002,278839012.5218666,107068389.00469072,151177346.62124956,22091038.500235967,0.005530566891547301,4.802243850948336,0.3218223538975798,green
329.5288220551378,15527692.970297864,16.16219170835372,1593346.801970085,520422915.5564903,261636260.67768934,107303928.83499582,278841244.00567096,107107281.25472835,151178363.94670683,22103233.03206793,0.005532601557287556,4.802281839956255,0.321824923155156,green
329.7293233082707,15642422.52032361,16.277381765801795,1602030.903343293,520417448.3162412,261638383.22012857,107341661.72916986,278843472.59852004,107145840.30583015,151179385.0130487,22115322.687557355,0.005534618788193377,4.802319747850385,0.32182748716788184,green
329.9298245614035,15757998.056080904,16.3934323416992,1610766.7751838071,520411958.21736896,261640510.67744008,107379071.56014475,278845698.5762831,107184068.94538571,151180410.24685478,22127308.34758805,0.005536618730075352,4.802357576932864,0.32183004611669114,green
330.1303258145363,15874425.711182801,16.510349644254873,1619554.735402929,520406447.1676338,261642643.82665607,107416161.03162883,278847922.24916,107221969.92642601,151181440.0955158,22139190.881733276,0.005538601526941477,4.802395330033781,0.32183260021899524,green
330.3308270676692,15991711.656224491,16.628139919212625,1628395.1036506197,520400917.14970154,261644783.4873897,107452932.81415609,278850143.9616813,107259545.96762337,151182475.02723366,22150971.148255758,0.005540567320997153,4.802433010511179,0.32183514972868327,green
330.531328320802,16109866.014836717,16.746813304229356,1637288.226927965,520395321.30202043,261646928.2303319,107489394.57606815,278852379.95431274,107296805.11722557,151183510.81906363,22162651.684239745,0.005542516534414504,4.8024709757679,0.3218377180969826,green
330.7318295739348,16228898.908698648,16.86637993617631,1646234.4537200667,520389613.324302,261649076.6915369,107525553.90251392,278854646.3441536,107333755.3357931,151184543.31571877,22174234.99865553,0.005544449584761692,4.802509580220048,0.32184032858133127,green
330.9323308270677,16348810.53453216,16.986840184414053,1655234.069095853,520383871.43516254,261651233.37893167,107561405.54729304,278856918.93273884,107370390.90436521,151185580.36934143,22185719.289682936,0.0055463661710191525,4.802548279510009,0.32184294555737525,green
331.1328320802005,16469607.321783701,17.108200554001684,1664287.400385399,520378096.5312506,261653399.21754646,107596952.19074558,278859198.65120393,107406714.55611393,151186622.3979112,22197105.41821577,0.0055482664361630706,4.802587089121056,0.32184557008094866,green
331.3333333333333,16591295.739786485,17.23046759039206,1673394.7766764374,520372289.54783607,261655575.17329296,107632196.4837689,278861486.4767798,107442728.99383125,151187669.83672372,22208394.235090926,0.005550150521576031,4.802626025326628,0.3218482032615423,green
331.5338345864662,16713882.297760503,17.35364787943182,1682556.5288143577,520366451.45881027,261657762.25296417,107667141.04781768,278863783.4327932,107478436.8899291,151188723.1383908,22219586.581088383,0.005552018567047023,4.802665105190329,0.32185084626230354,green
331.734335839599,16837373.5448125,17.47774804736134,1691772.9894022064,520360583.27668566,261659961.50423452,107701788.4749039,278866090.5886664,107513840.88643938,151189782.7728404,22230683.286931194,0.005553870710771437,4.802704346565929,0.3218535003000364,green
331.9348370927318,16961776.069935992,17.602774760814793,1701044.492800686,520354686.05259603,261662174.01565978,107736141.32759684,278868409.0599172,107548943.59501393,151190849.22731662,22241685.1732855,0.0055557070893510665,4.8027437680973675,0.32185616664520167,green
332.1353383458647,17087096.502011262,17.728734726820093,1710371.3751281577,520348760.87629664,261664400.91667715,107770202.13902313,278870740.0081593,107583747.59692451,151191923.0063797,22252593.050760508,0.005557527837794108,4.802783389218748,0.32185884662191666,green
332.3358395989975,17213341.50980535,17.85563469279893,1719753.9742606375,520342808.87616396,261666643.37760517,107803973.41286665,278873084.64110184,107618255.44306289,151193004.63190603,22263407.719908524,0.005559333089515159,4.80282323015434,0.3218615416079554,green
332.5363408521303,17340517.801972084,17.98348144656676,1729192.6298318005,520336831.21919566,261668902.60964382,107837457.62336864,278875444.2125497,107652469.65394074,151194094.64308813,22274129.971224923,0.005561122976335219,4.802863311918581,0.3218642530347484,green
332.7368421052632,17468632.127052035,18.112281816332796,1738687.6832329768,520330829.11101085,261671179.86487442,107870657.21532759,278877820.02240324,107686392.71968968,151195193.5964347,22284760.585148163,0.005562897628481693,4.802903656316074,0.321866982387383,green
332.937343358396,17597691.273472544,18.24204267070002,1748239.4776131539,520324803.79585,261673476.4362597,107903574.60409936,278880213.4166587,107720027.10006133,151196302.06577054,22295300.332059786,0.005564657174588385,4.80294428594159,0.32186973120460316,green
333.1378446115288,17727702.06954773,18.372770918665182,1757848.3578789774,520318756.55657476,261675793.6576437,107936212.17559706,278882625.7874077,107753375.2244272,151197420.64223662,22305749.972284406,0.005566401741695503,4.802985224180063,0.3218725010788093,green
333.3383458646616,17858671.383478466,18.504473509618787,1767514.670694748,520312688.7146681,261678132.903752,107968572.28629114,278885058.5728377,107786439.49177876,151198549.93429005,22316110.25608973,0.005568131455249657,4.803026495206596,0.32187529365605877,green
333.5388471177945,17990606.1233524,18.637157433345124,1777238.7644824248,520306601.6302344,261680495.5901914,108000657.26320936,278887513.2572317,107819222.27072747,151199690.56770405,22326381.92368653,0.005569846439103861,4.803068123986458,0.32187811063606536,green
333.7393483709273,18123513.23714394,18.770829720022228,1787020.989421623,520300496.7019993,261682883.17345017,108032469.40393676,278889991.37096834,107851725.8995047,151200843.18556806,22336565.705228675,0.005571546815517528,4.803110136275086,0.32188095377219944,green
333.9398496240601,18257399.71271425,18.905497440221904,1796861.6974496145,520294375.3673097,261685297.15089795,108064010.97661573,278892494.49052197,107883952.6859618,151202008.4482876,22346662.320813105,0.005573232705156477,4.803152558618079,0.3218838248714883,green
334.140350877193,18392272.57781129,19.04116770490973,1806761.2422613292,520288239.10213387,261687739.06078574,108095284.21994592,278895024.2384624,107915904.90757002,151203187.03358436,22356672.480479844,0.0055749042270929255,4.803195418351207,0.3218867257946156,green
334.3408521303258,18528138.900069755,19.17784766544504,1816719.9793093526,520282089.4210614,261690210.48224598,108126291.34318432,278897582.2834552,107947584.81142062,151204379.63649613,22366596.88421199,0.0055765614988054985,4.803238743600404,0.3218896584559217,green
334.5413533834586,18665005.787011117,19.315544513580928,1826738.2658039276,520275927.8773031,261692713.03529242,108157034.5261452,278900170.34026164,107978994.61422478,151205586.96937692,22376436.22193573,0.005578204636179219,4.803282563281771,0.3218926248234038,green
334.7418546365915,18802880.386043623,19.454265481464276,1836816.4607129546,520269756.0626913,261695248.38082027,108187515.9192002,278902790.1697385,108010136.5023136,151206809.76189685,22386191.17352033,0.005579833753505515,4.803326907101575,0.3218956269187155,green
334.9423558897243,18941769.88446227,19.594017841635708,1846954.9247619903,520263575.60767925,261697818.22060606,108217737.64327817,278905443.5788382,108041012.63163818,151208048.76104212,22395862.40877813,0.005581448963482215,4.80337180555625,0.32189866681716706,green
335.1428571428571,19081681.509448834,19.734808907029613,1857154.020434248,520257388.1813419,261700424.2973077,108247701.78986534,278908132.420609,108071625.12776957,151209304.7311152,22405450.58746456,0.005583050377213552,4.803417289932398,0.3219017466477256,green
335.34335839599,19222626.12543909,19.876649642871705,1867414.2441004864,520251163.3392056,261703046.5665326,108277413.33154911,278910838.13623977,108101979.25261384,151210568.3703083,22414957.499240894,0.005584638271628913,4.803463060031086,0.3219048458381917,green
335.5438596491228,19364628.77965682,20.019565254807965,1877736.6133523348,520244744.27048594,261705579.20915338,108306888.65415764,278913461.7834078,108132092.68750724,151211790.7515543,22424389.405428212,0.005586213580264034,4.803507510115324,0.3219078544103723,green
335.7443609022556,19507679.180090234,20.163545466854263,1888120.8480777948,520238290.4108106,261708131.11866152,108336115.48967387,278916105.66427296,108161951.9396293,151213022.13284054,22433741.34606877,0.005587775588543416,4.803552303078838,0.3219108862271886,green
335.9448621553885,19651784.955578677,20.30859799660851,1898567.326683332,520231801.41982967,261710702.73217383,108365096.00769906,278918770.4394017,108191559.22615755,151214262.66909778,22443014.017412253,0.0055893244124645405,4.803597451006028,0.3219139421007858,green
336.1453634085213,19796953.781223696,20.454730608463517,1909076.429567235,520225276.9388332,261713294.48900422,108393832.35355,278921456.7791996,108220916.73950167,151215512.51470265,22452208.10767172,0.005590860166728,4.803642966182584,0.3219170228566385,green
336.3458646616541,19943193.378389,20.601951113607058,1919648.5391196173,520218716.5907509,261715906.83066347,108422326.64825897,278924165.36391145,108250026.64730349,151216771.82347766,22461324.297023594,0.005592382964737494,4.803688861095493,0.3219201293335511,green
336.546365914787,20090511.51470047,20.750267370021795,1930284.0397224133,520212119.9801524,261718540.20085943,108450580.98857373,278926896.88362116,108278891.09243698,151218040.7486911,22470363.257607687,0.005593892918599834,4.8037351484330335,0.3219232623836575,green
336.7468671679198,20238916.004046176,20.899687282485345,1940983.3177493827,520205486.6932473,261721195.0454969,108478597.44695759,278929652.0382519,108307512.19300821,151219319.4430573,22479325.653527163,0.0055953901391249386,4.803781841084777,0.32192642287242107,green
336.9473684210526,20388414.706576344,21.050218802570228,1951746.7615661067,520198816.297885,261723871.81267768,108506378.07158928,278932431.53756595,108335892.04235545,151220608.0587363,22488212.140848566,0.005596874735825835,4.803828952141589,0.3219296116786349,green
337.1478696741855,20539015.52870338,21.201869928643887,1962574.7615299895,520192108.3435546,261726570.95270053,108533924.88636307,278935236.10116476,108364032.70904903,151221906.747334,22497023.367601812,0.005598346816918662,4.803876494895627,0.3219328296944215,green
337.3483709273183,20690726.423101872,21.354648705868712,1973467.7099902607,520185362.36138535,261729292.91806126,108561239.89088877,278938066.45848894,108391936.23689148,151223215.6599023,22505759.97378019,0.0055998064893226646,4.803924482840344,0.3219360778252331,green
337.5488721804511,20843555.388708577,21.508563226201993,1984426.0012879702,520178577.86414605,261732038.16345263,108588325.06049159,278940923.34881836,108419604.64491744,151224534.94693887,22514422.59134035,0.005601253858660198,4.803972929670483,0.32193935698985143,green
337.74937343358397,20997510.47072241,21.66362162839595,1995450.0317559927,520171754.3462456,261734807.14576435,108615182.34621231,278943807.52127194,108447039.9273937,151225864.7583872,22523011.844202325,0.005602689029256727,4.804021849282083,0.3219426681203878,green
337.9498746867168,21152599.760604493,21.81983209799774,2006540.199719026,520164891.28373265,261737600.32408324,108641813.6748072,278946719.73480797,108474244.0538192,151227205.24363676,22531528.348249517,0.005604112104140827,4.804071255772475,0.3219460121622831,green
338.1503759398496,21308831.396078095,21.97720286734943,2017696.9054935903,520157988.13429576,261740418.159693,108668220.94874802,278949660.75822365,108501218.96892494,151228556.5515228,22539972.711328693,0.005605523185044177,4.804121163440283,0.3219493900743077,green
338.35087719298247,21466213.561128665,22.13574221558801,2028920.5513880292,520151044.3372633,261743261.11607432,108694406.04622202,278952631.3701555,108527966.59267418,151229918.83032647,22548345.533249997,0.005606922372401572,4.804171586785425,0.3219528028285617,green
338.5513784461153,21624754.48600384,22.295458468645414,2040211.5417025103,520144059.3136035,261746129.65890497,108720370.82113193,278955632.3590793,108554488.82026221,151231292.22777477,22556647.405786943,0.005608309765350911,4.8042225405091115,0.3219562514104746,green
338.7518796992481,21784462.447213404,22.456359999248473,2051570.2827290227,520137032.4659245,261749024.25605962,108746117.10309602,278958664.52330977,108580787.52211653,151232676.89104056,22564878.91267642,0.005609685461733203,4.804274039513847,0.3219597368188057,green
338.95238095238096,21945345.767529346,22.618455226918968,2062997.1827513806,520129963.1784743,261751945.37760994,108771646.69744805,278961728.6710011,108606864.54389673,151234072.96674258,22573040.62961868,0.00561104955809257,4.804326098903428,0.32196326006564363,green
339.1528822055138,22107412.81598581,22.781752617973588,2074492.65204522,520122850.81714064,261754893.49582466,108796961.38523723,278964825.6201463,108632721.70649457,151235480.60094544,22581133.124277353,0.005612402149676237,4.804378733982945,0.32196682217640676,green
339.3533834586466,22270672.007879112,22.946260685523946,2086057.1028779994,520115694.7294513,261757869.0851694,108822062.92322832,278967956.1985779,108658360.80603392,151236899.93915957,22589156.956279438,0.0056137433304345435,4.804431960258782,0.3219704241898429,green
339.55388471177946,22435131.804767758,23.11198798947659,2097690.9495090027,520108494.2445737,261760872.62230685,108846953.04390158,278971121.24396735,108683783.61387081,151238331.12634134,22597112.677215304,0.005615073193020935,4.804485793438616,0.3219740671580295,green
339.7543859649123,22600800.714472406,23.278943136532973,2109394.6081893346,520101248.6733154,261763904.58609667,108871633.45545273,278974321.60382545,108708991.87659341,151239774.30689293,22605000.8306387,0.005616391828791966,4.804540249431416,0.3219777521463737,green
339.9548872180451,22767687.291075915,23.447134780189508,2121168.4971619253,520093957.30812365,261766965.45759544,108896105.84179299,278977558.13550204,108733987.31602201,151241229.62466237,22612821.95206673,0.005617699327807301,4.804595344347447,0.32198148023361195,green
340.15538847117796,22935800.134923298,23.616571620737492,2133013.0366615257,520086619.42308545,261770055.72005683,108920371.86254913,278980831.70618623,108758771.62920903,151242697.2229436,22620576.56897989,0.005618995778829714,4.804651094498264,0.3219852525118105,green
340.35588972431077,23105180.685915202,23.787295648276373,2144929.9730344326,520079226.0521613,261773099.41704386,108944449.5778478,278984030.0531198,108783363.4947255,151244150.39538732,22628271.392724857,0.005620282164683354,4.804705457939542,0.32198893153058433,green
340.5563909774436,23275811.83910625,23.959289505087213,2156918.6888410808,520071782.90061396,261776157.17147714,108968327.677704,278987243.0679313,108807751.18158963,151245610.40580964,22635902.063665263,0.005621557867177134,4.8047600707316755,0.32199262740766404,green
340.75689223057645,23447700.898552783,24.132560577090615,2168979.5523465704,520064289.54724497,261779232.81839305,108992007.03012203,278990476.59846467,108831935.56833409,151247078.5707915,22643468.81420636,0.005622822932001169,4.804815039870741,0.32199634733847726,green
340.95739348370927,23620857.00299747,24.30711810995229,2181113.0060203853,520056745.10411096,261782326.02616903,109015489.37456824,278993730.3321804,108855918.4361832,151248554.74211037,22650972.206400104,0.005624077452378188,4.804870360293514,0.3220000909754647,green
341.1578947368421,23795289.34656072,24.48297140537345,2193319.4946918986,520049148.6626231,261785436.44413093,109038776.43079016,278997003.93492836,108879701.54632074,151250038.76352632,22658412.795982983,0.005625321520482909,4.804926026565876,0.3220038579458823,green
341.35839598997495,23971007.17874065,24.660129821090777,2205599.4655503714,520041499.29354703,261788563.70255294,109061869.89881633,279000297.05094844,108903286.63988976,151251530.470782,22665791.132376015,0.005626555227442046,4.804982032882811,0.32200764785180136,green
341.55889724310777,24148019.804413103,24.838602770876424,2217953.3681449527,520033796.0470029,261791707.4126579,109084771.45895644,279003609.3028701,108926675.43799278,151253029.6916028,22673107.75868476,0.0056277786633343015,4.805038373068408,0.32201146027010824,green
341.7593984962406,24326336.583831653,25.018399724538057,2230381.654384682,520026037.9524652,261794867.16661686,109107482.77180125,279006940.2917126,108949869.64169163,151254536.24569657,22680363.211699314,0.005628991917190372,4.80509504057586,0.3220152947525046,green
341.95989974937345,24505966.93262759,25.199530207918784,2242884.778538485,520018224.0187629,261798042.53754953,109130005.47822261,279010289.5968847,108972870.93200752,151256049.94475397,22687558.021894295,0.005630195076992945,4.805152028487462,0.3220191508255074,green
342.16040100250626,24686920.32180993,25.382003802897238,2255463.197235179,520010353.23407954,261801233.0795239,109152341.19937348,279013656.7761853,108995680.96992108,151257570.59244812,22694692.713428862,0.005631388229676699,4.805209329514615,0.32202302799044874,green
342.3609022556391,24869206.27776541,25.565830147387498,2268117.3694634666,520002424.56595296,261804438.32755646,109174491.53668793,279017041.36580247,109018301.39637226,151259097.9844349,22701767.804146715,0.005632571461128304,4.805266935997825,0.322026925723476,green
342.56140350877195,25052834.3822585,25.75101893533916,2280847.7565719425,519994436.9612756,261807657.7976122,109196458.07188106,279020442.88031447,109040733.83226041,151260631.9083527,22708783.80557607,0.005633744856186425,4.805324839906699,0.3220308434755517,green
342.76190476190476,25237814.272431377,25.93757991673726,2293654.822269086,519986389.34629416,261810890.98660445,109218242.36694913,279023860.81268895,109062979.87844425,151262172.1438226,22715741.2229297,0.005634908498641715,4.80538303283995,0.3220347806724538,green
342.9624060150376,25424155.640803955,26.125522897602348,2306539.032623268,519978280.62661004,261814137.37239507,109239845.96416946,279027294.6342835,109085041.1157419,151263718.4624483,22722640.5551049,0.005636062471236819,4.805441506025396,0.3220387367147752,green
343.16290726817044,25611868.23527388,26.314857739990465,2319500.8560627485,519970109.68717897,261817396.41379434,109261270.38610047,279030743.7948453,109106919.10493077,151265270.62781614,22729482.29468349,0.005637206855666378,4.805500250319955,0.32204271097792425,green
343.36340852130326,25800961.859116487,26.50559436199309,2332540.7633756725,519961875.39231104,261820667.5505609,109282517.13558167,279034207.7225113,109128615.38674775,151266828.39549503,22736266.927931845,0.005638341732577018,4.805559256209655,0.3220467028121245,green
343.56390977443607,25991446.370984867,26.697742737737226,2345659.2277100766,519953576.585671,261823950.20340195,109303587.6957337,279037685.823808,109150131.48188902,151268391.51303652,22742994.934800856,0.005639467181567363,4.8056185138096215,0.32205071154241466,green
343.76441102756894,26183331.684909828,26.891312897385337,2358856.724573886,519945212.0902779,261827243.7739731,109324483.52995823,279041177.483652,109171468.8910102,151269959.71997485,22749666.788925957,0.005640583281188026,4.80567801286409,0.3220547364686487,green
343.96491228070175,26376627.770299908,27.0863149271354,2372133.7318349145,519936780.7085053,261830547.6448784,109345206.08193807,279044682.06534916,109192629.09472623,151271532.7478268,22756282.957627118,0.005641690108941611,4.805737742746394,0.3220587768654958,green
344.16541353383457,26571344.65194133,27.282758969220815,2385490.7297208617,519928281.2220812,261833861.17967027,109365756.77563713,279048198.9105953,109213613.55361147,151273110.32009187,22762843.901908837,0.005642787741282716,4.805797692458977,0.3220628319824404,green
344.36591478696744,26767492.40999809,27.48065522191052,2398928.2008193186,519919712.39208806,261837183.72284967,109386137.01530036,279051727.33947605,109234423.7081996,151274692.15225208,22769350.076460153,0.005643876253617929,4.805857850633383,0.3220669010437822,green
344.56641604010025,26965081.180011895,27.680013939508925,2412446.6300777663,519911072.95896286,261840514.59986597,109406348.18545386,279055266.65046644,109255060.97898373,151276277.95177212,22775801.929654628,0.005644955720305829,4.80591820553026,0.32207098324863614,green
344.76691729323306,27164121.15290214,27.880845432355883,2426046.504803569,519902361.64249694,261843853.117117,109426391.65090482,279058816.12043154,109275526.7664163,151277867.4180993,22782199.903550368,0.005646026214656989,4.8059787450393605,0.32207507777093225,green
344.96741854636593,27364622.574965987,28.08316006682678,2439728.3146639843,519893577.1418361,261847198.56194898,109446268.75674146,279062375.004626,109295822.45090914,151279460.2426636,22788544.43389001,0.005647087808933973,4.806039456679543,0.32207918375941597,green
345.16791979949875,27566626.810015373,28.286999807372755,2453493.8973629847,519884797.13588464,261850596.70531,109465991.38510424,279065981.34727967,109315959.73618515,151281078.56366774,22794839.18934542,0.005648141113150018,4.806100932636333,0.3220833420463764,green
345.36842105263156,27770130.065618847,28.492360764349666,2467343.1343023223,519875984.2960823,261854025.6134657,109485556.03280307,279069616.68135464,109335935.25095159,151282711.82785803,22801083.117481362,0.005649185952037065,4.806162884078929,0.32208753273094964,green
345.56892230576443,27975132.651339225,28.69924321328472,2481276.084551542,519867111.56499237,261857469.3917582,109504960.55221118,279073267.57424736,109355746.9513541,151284352.39925864,22807275.581539404,0.005650222219470988,4.806225100626833,0.3220917413206871,green
345.76942355889724,28181645.471151896,28.90765818760125,2495293.2661131388,519858178.66848385,261860927.90430707,109524206.35777695,279076933.73974055,109375396.28288095,151286000.252535,22813417.03748504,0.005651249991088006,4.806287576811115,0.3220959674492593,green
345.96992481203006,28389679.49572397,29.11761678824688,2509395.199839639,519849185.3405553,261864401.0131183,109543294.84807503,279080614.884143,109394884.67474723,151287655.36251405,22819507.936148163,0.005652269341672578,4.806350307012328,0.32210021074034406,green
346.1704260651629,28599245.762414396,29.329130183693604,2523582.409433611,519840131.3233347,261867888.5780845,109562227.40580638,279084310.70628965,109414213.5398949,151289317.7041843,22825548.72322306,0.005653280345157408,4.806413285460507,0.3221044708076264,green
346.37092731829574,28810355.375273872,29.54220960993775,2537855.42144766,519831016.3670797,261871390.4569848,109581005.39779823,279088020.89754134,109433384.2749927,151290987.25269574,22831539.83926841,0.005654283074623443,4.806476506235169,0.3221087472547984,green
346.57142857142856,29023019.50504484,29.756866370499928,2552214.7652844237,519821840.2301772,261874906.5054848,109599630.17500407,279091745.1417851,109452398.26043624,151292663.98336,22837481.719707284,0.005655277602299875,4.806539963265315,0.3221130396755593,green
346.7719298245614,29237249.38916155,29.973111836425137,2566660.9731965815,519812602.67914385,261878436.57713673,109618103.07250372,279095483.11543393,109471256.86034791,151294347.8716501,22843374.794827156,0.005656263999564138,4.806603650329428,0.3221173476536158,green
346.97243107769424,29453056.331750035,30.19095744628269,2581194.580286848,519803303.4886257,261881980.52337933,109636425.40950325,279099234.48742694,109489961.42257698,151296038.89320078,22849219.489779886,0.005657242336941907,4.8066675610554706,0.32212167076268156,green
347.17293233082705,29670451.703628045,30.4104147061662,2595816.124507973,519793942.44139826,261885538.19353783,109654598.48933505,279102998.9192292,109508513.2786995,151297737.0238082,22855016.224581733,0.005658212684107106,4.806731688920891,0.3221260085664774,green
347.3734335839599,29889446.94230516,30.631495189693656,2610526.146662746,519784519.3283666,261889109.43482402,109672623.59945774,279106776.0648319,109526913.7440184,151299442.23943007,22860765.414113346,0.005659175109881898,4.80679602725262,0.3221303606187314,green
347.57393483709274,30110053.551982705,30.854210538007347,2625325.1904039923,519775033.94856524,261892694.09233624,109690502.01145627,279110565.5707524,109545164.11756341,151301154.5161857,22866467.46811977,0.005660129682236689,4.806860569227069,0.3221347264631789,green
347.77443609022555,30332283.103553806,31.07857245977393,2640213.8022345747,519765486.10915834,261896292.00905934,109708234.98104186,279114367.0760339,109563265.68209107,151302873.83035588,22872122.79121045,0.0056610764682901325,4.806925307870133,0.32213910563356235,green
347.9749373433584,30556147.23460331,31.304592731184336,2655192.53150739,519755875.62543947,261899903.02586472,109725823.74805202,279118180.2122457,109581219.70408478,151304600.158383,22877731.782859217,0.0056620155343091215,4.806990236057188,0.32214349765363137,green
348.17543859649123,30781657.649407875,31.532283195953877,2670261.930425376,519746202.3208316,261903526.98151034,109743269.5364505,279122004.60348326,109599027.43375476,151306333.47687092,22883294.8374043,0.005662946945708794,4.807055346513094,0.3221479020371428,green
348.37593984962405,31008826.11893595,31.76165576532219,2685422.5540415063,519736466.02688736,261907163.71264058,109760573.55432743,279125839.86636806,109616690.10503805,151308073.76258507,22888812.344048318,0.005663870767052531,4.807120631812194,0.32215231828786056,green
348.5764411027569,31237664.480847698,31.992722418053205,2700674.9602587884,519726666.5832888,261910813.05378655,109777736.99389914,279129685.6100476,109634208.93559852,151309820.99245247,22894284.68685829,0.005664787062051958,4.807186084378311,0.32215674589955595,green
348.77694235588973,31468184.6394951,32.225495200435226,2716019.70983027,519716803.83784753,261914474.8373657,109794761.03150825,279133541.4361954,109651585.1268269,151311575.14356163,22899712.244765624,0.005665695893566943,4.8072516964847525,0.3221611843560073,green
348.97744360902254,31700398.56592192,32.45998622628089,2731457.366359037,519706877.64650464,261918148.89368212,109811646.82762371,279137406.9390111,109668819.86384068,151313336.1931626,22905095.39156613,0.005666597323605596,4.807317460254308,0.3221656331310003,green
349.1779448621554,31934318.29786364,32.69620767692712,2746988.4962982065,519696887.8733308,261921835.05092642,109828395.52684073,279141281.70522034,109685914.31548424,151315104.11866698,22910434.495920006,0.005667491413324273,4.807383367659248,0.32217009168832755,green
349.3784461152882,32169955.93974757,32.93417180123521,2762613.6689509377,519686834.3905259,261925533.13517573,109845008.25788078,279145165.3140748,109702869.63432877,151316878.8976479,22915729.921351846,0.00566837822302757,4.807449410521328,0.3221745594817891,green
349.57894736842104,32407323.662692778,33.173890915590796,2778333.4564704266,519676717.0784196,261929242.97039375,109861486.13359167,279149057.33735245,109719686.95667228,151318660.50784007,22920982.026250634,0.005669257812168331,4.807515580511784,0.32217903595519204,green
349.7794486215539,32646433.704510074,33.41537740390378,2794148.4338599015,519666535.82547116,261932964.37843063,109877830.25094743,279152957.3393569,109736367.40253961,151320448.9271397,22926191.163869753,0.0056701302393476405,4.807581869151336,0.32218352054235067,green
349.9799498746867,32887290.29302392,33.658635640582965,2810058.967628401,519656288.57877135,261936686.96134788,109894039.4864309,279156850.2170413,109752909.85360144,151322240.4413663,22931357.030554503,0.005670995446472485,4.807648002625064,0.3221879948033469,green
350.18045112781954,33129979.26063613,33.90375160895378,2826067.560754971,519645992.97464114,261940503.47135776,109910134.95730767,279160868.8582744,109769335.60821399,151324068.61139226,22936485.89746597,0.005671854544081309,4.807716384136723,0.3221926206311695,green
350.3809523809524,33374454.033978667,34.15067888170704,2842173.252632351,519635634.68216395,261944339.06978393,109926101.60516424,279164905.69435346,109785629.50222129,151325906.4387143,22941573.34035539,0.005672706741832133,4.807785067213067,0.32219726691044076,green
350.5814536340852,33620727.71997702,34.39943071522346,2858376.645425681,519625213.76770765,261948194.33204287,109941940.62789719,279168961.3530002,109801792.75627527,151327754.1772369,22946619.74054201,0.005673552103558378,4.807854062549888,0.322201934367257,green
350.78195488721803,33868813.493540734,34.65002043470048,2874678.3441839563,519614730.3060817,261952069.83307257,109957653.20788208,279173036.4568077,109817826.57511018,151329612.08161688,22951625.474313773,0.005674390692260244,4.807923380734888,0.32220662372057995,green
350.9824561403509,34118724.598076195,34.90246143466495,2891078.9568534405,519604184.3806607,261955966.14798096,109973240.51211347,279177131.6241715,109833732.14768375,151331480.40749758,22956590.91296867,0.005675222570112064,4.807993032264518,0.3222113356833706,green
351.1829573934837,34370474.3459993,35.15676717948596,2907579.094291084,519593576.0835082,261959883.85269478,109988703.69234487,279181247.4702202,109849510.6473182,151333359.41174367,22961516.422856122,0.005676047798469656,4.808063027560815,0.32221607096372384,green
351.38345864661653,34624076.11924842,35.4129512038877,2924179.370277946,519582905.5155004,261963823.5246083,110004043.88522875,279185384.60774636,109865163.23184136,151335249.35267526,22966402.365418382,0.005676866437877682,4.808133376988234,0.3222208302660024,green
351.5839598997494,34879543.36979711,35.671027113462266,2940880.40153261,519572172.7864502,261967785.743232,110019262.21245645,279189543.6481371,109880691.0437277,151337150.4903025,22971249.0972319,0.005677678548077003,4.808204090870494,0.322225614291971,green
351.7844611528822,35136889.62016684,35.9310085851824,2957682.8077245997,519561378.01523066,261971771.09084135,110034359.78089823,279193725.2023051,109896095.21023951,151339063.0865599,22976056.97004871,0.00567848418801203,4.808275179507403,0.3222304237419306,green
351.98496240601503,35396128.46393991,36.19290936791441,2974587.211487804,519550521.3298989,261975780.15312544,110049337.68274316,279197929.8816189,109911376.8435679,151340987.4055408,22980826.33083781,0.005679283415838081,4.808346653191704,0.3222352593158525,green
352.1854636591479,35657273.56627219,36.456743282930944,2991594.238433892,519539602.86781996,261979813.51983583,110064196.99563916,279202158.2988343,109926537.04097387,151342923.71373177,22985557.521826535,0.0056800762889287395,4.808418522225906,0.3222401217145127,green
352.3859649122807,35920338.66440584,36.72252422442373,3008704.5171657256,519528622.7757905,261983871.78543523,110078938.78283292,279206411.0690247,109941576.88492946,151344872.28024703,22990250.880541965,0.005680862863883201,4.808490796939127,0.32224501164062586,green
352.5864661654135,36185337.56818222,36.99026616001652,3025918.6792907882,519517581.2101624,261987955.5497461,110093564.09330992,279210688.8105117,109956497.44325879,151346833.37706298,22994906.73985227,0.005681643196533636,4.808563487703923,0.3222499297999796,green
352.7869674185464,36452284.160554655,37.259983131277835,3043237.3594345986,519506478.33696693,261992065.4185996,110108073.96193436,279214992.1457965,109971299.76927912,151348807.2792524,22999525.428008117,0.005682417341952541,4.80863660495313,0.32225487690256854,green
352.9874686716792,36721192.39810111,37.53168925423373,3060661.1952541233,519495314.3320381,261996202.00448415,110122469.40958917,279219321.70249,109985984.90194198,151350794.2652191,23004107.268684044,0.0056831853544600935,4.8087101591967,0.32225985366372883,green
353.187969924812,36992076.31153713,37.80539871988071,3078190.8274512053,519484089.38113683,262000365.9271942,110136751.44331594,279223678.114244,110000553.86597422,151352794.61693218,23008652.581019837,0.005683947287631508,4.808784161038536,0.3222648608052718,green
353.3884711779449,37264950.00622862,38.081125794698515,3095826.899785977,519472803.6800743,262004557.81447893,110150921.05645493,279228062.02168167,110015007.6720191,151354808.62016052,23013161.679661922,0.0056847031943043904,4.8088586211933295,0.3222698990566186,green
353.5889724310777,37539827.66270449,38.358884821162825,3113570.059090276,519461457.43483615,262008778.3026911,110164979.22878504,279232474.07332855,110029347.31677735,151356836.56470722,23017634.874804735,0.005685453126586092,4.8089335505034,0.3222749691559341,green
353.7894736842105,37816723.53716961,38.638690218258255,3131420.9552810686,519450050.8617059,262013028.03743556,110178926.92666373,279236914.9265432,110043573.78314827,151358878.74464402,23022072.472232107,0.005686197135861067,4.809008959955524,0.32228007185126123,green
353.98997493734333,38095651.96201755,38.920556481991035,3149380.2413738663,519438584.187389,262017307.67421815,110192765.10316707,279241385.2484479,110057688.04037087,151360935.4585456,23026474.77335865,0.005686935272798223,4.809084860697784,0.32228520790165505,green
354.1904761904762,38376627.34634335,39.204498185901905,3167448.5734961447,519427057.6491365,262021617.87909436,110206494.69822966,279245885.7168596,110071691.0441648,151363007.00972423,23030842.07527113,0.00568766758735828,4.809161264056391,0.32229037807831695,green
354.390977443609,38659664.17645629,39.4905299815788,3185626.610900757,519415471.4948686,262025959.3293181,110220116.63878462,279250417.0212204,110085583.73687159,151365093.70646396,23035174.67076986,0.005688394128801124,4.8092381815525345,0.3222955831657288,green
354.59147869674183,38944777.01639276,39.77866659916987,3203915.0159793594,519403825.98329884,262030332.7139903,110233631.83890353,279254979.86352855,110099367.04759564,151367195.8622552,23039472.848410066,0.00568911494569316,4.809315624919208,0.32230082396278736,green
354.7919799498747,39231998.24349662,40.068940641676136,3222315.072570515,519392099.11768895,262034726.61679247,110247044.2070578,279259565.16522175,110113045.08926137,151369307.89219725,23043737.946020402,0.005689830254063892,4.809393455413641,0.3223060908704305,green
354.9924812030075,39521370.0020706,40.36139451196369,3240828.40543673,519380256.74880314,262039123.01484862,110260359.28184941,279264158.5119216,110126623.70823044,151371420.9919547,23047971.872754347,0.005690540361119598,4.809471452212642,0.32231136861765075,green
355.1929824561403,39812870.383778386,40.65600634878224,3259454.4066997366,519368345.2561447,262043547.7187561,110273571.71536592,279268780.92092335,110140097.17765956,151373547.71199024,23052172.724158347,0.005691244965349547,4.809549939718642,0.32231667960761706,green
355.3934837092732,40106514.8393897,40.952791774234896,3278193.7713366933,519356364.22632736,262048001.08154893,110286682.46839881,279273432.83859426,110153466.47798915,151375688.1989841,23056340.806120984,0.005691944118030653,4.809628925830721,0.32232202437313007,green
355.593984962406,40402318.92078458,41.251766512437136,3297047.1982564684,519344313.2312382,262052483.4571265,110299692.49310802,279278114.71701425,110166732.58088082,151377842.59906444,23060476.421729375,0.005692637869980519,4.809708418567038,0.3223274034548515,green
355.7944862155388,40700298.28179599,41.55294639036056,3316015.3903245586,519332191.8277475,262056995.200677,110312602.73321782,279282827.0147245,110179896.44941787,151380011.05793193,23064579.871330097,0.005693326271567914,4.809788426078864,0.3223328174022449,green
355.9949874686717,41000468.67905234,41.85634733867649,3335099.054388003,519319999.5574185,262061536.66910103,110325414.12421265,279287570.1974761,110192959.0383058,151382193.72098443,23068651.45259019,0.005694009372723257,4.809868956664621,0.3223382667745158,green
356.1954887218045,41302845.97281986,42.16198539259948,3354298.9013002883,519307735.94621706,262066108.22143474,110338127.59353301,279292344.73897856,110205921.2940729,151384390.73344162,23072691.4605581,0.005694687222949096,4.809950018783916,0.32234375214155275,green
356.3959899749373,41607446.12784528,42.46987669273112,3373615.6459462717,519295400.5042217,262070710.21927354,110350744.06077139,279297151.12164897,110218784.15527064,151386602.24046966,23076700.18772467,0.005695359871330591,4.810031621071574,0.3223492740848675,green
356.59649122807014,41914285.21419826,42.78003748590354,3393050.00726709,519282992.7253333,262075343.02719533,110363264.43786807,279301989.8373602,110231548.55267431,151388828.38730592,23080677.924084064,0.005696027366545993,4.810113772351675,0.3223548331985359,green
356.796992481203,42223379.408113934,43.09248412602311,3412602.708285074,519270512.08698475,262080007.01318413,110375689.62930706,279306861.38818973,110244215.40948348,151391069.31938356,23084624.957194794,0.005696689756877128,4.810196481651586,0.3223604300901382,green
356.9974937343358,42534744.99283535,43.407233074913954,3432274.4761286573,519257958.04985124,262084702.54905334,110388020.53231196,279311766.2871684,110256785.64152247,151393325.1824562,23088541.572240632,0.005697347090219873,4.810279758216,0.3223660653816998,green
357.19799498746863,42848398.359456085,43.72430090316174,3452066.0420572977,519245330.0575596,262089430.0108692,110400258.03704183,279316705.05902904,110269260.15744098,151395596.12272263,23092428.052091613,0.005697999414094644,4.810363611520967,0.3223717397106318,green
357.3984962406015,43164356.007762745,44.0437042909572,3471978.141486386,519232627.5363982,262094189.7793744,110412403.02678707,279321678.24095505,110281639.85891451,151397882.28695142,23096284.677364986,0.005698646775656868,4.810448051287932,0.3223774537306715,green
357.5989974937343,43482634.54707734,44.36546002893974,3492011.5140121556,519219849.8950268,262098982.24041125,110424456.37816533,279326686.38332933,110293925.64084491,151400183.82260567,23100111.72648618,0.005699289221707474,4.810533087497768,0.32238320811282306,green
357.79949874686713,43803250.69710002,44.68958501904114,3512166.9034366054,519206996.5241867,262103807.78534532,110436418.96131735,279331730.05048263,110306118.39156091,151402500.8779675,23103909.47574978,0.005699926798703367,4.810618730404811,0.3223890035462979,green
358.0,44126221.28875143,45.016096275329176,3532445.0577924065,519194066.7964097,262108666.81148878,110448291.64010283,279336809.8214424,110318218.99301861,151404833.6022629,23107678.19938049,0.0057005595527679104,4.810704990550896,0.3223948407394557,magenta
358.13422818791946,44343726.37451998,45.235988788458826,3581886.6824000212,519185409.09720016,262113066.44707483,110456209.28576781,279340522.6039037,110326269.21712488,151408524.0601235,23110184.1065959,0.0057009812913894585,4.810767256145767,0.32239941395559124,magenta
358.2684563758389,44562299.90921785,45.456963688306686,3629254.0529955747,519176685.95724666,262119589.746145,110464133.0540844,279344662.09386635,110334288.50961965,151416344.30881363,23112678.613842566,0.005701403055079157,4.810835631054186,0.32240514933858105,magenta
358.4026845637584,44781941.633397534,45.67901800672214,3674599.2870470337,519167865.89592046,262128091.38857043,110472061.78418322,279349525.0891537,110342282.47162966,151424401.19618598,23115162.234589353,0.005701822078746164,4.810912937778412,0.3224102163918747,magenta
358.53691275167785,45002656.94275116,45.90215543158972,3718103.726204492,519158893.8628999,262138099.79720375,110479991.44130534,279355616.775066,110350262.68798682,151430040.62548336,23117636.564519987,0.005702232378253777,4.811005285105636,0.3224146879177784,magenta
358.6711409395973,45224452.69663103,46.126385399214776,3759886.7848241297,519149739.24876565,262149342.47889712,110487919.3161003,279362882.2803587,110358230.82839,151436796.751292,23120102.426236033,0.0057026395297264405,4.811112852167273,0.32242179565581464,magenta
358.80536912751677,45447332.85990216,46.3517113709923,3800054.403154252,519140349.75253093,262161587.2570286,110495842.97581644,279371324.3456753,110366188.97663602,151443918.85570496,23122560.480802204,0.005703043654083988,4.811239122091255,0.3224303849769651,magenta
358.93959731543623,45671301.60184685,46.57813734895074,3838706.850252036,519130670.7979892,262174625.62652805,110503760.05938148,279380895.44560736,110374138.21151753,151451133.6483542,23125011.272143956,0.0057034470683136745,4.81138462487122,0.3224401458545582,magenta
359.0738255033557,45896363.37745117,46.805667748244254,3875942.7675135336,519120646.39038223,262188263.7480153,110511668.1614265,279391507.1249232,110382078.80739126,151458340.60986298,23127455.251023438,0.005703861582945674,4.811548292070827,0.3224512739240178,magenta
359.20805369127515,46122522.516934425,47.03430689327058,3911850.6941581923,519110228.7482368,262202336.9005621,110519565.05766481,279403052.7389634,110390010.44473061,151465474.11917838,23129892.74937191,0.005704300192538787,4.811728904203806,0.32246364421905854,magenta
359.3422818791946,46349783.61251953,47.26405940179765,3946517.2780520623,519099374.2240608,262216692.75252917,110527448.63099714,279415408.0293919,110397932.33291057,151472491.40014964,23132324.020374395,0.005704723518888556,4.811924799037327,0.3224770588018809,magenta
359.4765100671141,46578151.394589774,47.494930056510114,3980024.405468817,519088045.56405,262231195.926664,110535316.7297834,279428441.349895,110405843.34757252,151479363.89191976,23134749.23564423,0.005705135223780951,4.8121340015775385,0.32249138335059285,magenta
359.61073825503354,46807631.03824437,47.72692411333426,4012453.4312807843,519076211.7556849,262245721.06773645,110543167.13636997,279442012.23253214,110413742.02956258,151486067.68100688,23137168.492881607,0.005705547675388553,4.81235427226989,0.32250645682813744,magenta
359.744966442953,47038227.127264194,47.96004624429862,4043870.3732435293,519063852.9031815,262260173.22767743,110550998.03498967,279456002.95099354,110421626.9839092,151492585.33895805,23139581.818554852,0.005705961023442011,4.8125836585157975,0.3225221416985515,magenta
359.87919463087246,47269944.71266896,48.194301611476206,4074342.7551886756,519050953.6867265,262274461.26350892,110558807.53107922,279470291.84492654,110429496.630152,151498900.1507076,23141989.194854718,0.005706379075278736,4.812820089943974,0.32253829343373747,magenta
360.0134228187919,47502788.88017687,48.42969542650059,4103933.1377236685,519037505.43455285,262288507.1010015,110566593.83301994,279484765.7962134,110437349.35412195,151504998.0857751,23144390.558367565,0.005706809222981626,4.813061591987101,0.32255477546490646,magenta
360.1476510067114,47736767.0421337,48.666235310928435,4132721.8990543587,519023508.6305326,262302222.98104888,110574354.66125202,279499282.6280528,110445182.83754514,151510863.8186502,23146785.73835951,0.005707233708323762,4.813305606770631,0.32257141276521994,magenta
360.28187919463085,47971883.30817969,48.90392549709387,4160750.5360823255,519008967.21792936,262315567.4083174,110582088.89089063,279513770.6935927,110452995.8171646,151516490.23229802,23149174.620088536,0.00570761672579359,4.8135508258145725,0.3225881161981616,magenta
360.4161073825503,48208144.96463884,49.14277350494275,4188084.9412671425,518993896.42709625,262328484.4953752,110589794.49014203,279528122.9812216,110460786.20340724,151521868.65457758,23151556.962272115,0.0057080089225505296,4.813795254203023,0.3226047505674262,magenta
360.5503355704698,48445551.18447702,49.38277848005201,4214718.138303518,518978294.007979,262340979.47035256,110597471.66151023,279542350.2572778,110468554.22420835,151526999.78904665,23153932.79448795,0.005708409994635179,4.814039095096025,0.32262132959555695,magenta
360.6845637583893,48684119.0549244,49.62395808046276,4240791.509961501,518962209.2996835,262352950.46089244,110605116.3390444,279556237.60104644,110476295.22306973,151531870.6291172,23156301.493599918,0.005708811944009826,4.81427827732642,0.32263757857711267,magenta
360.81879194630875,48923842.736341625,49.866306284603034,4266246.948260155,518945633.7281795,262364452.86738393,110612730.24460271,279569885.78184503,110484011.04625325,151536491.0442438,23158663.246224064,0.005709216070490464,4.8145146651750235,0.32265362399211545,magenta
360.9530201342282,49164731.78606934,50.10983297991701,4291155.287272433,518928601.7705331,262375446.9787592,110620311.37916215,279583197.6286619,110491699.30753717,151540858.32726407,23161017.682524167,0.005709619354439445,4.81474638113813,0.3226693397132098,magenta
361.0872483221477,49406791.07585494,50.35454319909865,4315558.125515472,518911126.3744872,262385901.02083442,110627858.53839949,279596108.27768815,110499358.64677528,151544968.05554283,23163364.6285572,0.0057100204585598,4.814972202587422,0.3226846431467936,magenta
361.22147651006713,49650027.52545268,50.60044410338377,4339502.938254732,518893234.9753711,262395793.7191067,110635370.41054173,279608558.0542123,110506987.45611276,151548820.30870774,23165703.812608145,0.005710418277246048,4.815190959474803,0.32269945590856186,magenta
361.3557046979866,49894447.302277714,50.847542107065955,4362998.4549294645,518874976.60267425,262405173.9926737,110642846.99504702,279620587.74324673,110514585.28302822,151552433.4048116,23168034.934470505,0.005710816746097814,4.815403258558431,0.32271382125238796,magenta
361.48993288590606,50140057.67678808,51.09584471956904,4386110.21221888,518856368.62558174,262413987.84620073,110650286.36891036,279632090.840658,110522149.98110677,151555798.92161804,23170357.735710587,0.005711212409545759,4.815607101529825,0.32272760409218293,magenta
361.6241610738255,50386865.53347536,51.345359067119105,4408883.86934347,518837439.4915567,262422217.29520994,110657687.2818171,279643012.38035464,110529679.99664493,151558917.79360285,23172671.943277955,0.005711604398269338,4.815801401621086,0.3227407317449116,magenta
361.758389261745,50634876.4461002,51.59609093031166,4431313.082572795,518818235.28006476,262429929.33045274,110665050.34509018,279653428.4202429,110537175.54815604,151561813.09418082,23174977.331116706,0.005711995418193403,4.815987436600081,0.3227532923313346,magenta
361.89261744966444,50884097.14260322,51.84804727465349,4453437.3000040995,518798786.54449844,262437116.1167142,110672374.53076501,279663299.6434623,110544635.29360646,151564488.40205613,23177273.63178932,0.005712385027017212,4.816164402114096,0.3227652323744844,magenta
362.0268456375839,51134534.39958694,52.101235115608944,4475297.900383323,518779123.18364877,262443766.66401002,110679658.74176233,279672581.868788,110552057.82516766,151566946.47400814,23179560.57611358,0.0057127726497063465,4.81633140602525,0.32277649242743134,magenta
362.16107382550337,51386194.5511053,52.355660988824916,4496902.670586915,518759280.9668022,262449923.09376812,110686903.21933158,279681317.98752564,110559443.07093637,151569204.209958,23181837.97617327,0.005713158396040177,4.816489153130981,0.3227871210398954,magenta
362.2953020134228,51639084.10588201,52.61133162727068,4518277.653080442,518739293.37198615,262455598.9537277,110694107.45528439,279689503.1743286,110566790.20185953,151571270.84939674,23184105.591594636,0.005713542268295668,4.816637469042126,0.32279710739877204,magenta
362.4295302013423,51893209.50823262,52.868253691154386,4539442.1587207345,518719194.7221122,262460818.32795691,110701271.21778181,279697150.19900066,110574098.66807729,151573158.4565404,23186363.20134725,0.005713924308390477,4.816776503562853,0.32280646258054424,magenta
362.56375838926175,52148577.30581857,53.126433952498246,4560423.756700219,518699017.7100248,262465592.05595797,110708393.94528739,279704250.1613828,110581367.5915245,151574875.5250297,23188610.565472573,0.005714304491568461,4.8169060090143505,0.32281517078863453,magenta
362.6979865771812,52405194.370810255,53.38587943339971,4581223.888998666,518678784.2922312,262469964.34862357,110715476.36910838,279710860.4638327,110588597.51563017,151576439.02790534,23190847.632482294,0.005714682520897331,4.817027001604025,0.3228233007391521,magenta
362.8322147651007,52663067.11968776,53.646596784723435,4601870.346575661,518658530.38585293,262473947.44394562,110722517.86749698,279716972.08806896,110595787.47473368,151577857.9421565,23193074.135469265,0.005715058469169762,4.817139221672616,0.32283083601805485,magenta
362.96644295302013,52922202.112513445,53.90859276332922,4622376.962304797,518638286.8988491,262477571.79809287,110729518.49797033,279722611.5400858,110602937.24507192,151579145.90354723,23195289.902335487,0.005715432285857897,4.817243084483345,0.32283780538414397,magenta
363.1006711409396,53182605.897054374,54.171874107939594,4642754.095295842,518618084.6642695,262480873.03014582,110736478.46868119,279727814.33313173,110610046.75927214,151580317.9149535,23197494.7750983,0.005715803925360038,4.81733917279966,0.32284424887578617,magenta
363.23489932885906,53444285.341704845,54.43644783099541,4663026.579059475,518597934.48159003,262483850.85811934,110743397.55528265,279732567.49175936,110617115.6438572,151581377.58853948,23199688.686529867,0.00571617353663384,4.817427214879141,0.32285014827514186,magenta
363.3691275167785,53707247.08365843,54.702320734897484,4683203.971945827,518577860.198731,262486537.16359973,110750276.06749035,279736904.85289526,110624143.98584294,151582338.29219037,23201871.53312519,0.005716541148874238,4.81750777847585,0.3228555423655606,magenta
363.503355704698,53971497.68469301,54.96949954857506,4703288.955660304,518557889.37276417,262488976.77660683,110757114.5762151,279740880.16166043,110631132.11632223,151583217.17972192,23204043.210964188,0.005716906760248837,4.817581792611254,0.3228604943935868,magenta
363.63758389261744,54237043.78829214,55.23799106522583,4723285.805824438,518538043.8505057,262491208.0956223,110763913.63835451,279744539.9363986,110638080.39219257,151584029.16987917,23206203.651881337,0.005717270427394496,4.817650065242736,0.32286505925184494,magenta
363.7718120805369,54503892.14179694,55.50780217594557,4743209.54333545,518518338.3909995,262493246.59984618,110770673.36165862,279747895.35439545,110644988.75180116,151584782.04996252,23208352.79281676,0.005717632036899863,4.817712760210108,0.3228692483385146,magenta
363.90604026845637,54772049.58090408,55.778939853925024,4763083.859239565,518498781.60257244,262495088.90381673,110777393.4936154,279750928.7122724,110651856.80089964,151585477.7003119,23210490.577815745,0.005717991334034517,4.817769515702324,0.322873037547965,magenta
364.0402684563758,55041522.74710492,56.05141086639943,4782903.290618127,518479393.0228976,262496786.66249308,110784075.04160146,279753711.1820117,110658685.37937066,151586134.41343948,23212616.994475376,0.005718348446405937,4.817821603594744,0.322876512919047,magenta
364.1744966442953,55312318.38339331,56.32522207610126,4802672.804570036,518460185.2442353,262498369.22754002,110790718.57734948,279756279.576016,110665474.92160507,151586763.53643936,23214732.035802133,0.0057187033359379896,4.817869669642904,0.32287971821012285,magenta
364.30872483221475,55584443.24197357,56.60038034866609,4822397.889187919,518441168.8714096,262499863.04454792,110797324.64831589,279758666.98823124,110672225.85103127,151587375.33856708,23216835.70563622,0.00571905600676485,4.81791429425757,0.32288269274506853,magenta
364.4429530201342,55857904.03568991,56.87689251787494,4842102.257073324,518422349.3124843,262501257.41659203,110803892.88996318,279760845.61803883,110678937.68926631,151587968.76766935,23218927.96077289,0.005719406960039351,4.817954933127195,0.32288540017025835,magenta
364.5771812080537,56132707.56005788,57.15476547298113,4861783.366079879,518403734.84203976,262502590.5216941,110810424.25610909,279762870.4225626,110685611.29433215,151588557.18667716,23221008.856379878,0.005719756051248208,4.817992578854636,0.32288790744932144,magenta
364.71140939597313,56408860.59733391,57.434006090061594,4881447.384999158,518385330.2625326,262503881.7934474,110816919.26562195,279764766.18983936,110692247.10116658,151589148.14183483,23223078.431682985,0.005720103388490445,4.818027668612093,0.3228902441531823,magenta
364.8456375838926,56686369.94176304,57.71462125008434,4901099.991029207,518367138.57254666,262505149.71759126,110823378.46386853,279766557.2597492,110698845.58469875,151589748.6874493,23225136.740052216,0.005720449096061743,4.818060634820176,0.3228924394931632,magenta
364.97986577181206,56965242.30444284,57.99661776041712,4920750.566059041,518349165.8382942,262506404.5913078,110829802.07839465,279768252.17191505,110705406.87562957,151590363.4438601,23227183.78874693,0.005720792588573932,4.8180916084169745,0.3228945025842959,magenta
365.1140939597315,57245484.48399941,58.28000249564245,4940404.668450914,518331412.45404583,262507661.51318705,110836190.63664103,279769871.2076753,110711931.44972934,151590998.08147982,23229219.64701422,0.005721133873199037,4.8181209511992416,0.3228964578533327,magenta
365.248322147651,57527103.29334938,58.564782337133174,4960067.263438847,518313876.8923273,262508934.8091634,110842544.70087811,279771434.57167614,110718419.83205642,151591657.8257735,23231244.399703313,0.005721472990869383,4.818149027391939,0.3228983298449791,magenta
365.38255033557044,57810105.536587946,58.85096415398401,4979743.742557623,518296556.8873823,262510236.2734875,110848864.78455849,279772958.66229194,110724872.50361642,151592346.98546964,23233258.132627506,0.0057218098399350195,4.818176131561586,0.3229001384271401,magenta
365.51677852348996,58094498.056556836,59.13855488094388,4999438.395812347,518279460.0286376,262511582.70638987,110855151.26546595,279774463.37889606,110731289.7546753,151593072.05964816,23235260.859587867,0.005722145016459047,4.818202606817389,0.32290190695781856,magenta
365.6510067114094,58380287.6998477,59.42756144601407,5019155.31363655,518262590.89296967,262512988.8429768,110861404.55047894,279775966.8893802,110737671.92461614,151593838.6199545,23237252.616214596,0.005722479010102031,4.818228769595303,0.3229036569391669,magenta
365.7852348993289,58667481.273925364,59.71799068174384,5038899.491942583,518245935.27956796,262514458.68993866,110867625.27743366,279777479.2194866,110744019.6958042,151594647.49078748,23239233.57493846,0.005722811218945175,4.818254817505864,0.3229054014678009,magenta
365.91946308724835,58956085.62093316,60.00984947792061,5058674.929957665,518229487.3470461,262516000.4379932,110873813.9676498,279779013.2877271,110750333.58774617,151595501.3244827,23241203.84708622,0.005723141645311499,4.818280987959113,0.3229071565090157,magenta
366.0536912751678,59246107.59122869,60.30314472682009,5078485.312279037,518213239.88294154,262517621.1147603,110879971.15052362,279780580.9486146,110756614.13846864,151596402.24366206,23243163.553842872,0.005723470287698602,4.818307501286774,0.32290893685421257,magenta
366.18791946308727,59537554.043383814,60.59788332320632,5098334.008873963,518197184.303716,262519326.5847621,110886097.36352807,279782192.9926622,110762861.90451792,151597351.84123367,23245112.82625166,0.005723797140778667,4.818334560742251,0.3229107561208991,magenta
366.32214765100673,59830431.84418468,60.89407216433167,5118224.075079727,518181310.654755,262521121.5494227,110892193.15221271,279783859.14638394,110769077.46096009,151598351.18039203,23247051.80521407,0.005724122195398452,4.818362352500634,0.32291262675268867,magenta
366.4563758389262,60124747.9100066,61.19171820500547,5138158.401870463,518165611.2561932,262523011.35642728,110898259.01764524,279785589.18919647,110775261.3261951,151599401.68527517,23248980.614014685,0.005724445464360116,4.8183910603853946,0.3229145610774789,magenta
366.59060402684565,60420509.71980722,61.490829140371034,5158141.578963192,518150125.90622985,262525024.4333297,110904294.76475735,279787406.80149955,110781413.02975197,151600516.18391418,23250899.01766643,0.00572476730206857,4.818421048459689,0.3229165844274283,magenta
366.7248322147651,60717723.849124976,61.79141145470579,5178174.570543249,518134812.7017593,262527148.17811063,110910301.36460358,279789309.99044883,110787533.77628846,151601687.35034338,23252807.396413647,0.0057250874910621105,4.818452339227723,0.3229186976454593,magenta
366.8590604026846,61016397.26242249,62.0934721414879,5198259.40884135,518119661.9155421,262529385.47440845,110916279.31270005,279791305.9763393,110793624.09716082,151602915.52423775,23254705.887547255,0.005725406047274959,4.818485073622688,0.3229209101373887,magenta
366.99328859060404,61316536.9374893,62.397018203488614,5218397.830026557,518104662.89977384,262531738.26634434,110922229.10614489,279793401.0534811,110799684.53295442,151604200.62561616,23256594.634821333,0.00572572298600163,4.818519377319226,0.32292323026589775,magenta
367.1275167785235,61618149.86544189,62.70205665277229,5238591.274206278,518089804.086085,262534207.55852234,110928151.24361825,279795600.59019965,110805715.63348377,151605542.15484142,23258473.78845314,0.0057260383218969285,4.81855536073342,0.3229256653505314,magenta
367.26174496644296,61921243.05072368,63.0085945106964,5258840.885426271,518075072.98554134,262536793.41602933,110934046.22538231,279797909.0288353,110811717.95779248,151606939.19262037,23260343.505123086,0.00572635206897595,4.818593119022804,0.32292822166769913,magenta
367.3959731543624,62225823.51110499,63.3166388079115,5279147.511670639,518060456.1886435,262539494.96443507,110939914.55328129,279800329.8857438,110817692.0741533,151608390.40000367,23262203.947974753,0.0057266642406140775,4.818632732086356,0.3229309044506742,magenta
367.5302013422819,62531898.88717343,63.626197358926376,5299519.046932451,518045979.0464509,262542327.9205417,110945756.07949458,279802873.43171185,110823637.64777915,151609903.82634306,23264054.974711478,0.005726974975465881,4.81867434249951,0.32293372373974755,magenta
367.66442953020135,62839476.277716905,63.93727728206541,5319956.401951431,518031629.84770805,262545291.0945468,110951571.25094223,279805542.0161833,110829555.18402904,151611478.16820177,23265896.733582817,0.005727284296858711,4.818718006595581,0.32293668320372765,magenta
367.7986577181208,63148562.60661569,64.24988546572996,5340457.923885449,518017383.7055025,262548376.94294587,110957360.71725696,279808334.69060236,110835445.47924186,151613108.6734041,23267729.47562955,0.005727592188591506,4.818763741379933,0.32293978366152953,magenta
367.93288590604027,63459165.04502594,64.56402910492633,5361024.482037531,518003230.0437025,262551583.7117832,110963124.8796766,279811252.528507,110841308.98880933,151614793.93483981,23269553.338633485,0.005727898682156653,4.818811578514234,0.3229430271344763,magenta
368.06711409395973,63771290.78496768,64.8797154135322,5381656.740441137,517989157.856308,262554908.9243713,110968864.13296765,279814295.7724264,110847146.16607095,151616532.24702787,23271368.462982595,0.005728203809963942,4.81886153536534,0.32294641467309826,magenta
368.2013422818792,64084947.039324865,65.1969516242966,5402355.157860153,517975155.70745105,262558349.3812908,110974578.86542535,279817463.8338811,110852957.46231396,151618321.6061164,23273174.991671022,0.005728507605340571,4.818913615005298,0.3229499463571329,magenta
368.33557046979865,64400141.0418453,65.51574498884001,5423119.987788896,517961211.7313959,262561901.16039056,110980269.45887363,279820755.2933825,110858743.32677336,151620159.7098828,23274973.070299074,0.005728810102531139,4.818967806211347,0.32295362129552474,magenta
368.4697986577181,64716880.2822662,65.83610306748939,5443954.322697345,517947325.15585524,262565566.54344642,110985936.14181894,279824172.59553623,110864503.97644195,151622047.53565013,23276762.757313076,0.005729111290935781,4.819024150271347,0.3229574422978769,magenta
368.6040268456376,65035172.68928719,66.15803395482602,5464866.4630417945,517933515.26935583,262569359.4064393,110991578.8751754,279827725.7027377,110870239.21693812,151623992.12459758,23278543.954154607,0.005729411079498592,4.819082792971299,0.32296141950974255,magenta
368.73825503355704,65355025.17914184,66.48154449053442,5485851.125154681,517919750.2878646,262573262.46132612,110997198.25874598,279831403.1123287,110875949.86346723,151625984.49529904,23280316.95934953,0.005729709579195419,4.819143572205781,0.32296554157577895,magenta
368.8724832214765,65676445.16928775,66.80664212530219,5506909.039475501,517906021.5395544,262577271.84845853,111002794.58585627,279835202.08271176,110881636.25890552,151628022.67762205,23282081.89065035,0.005730006808428262,4.8192064480576935,0.3229698057136005,magenta
369.00671140939596,65999440.10583105,67.13333433828434,5528040.831964915,517892320.30425084,262581383.21478853,111008368.13849871,279839119.1967287,110887298.73645577,151630104.52152327,23283838.865443893,0.005730302785001409,4.819271368526962,0.3229742083246943,magenta
369.1409395973154,66324017.46352648,67.46162863710332,5549247.024104749,517878637.8134328,262585591.71386826,111013919.18733253,279843150.36166096,110892937.6196472,151632227.6970483,23285588.000751335,0.005730597526121441,4.819338269530542,0.32297874499441975,magenta
369.2751677852349,66650184.74577731,67.79153255784898,5570528.032897985,517864965.25023204,262589892.0058502,111019447.99168383,279847290.80922943,110898553.2223356,151634389.69433188,23287329.413228173,0.0057308910483972325,4.819407074902409,0.3229834104920085,magenta
369.40939597315435,66977949.484635405,68.12305366507857,5591884.170868771,517851293.74943346,262594278.257487,111024954.79954553,279851535.09559476,110904145.84870316,151636587.82359776,23289063.21916424,0.005731183367839951,4.819477696393567,0.32298819877056495,magenta
369.5436241610738,67307317.2959389,68.45619765665657,5613325.521412557,517837625.86588895,262598789.70145637,111030440.69484712,279855936.6411033,110909716.45144089,151638836.42098427,23290789.506279666,0.005731474538708558,4.819551088240032,0.3229931742992477,magenta
369.67785234899327,67638302.07224457,68.79097858101753,5634841.370763761,517823977.80376977,262603363.7232562,111035903.75009564,279860399.83702743,110915263.19349758,151641114.68705654,23292508.07775746,0.005731764436741441,4.819625504245854,0.32299821949733,magenta
369.81208053691273,67970906.99327956,69.12739953969144,5656437.621251158,517810317.79146534,262608024.8668364,111041345.64717768,279864971.3261168,110920787.84320642,151643428.81621698,23294219.301398214,0.005732053175151006,4.819701826026051,0.3230033934459091,magenta
369.9463087248322,68305139.96494718,69.4654684888945,5678114.722594387,517796640.7475417,262612767.36612058,111046766.52820092,279869644.22503215,110926290.57931134,151645776.4631301,23295923.260123063,0.005732340761215086,4.819779934002835,0.3230086880375015,magenta
370.08053691275165,68641008.89315076,69.80519338484294,5699873.124513085,517782941.590565,262617585.45503244,111052166.53527305,279874411.6504342,110931771.58055626,151648155.2824603,23297620.036853146,0.005732627202211516,4.819859708598416,0.3230140951646235,magenta
370.2147651006711,68978521.68379363,70.14658218375294,5721713.276726887,517769215.2391013,262622473.3674956,111057545.81050172,279879266.7189836,110937231.02568515,151650562.9288722,23299309.714509584,0.0057329125054181316,4.819941030235007,0.3230196067197914,magenta
370.3489932885906,69317686.24277912,70.48964284184076,5743635.628955431,517755456.6117167,262627425.3374337,111062904.49599464,279884202.5473411,110942669.09344192,151652997.05703026,23300992.37601352,0.005733196678112767,4.8200237793348215,0.32302521459552175,magenta
370.48322147651004,69658511.95380773,70.83438487094233,5765642.8428625725,517741676.021205,262632463.4850372,111068243.00477928,279889247.0856954,110948086.09521471,151655466.1937272,23302668.009360917,0.005733479758191244,4.820108447095233,0.323030952066058,magenta
370.61744966442956,70001007.45020545,71.18081699300343,5787736.45696301,517727875.963701,262637595.77080983,111073561.61231934,279894410.59696835,110953482.27503952,151657973.34526324,23304336.650747474,0.0057337617680026255,4.820195214583006,0.32303683139342654,magenta
370.751677852349,70345179.29395118,71.52894574954323,5809914.909410918,517714037.35809726,262642791.0686094,111078860.21434517,279899654.51984197,110958857.69103226,151660506.27907443,23305998.469420273,0.005734042686980425,4.820283406774961,0.32304280683716363,magenta
370.8859060402685,70691035.45773761,71.87877916708449,5832178.749895187,517700155.81870496,262648044.87268484,111084138.96520877,279904973.54528517,110964212.5279317,151663063.14119327,23307653.54401029,0.005734322523786261,4.820372931697414,0.3230488721600409,magenta
371.02013422818794,71038583.91425738,72.23032527214997,5854528.528104707,517686226.9598354,262653352.67728508,111089398.01926205,279910362.3642667,110969546.97047672,151665642.0776522,23309301.95314849,0.005734601287081755,4.820463697376681,0.32305502112483003,magenta
371.1543624161074,71387832.63620315,72.58359209126242,5876964.793728366,517672246.3957998,262658709.97665906,111094637.53085697,279915815.6677555,110974861.2034061,151668241.23448372,23310943.77546585,0.005734878985528528,4.820555611839076,0.32306124749430265,magenta
371.28859060402687,71738789.5962676,72.9385876509446,5899488.096455054,517658209.74090934,262664112.26505575,111099857.65434547,279921328.14672023,110980155.41145867,151670858.75772026,23312579.089593336,0.0057351556277881995,4.820648583110915,0.32306754503123053,magenta
371.4228187919463,72091462.76714337,73.29531997771925,5922098.985973664,517644112.6094753,262669555.0367241,111105058.54407954,279926894.4921299,110985429.77937324,151673492.79339436,23314207.974161927,0.005735431222522391,4.820742519218514,0.32307390749838516,magenta
371.5570469798658,72445860.12152313,73.65379709810912,5944798.011973081,517629950.6158089,262675033.78591302,111110240.3544111,279932509.39495337,110990684.49188866,151676141.4875384,23315830.507802587,0.005735705778392723,4.820837328188187,0.32308032865853836,magenta
371.69127516778525,72801989.63209952,74.014027038637,5967585.724142198,517615719.3742214,262680544.0068715,111115403.2396921,279938167.5461593,110995919.73374371,151678802.98618492,23317446.76914629,0.005735979304060817,4.82093291804625,0.3230868022744617,magenta
371.8255033557047,73159859.27156523,74.37601782582561,5990462.672169904,517601414.4990239,262686081.19384846,111120547.35427453,279943863.6367167,111001135.68967725,151681475.43536636,23319056.836824007,0.005736251808188291,4.821029196819018,0.32309332210892683,magenta
371.9597315436242,73519477.75796185,74.73977825774568,6013429.435365073,517587035.8924589,262691645.35627076,111125672.84227684,279949597.4619839,111006332.50469688,151684158.86720097,23320660.757164795,0.005736523300300106,4.821126159962188,0.3230998878672399,magenta
372.09395973154363,73880865.37416086,75.10532910380155,6036487.0526201045,517572649.9882827,262697306.56103903,111130779.68903531,279955448.0169972,111011509.70734118,151686882.57830176,23322258.075301316,0.00573679380331678,4.821225159485189,0.32310659145903603,magenta
372.2281879194631,74244020.47741507,75.47266843709346,6059635.691508652,517558197.0839728,262703002.05395144,111135868.18091951,279961344.1430981,111016667.9949048,151689620.38308606,23323849.286578298,0.005737063314762355,4.821324975523917,0.3231133499848975,magenta
372.36241610738256,74608951.31609365,75.84180456951066,6082875.912674919,517543674.3797847,262708728.999251,111140938.46849638,279967282.4191767,111021807.5374315,151692371.12517837,23325434.457679447,0.0057373318436177686,4.8214255484415185,0.32312015940551536,magenta
372.496644295302,74975666.13856572,76.2127458129424,6106208.276763111,517529079.0759736,262714484.56118077,111145990.70233294,279973259.424123,111026928.50496502,151695133.64820313,23327013.65528848,0.005737599398863958,4.82152681860114,0.32312701568158075,magenta
372.6308724832215,75344173.19320041,76.58550047927793,6129633.344417437,517514408.3727947,262720265.90398368,111151025.03299615,279979271.73682714,111032031.0675491,151697906.7957848,23328586.946089104,0.005737865989481859,4.821628726365927,0.3231339147737847,magenta
372.76510067114094,75714480.72836685,76.96007688040652,6153151.6762820985,517499659.47050333,262726070.19190282,111156041.611053,279985315.93617916,111037115.39522749,151700689.41154787,23330154.396765023,0.005738131624452411,4.821731212099026,0.3231408526428184,magenta
372.8993288590604,76086596.99243419,77.3364833282174,6176763.8330013035,517484829.56935483,262731894.58918113,111161040.58707048,279991388.6010691,111042181.65804395,151703480.33911675,23331716.073999953,0.0057383963127565505,4.821834216163585,0.3231478252493728,magenta
373.03355704697987,76460530.23377153,77.71472813459984,6200470.375219258,517469915.8696044,262737736.26006162,111166022.11161555,279997486.3103871,111047230.02604222,151706278.42211598,23333272.0444776,0.005738660063375213,4.8219376789227475,0.323154828554139,magenta
373.1677852348993,76836288.70074803,78.0948196114431,6224271.863580165,517454915.57150733,262743592.36878738,111170986.33525522,280003605.64302313,111052260.66926605,151709082.50416994,23334822.374881677,0.005738922885289336,4.8220415407396615,0.32316185851780815,magenta
373.3020134228188,77213880.64173281,78.47676607063643,6248168.858728233,517439825.8753189,262749460.07960132,111175933.40855646,280009743.17786735,111057273.75775917,151711891.42890316,23336367.13189589,0.005739184787479857,4.822145741977473,0.3231689111010713,magenta
373.43624161073825,77593314.30509502,78.86057582406907,6272161.921307665,517424643.9812944,262755336.55674648,111180863.48208626,280015895.4938098,111062269.46156536,151714704.03994006,23337906.382203948,0.005739445778927713,4.822250222999328,0.3231759822646195,magenta
373.5704697986577,77974611.18087375,79.24627074173914,6296250.032847425,517409418.2761842,262761262.5685461,111185776.26162119,280022105.7806258,111067247.18278275,151717538.15793377,23339439.77132763,0.0057397058288177925,4.82235571178777,0.3231831215753743,magenta
373.7046979865772,78357777.93080832,79.63385751099003,6320433.943202847,517394139.8270279,262767230.05455965,111190671.95102344,280028365.03224367,111072207.18347111,151720390.35266256,23340967.41641468,0.005739964950899435,4.822462054332621,0.3231903185708759,magenta
373.83892617449663,78742816.83189386,80.02333832963788,6344714.925125271,517378782.7513648,262773216.515629,111195550.9014397,280034648.8082237,111077149.97998172,151723250.90999845,23342489.574073147,0.005740223172099733,4.822568835817507,0.323197545037912,magenta
373.9731543624161,79129736.56763855,80.41472195510958,6369093.487367064,517363345.93150705,262779220.54888552,111200413.24882051,280040955.21915215,111082075.71712261,151726119.29717642,23344006.29714679,0.0057404805000918725,4.822676022487804,0.3232047986987463,magenta
374.10738255033556,79518545.8215505,80.808017144832,6393570.138680589,517347828.2497666,262785240.75146076,111205259.12911648,280047282.3756151,111086984.5397018,151728994.9814315,23345517.63847938,0.00574073694254904,4.822783580588885,0.32321207727564233,magenta
374.241610738255,79909253.27713785,81.20323265623196,6418145.387818211,517332228.5884555,262791275.72048613,111210088.67827813,280053628.38819873,111091876.59252733,151731877.4299988,23347023.650914676,0.0057409925071444205,4.822891476366124,0.3232193784908637,magenta
374.3758389261745,80301867.61790872,81.60037724673634,6442819.7435322935,517316545.8298858,262797324.05309308,111214902.0322561,280059991.3674892,111096752.02040721,151734766.1101132,23348524.38729645,0.005741247201551198,4.822999676064896,0.323226700066674,magenta
374.51006711409394,80696397.52737127,81.99945967377204,6467593.714575203,517300778.85636955,262803384.3464131,111219699.32700093,280066369.42407274,111101610.9681495,151737660.48900986,23350019.900468457,0.005741501033442561,4.823108145930574,0.32323403972533676,magenta
374.6442953020134,81092851.68903361,82.40048869476587,6492467.809699303,517284926.55021876,262809455.19757766,111224480.69846319,280072760.6685354,111106453.5805622,151740560.03392375,23351510.243274465,0.005741754010491693,4.8232168522085335,0.3232413951891156,magenta
374.77852348993287,81491238.78640392,82.80347306714472,6517442.537656958,517268987.79374546,262815535.2037182,111229246.28259347,280079163.2114634,111111280.00245334,151743464.21208993,23352995.468558244,0.005742006140371781,4.823325761144147,0.3232487641802741,magenta
374.9127516778523,81891567.50299029,83.20842154833544,6542518.407200532,517252961.4692617,262821622.96196613,111233996.21534233,280085575.1634429,111116090.37863097,151746372.4907434,23354475.629163552,0.005742257430756009,4.823434838982791,0.3232561444210758,magenta
375.0469798657718,82293880.63489729,83.61537751396138,6567692.830969091,517236918.3550935,262827785.68001205,111238729.97231057,280092072.0649585,111120883.72953244,151749313.5654765,23355950.123862013,0.005742507824263226,4.823545380509104,0.323263623804593,magenta
375.18120805369125,82698135.9479196,84.02429804905871,6592970.939087345,517220750.0189236,262833919.5443487,111243448.67511109,280098536.451888,111125661.87824267,151752243.27620536,23357419.98178948,0.00574275742566911,4.82365536894199,0.32327106546083073,magenta
375.3154362416107,83104367.63545887,84.43521779904289,6618350.92498931,517204509.10794425,262840074.460077,111248151.96587533,280105024.3380168,111130424.12874907,151755182.94755384,23358884.766665097,0.00574300619399827,4.823765764027724,0.3232785345430888,magenta
375.44966442953023,83512584.45761608,84.84814559906883,6643833.29047566,517188194.6658953,262846249.17837936,111252839.97907118,280111534.0077839,111135170.62333511,151758132.11238322,23360344.529864047,0.005743254136777826,4.823876534994639,0.3232860289760909,magenta
375.5838926174497,83922795.21882327,85.26309032927956,6669418.533323512,517171805.82994896,262852442.53960115,111257512.84830838,280118063.8462526,111139901.50282308,151761090.34153855,23361799.321911503,0.005743501261450355,4.82398765279758,0.3232935468017422,magenta
375.71812080536915,84335008.76784353,85.68006091480625,6695107.147286434,517155341.8307103,262858653.47325057,111262170.70633852,280124612.3391102,111144616.90657414,151764057.24384862,23363249.19248265,0.005743747575373896,4.824099090117891,0.32330108617912956,magenta
375.8523489932886,84749233.99777098,86.0990663257681,6720899.622094428,517138801.99221647,262864880.99799877,111266813.68505502,280131178.07266814,111149316.97248822,151767032.466126,23364694.190402664,0.005743993085821942,4.8242108213634225,0.3233086453845212,magenta
375.9865771812081,85165479.84603083,86.5201155772725,6746796.443453949,517122185.73193747,262871124.22167975,111271441.91549312,280137759.73386186,111154001.83700411,151770015.69316688,23366134.36364673,0.005744237799983447,4.824322822668527,0.32331622281136696,magenta
376.12080536912754,85583755.29437928,86.94321772941485,6772798.093047891,517105492.56077564,262877382.34129044,111276055.52782993,280144356.11025083,111158671.6350994,151773006.64775127,23367569.759340025,0.005744481724962823,4.824435071894062,0.32332381697029816,magenta
376.255033557047,86004069.3689036,87.36838188727872,6798905.048535592,517088722.0830659,262883654.64299065,111280654.65138441,280150966.0900187,111163326.50029053,151776005.09064287,23369000.42375773,0.005744724867779944,4.8245475486273905,0.3233314264891277,magenta
376.38926174496646,86426431.14002214,87.79561720093572,6825117.783552838,517071873.99657565,262889940.5021031,111285239.41461734,280157588.6619732,111167966.56463271,151779010.82058913,23370426.40232502,0.005744967235370136,4.824660234182377,0.3233390501128501,magenta
376.5234899328859,86850849.72248426,88.2249328654456,6851436.767711853,517054948.09250486,262896239.38311335,111289809.94513135,280164222.91554594,111172591.95872006,151782023.6743212,23371847.73961708,0.005745208834584188,4.824773111599392,0.3233466867036411,magenta
376.6577181208054,87277372.5045963,88.65637650318115,6877862.4282551315,517037945.3224867,262902572.70538825,111294366.39225373,280170901.05254173,111177202.78273341,151785051.1785021,23373264.338304207,0.0057454496703871274,4.824886768930441,0.32335437580572685,magenta
376.79194630872485,87705985.93744549,89.08993455573642,6904395.249569717,517020865.0295551,262908927.09824225,111298908.86843051,280177602.716525,111181799.18157543,151788088.69173345,23374676.325211138,0.005745689750532663,4.825000833620596,0.32336209237325225,magenta
376.9261744966443,88136691.48627976,89.52560853947378,6931035.697003472,517003707.0679932,262915297.8423476,111303437.49409255,280184320.5784503,111186381.28735057,151791134.60695627,23376083.77107822,0.005745929081984643,4.825115171076282,0.32336982736196596,magenta
377.06040268456377,88569498.94211799,89.96340833034886,6957784.223573926,516986471.61665696,262921685.04421994,111307952.39370462,280191054.56109565,111190949.22443032,151794189.01270542,23377486.715239678,0.005746167671232182,4.825229779117608,0.32337758063219885,magenta
377.19463087248323,89004418.15342386,90.40334386247164,6984641.278261903,516969158.9482007,262928088.90703842,111312453.69088101,280197804.69918704,111195503.11571509,151797252.03812423,23378885.196131334,0.005746405524679234,4.82534465749813,0.3233853521753782,magenta
377.3288590604027,89441459.02610572,90.84542512810637,7011607.306011514,516951769.42907727,262934509.7306456,111316941.50838566,280204571.13939846,111200043.08263414,151800323.85296464,23380279.251290634,0.0057466426486445935,4.825459807904853,0.32339314211402775,magenta
377.46308724832215,89880631.52351658,91.28966217767152,7038682.747730159,516934303.5195381,262940947.91154742,111321415.96813205,280211354.14035183,111204569.24514565,151803404.66758716,23381668.91735664,0.005746879049361897,4.825575233958225,0.3234009507017674,magenta
377.5973154362416,90321945.66645423,91.73606511973989,7065868.040288533,516916761.7736331,262947403.9429133,111325877.19118327,280218154.07261723,111209081.72173668,151806494.73296085,23383054.23007002,0.005747114732979623,4.8256909412121445,0.32340877832331366,magenta
377.7315436241611,90765411.53316112,92.1846441210385,7093163.616520615,516899144.83921075,262953878.4145761,111330325.29775201,280224971.41871256,111213580.62942322,151809594.34066325,23384435.22427307,0.005747349705561089,4.825806937153957,0.32341662549447925,magenta
377.86577181208054,91211039.25932442,92.6354094064487,7120569.90522368,516881453.4579179,262960372.01303208,111334760.40720053,280231806.77310383,111218066.08375008,151812703.8228806,23385811.93390969,0.005747583973084452,4.825923231204455,0.3234244928621734,magenta
378.0,91658839.03807598,93.08837125900608,7148087.331158289,516863688.4652002,262966885.5214409,111339182.6380407,280238660.842205,111222538.19879104,151815823.55240753,23387184.392025385,0.0057478175414427115,4.826039834717876,0.32343238120440165,black
